# Blender 4.4.0
# www.blender.org
o wall1_12_-_Car_Paint_0
v -2.452409 3.300002 4.116622
v -2.452409 0.300001 6.116622
v -2.452409 3.300003 6.116622
v -1.452408 3.300001 -5.883383
v 1.572146 2.635777 -5.883383
v 0.899864 2.635777 -5.883383
v -1.452408 3.300000 -10.883384
v -1.452408 0.300000 -5.883383
v -1.452408 0.299999 -10.883384
v -4.852057 1.389925 -10.883384
v -7.452407 0.299999 -10.883384
v -6.827800 1.389925 -10.883384
v -7.452407 3.300001 -5.883383
v -7.452407 0.299999 -10.883384
v -7.452407 0.300000 -5.883383
v -11.212217 3.300001 -5.883383
v -7.452407 0.300000 -5.883383
v -11.212217 0.300000 -5.883383
v -11.212217 3.300002 -0.883379
v -11.212217 0.300000 -5.883383
v -11.212217 0.300000 -0.883379
v -7.452407 3.300002 -0.883379
v -11.212217 0.300000 -0.883379
v -7.452407 0.300000 -0.883379
v -11.012218 3.300002 -1.083380
v -7.252407 0.300000 -1.083379
v -11.012218 0.300000 -1.083379
v -11.012218 3.300002 -1.083380
v -11.012218 0.300000 -5.683382
v -11.012218 3.300001 -5.683383
v -7.252407 3.300001 -5.683383
v -11.012218 0.300000 -5.683382
v -7.252407 0.300000 -5.683382
v -7.252407 3.300000 -10.683387
v -7.252407 0.300000 -5.683382
v -7.252407 0.299999 -10.683387
v -7.252407 0.299999 -10.683387
v -4.852057 1.389925 -10.683385
v -6.827800 1.389925 -10.683387
v -1.652408 3.300001 -5.683383
v -1.652407 0.299999 -10.683383
v -1.652408 0.300000 -5.683382
v 1.572146 2.635777 -5.683383
v -1.652408 3.300001 -5.683383
v 0.899864 2.635777 -5.683383
v -2.253270 3.175111 6.116622
v -2.253270 0.354868 5.626425
v -2.253270 3.175111 5.626425
v -0.055067 0.354868 5.916623
v -0.055067 3.175111 6.116622
v -0.055067 3.175111 5.916623
v -2.252408 0.354868 5.626425
v -2.253270 3.175111 5.626425
v -2.253270 0.354868 5.626425
v 2.350380 3.175111 5.626425
v 2.347661 0.354868 5.626425
v 2.350380 0.354868 5.626425
v 0.105730 0.354868 5.916622
v 0.105730 3.175111 6.116622
v 0.105730 0.354868 6.116622
v 2.350380 0.354868 5.626425
v 2.350380 3.175111 6.116622
v 2.350380 3.175111 5.626425
v -7.252407 3.186132 -0.588228
v -7.452407 0.354868 -0.588228
v -7.252407 0.354868 -0.588228
v -2.725130 0.354868 3.916622
v -2.725130 3.175111 4.116622
v -2.725130 3.175111 3.916621
v 3.764257 3.171444 -1.083379
v 3.764257 0.374918 -0.883379
v 3.764257 0.374918 -1.083379
v 8.347593 0.374917 -5.521857
v 8.547592 3.171443 -5.521858
v 8.347593 3.171443 -5.521858
v -1.452408 0.300000 -5.883383
v 8.347593 0.300000 -5.683382
v -1.652408 0.300000 -5.683382
v -1.452408 3.300001 -5.883383
v 8.347593 3.300001 -5.683383
v 8.547592 3.300001 -5.883383
v -2.252408 3.175111 5.626425
v -2.252408 3.300002 5.916623
v -2.252408 3.175111 5.916623
v -2.452409 0.300001 6.116622
v -0.055067 0.354868 6.116622
v -2.253270 0.354868 6.116622
v -2.252408 0.354868 5.916624
v -2.253270 0.354868 5.626425
v -2.253270 0.354868 6.116622
v -2.253270 3.175111 5.626425
v -2.252408 3.175111 5.626425
v -2.252408 3.175111 5.916623
v -2.253270 3.175111 6.116622
v -0.055067 3.175111 6.116622
v -0.055067 3.175111 5.916623
v -0.055067 3.175111 5.916623
v -2.252408 3.300002 5.916623
v 2.347664 3.300002 5.916621
v 2.347664 3.175111 5.916621
v 0.105730 3.175111 5.916622
v 0.105730 0.354868 5.916622
v -0.055067 0.354868 5.916623
v 2.347664 0.300001 5.916621
v -2.252408 0.300001 5.916624
v -2.252408 0.354868 5.916624
v 0.105730 3.175111 6.116622
v 2.347664 3.175111 5.916621
v 2.350380 3.175111 6.116622
v 2.350380 3.175111 5.626425
v 2.347661 3.175111 5.626425
v 2.347664 0.354868 5.916621
v 0.105730 0.354868 6.116622
v 2.350380 0.354868 6.116622
v -2.725130 3.175111 4.116622
v -7.452407 3.300002 4.116622
v -7.452407 3.175111 4.116622
v -7.252407 0.300001 3.916623
v -2.725130 0.354868 3.916622
v -2.252409 0.300001 3.916622
v -2.725130 3.175111 3.916621
v -7.252407 3.300002 3.916622
v -2.252409 3.300002 3.916621
v -7.252407 0.354868 -0.588228
v -7.252407 0.300001 3.916623
v -7.252407 0.300000 -1.083379
v -7.452407 0.354868 -0.588228
v -7.452407 0.300001 4.116622
v -7.452407 0.354868 4.116622
v -7.452407 3.186132 -0.588228
v -7.252407 3.186132 -0.588228
v -7.252407 3.175111 3.916622
v -7.452407 3.175111 4.116622
v -2.725130 3.175111 4.116622
v -2.725130 3.175111 3.916621
v -7.252407 0.354868 3.916623
v -7.452407 0.354868 -0.588228
v -7.452407 0.354868 4.116622
v 3.764257 3.171444 -1.083379
v 8.347595 3.300002 -1.083379
v 8.347595 3.171444 -1.083379
v 3.764257 3.171444 -0.883379
v 8.547592 3.300002 -0.883379
v 2.547590 3.300002 -0.883379
v 8.547592 3.171443 -5.521858
v 8.547592 3.300002 -0.883379
v 8.547592 3.171444 -0.883379
v 8.347593 3.171443 -5.521858
v 8.347595 3.300002 -1.083379
v 8.347593 3.300001 -5.683383
v 8.347595 3.171444 -1.083379
v 3.764257 3.171444 -0.883379
v 3.764257 3.171444 -1.083379
v 8.347595 0.374918 -1.083379
v 3.764257 0.374918 -0.883379
v 8.547592 0.374918 -0.883379
v 2.347661 3.175111 5.626425
v 2.347635 2.787367 3.171020
v 2.347656 2.787367 5.146764
v 2.547590 3.300002 -0.883379
v 2.547590 2.787367 2.099104
v 2.547590 2.787367 0.123360
v 2.547590 2.787367 5.146764
v 2.347656 1.541515 5.146765
v 2.347656 2.787367 5.146764
v 2.347656 1.541515 5.146765
v 2.547590 1.541515 3.171021
v 2.347635 1.541515 3.171021
v 2.547590 2.787367 3.171020
v 2.347635 1.541515 3.171021
v 2.547590 1.541515 3.171021
v 2.547590 2.787367 3.171020
v 2.347656 2.787367 5.146764
v 2.347635 2.787367 3.171020
v 2.347624 1.541515 2.099104
v 2.547590 2.787367 2.099104
v 2.547590 1.541515 2.099104
v 2.347624 2.787367 2.099104
v 2.547590 2.787367 0.123360
v 2.547590 2.787367 2.099104
v 2.547590 2.787367 0.123360
v 2.347602 1.541515 0.123360
v 2.547590 1.541515 0.123360
v 2.547590 1.541515 0.123360
v 2.347624 1.541515 2.099104
v 2.547590 1.541515 2.099104
v 5.524630 1.389925 -5.883383
v 7.500373 1.389925 -5.683383
v 7.500373 1.389925 -5.883383
v 7.500373 1.389925 -5.883383
v 7.500373 2.635777 -5.683383
v 7.500373 2.635777 -5.883383
v 7.500373 2.635777 -5.883383
v 5.524630 2.635777 -5.683383
v 5.524630 2.635777 -5.883383
v 5.524630 1.389925 -5.883383
v 5.524630 2.635777 -5.683383
v 5.524630 1.389925 -5.683383
v 1.572146 1.389925 -5.883383
v 3.547889 1.389925 -5.683383
v 3.547889 1.389925 -5.883383
v 3.547889 1.389925 -5.883383
v 3.547889 2.635777 -5.683383
v 3.547889 2.635777 -5.883383
v 3.547889 2.635777 -5.883383
v 1.572146 2.635777 -5.683383
v 1.572146 2.635777 -5.883383
v 1.572146 1.389925 -5.883383
v 1.572146 2.635777 -5.683383
v 1.572146 1.389925 -5.683383
v -1.075879 1.389925 -5.883383
v -1.075879 2.635777 -5.683383
v -1.075879 1.389925 -5.683383
v -1.075879 2.635777 -5.683383
v 0.899864 2.635777 -5.883383
v 0.899864 2.635777 -5.683383
v 0.899864 2.635777 -5.683383
v 0.899864 1.389925 -5.883383
v 0.899864 1.389925 -5.683383
v 0.899864 1.389925 -5.683383
v -1.075879 1.389925 -5.883383
v -1.075879 1.389925 -5.683383
v -4.179776 1.389925 -10.883384
v -4.179776 2.635777 -10.683385
v -4.179776 1.389925 -10.683385
v -4.179776 2.635777 -10.683385
v -2.204033 2.635777 -10.883384
v -2.204033 2.635777 -10.683383
v -2.204033 2.635777 -10.683383
v -2.204033 1.389925 -10.883384
v -2.204033 1.389925 -10.683383
v -2.204033 1.389925 -10.883384
v -4.179776 1.389925 -10.683385
v -2.204033 1.389925 -10.683383
v -6.827800 1.389925 -10.883384
v -6.827800 2.635777 -10.683387
v -6.827800 1.389925 -10.683387
v -6.827800 1.389925 -10.683387
v -4.852057 1.389925 -10.883384
v -6.827800 1.389925 -10.883384
v -4.852057 1.389925 -10.883384
v -4.852057 2.635777 -10.683385
v -4.852057 2.635777 -10.883384
v -4.852057 2.635777 -10.883384
v -6.827800 2.635777 -10.683387
v -6.827800 2.635777 -10.883384
v -2.452409 0.300001 4.116622
v -1.075879 2.635777 -5.883383
v -1.452408 0.300000 -5.883383
v -1.075879 1.389925 -5.883383
v 7.500373 2.635777 -5.883383
v 8.547592 3.300001 -5.883383
v 5.524630 2.635777 -5.883383
v 8.547592 0.300000 -5.883383
v 7.500373 1.389925 -5.883383
v 5.524630 1.389925 -5.883383
v 0.899864 1.389925 -5.883383
v 1.572146 1.389925 -5.883383
v 3.547889 1.389925 -5.883383
v 3.547889 2.635777 -5.883383
v -1.452408 3.300001 -5.883383
v -6.827800 2.635777 -10.883384
v -7.452407 3.300000 -10.883384
v -1.452408 3.300000 -10.883384
v -4.852057 2.635777 -10.883384
v -4.179776 2.635777 -10.883384
v -2.204033 2.635777 -10.883384
v -1.452408 0.299999 -10.883384
v -2.204033 1.389925 -10.883384
v -4.179776 1.389925 -10.883384
v -7.452407 3.300000 -10.883384
v -7.452407 3.300001 -5.883383
v -11.212217 3.300001 -5.883383
v -11.212217 3.300002 -0.883379
v -7.252407 3.300002 -1.083379
v -11.012218 0.300000 -1.083379
v -11.012218 3.300001 -5.683383
v -7.252407 3.300001 -5.683383
v -6.827800 2.635777 -10.683387
v -7.252407 3.300000 -10.683387
v -1.652407 3.300000 -10.683383
v -4.852057 2.635777 -10.683385
v -4.179776 2.635777 -10.683385
v -2.204033 2.635777 -10.683383
v -1.652407 0.299999 -10.683383
v -2.204033 1.389925 -10.683383
v -4.179776 1.389925 -10.683385
v -1.652407 3.300000 -10.683383
v 7.500373 2.635777 -5.683383
v 8.347593 3.300001 -5.683383
v 5.524630 2.635777 -5.683383
v -1.652408 0.300000 -5.683382
v -1.075879 2.635777 -5.683383
v -1.075879 1.389925 -5.683383
v 8.347593 0.300000 -5.683382
v 7.500373 1.389925 -5.683383
v 5.524630 1.389925 -5.683383
v 0.899864 1.389925 -5.683383
v 1.572146 1.389925 -5.683383
v 3.547889 1.389925 -5.683383
v 3.547889 2.635777 -5.683383
v -2.253270 0.354868 6.116622
v -0.055067 0.354868 6.116622
v -2.252408 3.175111 5.626425
v 2.347661 3.175111 5.626425
v 0.105730 3.175111 5.916622
v 2.350380 0.354868 6.116622
v -7.452407 3.186132 -0.588228
v -2.725130 0.354868 4.116622
v 3.764257 3.171444 -0.883379
v 8.547592 0.374917 -5.521857
v 2.347664 0.300001 5.916621
v 2.547590 0.300000 -0.883379
v 2.547590 0.300001 6.116622
v 2.347589 0.300000 -1.083378
v 8.347595 0.300000 -1.083379
v 8.547592 0.300000 -0.883379
v 8.547592 0.300000 -5.883383
v -2.452409 0.300001 6.116622
v -2.252408 0.300001 5.916624
v -2.452409 0.300001 4.116622
v -2.252409 0.300001 3.916622
v -7.252407 0.300001 3.916623
v -7.452407 0.300001 4.116622
v -7.452407 0.300000 -0.883379
v -7.252407 0.300000 -1.083379
v -11.012218 0.300000 -1.083379
v -11.212217 0.300000 -0.883379
v -11.212217 0.300000 -5.883383
v -11.012218 0.300000 -5.683382
v -7.452407 0.300000 -5.883383
v -7.252407 0.300000 -5.683382
v -7.252407 0.299999 -10.683387
v -7.452407 0.299999 -10.883384
v -1.452408 0.299999 -10.883384
v -1.652407 0.299999 -10.683383
v 2.547590 3.300002 -0.883379
v 2.347664 3.300002 5.916621
v 2.547590 3.300003 6.116622
v 2.347589 3.300002 -1.083379
v 8.347595 3.300002 -1.083379
v 8.547592 3.300002 -0.883379
v -2.452409 3.300003 6.116622
v -2.252408 3.300002 5.916623
v -2.452409 3.300002 4.116622
v -2.252409 3.300002 3.916621
v -7.252407 3.300002 3.916622
v -7.452407 3.300002 4.116622
v -7.452407 3.300002 -0.883379
v -7.252407 3.300002 -1.083379
v -11.012218 3.300002 -1.083380
v -11.212217 3.300002 -0.883379
v -11.212217 3.300001 -5.883383
v -11.012218 3.300001 -5.683383
v -7.452407 3.300001 -5.883383
v -7.252407 3.300001 -5.683383
v -7.252407 3.300000 -10.683387
v -7.452407 3.300000 -10.883384
v -1.452408 3.300000 -10.883384
v -1.652407 3.300000 -10.683383
v -1.652408 3.300001 -5.683383
v -2.252408 0.300001 5.916624
v -2.252408 0.354868 5.626425
v -2.252408 0.354868 5.916624
v -2.252409 0.300001 3.916622
v -2.252409 3.300002 3.916621
v 2.350380 0.354868 6.116622
v 2.547590 0.300001 6.116622
v 0.105730 0.354868 6.116622
v 2.547590 3.300003 6.116622
v 2.350380 3.175111 6.116622
v -2.452409 3.300003 6.116622
v 0.105730 3.175111 6.116622
v -0.055067 3.175111 6.116622
v -2.253270 3.175111 6.116622
v -0.055067 0.354868 6.116622
v -0.055067 0.354868 5.916623
v -2.252408 0.354868 5.626425
v -2.252408 3.175111 5.916623
v 2.347664 0.354868 5.916621
v 0.105730 3.175111 5.916622
v 2.350380 0.354868 5.626425
v 2.347661 0.354868 5.626425
v 0.105730 0.354868 5.916622
v -7.452407 0.300001 4.116622
v -2.725130 0.354868 4.116622
v -7.452407 0.354868 4.116622
v -2.452409 0.300001 4.116622
v -2.452409 3.300002 4.116622
v -7.252407 0.354868 3.916623
v -7.252407 3.175111 3.916622
v -7.252407 3.186132 -0.588228
v -7.252407 3.300002 3.916622
v -7.252407 3.175111 3.916622
v -7.252407 3.300002 -1.083379
v -7.252407 0.354868 3.916623
v -7.452407 3.300002 4.116622
v -7.452407 3.186132 -0.588228
v -7.452407 3.175111 4.116622
v -7.452407 3.300002 -0.883379
v -7.452407 0.300000 -0.883379
v -2.725130 0.354868 4.116622
v -2.725130 0.354868 3.916622
v -7.252407 0.354868 -0.588228
v 8.347595 0.300000 -1.083379
v 3.764257 0.374918 -1.083379
v 8.347595 0.374918 -1.083379
v 2.347589 0.300000 -1.083378
v 2.347589 3.300002 -1.083379
v 3.764257 0.374918 -0.883379
v 8.547592 0.300000 -0.883379
v 8.547592 0.374918 -0.883379
v 2.547590 0.300000 -0.883379
v 8.547592 3.171444 -0.883379
v 8.547592 0.300000 -0.883379
v 8.547592 0.374917 -5.521857
v 8.547592 0.374918 -0.883379
v 8.547592 0.300000 -5.883383
v 8.547592 3.300001 -5.883383
v 8.347593 0.374917 -5.521857
v 8.347595 0.300000 -1.083379
v 8.347595 0.374918 -1.083379
v 8.347593 0.300000 -5.683382
v 8.347595 3.171444 -1.083379
v 8.547592 3.171443 -5.521858
v 8.347593 3.171443 -5.521858
v 8.547592 3.171444 -0.883379
v 8.547592 0.374917 -5.521857
v 8.347593 0.374917 -5.521857
v 3.764257 0.374918 -1.083379
v 2.347661 0.354868 5.626425
v 2.347656 1.541515 5.146765
v 2.347624 1.541515 2.099104
v 2.347624 2.787367 2.099104
v 2.347635 1.541515 3.171021
v 2.347664 0.300001 5.916621
v 2.347664 0.354868 5.916621
v 2.347589 0.300000 -1.083378
v 2.347602 1.541515 0.123360
v 2.347589 3.300002 -1.083379
v 2.347602 2.787367 0.123360
v 2.347664 3.300002 5.916621
v 2.347664 3.175111 5.916621
v 2.547590 2.787367 5.146764
v 2.547590 3.300003 6.116622
v 2.547590 2.787367 3.171020
v 2.547590 0.300001 6.116622
v 2.547590 1.541515 5.146765
v 2.547590 0.300000 -0.883379
v 2.547590 1.541515 3.171021
v 2.547590 1.541515 2.099104
v 2.547590 1.541515 0.123360
v 2.547590 1.541515 5.146765
v 2.547590 1.541515 5.146765
v 2.347635 2.787367 3.171020
v 2.547590 2.787367 5.146764
v 2.347624 2.787367 2.099104
v 2.347602 2.787367 0.123360
v 2.347602 2.787367 0.123360
v 2.347602 1.541515 0.123360
v 5.524630 1.389925 -5.683383
v 7.500373 1.389925 -5.683383
v 7.500373 2.635777 -5.683383
v 5.524630 2.635777 -5.883383
v 1.572146 1.389925 -5.683383
v 3.547889 1.389925 -5.683383
v 3.547889 2.635777 -5.683383
v 1.572146 2.635777 -5.883383
v -1.075879 2.635777 -5.883383
v -1.075879 2.635777 -5.883383
v 0.899864 2.635777 -5.883383
v 0.899864 1.389925 -5.883383
v -4.179776 2.635777 -10.883384
v -4.179776 2.635777 -10.883384
v -2.204033 2.635777 -10.883384
v -4.179776 1.389925 -10.883384
v -6.827800 2.635777 -10.883384
v -4.852057 1.389925 -10.683385
v -4.852057 1.389925 -10.683385
v -4.852057 2.635777 -10.683385
vn -1.0000 -0.0000 -0.0000
vn -0.0000 -0.0000 -1.0000
vn 1.0000 -0.0000 -0.0000
vn -0.0000 -0.0000 1.0000
vn 0.9487 -0.0000 0.3163
vn -0.9487 -0.0000 0.3163
vn -0.0000 -1.0000 -0.0000
vn -0.0000 1.0000 -0.0000
vn 0.9487 -0.0000 0.3162
vn 0.0001 -1.0000 -0.0000
vn -0.0000 0.0001 -1.0000
vn -0.0000 0.0003 -1.0000
vn -0.0000 0.0002 -1.0000
vn -0.9487 -0.0000 0.3162
vn -0.0001 -1.0000 -0.0024
vn -0.0000 -1.0000 -0.0024
vn -0.0011 -1.0000 -0.0012
vn -0.0012 -1.0000 -0.0012
vn -0.9487 -0.0000 0.3161
vn -0.9487 -0.0007 0.3161
vt 2.666667 -0.250000
vt 3.333333 1.250000
vt 3.333333 -0.250000
vt 0.540031 -0.250000
vt -0.468153 0.082112
vt -0.244059 0.082112
vt 3.333333 -0.250000
vt 1.666667 1.250000
vt 3.333333 1.250000
vt 1.673248 0.705037
vt 2.540031 1.250000
vt 2.331829 0.705037
vt -0.666667 -0.250000
vt -2.333334 1.250000
vt -0.666667 1.250000
vt 3.793302 -0.250000
vt 2.540031 1.250000
vt 3.793302 1.250000
vt 1.000000 -0.250000
vt -0.666668 1.250000
vt 1.000000 1.250000
vt -1.540032 -0.250000
vt -2.793302 1.250000
vt -1.540032 1.250000
vt 3.726635 -0.250000
vt 2.473365 1.250000
vt 3.726635 1.250000
vt 0.066667 -0.250000
vt 1.600001 1.250000
vt 1.600001 -0.250000
vt -1.473365 -0.250000
vt -2.726635 1.250000
vt -1.473365 1.250000
vt 3.266668 -0.250000
vt 1.600001 1.250000
vt 3.266668 1.250000
vt -1.473364 1.250000
vt -0.673248 0.705037
vt -1.331829 0.705037
vt -0.600000 -0.250000
vt -2.266666 1.250000
vt -0.600000 1.250000
vt 1.468153 0.082112
vt 0.393302 -0.250000
vt 1.244059 0.082112
vt -2.333333 -0.187554
vt -2.169934 1.222566
vt -2.169934 -0.187554
vt 3.266667 1.222566
vt 3.333333 -0.187554
vt 3.266667 -0.187554
vt 0.193301 1.222566
vt 0.193013 -0.187554
vt 0.193013 1.222566
vt 1.727564 -0.187554
vt 1.726657 1.222566
vt 1.727564 1.222566
vt -2.266666 1.222566
vt -2.333333 -0.187554
vt -2.333333 1.222566
vt 3.169935 1.222566
vt 3.333333 -0.187554
vt 3.169935 -0.187554
vt -1.473365 -0.193065
vt -1.540032 1.222566
vt -1.473365 1.222566
vt 2.600000 1.222566
vt 2.666667 -0.187554
vt 2.600000 -0.187554
vt 0.066666 -0.185721
vt -0.000001 1.212541
vt 0.066666 1.212541
vt 3.726635 1.212541
vt 3.793302 -0.185721
vt 3.726635 -0.185721
vt 0.540031 -0.666667
vt -2.726635 -0.599999
vt 0.606698 -0.600000
vt 0.459969 -0.666667
vt 3.726635 -0.599999
vt 3.793302 -0.666666
vt -2.266667 -0.250000
vt -2.266667 -0.187554
vt 0.126634 1.250000
vt 0.925748 1.222566
vt 0.193013 1.222566
vt 0.193301 3.266667
vt 0.193013 3.169934
vt 0.193013 3.333333
vt 0.806987 3.169934
vt 0.806699 3.169934
vt 0.806699 3.266667
vt 0.806987 3.333333
vt 0.074252 3.333333
vt 0.074252 3.266667
vt 0.074252 -0.187554
vt 0.806699 -0.250000
vt -0.726658 -0.250000
vt -0.726658 -0.187554
vt 0.020653 -0.187554
vt 0.020653 1.222566
vt 0.074252 1.222566
vt -0.726658 1.250000
vt 0.806699 1.250000
vt 0.806699 1.222566
vt 0.020653 3.333333
vt -0.726658 3.266666
vt -0.727564 3.333333
vt -0.727564 3.169935
vt -0.726657 3.169935
vt 1.726658 3.266666
vt 0.979347 3.333333
vt 1.727564 3.333333
vt 0.035727 -0.187554
vt -1.540032 -0.250000
vt -1.540032 -0.187554
vt 2.473365 1.250000
vt 0.964273 1.222566
vt 0.806700 1.250000
vt 0.964273 -0.187554
vt 2.473365 -0.250000
vt 0.806700 -0.250000
vt -0.098384 1.222566
vt -1.600000 1.250000
vt 0.066667 1.250000
vt 1.098383 1.222566
vt 2.666666 1.250000
vt 2.666666 1.222566
vt 2.540032 1.098384
vt 2.473365 1.098384
vt 2.473365 2.600000
vt 2.540032 2.666666
vt 0.964273 2.666667
vt 0.964273 2.600000
vt -1.473365 2.600000
vt -1.540032 1.098383
vt -1.540032 2.666666
vt -1.198856 -0.185721
vt -2.726636 -0.250000
vt -2.726636 -0.185721
vt 2.198856 -0.185721
vt 3.793302 -0.250000
vt 1.793301 -0.250000
vt 1.546157 -0.185721
vt -0.000001 -0.250000
vt -0.000001 -0.185721
vt -0.546158 -0.185721
vt 0.933335 -0.250000
vt -0.599999 -0.250000
vt -2.726636 0.933335
vt -1.198856 1.000001
vt -1.198856 0.933334
vt 3.726636 0.933335
vt 2.198856 1.000001
vt 3.793302 1.000001
vt 2.351467 0.006317
vt 3.010047 0.006317
vt -0.000001 -0.250000
vt -0.994161 0.006317
vt -0.335580 0.006317
vt -0.793300 0.006317
vt -0.726655 0.629243
vt -0.726655 0.006317
vt 1.726655 3.010047
vt 1.793300 2.351467
vt 1.726649 2.351467
vt 1.793300 0.006317
vt 1.726649 0.629243
vt 1.793300 0.629243
vt -0.793300 2.351467
vt -0.726655 3.010047
vt -0.726649 2.351467
vt -0.726645 0.629243
vt -0.793300 0.006317
vt -0.793300 0.629243
vt -0.726645 1.994161
vt -0.793301 1.335580
vt -0.793300 1.994161
vt 1.793301 0.006317
vt 1.726638 0.629243
vt 1.793301 0.629243
vt 1.793301 1.335580
vt 1.726645 1.994161
vt 1.793300 1.994161
vt 2.785648 -0.666666
vt 3.444229 -0.599999
vt 3.444229 -0.666666
vt -0.666666 0.705037
vt -0.599999 0.082112
vt -0.666666 0.082112
vt -2.444229 -0.666666
vt -1.785648 -0.600000
vt -1.785648 -0.666666
vt 1.666666 0.705037
vt 1.600000 0.082112
vt 1.600000 0.705037
vt 1.468153 -0.666667
vt 2.126734 -0.600000
vt 2.126734 -0.666666
vt -0.666666 0.705037
vt -0.600000 0.082112
vt -0.666666 0.082112
vt -1.126734 -0.666666
vt -0.468153 -0.600000
vt -0.468153 -0.666667
vt 1.666667 0.705037
vt 1.600000 0.082112
vt 1.600000 0.705037
vt 1.666667 0.705037
vt 1.600000 0.082112
vt 1.600000 0.705037
vt 0.414522 -0.600000
vt -0.244059 -0.666667
vt -0.244059 -0.600000
vt -0.600000 0.082112
vt -0.666667 0.705037
vt -0.600000 0.705037
vt 1.244059 -0.600000
vt 0.585478 -0.666667
vt 0.585478 -0.600000
vt 3.333333 0.705037
vt 3.266667 0.082112
vt 3.266667 0.705037
vt 1.449154 -2.266667
vt 0.790573 -2.333333
vt 0.790573 -2.266666
vt -2.266666 0.082112
vt -2.333333 0.705037
vt -2.266666 0.705037
vt 0.209427 -2.333333
vt -0.449154 -2.266667
vt 0.209427 -2.266666
vt 3.333333 0.705037
vt 3.266668 0.082112
vt 3.266668 0.705037
vt -1.331829 -2.266668
vt -0.673248 -2.333333
vt -1.331829 -2.333333
vt -2.333333 0.705037
vt -2.266667 0.082112
vt -2.333333 0.082112
vt 1.673248 -2.333333
vt 2.331829 -2.266668
vt 2.331829 -2.333333
vt 2.666667 1.250000
vt 0.414522 0.082112
vt 0.540031 1.250000
vt 0.414522 0.705037
vt -2.444229 0.082112
vt -2.793302 -0.250000
vt -1.785648 0.082112
vt -2.793302 1.250000
vt -2.444229 0.705037
vt -1.785648 0.705037
vt -0.244059 0.705037
vt -0.468153 0.705037
vt -1.126734 0.705037
vt -1.126734 0.082112
vt 1.666667 -0.250000
vt 2.331829 0.082112
vt 2.540031 -0.250000
vt 0.540031 -0.250000
vt 1.673248 0.082112
vt 1.449154 0.082112
vt 0.790573 0.082112
vt 0.540031 1.250000
vt 0.790573 0.705037
vt 1.449154 0.705037
vt -2.333334 -0.250000
vt 2.540031 -0.250000
vt -0.666668 -0.250000
vt -2.793302 -0.250000
vt 2.473365 -0.250000
vt 0.066667 1.250000
vt -2.726635 -0.250000
vt 1.600001 -0.250000
vt -1.331829 0.082112
vt -1.473364 -0.250000
vt 0.393302 -0.250000
vt -0.673248 0.082112
vt -0.449154 0.082112
vt 0.209427 0.082112
vt 0.393302 1.250000
vt 0.209427 0.705037
vt -0.449154 0.705037
vt -2.266666 -0.250000
vt 3.444229 0.082112
vt 2.785648 0.082112
vt 0.393302 1.250000
vt 0.585478 0.082112
vt 0.585478 0.705037
vt 3.444229 0.705037
vt 2.785648 0.705037
vt 1.244059 0.705037
vt 1.468153 0.705037
vt 2.126734 0.705037
vt 2.126734 0.082112
vt -2.333333 1.222566
vt 3.333333 1.222566
vt 0.193301 -0.187554
vt 1.726657 -0.187554
vt -2.266666 -0.187554
vt 3.333333 1.222566
vt -1.540032 -0.193065
vt 2.666667 1.222566
vt -0.000001 -0.185721
vt 3.793302 1.212541
vt -0.793301 1.000001
vt -0.793300 3.333333
vt -0.726634 0.933334
vt -2.793302 1.000001
vt -2.793302 -0.666666
vt 0.873366 3.333333
vt 0.873366 2.666667
vt 0.806700 2.600000
vt 2.540032 1.000000
vt 2.473365 0.933333
vt 3.726635 0.933333
vt 3.793302 1.000000
vt 3.793302 -0.666668
vt 3.726635 -0.600001
vt 2.540031 -0.666667
vt 2.473365 -0.600001
vt 2.473364 -2.266668
vt 2.540031 -2.333334
vt 0.540031 -2.333333
vt 0.606698 -2.266666
vt 1.793301 1.000001
vt 1.793300 3.333333
vt 1.726634 0.933334
vt 0.126634 3.333333
vt 0.126634 2.666667
vt 0.193300 2.600000
vt -1.540032 1.000000
vt -1.473365 0.933333
vt -2.726635 0.933333
vt -2.793302 1.000000
vt -2.793302 -0.666668
vt -2.726635 -0.600001
vt -1.540031 -0.666667
vt -1.473365 -0.600001
vt -1.473364 -2.266668
vt -1.540031 -2.333334
vt 0.459969 -2.333333
vt 0.393302 -2.266666
vt 0.393302 -0.600000
vt -2.266667 1.250000
vt -2.266667 1.222566
vt -1.600000 -0.250000
vt 1.793300 1.250000
vt 0.979347 1.222566
vt 1.793300 -0.250000
vt 0.126634 -0.250000
vt 0.979347 -0.187554
vt 0.925748 -0.187554
vt 0.193013 -0.187554
vt 0.925748 3.333333
vt 0.925748 3.266667
vt 0.193301 3.169934
vt 0.806699 -0.187554
vt -0.726658 1.222566
vt 0.020653 3.266666
vt 1.727564 3.169935
vt 1.726657 3.169935
vt 0.979347 3.266666
vt -1.540032 1.250000
vt 0.035727 1.222566
vt -1.540032 1.222566
vt 0.126634 1.250000
vt 0.126634 -0.250000
vt 2.473365 1.222566
vt 2.473365 -0.187554
vt -0.098384 -0.193065
vt -1.600000 -0.187554
vt 0.066667 -0.250000
vt -1.600000 1.222566
vt 2.666666 -0.250000
vt 1.098384 -0.193065
vt 2.666666 -0.187554
vt 1.000000 -0.250000
vt 1.000000 1.250000
vt 0.035727 2.666667
vt 0.035727 2.600000
vt -1.473365 1.098384
vt -2.726636 1.250000
vt -1.198856 1.212541
vt -2.726636 1.212541
vt -0.726634 1.250000
vt -0.726634 -0.250000
vt 2.198856 1.212541
vt 3.793302 1.250000
vt 3.793302 1.212541
vt 1.793301 1.250000
vt 3.793302 -0.185721
vt -0.000001 1.250000
vt 1.546157 1.212541
vt -0.000001 1.212541
vt 1.666666 1.250000
vt 1.666666 -0.250000
vt -0.546158 1.212541
vt 0.933335 1.250000
vt 0.933335 1.212541
vt -0.599999 1.250000
vt 0.933335 -0.185721
vt -2.793302 -0.546157
vt -2.726635 -0.546158
vt 3.793302 -0.546157
vt 3.726635 -0.546158
vt 2.198856 0.933334
vt 3.010047 0.629243
vt 1.994161 0.629243
vt 1.994161 0.006317
vt 2.351467 0.629243
vt 3.266666 1.250000
vt 3.266666 1.222566
vt 0.933334 1.250000
vt 1.335580 0.629243
vt 0.933334 -0.250000
vt 1.335580 0.006317
vt 3.266666 -0.250000
vt 3.266666 -0.187554
vt -2.010047 0.006317
vt -2.333333 -0.250000
vt -1.351467 0.006317
vt -2.333333 1.250000
vt -2.010047 0.629243
vt -0.000001 1.250000
vt -1.351467 0.629243
vt -0.994161 0.629243
vt -0.335580 0.629243
vt -0.793300 0.629243
vt 1.793300 3.010047
vt 1.726649 0.006317
vt -0.793300 3.010047
vt -0.726645 0.006317
vt -0.726638 1.335580
vt 1.726638 0.006317
vt 1.726638 1.335580
vt 2.785648 -0.600000
vt -0.599999 0.705037
vt -2.444229 -0.599999
vt 1.666666 0.082112
vt 1.468153 -0.600000
vt -0.600000 0.705037
vt -1.126734 -0.600000
vt 1.666667 0.082112
vt 1.666667 0.082112
vt 0.414522 -0.666667
vt -0.666667 0.082112
vt 1.244059 -0.666667
vt 3.333333 0.082112
vt 1.449154 -2.333333
vt -2.333333 0.082112
vt -0.449154 -2.333333
vt 3.333333 0.082112
vt -0.673248 -2.266667
vt -2.266667 0.705037
vt 1.673248 -2.266667
s 0
f 1/1/1 2/2/1 3/3/1
f 4/4/2 5/5/2 6/6/2
f 7/7/3 8/8/3 9/9/3
f 10/10/2 11/11/2 12/12/2
f 13/13/1 14/14/1 15/15/1
f 16/16/2 17/17/2 18/18/2
f 19/19/1 20/20/1 21/21/1
f 22/22/4 23/23/4 24/24/4
f 25/25/2 26/26/2 27/27/2
f 28/28/3 29/29/3 30/30/3
f 31/31/4 32/32/4 33/33/4
f 34/34/3 35/35/3 36/36/3
f 37/37/4 38/38/4 39/39/4
f 40/40/1 41/41/1 42/42/1
f 43/43/4 44/44/4 45/45/4
f 46/46/3 47/47/3 48/48/3
f 49/49/1 50/50/1 51/51/1
s 1
f 52/52/5 53/53/4 54/54/4
s 0
f 55/55/4 56/56/4 57/57/4
f 58/58/3 59/59/3 60/60/3
f 61/61/1 62/62/1 63/63/1
s 1
f 64/64/4 65/65/6 66/66/4
s 0
f 67/67/1 68/68/1 69/69/1
f 70/70/3 71/71/3 72/72/3
f 73/73/4 74/74/4 75/75/4
f 76/76/7 77/77/7 78/78/7
f 79/79/8 80/80/8 81/81/8
s 1
f 82/48/9 83/82/3 84/83/3
s 0
f 85/84/4 86/85/4 87/86/4
f 88/87/8 89/88/8 90/89/8
f 91/90/7 92/91/7 93/92/7
f 94/93/10 91/90/10 93/92/10
f 95/94/7 93/92/7 96/95/7
f 97/96/2 98/97/2 99/98/2
f 99/98/2 100/99/2 101/100/2
f 97/96/11 99/98/11 101/100/11
f 97/96/2 102/101/2 103/102/12
f 102/101/2 104/103/2 105/104/2
f 103/102/13 102/101/13 105/104/13
f 103/102/2 105/104/2 106/105/2
f 107/106/7 108/107/7 109/108/7
f 110/109/7 109/108/7 108/107/7
f 110/109/7 108/107/7 111/110/7
f 112/111/8 113/112/8 114/113/8
f 115/114/4 116/115/4 117/116/4
f 118/117/2 119/118/2 120/119/2
f 121/120/2 122/121/2 123/122/2
f 124/123/3 125/124/3 126/125/3
s 1
f 127/126/14 128/127/1 129/128/1
f 130/129/15 131/130/16 132/131/17
f 133/132/18 130/129/15 132/131/17
f 134/133/7 132/131/17 135/134/7
s 0
f 136/135/8 137/136/8 138/137/8
f 139/138/2 140/139/2 141/140/2
f 142/141/4 143/142/4 144/143/4
f 145/144/3 146/145/3 147/146/3
f 148/147/1 149/148/1 150/149/1
f 151/150/7 152/151/7 153/152/7
f 154/153/8 155/154/8 156/155/8
f 157/63/1 158/156/1 159/157/1
f 160/158/3 161/159/3 162/160/3
f 163/161/2 164/162/2 165/163/2
f 166/164/8 167/165/8 168/166/8
f 169/167/4 170/168/4 171/169/4
f 172/170/7 173/171/7 174/172/7
f 175/173/2 176/174/2 177/175/2
f 178/176/7 179/177/7 180/178/7
f 181/179/4 182/180/4 183/181/4
f 184/182/8 185/183/8 186/184/8
f 187/185/8 188/186/8 189/187/8
f 190/188/1 191/189/1 192/190/1
f 193/191/7 194/192/7 195/193/7
f 196/194/3 197/195/3 198/196/3
f 199/197/8 200/198/8 201/199/8
f 202/200/1 203/201/1 204/202/1
f 205/203/7 206/204/7 207/205/7
f 208/206/3 209/207/3 210/208/3
f 211/209/3 212/210/3 213/211/3
f 214/212/7 215/213/7 216/214/7
f 217/215/1 218/216/1 219/217/1
f 220/218/8 221/219/8 222/220/8
f 223/221/3 224/222/3 225/223/3
f 226/224/7 227/225/7 228/226/7
f 229/227/1 230/228/1 231/229/1
f 232/230/8 233/231/8 234/232/8
f 235/233/3 236/234/3 237/235/3
f 238/236/8 239/237/8 240/238/8
f 241/239/1 242/240/1 243/241/1
f 244/242/7 245/243/7 246/244/7
f 2/2/1 1/1/1 247/245/1
f 248/246/2 249/247/2 4/4/2
f 250/248/2 249/247/2 248/246/2
f 251/249/2 4/4/2 252/250/2
f 253/251/2 4/4/2 251/249/2
f 254/252/2 251/249/2 252/250/2
f 254/252/2 255/253/2 251/249/2
f 249/247/2 255/253/2 254/252/2
f 249/247/2 256/254/2 255/253/2
f 5/5/2 257/255/2 6/6/2
f 258/256/2 257/255/2 5/5/2
f 257/255/2 249/247/2 250/248/2
f 4/4/2 6/6/2 248/246/2
f 258/256/2 249/247/2 257/255/2
f 259/257/2 249/247/2 258/256/2
f 259/257/2 256/254/2 249/247/2
f 259/257/2 253/251/2 256/254/2
f 260/258/2 253/251/2 259/257/2
f 260/258/2 4/4/2 253/251/2
f 5/5/2 4/4/2 260/258/2
f 8/8/3 7/7/3 261/259/3
f 262/260/2 11/11/2 263/261/2
f 12/12/2 11/11/2 262/260/2
f 264/262/2 262/260/2 263/261/2
f 264/262/2 265/263/2 262/260/2
f 264/262/2 266/264/2 265/263/2
f 264/262/2 267/265/2 266/264/2
f 268/266/2 267/265/2 264/262/2
f 268/266/2 269/267/2 267/265/2
f 11/11/2 269/267/2 268/266/2
f 11/11/2 270/268/2 269/267/2
f 270/268/2 265/263/2 266/264/2
f 270/268/2 10/10/2 265/263/2
f 11/11/2 10/10/2 270/268/2
f 14/14/1 13/13/1 271/269/1
f 17/17/2 16/16/2 272/270/2
f 20/20/1 19/19/1 273/271/1
f 23/23/4 22/22/4 274/272/4
f 26/26/2 25/25/2 275/273/2
f 29/29/3 28/28/3 276/274/3
f 32/32/4 31/31/4 277/275/4
f 35/35/3 34/34/3 278/276/3
f 37/37/4 279/277/4 280/278/4
f 37/37/4 39/39/4 279/277/4
f 279/277/4 281/279/4 280/278/4
f 282/280/4 281/279/4 279/277/4
f 283/281/4 281/279/4 282/280/4
f 284/282/4 281/279/4 283/281/4
f 284/282/4 285/283/4 281/279/4
f 286/284/4 285/283/4 284/282/4
f 286/284/4 37/37/4 285/283/4
f 287/285/4 37/37/4 286/284/4
f 38/38/4 283/281/4 282/280/4
f 38/38/4 287/285/4 283/281/4
f 38/38/4 37/37/4 287/285/4
f 41/41/1 40/40/1 288/286/1
f 44/44/4 289/287/4 290/25/4
f 44/44/4 291/288/4 289/287/4
f 292/289/4 293/290/4 44/44/4
f 292/289/4 294/291/4 293/290/4
f 289/287/4 295/27/4 290/25/4
f 296/292/4 295/27/4 289/287/4
f 296/292/4 292/289/4 295/27/4
f 297/293/4 292/289/4 296/292/4
f 298/294/4 43/43/4 45/45/4
f 298/294/4 299/295/4 43/43/4
f 292/289/4 298/294/4 294/291/4
f 45/45/4 44/44/4 293/290/4
f 292/289/4 299/295/4 298/294/4
f 292/289/4 300/296/4 299/295/4
f 297/293/4 300/296/4 292/289/4
f 291/288/4 300/296/4 297/293/4
f 291/288/4 301/297/4 300/296/4
f 44/44/4 301/297/4 291/288/4
f 44/44/4 43/43/4 301/297/4
f 47/47/3 46/46/3 302/298/3
f 50/50/1 49/49/1 303/299/1
s 1
f 53/53/4 52/52/5 304/300/5
s 0
f 56/56/4 55/55/4 305/301/4
f 59/59/3 58/58/3 306/302/3
f 62/62/1 61/61/1 307/303/1
s 1
f 65/65/6 64/64/4 308/304/19
s 0
f 68/68/1 67/67/1 309/305/1
f 71/71/3 70/70/3 310/306/3
f 74/74/4 73/73/4 311/307/4
f 312/107/7 313/308/7 314/309/7
f 315/310/7 313/308/7 312/107/7
f 316/150/7 313/308/7 315/310/7
f 316/150/7 317/311/7 313/308/7
f 316/150/7 318/312/7 317/311/7
f 77/77/7 318/312/7 316/150/7
f 319/313/7 312/107/7 314/309/7
f 319/313/7 320/92/7 312/107/7
f 321/314/7 320/92/7 319/313/7
f 321/314/7 322/315/7 320/92/7
f 321/314/7 323/131/7 322/315/7
f 324/132/7 323/131/7 321/314/7
f 325/316/7 323/131/7 324/132/7
f 325/316/7 326/317/7 323/131/7
f 325/316/7 327/318/7 326/317/7
f 328/319/7 327/318/7 325/316/7
f 329/320/7 327/318/7 328/319/7
f 329/320/7 330/321/7 327/318/7
f 331/322/7 330/321/7 329/320/7
f 331/322/7 332/323/7 330/321/7
f 331/322/7 333/324/7 332/323/7
f 334/325/7 333/324/7 331/322/7
f 335/326/7 333/324/7 334/325/7
f 335/326/7 336/327/7 333/324/7
f 76/76/7 336/327/7 335/326/7
f 76/76/7 78/78/7 336/327/7
f 77/77/7 76/76/7 318/312/7
f 337/328/8 338/111/8 339/329/8
f 337/328/8 340/330/8 338/111/8
f 337/328/8 341/153/8 340/330/8
f 342/155/8 341/153/8 337/328/8
f 81/81/8 341/153/8 342/155/8
f 81/81/8 80/80/8 341/153/8
f 338/111/8 343/331/8 339/329/8
f 344/87/8 343/331/8 338/111/8
f 344/87/8 345/332/8 343/331/8
f 346/333/8 345/332/8 344/87/8
f 347/135/8 345/332/8 346/333/8
f 347/135/8 348/137/8 345/332/8
f 347/135/8 349/334/8 348/137/8
f 350/335/8 349/334/8 347/135/8
f 351/336/8 349/334/8 350/335/8
f 351/336/8 352/337/8 349/334/8
f 351/336/8 353/338/8 352/337/8
f 354/339/8 353/338/8 351/336/8
f 354/339/8 355/340/8 353/338/8
f 356/341/8 355/340/8 354/339/8
f 357/342/8 355/340/8 356/341/8
f 357/342/8 358/343/8 355/340/8
f 357/342/8 359/344/8 358/343/8
f 360/345/8 359/344/8 357/342/8
f 360/345/8 79/79/8 359/344/8
f 361/346/8 79/79/8 360/345/8
f 80/80/8 79/79/8 361/346/8
s 1
f 362/347/3 363/47/9 364/348/3
f 365/124/3 363/47/9 362/347/3
f 366/349/3 363/47/9 365/124/3
f 366/349/3 82/48/9 363/47/9
f 83/82/3 82/48/9 366/349/3
s 0
f 367/57/4 85/84/4 368/350/4
f 369/351/4 85/84/4 367/57/4
f 370/352/4 367/57/4 368/350/4
f 370/352/4 371/55/4 367/57/4
f 372/353/4 371/55/4 370/352/4
f 372/353/4 373/354/4 371/55/4
f 372/353/4 374/355/4 373/354/4
f 372/353/4 375/356/4 374/355/4
f 85/84/4 375/356/4 372/353/4
f 85/84/4 87/86/4 375/356/4
f 374/355/4 369/351/4 373/354/4
f 86/85/4 369/351/4 374/355/4
f 86/85/4 85/84/4 369/351/4
f 88/87/8 376/357/8 377/358/8
f 88/87/8 90/89/8 376/357/8
f 89/88/8 88/87/8 378/359/8
f 93/92/7 95/94/7 94/93/7
f 98/97/2 97/96/2 379/360/2
f 102/101/2 97/96/2 101/100/2
f 104/103/2 102/101/2 380/361/2
f 108/107/7 107/106/7 381/362/7
f 112/111/8 382/363/8 383/364/8
f 112/111/8 114/113/8 382/363/8
f 113/112/8 112/111/8 384/365/8
f 385/366/4 386/367/4 387/368/4
f 388/369/4 386/367/4 385/366/4
f 389/370/4 386/367/4 388/369/4
f 389/370/4 115/114/4 386/367/4
f 116/115/4 115/114/4 389/370/4
f 119/118/2 118/117/2 390/371/2
f 119/118/2 123/122/2 120/119/2
f 121/120/2 123/122/2 119/118/2
f 122/121/2 121/120/2 391/372/2
f 392/373/3 393/349/3 394/374/3
f 392/373/3 395/375/3 393/349/3
f 392/373/3 126/125/3 395/375/3
f 124/123/3 126/125/3 392/373/3
f 125/124/3 124/123/3 396/376/3
s 1
f 397/377/1 398/378/20 399/379/1
f 400/380/1 398/378/20 397/377/1
f 401/381/1 398/378/20 400/380/1
f 401/381/1 127/126/14 398/378/20
f 128/127/1 127/126/14 401/381/1
f 132/131/17 134/133/7 133/132/18
s 0
f 136/135/8 402/382/8 403/383/8
f 136/135/8 138/137/8 402/382/8
f 137/136/8 136/135/8 404/384/8
f 405/385/2 406/386/2 407/387/2
f 408/388/2 406/386/2 405/385/2
f 409/389/2 406/386/2 408/388/2
f 409/389/2 139/138/2 406/386/2
f 140/139/2 139/138/2 409/389/2
f 410/390/4 411/391/4 412/392/4
f 410/390/4 413/393/4 411/391/4
f 410/390/4 144/143/4 413/393/4
f 142/141/4 144/143/4 410/390/4
f 143/142/4 142/141/4 414/394/4
f 415/395/3 416/396/3 417/397/3
f 418/398/3 416/396/3 415/395/3
f 419/399/3 416/396/3 418/398/3
f 419/399/3 145/144/3 416/396/3
f 146/145/3 145/144/3 419/399/3
f 420/400/1 421/401/1 422/402/1
f 420/400/1 423/403/1 421/401/1
f 420/400/1 150/149/1 423/403/1
f 148/147/1 150/149/1 420/400/1
f 149/148/1 148/147/1 424/404/1
f 425/405/7 151/150/7 426/406/7
f 427/311/7 151/150/7 425/405/7
f 152/151/7 151/150/7 427/311/7
f 154/153/8 428/407/8 429/408/8
f 154/153/8 156/155/8 428/407/8
f 155/154/8 154/153/8 430/409/8
f 159/157/1 431/61/1 157/63/1
f 432/410/1 431/61/1 159/157/1
f 433/411/1 158/156/1 434/412/1
f 433/411/1 435/413/1 158/156/1
f 431/61/1 436/414/1 437/415/1
f 431/61/1 438/416/1 436/414/1
f 432/410/1 438/416/1 431/61/1
f 435/413/1 438/416/1 432/410/1
f 433/411/1 438/416/1 435/413/1
f 439/417/1 438/416/1 433/411/1
f 439/417/1 440/418/1 438/416/1
f 441/419/1 440/418/1 439/417/1
f 441/419/1 442/420/1 440/418/1
f 434/412/1 442/420/1 441/419/1
f 158/156/1 442/420/1 434/412/1
f 442/420/1 157/63/1 443/421/1
f 158/156/1 157/63/1 442/420/1
f 444/422/3 160/158/3 445/423/3
f 446/424/3 160/158/3 444/422/3
f 447/425/3 444/422/3 445/423/3
f 447/425/3 448/426/3 444/422/3
f 449/427/3 448/426/3 447/425/3
f 449/427/3 450/428/3 448/426/3
f 449/427/3 451/429/3 450/428/3
f 449/427/3 452/430/3 451/429/3
f 160/158/3 452/430/3 449/427/3
f 160/158/3 162/160/3 452/430/3
f 451/429/3 446/424/3 450/428/3
f 161/159/3 446/424/3 451/429/3
f 161/159/3 160/158/3 446/424/3
f 164/162/2 163/161/2 453/431/2
f 167/165/8 166/164/8 454/432/8
f 170/168/4 169/167/4 455/433/4
f 173/171/7 172/170/7 456/434/7
f 176/174/2 175/173/2 457/435/2
f 179/177/7 178/176/7 458/436/7
f 182/180/4 181/179/4 459/437/4
f 185/183/8 184/182/8 460/438/8
f 188/186/8 187/185/8 461/439/8
f 191/189/1 190/188/1 462/440/1
f 194/192/7 193/191/7 463/441/7
f 197/195/3 196/194/3 464/442/3
f 200/198/8 199/197/8 465/443/8
f 203/201/1 202/200/1 466/444/1
f 206/204/7 205/203/7 467/445/7
f 209/207/3 208/206/3 468/446/3
f 212/210/3 211/209/3 469/447/3
f 215/213/7 214/212/7 470/448/7
f 218/216/1 217/215/1 471/449/1
f 221/219/8 220/218/8 472/450/8
f 224/222/3 223/221/3 473/451/3
f 227/225/7 226/224/7 474/452/7
f 230/228/1 229/227/1 475/453/1
f 233/231/8 232/230/8 476/454/8
f 236/234/3 235/233/3 477/455/3
f 239/237/8 238/236/8 478/456/8
f 242/240/1 241/239/1 479/457/1
f 245/243/7 244/242/7 480/458/7
o Line002_13_-_Brushed_Metal_#2_0
v 1.391741 6.598711 -1.190244
v 1.391741 3.598711 4.009757
v 1.391741 3.598710 -1.190244
v -1.451561 6.598711 -1.190244
v 1.391741 3.598710 -1.190244
v -1.451561 3.598710 -1.190244
v -1.451561 4.525891 -4.465472
v -1.451561 3.598709 -9.094760
v -1.451561 4.525890 -6.441216
v -7.452407 6.598710 -9.094760
v -7.452407 3.598710 -5.990247
v -7.452407 6.598711 -5.990248
v -11.212217 6.598711 -5.990248
v -7.452407 3.598710 -5.990247
v -11.212217 3.598710 -5.990247
v -11.212217 6.598711 -0.990244
v -11.212217 3.598710 -5.990247
v -11.212217 3.598710 -0.990243
v -7.452407 6.598711 -0.990244
v -11.212217 3.598710 -0.990243
v -7.452407 3.598710 -0.990243
v -11.012218 6.598711 -1.190244
v -7.252407 3.598710 -1.190243
v -11.012218 3.598710 -1.190243
v -11.012218 6.598711 -5.790248
v -11.012218 3.598710 -1.190243
v -11.012218 3.598710 -5.790247
v -11.012218 6.598711 -5.790248
v -7.252407 3.598710 -5.790245
v -7.252407 6.598711 -5.790246
v -7.252409 6.598710 -8.894762
v -7.252407 3.598710 -5.790245
v -7.252409 3.598709 -8.894761
v -1.651561 3.598709 -8.894761
v -1.651562 4.525891 -4.465472
v -1.651561 4.525890 -6.441216
v 1.191741 6.598711 -0.990244
v -1.651562 3.598710 -0.990244
v 1.191741 3.598710 -0.990244
v 1.191747 6.598712 3.809757
v 1.191741 3.598710 -0.990244
v 1.191747 3.598711 3.809757
v -7.252407 6.598712 3.809758
v 1.391741 6.598712 4.009757
v 1.191747 6.598712 3.809757
v -2.763314 6.529101 4.009757
v -2.763314 3.667874 3.809758
v -2.763314 3.667874 4.009757
v -7.452407 3.667874 -0.701456
v -7.252407 6.529101 -0.701455
v -7.452407 6.529101 -0.701455
v -7.252407 3.598711 3.809759
v 1.391741 3.598711 4.009757
v -7.452407 3.598711 4.009757
v -7.252407 3.667874 -0.701456
v -7.252407 3.598711 3.809759
v -7.252407 3.598710 -1.190243
v 1.391741 6.598712 4.009757
v -0.326532 6.451294 4.009757
v 0.551994 6.451294 4.009757
v -2.763314 6.529101 3.809757
v -7.252407 6.598712 3.809758
v 1.191747 6.598712 3.809757
v -0.647554 3.678789 3.809757
v -2.763314 3.667874 3.809758
v -1.526081 3.678789 3.809757
v -7.252407 3.598711 3.809759
v -7.252407 3.667874 3.809759
v -7.452407 3.667874 -0.701456
v -7.452407 3.598711 4.009757
v -7.452407 3.667874 4.009757
v -7.252407 6.529101 3.809758
v -7.452407 6.529101 -0.701455
v -7.252407 6.529101 -0.701455
v -7.252407 3.667874 3.809759
v -7.452407 3.667874 -0.701456
v -7.452407 3.667874 4.009757
v -7.252409 3.598709 -8.894761
v -4.852055 4.525890 -8.894761
v -6.827797 4.525890 -8.894761
v -4.852055 4.525890 -9.094760
v -7.452407 3.598709 -9.094760
v -6.827797 4.525890 -9.094760
v -4.852055 4.525890 -9.094760
v -4.852055 5.771742 -8.894762
v -4.852055 5.771742 -9.094760
v -4.852055 4.525890 -9.094760
v -6.827797 4.525890 -8.894761
v -4.852055 4.525890 -8.894761
v -6.827797 4.525890 -9.094760
v -6.827797 5.771742 -8.894762
v -6.827797 4.525890 -8.894761
v -4.852055 5.771742 -9.094760
v -6.827797 5.771742 -8.894762
v -6.827797 5.771742 -9.094760
v -4.179773 4.525890 -9.094760
v -4.179773 5.771742 -8.894762
v -4.179773 4.525890 -8.894761
v -4.179773 5.771742 -8.894762
v -2.204030 5.771742 -9.094760
v -2.204030 5.771742 -8.894762
v -2.204030 5.771742 -8.894762
v -2.204030 4.525890 -9.094760
v -2.204030 4.525890 -8.894761
v -2.204030 4.525890 -8.894761
v -4.179773 4.525890 -9.094760
v -4.179773 4.525890 -8.894761
v -0.326532 3.678789 3.809757
v -0.326532 6.451294 4.009757
v -0.326532 3.678789 4.009757
v -0.326532 6.451294 3.809757
v 0.551994 6.451294 4.009757
v -0.326532 6.451294 4.009757
v 0.551994 6.451294 4.009757
v 0.551994 3.678789 3.809757
v 0.551994 3.678789 4.009757
v 0.551994 3.678789 4.009757
v -0.326532 3.678789 3.809757
v -0.326532 3.678789 4.009757
v -1.526081 3.678789 3.809757
v -1.526081 6.451294 4.009757
v -1.526081 3.678789 4.009757
v -1.526081 6.451294 3.809757
v -0.647554 6.451294 4.009757
v -1.526081 6.451294 4.009757
v -0.647554 6.451294 4.009757
v -0.647554 3.678789 3.809757
v -0.647554 3.678789 4.009757
v -0.647554 3.678789 4.009757
v -1.526081 3.678789 3.809757
v -1.526081 3.678789 4.009757
v -1.451561 4.525891 -4.465472
v -1.651561 4.525890 -6.441216
v -1.651562 4.525891 -4.465472
v -1.651561 4.525890 -6.441216
v -1.451561 5.771742 -6.441216
v -1.651561 5.771742 -6.441216
v -1.651561 5.771742 -6.441216
v -1.451561 5.771742 -4.465472
v -1.651562 5.771742 -4.465472
v -1.651562 4.525891 -4.465472
v -1.451561 5.771742 -4.465472
v -1.451561 4.525891 -4.465472
v -1.451561 4.525891 -1.817446
v -1.651562 4.525891 -3.793190
v -1.651562 4.525891 -1.817446
v -1.651562 4.525891 -3.793190
v -1.451561 5.771742 -3.793190
v -1.651562 5.771742 -3.793190
v -1.651562 5.771742 -3.793190
v -1.451561 5.771743 -1.817446
v -1.651562 5.771743 -1.817446
v -1.651562 4.525891 -1.817446
v -1.451561 5.771743 -1.817446
v -1.451561 4.525891 -1.817446
v 1.391741 6.598712 4.009757
v 1.391741 6.598711 -1.190244
v -1.451561 3.598710 -1.190244
v -1.451561 5.771743 -1.817446
v -1.451561 6.598711 -1.190244
v -1.451561 4.525891 -1.817446
v -1.451561 6.598710 -9.094760
v -1.451561 5.771742 -3.793190
v -1.451561 5.771742 -4.465472
v -1.451561 5.771742 -6.441216
v -1.451561 4.525891 -3.793190
v -7.452407 3.598709 -9.094760
v -7.452407 6.598711 -5.990248
v -11.212217 6.598711 -5.990248
v -11.212217 6.598711 -0.990244
v -7.252407 6.598711 -1.190244
v -11.012218 6.598711 -1.190244
v -11.012218 3.598710 -5.790247
v -7.252407 6.598711 -5.790246
v -1.651561 6.598710 -8.894762
v -1.651562 5.771743 -1.817446
v -1.651562 6.598711 -0.990245
v -1.651562 5.771742 -3.793190
v -1.651562 5.771742 -4.465472
v -1.651561 5.771742 -6.441216
v -1.651562 3.598710 -0.990244
v -1.651562 4.525891 -1.817446
v -1.651562 4.525891 -3.793190
v -1.651562 6.598711 -0.990245
v 1.191741 6.598711 -0.990244
v 1.391741 6.598711 -1.190244
v 1.191741 6.598711 -0.990244
v -1.451561 6.598711 -1.190244
v -1.651562 6.598711 -0.990245
v -1.651561 6.598710 -8.894762
v -1.451561 6.598710 -9.094760
v -7.452407 6.598710 -9.094760
v -7.252409 6.598710 -8.894762
v -7.452407 6.598711 -5.990248
v -7.252407 6.598711 -5.790246
v -11.012218 6.598711 -5.790248
v -11.212217 6.598711 -5.990248
v -11.212217 6.598711 -0.990244
v -11.012218 6.598711 -1.190244
v -7.452407 6.598711 -0.990244
v -7.252407 6.598711 -1.190244
v -7.452407 6.598712 4.009757
v -2.763314 6.529101 3.809757
v -7.252407 3.667874 -0.701456
v 1.191747 3.598711 3.809757
v 1.391741 3.598710 -1.190244
v 1.191741 3.598710 -0.990244
v -1.451561 3.598710 -1.190244
v -1.651562 3.598710 -0.990244
v -1.651561 3.598709 -8.894761
v -1.451561 3.598709 -9.094760
v -7.452407 3.598709 -9.094760
v -7.252409 3.598709 -8.894761
v -7.452407 3.598710 -5.990247
v -7.252407 3.598710 -5.790245
v -11.012218 3.598710 -5.790247
v -11.212217 3.598710 -5.990247
v -11.212217 3.598710 -0.990243
v -11.012218 3.598710 -1.190243
v -7.452407 3.598710 -0.990243
v -7.252407 3.598710 -1.190243
v -7.252407 6.529101 -0.701455
v -7.252407 6.598712 3.809758
v -7.252407 6.529101 3.809758
v -7.252407 6.598711 -1.190244
v -7.252407 3.667874 3.809759
v 0.551994 3.678789 4.009757
v -7.452407 3.598711 4.009757
v 1.391741 3.598711 4.009757
v -0.326532 3.678789 4.009757
v -0.647554 6.451294 4.009757
v -0.647554 3.678789 4.009757
v -1.526081 3.678789 4.009757
v -2.763314 3.667874 4.009757
v -7.452407 3.667874 4.009757
v -2.763314 6.529101 4.009757
v -1.526081 6.451294 4.009757
v -7.452407 6.598712 4.009757
v -7.452407 6.529101 4.009757
v -7.252407 6.529101 3.809758
v 0.551994 3.678789 3.809757
v 1.191747 3.598711 3.809757
v -0.326532 3.678789 3.809757
v 0.551994 6.451294 3.809757
v -0.326532 6.451294 3.809757
v -0.647554 6.451294 3.809757
v -1.526081 6.451294 3.809757
v -7.452407 6.598712 4.009757
v -7.452407 6.529101 -0.701455
v -7.452407 6.529101 4.009757
v -7.452407 6.598711 -0.990244
v -7.452407 3.598710 -0.990243
v -2.763314 6.529101 4.009757
v -2.763314 6.529101 3.809757
v -7.452407 6.529101 4.009757
v -2.763314 3.667874 4.009757
v -2.763314 3.667874 3.809758
v -7.252407 3.667874 -0.701456
v -6.827797 5.771742 -8.894762
v -7.252409 6.598710 -8.894762
v -1.651561 6.598710 -8.894762
v -4.852055 5.771742 -8.894762
v -4.179773 5.771742 -8.894762
v -2.204030 5.771742 -8.894762
v -1.651561 3.598709 -8.894761
v -2.204030 4.525890 -8.894761
v -4.179773 4.525890 -8.894761
v -6.827797 5.771742 -9.094760
v -7.452407 6.598710 -9.094760
v -1.451561 6.598710 -9.094760
v -4.852055 5.771742 -9.094760
v -4.179773 5.771742 -9.094760
v -2.204030 5.771742 -9.094760
v -1.451561 3.598709 -9.094760
v -2.204030 4.525890 -9.094760
v -4.179773 4.525890 -9.094760
v -4.852055 4.525890 -8.894761
v -6.827797 4.525890 -9.094760
v -6.827797 5.771742 -9.094760
v -4.852055 5.771742 -8.894762
v -4.179773 5.771742 -9.094760
v -4.179773 5.771742 -9.094760
v -2.204030 5.771742 -9.094760
v -2.204030 4.525890 -9.094760
v -0.326532 6.451294 3.809757
v 0.551994 6.451294 3.809757
v 0.551994 6.451294 3.809757
v 0.551994 3.678789 3.809757
v -1.526081 6.451294 3.809757
v -0.647554 6.451294 3.809757
v -0.647554 6.451294 3.809757
v -0.647554 3.678789 3.809757
v -1.451561 4.525890 -6.441216
v -1.451561 4.525890 -6.441216
v -1.451561 5.771742 -6.441216
v -1.651562 5.771742 -4.465472
v -1.451561 4.525891 -3.793190
v -1.451561 4.525891 -3.793190
v -1.451561 5.771742 -3.793190
v -1.651562 5.771743 -1.817446
vn 1.0000 -0.0000 -0.0000
vn -0.0000 -0.0000 -1.0000
vn -1.0000 -0.0000 -0.0000
vn -0.0000 -0.0000 1.0000
vn -0.0000 1.0000 -0.0000
vn -0.0000 -1.0000 -0.0000
vn -0.0000 0.0001 -1.0000
vt 0.364774 0.200000
vt -0.155226 0.800000
vt 0.364774 0.800000
vt -0.191736 0.200000
vt -0.760396 0.800000
vt -0.191736 0.800000
vt 0.692297 0.614564
vt 1.155226 0.800000
vt 0.889871 0.614564
vt -0.155226 0.200000
vt 0.155225 0.800000
vt 0.155225 0.200000
vt 1.760396 0.200000
vt 1.008434 0.800000
vt 1.760396 0.800000
vt 0.655226 0.200000
vt 0.155225 0.800000
vt 0.655226 0.800000
vt -0.008434 0.200000
vt -0.760396 0.800000
vt -0.008434 0.800000
vt 1.720396 0.200000
vt 0.968434 0.800000
vt 1.720396 0.800000
vt 0.824775 0.200000
vt 0.364774 0.800000
vt 0.824775 0.800000
vt -0.720396 0.200000
vt 0.031566 0.800000
vt 0.031566 0.200000
vt 1.135226 0.200000
vt 0.824774 0.800000
vt 1.135226 0.800000
vt -0.135226 0.800000
vt 0.307703 0.614564
vt 0.110129 0.614564
vt 1.151735 0.800000
vt 0.655226 0.800000
vt 0.031566 1.135226
vt 1.760396 1.155226
vt 1.720397 1.135226
vt 1.155226 0.213922
vt 1.135226 0.786167
vt 1.155226 0.786167
vt -0.008434 0.786167
vt 0.031566 0.213922
vt -0.008434 0.213922
vt 0.968434 1.135226
vt -0.760396 1.155226
vt 1.008434 1.155226
vt 0.315896 0.786167
vt -0.135226 0.800000
vt 0.364774 0.800000
vt 1.760396 0.200000
vt 1.416741 0.229484
vt 1.592446 0.229484
vt 0.070615 0.213922
vt 0.968434 0.200000
vt -0.720397 0.200000
vt -0.352537 0.783984
vt 0.070615 0.786167
vt -0.176831 0.783984
vt 0.968434 0.800000
vt 0.968434 0.786167
vt 0.684104 0.786167
vt 1.008434 0.684104
vt 0.968434 0.684104
vt -0.008434 0.684104
vt -0.008434 1.155226
vt 0.031566 0.800000
vt 0.511637 0.614564
vt 0.116489 0.614564
vt 0.488363 0.614564
vt 1.008433 0.800000
vt 0.883511 0.614564
vt -0.155226 0.614564
vt -0.135226 0.365394
vt -0.155226 0.365394
vt 0.511637 -0.155226
vt 0.116489 -0.135226
vt 0.511637 -0.135226
vt 1.155226 0.614564
vt 1.135226 0.365394
vt 1.135226 0.614564
vt 0.488363 -0.155226
vt 0.883511 -0.135226
vt 0.883511 -0.155226
vt 1.155226 0.614564
vt 0.353907 -0.135226
vt -0.041242 -0.155226
vt -0.041242 -0.135226
vt -0.155226 0.614564
vt -0.135226 0.614564
vt 1.041242 -0.135226
vt 0.646093 -0.155226
vt 0.646093 -0.135226
vt -0.135226 0.783984
vt -0.155226 0.229484
vt -0.155226 0.783984
vt -0.416741 1.135226
vt -0.592446 1.155226
vt -0.416741 1.155226
vt 1.155226 0.229484
vt 1.135226 0.783984
vt 1.155226 0.783984
vt 1.592446 1.155226
vt 1.416741 1.135226
vt 1.416741 1.155226
vt -0.135226 0.783984
vt -0.155226 0.229484
vt -0.155226 0.783984
vt -0.176831 1.135226
vt -0.352537 1.155226
vt -0.176831 1.155226
vt 1.352537 1.155226
vt 1.176831 1.135226
vt 1.176831 1.155226
vt 1.191736 0.307703
vt 1.151736 0.110129
vt 1.151735 0.307703
vt 1.151736 0.614564
vt 1.191736 0.365394
vt 1.151736 0.365394
vt -0.151736 0.110129
vt -0.191736 0.307703
vt -0.151735 0.307703
vt -0.151735 0.614564
vt -0.191736 0.365394
vt -0.191736 0.614564
vt 1.191736 0.572506
vt 1.151735 0.374931
vt 1.151735 0.572506
vt 1.151735 0.614564
vt 1.191736 0.365394
vt 1.151735 0.365394
vt -0.151735 0.374931
vt -0.191736 0.572506
vt -0.151735 0.572506
vt -0.151735 0.614564
vt -0.155226 0.200000
vt -0.760396 0.200000
vt 0.364774 0.800000
vt 0.427494 0.365394
vt 0.364774 0.200000
vt 0.427494 0.614564
vt 1.155226 0.200000
vt 0.625069 0.365394
vt 0.692297 0.365394
vt 0.889871 0.365394
vt 0.625069 0.614564
vt -0.155226 0.800000
vt 1.008434 0.200000
vt 0.155225 0.200000
vt -0.760396 0.200000
vt 0.968434 0.200000
vt 0.364774 0.200000
vt -0.720396 0.800000
vt 0.824774 0.200000
vt -0.135226 0.200000
vt 0.572506 0.365394
vt 0.655226 0.200000
vt 0.374931 0.365394
vt 0.307703 0.365394
vt 0.110129 0.365394
vt 0.655226 0.800000
vt 0.572506 0.614564
vt 0.374931 0.614564
vt 1.151735 0.200000
vt 0.655226 0.200000
vt 1.760396 0.635226
vt 1.720396 0.655226
vt 1.191736 0.635226
vt 1.151735 0.655226
vt 1.151736 -0.135226
vt 1.191736 -0.155226
vt -0.008433 -0.155226
vt 0.031566 -0.135226
vt -0.008434 0.155225
vt 0.031566 0.175226
vt -0.720396 0.175225
vt -0.760396 0.155225
vt -0.760396 0.655226
vt -0.720396 0.635226
vt -0.008434 0.655226
vt 0.031566 0.635226
vt 1.135226 0.213922
vt 0.031566 0.786167
vt -0.720397 1.135226
vt -0.760396 0.635226
vt -0.720396 0.655226
vt -0.191736 0.635226
vt -0.151735 0.655226
vt -0.151736 -0.135226
vt -0.191736 -0.155226
vt 1.008433 -0.155226
vt 0.968434 -0.135226
vt 1.008434 0.155225
vt 0.968434 0.175226
vt 1.720396 0.175225
vt 1.760396 0.155225
vt 1.760396 0.655226
vt 1.720396 0.635226
vt 1.008434 0.655226
vt 0.968434 0.635226
vt 0.315896 0.213922
vt -0.135226 0.200000
vt -0.135226 0.213922
vt 0.364774 0.200000
vt -0.135226 0.786167
vt 1.592446 0.783984
vt -0.008434 0.800000
vt 1.760396 0.800000
vt 1.416741 0.783984
vt 1.352537 0.229484
vt 1.352537 0.783984
vt 1.176831 0.783984
vt 0.929385 0.786167
vt -0.008434 0.786167
vt 0.929385 0.213922
vt 1.176831 0.229484
vt -0.008434 0.200000
vt -0.008434 0.213922
vt 0.968434 0.213922
vt -0.592446 0.783984
vt -0.720397 0.800000
vt -0.416741 0.783984
vt -0.592446 0.229484
vt -0.416741 0.229484
vt -0.352537 0.229484
vt -0.176831 0.229484
vt 0.684104 0.213922
vt 1.155226 0.213922
vt 0.655226 0.200000
vt 0.655226 0.800000
vt 0.070615 1.155226
vt 0.070615 1.135226
vt 0.929385 1.155226
vt 0.929385 1.135226
vt 0.031566 0.684104
vt 0.116489 0.365394
vt 0.031566 0.200000
vt 1.151736 0.200000
vt 0.511637 0.365394
vt 0.646093 0.365394
vt 1.041242 0.365394
vt 1.151736 0.800000
vt 1.041242 0.614564
vt 0.646093 0.614564
vt 0.883511 0.365394
vt 1.008433 0.200000
vt -0.191736 0.200000
vt 0.488363 0.365394
vt 0.353907 0.365394
vt -0.041242 0.365394
vt -0.191736 0.800000
vt -0.041242 0.614564
vt 0.353907 0.614564
vt 0.116489 -0.155226
vt 1.155226 0.365394
vt 0.488363 -0.135226
vt 1.155226 0.365394
vt 0.353907 -0.155226
vt -0.155226 0.365394
vt 1.041242 -0.155226
vt -0.135226 0.229484
vt -0.592446 1.135226
vt 1.135226 0.229484
vt 1.592446 1.135226
vt -0.135226 0.229484
vt -0.352537 1.135226
vt 1.352537 1.135226
vt 1.191736 0.110129
vt 1.191736 0.614564
vt -0.191736 0.110129
vt -0.151735 0.365394
vt 1.191736 0.374931
vt 1.191736 0.614564
vt -0.191736 0.374931
vt -0.151735 0.365394
s 0
f 481/459/21 482/460/21 483/461/21
f 484/462/22 485/463/22 486/464/22
f 487/465/21 488/466/21 489/467/21
f 490/468/23 491/469/23 492/470/23
f 493/471/22 494/472/22 495/473/22
f 496/474/23 497/475/23 498/476/23
f 499/477/24 500/478/24 501/479/24
f 502/480/22 503/481/22 504/482/22
f 505/483/21 506/484/21 507/485/21
f 508/486/24 509/487/24 510/488/24
f 511/489/21 512/490/21 513/491/21
f 514/492/23 515/493/23 516/494/23
f 517/480/24 518/495/24 519/482/24
f 520/489/23 521/496/23 522/491/23
f 523/497/25 524/498/25 525/499/25
f 526/500/23 527/501/23 528/502/23
f 529/503/24 530/504/24 531/505/24
f 532/506/26 533/507/26 534/508/26
f 535/509/21 536/510/21 537/511/21
f 538/512/24 539/513/24 540/514/24
f 541/515/22 542/516/22 543/517/22
f 544/518/22 545/519/22 546/520/22
f 545/519/22 547/521/22 548/522/22
f 549/523/23 550/466/23 551/502/23
f 552/506/26 553/524/26 554/525/26
f 555/497/25 556/526/25 557/527/25
f 558/528/24 559/529/24 560/530/24
f 561/531/22 562/532/22 563/533/22
f 564/534/23 565/535/23 566/536/23
f 567/537/25 568/538/25 569/539/25
f 570/540/21 571/541/21 572/542/21
f 573/543/26 574/544/26 575/545/26
f 576/546/21 577/541/21 578/542/21
f 579/547/26 580/548/26 581/549/26
f 582/535/23 583/550/23 584/551/23
f 585/552/25 586/553/25 587/554/25
f 588/555/21 589/556/21 590/557/21
f 591/558/26 592/559/26 593/560/26
f 594/561/23 595/562/23 596/563/23
f 597/564/25 598/565/25 599/566/25
f 600/567/21 601/568/21 602/569/21
f 603/570/26 604/571/26 605/572/26
f 606/561/23 607/562/23 608/563/23
f 609/573/25 610/574/25 611/575/25
f 612/576/25 613/577/25 614/578/25
f 615/579/24 616/580/24 617/581/24
f 618/582/26 619/583/26 620/584/26
f 621/585/22 622/586/22 623/587/22
f 624/588/25 625/589/25 626/590/25
f 627/591/24 628/592/24 629/593/24
f 630/594/26 631/595/26 632/596/26
f 633/597/22 634/586/22 635/587/22
f 482/460/21 481/459/21 636/598/21
f 485/463/22 484/462/22 637/599/22
f 638/600/21 639/601/21 640/602/21
f 638/600/21 641/603/21 639/601/21
f 639/601/21 642/604/21 640/602/21
f 643/605/21 642/604/21 639/601/21
f 644/606/21 642/604/21 643/605/21
f 645/607/21 642/604/21 644/606/21
f 488/466/21 641/603/21 638/600/21
f 488/466/21 646/608/21 641/603/21
f 645/607/21 488/466/21 642/604/21
f 489/467/21 488/466/21 645/607/21
f 646/608/21 644/606/21 643/605/21
f 646/608/21 487/465/21 644/606/21
f 488/466/21 487/465/21 646/608/21
f 491/469/23 490/468/23 647/609/23
f 494/472/22 493/471/22 648/610/22
f 497/475/23 496/474/23 649/611/23
f 500/478/24 499/477/24 650/612/24
f 503/481/22 502/480/22 651/613/22
f 506/484/21 505/483/21 652/614/21
f 509/487/24 508/486/24 653/615/24
f 512/490/21 511/489/21 654/616/21
f 655/617/23 656/618/23 657/619/23
f 655/617/23 658/620/23 656/618/23
f 655/617/23 659/621/23 658/620/23
f 655/617/23 660/622/23 659/621/23
f 656/618/23 661/623/23 657/619/23
f 662/624/23 661/623/23 656/618/23
f 662/624/23 514/492/23 661/623/23
f 663/625/23 514/492/23 662/624/23
f 514/492/23 660/622/23 655/617/23
f 514/492/23 516/494/23 660/622/23
f 659/621/23 663/625/23 658/620/23
f 515/493/23 663/625/23 659/621/23
f 515/493/23 514/492/23 663/625/23
f 518/495/24 517/480/24 664/626/24
f 521/496/23 520/489/23 665/627/23
f 666/628/25 525/499/25 524/498/25
f 666/628/25 667/629/25 525/499/25
f 668/630/25 667/629/25 666/628/25
f 668/630/25 669/631/25 667/629/25
f 668/630/25 670/632/25 669/631/25
f 671/633/25 670/632/25 668/630/25
f 672/634/25 670/632/25 671/633/25
f 672/634/25 673/635/25 670/632/25
f 674/636/25 673/635/25 672/634/25
f 674/636/25 675/637/25 673/635/25
f 674/636/25 676/638/25 675/637/25
f 677/639/25 676/638/25 674/636/25
f 678/640/25 676/638/25 677/639/25
f 678/640/25 679/641/25 676/638/25
f 680/642/25 679/641/25 678/640/25
f 680/642/25 681/643/25 679/641/25
f 680/642/25 523/497/25 681/643/25
f 682/527/25 523/497/25 680/642/25
f 524/498/25 523/497/25 682/527/25
f 527/501/23 526/500/23 683/644/23
f 530/504/24 529/503/24 684/645/24
f 685/646/26 686/647/26 533/507/26
f 687/648/26 686/647/26 685/646/26
f 687/648/26 688/649/26 686/647/26
f 689/650/26 688/649/26 687/648/26
f 690/651/26 688/649/26 689/650/26
f 690/651/26 691/652/26 688/649/26
f 690/651/26 692/653/26 691/652/26
f 693/654/26 692/653/26 690/651/26
f 693/654/26 694/655/26 692/653/26
f 695/656/26 694/655/26 693/654/26
f 696/657/26 694/655/26 695/656/26
f 696/657/26 697/658/26 694/655/26
f 696/657/26 698/659/26 697/658/26
f 699/660/26 698/659/26 696/657/26
f 699/660/26 700/661/26 698/659/26
f 701/662/26 700/661/26 699/660/26
f 532/506/26 700/661/26 701/662/26
f 532/506/26 534/508/26 700/661/26
f 533/507/26 532/506/26 685/646/26
f 702/663/21 703/664/21 704/665/21
f 702/663/21 705/666/21 703/664/21
f 702/663/21 537/511/21 705/666/21
f 535/509/21 537/511/21 702/663/21
f 536/510/21 535/509/21 706/667/21
f 707/668/24 708/669/24 709/670/24
f 710/671/24 708/669/24 707/668/24
f 538/512/24 707/668/24 709/670/24
f 538/512/24 540/514/24 707/668/24
f 711/672/24 710/671/24 539/513/24
f 712/673/24 710/671/24 711/672/24
f 712/673/24 708/669/24 710/671/24
f 713/674/24 708/669/24 712/673/24
f 708/669/24 714/675/24 715/676/24
f 713/674/24 714/675/24 708/669/24
f 713/674/24 716/677/24 714/675/24
f 717/678/24 716/677/24 713/674/24
f 716/677/24 718/679/24 719/680/24
f 716/677/24 538/512/24 718/679/24
f 717/678/24 538/512/24 716/677/24
f 711/672/24 538/512/24 717/678/24
f 539/513/24 538/512/24 711/672/24
f 542/516/22 541/515/22 720/681/22
f 545/519/22 721/682/22 722/683/22
f 545/519/27 723/684/27 721/682/27
f 721/682/22 543/517/22 722/683/22
f 724/685/22 543/517/22 721/682/22
f 724/685/22 541/515/22 543/517/22
f 725/686/22 541/515/22 724/685/22
f 726/687/22 541/515/22 725/686/22
f 727/688/22 541/515/22 726/687/22
f 727/688/22 545/519/22 541/515/22
f 546/520/22 545/519/22 727/688/22
f 723/684/22 726/687/22 725/686/22
f 723/684/22 544/518/22 726/687/22
f 545/519/22 544/518/22 723/684/22
f 547/521/22 545/519/22 722/683/22
f 728/604/23 729/689/23 730/690/23
f 731/691/23 729/689/23 728/604/23
f 732/692/23 729/689/23 731/691/23
f 732/692/23 549/523/23 729/689/23
f 550/466/23 549/523/23 732/692/23
f 733/693/26 552/506/26 734/694/26
f 735/508/26 552/506/26 733/693/26
f 553/524/26 552/506/26 735/508/26
f 555/497/25 736/695/25 737/696/25
f 555/497/25 557/527/25 736/695/25
f 556/526/25 555/497/25 738/697/25
f 558/528/24 739/698/24 740/699/24
f 558/528/24 560/530/24 739/698/24
f 739/698/24 741/700/24 740/699/24
f 742/701/24 741/700/24 739/698/24
f 743/702/24 741/700/24 742/701/24
f 744/703/24 741/700/24 743/702/24
f 744/703/24 745/704/24 741/700/24
f 746/705/24 745/704/24 744/703/24
f 746/705/24 558/528/24 745/704/24
f 747/706/24 558/528/24 746/705/24
f 559/529/24 743/702/24 742/701/24
f 559/529/24 747/706/24 743/702/24
f 559/529/24 558/528/24 747/706/24
f 748/707/22 562/532/22 749/708/22
f 563/533/22 562/532/22 748/707/22
f 750/709/22 748/707/22 749/708/22
f 750/709/22 751/710/22 748/707/22
f 750/709/22 752/711/22 751/710/22
f 750/709/22 753/712/22 752/711/22
f 754/713/22 753/712/22 750/709/22
f 754/713/22 755/714/22 753/712/22
f 562/532/22 755/714/22 754/713/22
f 562/532/22 756/715/22 755/714/22
f 752/711/22 561/531/22 751/710/22
f 756/715/22 561/531/22 752/711/22
f 562/532/22 561/531/22 756/715/22
f 565/535/23 564/534/23 757/551/23
f 568/538/25 567/537/25 758/716/25
f 571/541/21 570/540/21 759/717/21
f 574/544/26 573/543/26 760/718/26
f 577/541/21 576/546/21 761/719/21
f 580/548/26 579/547/26 762/720/26
f 583/550/23 582/535/23 763/721/23
f 586/553/25 585/552/25 764/722/25
f 589/556/21 588/555/21 765/723/21
f 592/559/26 591/558/26 766/724/26
f 595/562/23 594/561/23 767/725/23
f 598/565/25 597/564/25 768/726/25
f 601/568/21 600/567/21 769/727/21
f 604/571/26 603/570/26 770/728/26
f 607/562/23 606/561/23 771/725/23
f 610/574/25 609/573/25 772/729/25
f 613/577/25 612/576/25 773/730/25
f 616/580/24 615/579/24 774/731/24
f 619/583/26 618/582/26 775/732/26
f 622/586/22 621/585/22 776/733/22
f 625/589/25 624/588/25 777/734/25
f 628/592/24 627/591/24 778/735/24
f 631/595/26 630/594/26 779/736/26
f 634/586/22 633/597/22 780/737/22
o Rectangle001_01_-_Default_0
v 4.536899 -0.700001 1.085350
v 8.542266 -0.700001 1.085350
v 8.542266 -1.700001 1.085350
v 4.536899 -1.700001 1.085350
v 4.536899 -0.700000 11.746310
v 4.536899 -0.700001 1.085350
v 4.536899 -1.700001 1.085350
v 4.536899 -1.700000 11.746310
v 8.542266 -0.700000 11.746310
v 4.536899 -0.700000 11.746310
v 4.536899 -1.700000 11.746310
v 8.542266 -1.700000 11.746310
v 8.542266 -0.700001 1.085350
v 8.542266 -0.700000 11.746310
v 8.542266 -1.700000 11.746310
v 8.542266 -1.700001 1.085350
v 4.798774 -0.700000 11.494514
v 8.277098 -0.700000 11.494514
v 8.277098 -1.700000 11.494514
v 4.798774 -1.700000 11.494514
v 4.798774 -0.700001 1.327494
v 4.798774 -0.700000 11.494514
v 4.798774 -1.700000 11.494514
v 4.798774 -1.700001 1.327494
v 8.277098 -0.700001 1.327494
v 4.798774 -0.700001 1.327494
v 4.798774 -1.700001 1.327494
v 8.342266 -1.700001 1.327494
v 8.277098 -0.700000 11.494514
v 8.277098 -0.700001 1.327494
v 8.342266 -1.700001 1.327494
v 8.277098 -1.700000 11.494514
v 4.536899 -1.700001 1.085350
v 8.542266 -1.700001 1.085350
v 4.798774 -1.700001 1.327494
v 4.798774 -1.700000 11.494514
v 4.536899 -1.700000 11.746310
v 8.277098 -1.700000 11.494514
v 8.542266 -1.700000 11.746310
v 8.342266 -1.700001 1.327494
v 8.542266 -0.700001 1.085350
v 4.798774 -0.700001 1.327494
v 8.277098 -0.700001 1.327494
v 8.277098 -0.700000 11.494514
v 8.542266 -0.700000 11.746310
v 4.536899 -0.700001 1.085350
v 4.798774 -0.700000 11.494514
v 4.536899 -0.700000 11.746310
vn -0.0000 -0.0000 -1.0000
vn -1.0000 -0.0000 -0.0000
vn -0.0000 -0.0000 1.0000
vn 1.0000 -0.0000 -0.0000
vn -1.0000 -0.0041 -0.0060
vn -0.9979 -0.0650 -0.0000
vn -0.9981 -0.0610 -0.0004
vn -1.0000 -0.0000 -0.0064
vn -0.0000 -1.0000 -0.0000
vn -0.0000 1.0000 -0.0000
s 0
f 781//28 782//28 783//28
f 783//28 784//28 781//28
f 785//29 786//29 787//29
f 787//29 788//29 785//29
f 789//30 790//30 791//30
f 791//30 792//30 789//30
f 793//31 794//31 795//31
f 795//31 796//31 793//31
f 797//28 798//28 799//28
f 799//28 800//28 797//28
f 801//31 802//31 803//31
f 803//31 804//31 801//31
f 805//30 806//30 807//30
f 807//30 808//30 805//30
s 1
f 809//32 810//33 811//34
f 811//34 812//35 809//32
s 0
f 813//36 814//36 815//36
f 813//36 815//36 816//36
f 817//36 813//36 816//36
f 817//36 816//36 818//36
f 819//36 817//36 818//36
f 820//36 815//36 814//36
f 818//36 820//36 814//36
f 819//36 818//36 814//36
f 821//37 822//37 823//37
f 821//37 823//37 824//37
f 825//37 821//37 824//37
f 822//37 821//37 826//37
f 827//37 822//37 826//37
f 827//37 826//37 828//37
f 824//37 827//37 828//37
f 825//37 824//37 828//37
o Line003_18_-_Rubber_0
v -11.212217 -0.799886 -5.883383
v -11.212217 -0.468285 -5.883383
v -7.452407 -0.468285 -5.883383
v -7.452407 -0.799886 -5.883383
v -11.212217 -0.799886 -0.883379
v -11.212217 -0.468284 -0.883379
v -11.212217 -0.468285 -5.883383
v -11.212217 -0.799886 -5.883383
v -7.452407 -0.799886 -0.883379
v -7.452407 -0.468284 -0.883379
v -11.212217 -0.468284 -0.883379
v -11.212217 -0.799886 -0.883379
v -7.452407 -0.799885 4.116622
v -7.452407 -0.468284 4.116622
v -7.452407 -0.468284 -0.883379
v -7.452407 -0.799886 -0.883379
v -2.452409 -0.799885 4.116622
v -2.452409 -0.468284 4.116622
v -7.452407 -0.468284 4.116622
v -7.452407 -0.799885 4.116622
v -2.452409 -0.799885 7.150268
v -2.452409 -0.468283 7.150268
v -2.452409 -0.468284 4.116622
v -2.452409 -0.799885 4.116622
v 2.547590 -0.799885 8.386704
v 2.547590 -0.468283 8.386704
v -2.452409 -0.468283 8.386704
v -2.452409 -0.799885 8.386704
v 2.547590 -0.799885 7.994300
v 2.547590 -0.468283 7.994300
v 2.547590 -0.468283 8.386704
v 2.547590 -0.799885 8.386704
v 8.547592 -0.799886 -0.883379
v 8.547592 -0.468284 -0.883379
v 2.547590 -0.468284 -0.883379
v 2.547590 -0.799886 -0.883379
v 8.547592 -0.799886 -5.883383
v 8.547592 -0.468285 -5.883383
v 8.547592 -0.468284 -0.883379
v 8.547592 -0.799886 -0.883379
v -1.452408 -0.799886 -5.883383
v -1.452408 -0.468285 -5.883383
v 8.547592 -0.468285 -5.883383
v 8.547592 -0.799886 -5.883383
v -1.452408 -0.799887 -10.883384
v -1.452408 -0.468286 -10.883384
v -1.452408 -0.468285 -5.883383
v -1.452408 -0.799886 -5.883383
v -7.452407 -0.799887 -10.883384
v -7.452407 -0.468286 -10.883384
v -1.452408 -0.468286 -10.883384
v -1.452408 -0.799887 -10.883384
v -7.452407 -0.799886 -5.883383
v -7.452407 -0.468285 -5.883383
v -7.452407 -0.468286 -10.883384
v -7.452407 -0.799887 -10.883384
v -7.452407 -0.799886 -0.883379
v -11.212217 -0.799886 -0.883379
v -11.212217 -0.799886 -5.883383
v -7.452407 -0.799886 -5.883383
v -7.452407 -0.799887 -10.883384
v -1.452408 -0.799887 -10.883384
v -1.452408 -0.799886 -5.883383
v 8.547592 -0.799886 -5.883383
v 8.547592 -0.799886 -0.883379
v 2.547590 -0.799886 -0.883379
v 2.547590 -0.799885 7.150268
v -2.452409 -0.799885 7.150268
v -2.452409 -0.799885 4.116622
v -7.452407 -0.799885 4.116622
v -7.452407 0.300000 -0.883379
v -7.452407 0.300001 4.116622
v -2.452409 0.300001 4.116622
v -2.452409 0.300001 7.150268
v 2.547590 0.300001 7.150268
v 2.547590 0.300000 -0.883379
v 8.547592 0.300000 -0.883379
v 8.547592 0.300000 -5.883383
v -1.452408 0.300000 -5.883383
v -1.452408 0.299999 -10.883384
v -7.452407 0.299999 -10.883384
v -7.452407 0.300000 -5.883383
v -11.212217 0.300000 -5.883383
v -11.212217 0.300000 -0.883379
v -2.452409 -0.799885 7.589578
v -2.452409 -0.468283 7.589578
v 2.547590 -0.799886 -0.883379
v 2.547590 -0.468284 -0.883379
v 2.547590 -0.468283 7.150268
v 2.547590 -0.799885 7.150268
v 2.547590 -0.799885 7.589578
v -2.452409 -0.799885 7.589578
v -2.452409 -0.799885 7.150268
v -2.452409 0.300001 7.589578
v 2.547590 0.300001 7.589578
v 2.547590 -0.799885 7.150268
v 2.547590 -0.468283 7.589578
v 2.547590 -0.799885 7.589578
v -2.452409 -0.799885 7.994300
v -2.452409 -0.468283 7.994300
v 2.547590 -0.799885 7.994300
v -2.452409 -0.799885 7.994300
v -2.452409 -0.799885 7.589578
v -2.452409 -0.799885 8.386704
v -2.452409 -0.468283 8.386704
v 2.547590 -0.799885 8.386704
v -2.452409 -0.799885 8.386704
v -2.452409 -0.799885 7.994300
v 2.547590 -0.799885 7.994300
v -11.212217 0.300000 -5.883383
v -7.452407 0.300000 -5.883383
v -7.452407 -0.081220 -5.883383
v -11.212217 -0.081220 -5.883383
v -11.212217 0.300000 -0.883379
v -11.212217 0.300000 -5.883383
v -11.212217 -0.081220 -5.883383
v -11.212217 -0.081220 -0.883379
v -7.452407 0.300000 -0.883379
v -11.212217 0.300000 -0.883379
v -11.212217 -0.081220 -0.883379
v -7.452407 -0.081220 -0.883379
v -7.452407 0.300001 4.116622
v -7.452407 0.300000 -0.883379
v -7.452407 -0.081220 -0.883379
v -7.452407 -0.081219 4.116622
v -2.452409 0.300001 4.116622
v -7.452407 0.300001 4.116622
v -7.452407 -0.081219 4.116622
v -2.452409 -0.081219 4.116622
v -2.452409 0.300001 7.150268
v -2.452409 0.300001 4.116622
v -2.452409 -0.081219 4.116622
v -2.452409 -0.081219 7.150268
v 8.547592 0.300000 -0.883379
v 2.547590 0.300000 -0.883379
v 2.547590 -0.081220 -0.883379
v 8.547592 -0.081220 -0.883379
v 8.547592 0.300000 -5.883383
v 8.547592 0.300000 -0.883379
v 8.547592 -0.081220 -0.883379
v 8.547592 -0.081220 -5.883383
v -1.452408 0.300000 -5.883383
v 8.547592 0.300000 -5.883383
v 8.547592 -0.081220 -5.883383
v -1.452408 -0.081220 -5.883383
v -1.452408 0.299999 -10.883384
v -1.452408 0.300000 -5.883383
v -1.452408 -0.081220 -5.883383
v -1.452408 -0.081221 -10.883384
v -7.452407 0.299999 -10.883384
v -1.452408 0.299999 -10.883384
v -1.452408 -0.081221 -10.883384
v -7.452407 -0.081221 -10.883384
v -7.452407 0.300000 -5.883383
v -7.452407 0.299999 -10.883384
v -7.452407 -0.081221 -10.883384
v -7.452407 -0.081220 -5.883383
v -2.452409 0.300001 7.589578
v -2.452409 0.300001 7.150268
v -2.452409 -0.081218 7.589578
v 2.547590 0.300000 -0.883379
v 2.547590 0.300001 7.150268
v 2.547590 -0.081219 7.150268
v 2.547590 -0.081220 -0.883379
v 2.547590 0.300001 7.150268
v 2.547590 0.300001 7.589578
v 2.547590 -0.081218 7.589578
v -2.452409 -0.081219 4.116622
v -2.452409 -0.468284 4.116622
v -7.452407 -0.081220 -5.883383
v -7.452407 -0.081221 -10.883384
v -7.452407 -0.468286 -10.883384
v 2.547590 -0.081220 -0.883379
v -2.452409 -0.081218 7.994300
v 2.547590 -0.081218 7.994300
v -2.452409 -0.081218 7.589578
v 2.547590 -0.081218 7.589578
v 2.547590 0.300001 7.589578
v -2.452409 0.300001 7.589578
v 2.547590 -0.081218 7.589578
v -2.452409 -0.081218 7.589578
v -2.452409 -0.081218 7.994300
v 2.547590 -0.081218 7.994300
v -2.452409 -0.468283 8.386704
v 2.547590 -0.468283 8.386704
v 2.547590 -0.468283 7.994300
v -2.452409 -0.468283 7.994300
v -2.452409 -0.468283 7.994300
v 2.547590 -0.468283 7.994300
v 2.547590 -0.081218 7.994300
v -2.452409 -0.081218 7.994300
vn -0.0000 -0.0000 -1.0000
vn -1.0000 -0.0000 -0.0000
vn -0.0000 -0.0000 1.0000
vn 1.0000 -0.0000 -0.0000
vn -0.0000 -1.0000 -0.0000
vn -0.0000 1.0000 -0.0000
vt 2.475981 0.609989
vt 2.475981 0.543668
vt 1.724019 0.543668
vt 1.724019 0.609989
vt 0.572992 0.609989
vt 0.572992 0.543668
vt -0.427009 0.543668
vt -0.427009 0.609989
vt -0.724019 0.609989
vt -0.724019 0.543668
vt -1.475981 0.543668
vt -1.475981 0.609989
vt 1.572991 0.609989
vt 1.572991 0.543668
vt 0.572992 0.543668
vt 0.572992 0.609989
vt 0.275980 0.609989
vt 0.275980 0.543668
vt -0.724019 0.543668
vt -0.724019 0.609989
vt 2.179721 0.609989
vt 2.179721 0.543668
vt 1.572992 0.543668
vt 1.572992 0.609989
vt 1.275980 0.609989
vt 1.275980 0.543668
vt 0.275980 0.543668
vt 0.275980 0.609989
vt -1.348527 0.609989
vt -1.348527 0.543668
vt -1.427008 0.543668
vt -1.427008 0.609989
vt 1.275980 0.543668
vt 1.275980 0.609989
vt 1.427008 0.609989
vt 1.427008 0.543668
vt 0.427007 0.543668
vt 0.427007 0.609989
vt 0.524019 0.609989
vt 0.524019 0.543668
vt 2.427008 0.609989
vt 2.427008 0.543668
vt 1.427008 0.543668
vt 1.427008 0.609989
vt 1.724019 0.609989
vt 1.724019 0.543668
vt 0.524019 0.543668
vt 0.524019 0.609989
vt -0.427009 0.609989
vt -0.427009 0.543668
vt -1.427008 0.543668
vt -1.427008 0.609989
vt 1.724019 0.572992
vt 2.475981 0.572992
vt 2.475981 -0.427009
vt 1.724019 -0.427009
vt 1.724019 -1.427008
vt 0.524019 -1.427008
vt 0.524019 -0.427008
vt -1.475981 -0.427008
vt -1.475981 0.572993
vt -0.275980 0.572992
vt -0.275980 2.179721
vt 0.724020 2.179721
vt 0.724020 1.572992
vt 1.724019 1.572991
vt -0.724019 0.572992
vt -0.724019 1.572991
vt 0.275980 1.572992
vt 0.275980 2.179721
vt 1.275980 2.179721
vt 1.275980 0.572992
vt 2.475981 0.572993
vt 2.475981 -0.427008
vt 0.475981 -0.427008
vt 0.475981 -1.427008
vt -0.724019 -1.427008
vt -0.724019 -0.427009
vt -1.475981 -0.427009
vt -1.475981 0.572992
vt 2.267582 0.609989
vt 2.267582 0.543668
vt 0.427008 0.609989
vt 0.427008 0.543668
vt -1.179721 0.543668
vt -1.179721 0.609989
vt -0.275980 2.267583
vt 0.724020 2.267582
vt 0.275980 2.267582
vt 1.275980 2.267583
vt -1.267583 0.543668
vt -1.267583 0.609989
vt 2.348527 0.609989
vt 2.348527 0.543668
vt -0.275980 2.348527
vt 0.724020 2.348527
vt 2.427008 0.609989
vt 2.427008 0.543668
vt -0.275980 2.427008
vt 0.724020 2.427008
vt 2.475981 0.390011
vt 1.724019 0.390011
vt 1.724019 0.466255
vt 2.475981 0.466255
vt 0.572992 0.390011
vt -0.427009 0.390011
vt -0.427009 0.466255
vt 0.572992 0.466255
vt -0.724019 0.390011
vt -1.475981 0.390011
vt -1.475981 0.466255
vt -0.724019 0.466255
vt 1.572991 0.390011
vt 0.572992 0.390011
vt 0.572992 0.466255
vt 1.572991 0.466255
vt 0.275980 0.390011
vt -0.724019 0.390011
vt -0.724019 0.466255
vt 0.275980 0.466255
vt 2.179721 0.390011
vt 1.572992 0.390011
vt 1.572992 0.466255
vt 2.179721 0.466255
vt 1.275980 0.390011
vt 1.275980 0.466255
vt 1.427008 0.390011
vt 0.427007 0.390011
vt 0.427007 0.466255
vt 1.427008 0.466255
vt 0.524019 0.390011
vt 0.524019 0.466255
vt 2.427008 0.390011
vt 1.427008 0.390011
vt 1.427008 0.466255
vt 2.427008 0.466255
vt 1.724019 0.390011
vt 0.524019 0.390011
vt 0.524019 0.466255
vt 1.724019 0.466255
vt -0.427009 0.390011
vt -1.427008 0.390011
vt -1.427008 0.466255
vt -0.427009 0.466255
vt 2.267582 0.390011
vt 2.267582 0.466255
vt 0.427008 0.390011
vt -1.179721 0.390011
vt -1.179721 0.466255
vt 0.427008 0.466255
vt -1.267583 0.390011
vt -1.267583 0.466255
vt 2.348527 0.466255
vt -1.348527 0.466255
vt 0.275980 0.466255
vt 1.275980 0.466255
vt 1.275980 0.390011
vt 0.275980 0.390011
vt 0.275980 2.348527
vt 1.275980 2.348527
vt 0.275980 2.427008
vt 1.275980 2.427008
vt 0.275980 0.466255
s 0
f 829/738/38 830/739/38 831/740/38
f 831/740/38 832/741/38 829/738/38
f 833/742/39 834/743/39 835/744/39
f 835/744/39 836/745/39 833/742/39
f 837/746/40 838/747/40 839/748/40
f 839/748/40 840/749/40 837/746/40
f 841/750/39 842/751/39 843/752/39
f 843/752/39 844/753/39 841/750/39
f 845/754/40 846/755/40 847/756/40
f 847/756/40 848/757/40 845/754/40
f 849/758/39 850/759/39 851/760/39
f 851/760/39 852/761/39 849/758/39
f 853/762/40 854/763/40 855/764/40
f 855/764/40 856/765/40 853/762/40
f 857/766/41 858/767/41 859/768/41
f 859/768/41 860/769/41 857/766/41
f 861/738/40 862/739/40 863/770/40
f 863/770/40 864/771/40 861/738/40
f 865/772/41 866/773/41 867/774/41
f 867/774/41 868/775/41 865/772/41
f 869/776/38 870/777/38 871/748/38
f 871/748/38 872/749/38 869/776/38
f 873/778/41 874/779/41 875/780/41
f 875/780/41 876/781/41 873/778/41
f 877/782/38 878/783/38 879/784/38
f 879/784/38 880/785/38 877/782/38
f 881/786/39 882/787/39 883/788/39
f 883/788/39 884/789/39 881/786/39
f 885/790/42 886/791/42 887/792/42
f 888/793/42 889/794/42 890/795/42
f 888/793/42 890/795/42 891/796/42
f 891/796/42 892/797/42 893/798/42
f 891/796/42 893/798/42 894/799/42
f 888/793/42 891/796/42 894/799/42
f 894/799/42 895/800/42 896/801/42
f 894/799/42 896/801/42 897/802/42
f 888/793/42 894/799/42 897/802/42
f 887/792/42 888/793/42 897/802/42
f 885/790/42 887/792/42 897/802/42
f 885/790/42 897/802/42 898/803/42
f 899/804/43 900/805/43 901/806/43
f 901/806/43 902/807/43 903/808/43
f 899/804/43 901/806/43 903/808/43
f 904/809/43 905/810/43 906/811/43
f 904/809/43 906/811/43 907/812/43
f 903/808/43 904/809/43 907/812/43
f 907/812/43 908/813/43 909/814/43
f 907/812/43 909/814/43 910/815/43
f 903/808/43 907/812/43 910/815/43
f 899/804/43 903/808/43 910/815/43
f 899/804/43 910/815/43 911/816/43
f 899/804/43 911/816/43 912/817/43
f 913/818/39 914/819/39 850/759/39
f 850/759/39 849/758/39 913/818/39
f 915/820/41 916/821/41 917/822/41
f 917/822/41 918/823/41 915/820/41
f 919/824/42 920/825/42 921/801/42
f 921/801/42 895/800/42 919/824/42
f 922/826/43 923/827/43 903/808/43
f 903/808/43 902/807/43 922/826/43
f 924/823/41 917/822/41 925/828/41
f 925/828/41 926/829/41 924/823/41
f 927/830/39 928/831/39 914/819/39
f 914/819/39 913/818/39 927/830/39
f 929/832/42 930/833/42 931/825/42
f 931/825/42 919/824/42 929/832/42
f 926/829/41 925/828/41 858/767/41
f 858/767/41 857/766/41 926/829/41
f 932/834/39 933/835/39 928/831/39
f 928/831/39 927/830/39 932/834/39
f 934/836/42 935/837/42 936/833/42
f 936/833/42 937/832/42 934/836/42
f 938/838/38 939/839/38 940/840/38
f 940/840/38 941/841/38 938/838/38
f 942/842/39 943/843/39 944/844/39
f 944/844/39 945/845/39 942/842/39
f 946/846/40 947/847/40 948/848/40
f 948/848/40 949/849/40 946/846/40
f 950/850/39 951/851/39 952/852/39
f 952/852/39 953/853/39 950/850/39
f 954/854/40 955/855/40 956/856/40
f 956/856/40 957/857/40 954/854/40
f 958/858/39 959/859/39 960/860/39
f 960/860/39 961/861/39 958/858/39
f 962/838/40 963/862/40 964/863/40
f 964/863/40 965/841/40 962/838/40
f 966/864/41 967/865/41 968/866/41
f 968/866/41 969/867/41 966/864/41
f 970/868/38 971/847/38 972/848/38
f 972/848/38 973/869/38 970/868/38
f 974/870/41 975/871/41 976/872/41
f 976/872/41 977/873/41 974/870/41
f 978/874/38 979/875/38 980/876/38
f 980/876/38 981/877/38 978/874/38
f 982/878/39 983/879/39 984/880/39
f 984/880/39 985/881/39 982/878/39
f 986/882/39 987/858/39 961/861/39
f 961/861/39 988/883/39 986/882/39
f 989/884/41 990/885/41 991/886/41
f 991/886/41 992/887/41 989/884/41
f 993/885/41 994/888/41 995/889/41
f 995/889/41 991/886/41 993/885/41
f 941/841/38 940/840/38 831/740/38
f 831/740/38 830/739/38 941/841/38
f 945/845/39 944/844/39 835/744/39
f 835/744/39 834/743/39 945/845/39
f 949/849/40 948/848/40 839/748/40
f 839/748/40 838/747/40 949/849/40
f 953/853/39 952/852/39 843/752/39
f 843/752/39 842/751/39 953/853/39
f 957/857/40 956/856/40 847/756/40
f 847/756/40 846/755/40 957/857/40
f 961/861/39 996/860/39 997/760/39
f 997/760/39 850/759/39 961/861/39
f 965/841/40 964/863/40 863/770/40
f 863/770/40 862/739/40 965/841/40
f 969/867/41 968/866/41 867/774/41
f 867/774/41 866/773/41 969/867/41
f 973/869/38 972/848/38 871/748/38
f 871/748/38 870/777/38 973/869/38
f 977/873/41 976/872/41 875/780/41
f 875/780/41 874/779/41 977/873/41
f 981/877/38 980/876/38 879/784/38
f 879/784/38 878/783/38 981/877/38
f 998/881/39 999/880/39 1000/788/39
f 1000/788/39 882/787/39 998/881/39
f 988/883/39 961/861/39 850/759/39
f 850/759/39 914/819/39 988/883/39
f 1001/887/41 991/886/41 917/822/41
f 917/822/41 916/821/41 1001/887/41
f 991/886/41 995/889/41 925/828/41
f 925/828/41 917/822/41 991/886/41
f 1002/890/39 988/883/39 914/819/39
f 914/819/39 928/831/39 1002/890/39
f 995/889/41 1003/891/41 858/767/41
f 858/767/41 925/828/41 995/889/41
f 1004/892/40 1005/893/40 1006/894/40
f 1006/894/40 1007/895/40 1004/892/40
f 1008/827/43 1009/826/43 1010/896/43
f 1010/896/43 1011/897/43 1008/827/43
f 1012/898/43 1013/899/43 1014/897/43
f 1014/897/43 1015/896/43 1012/898/43
f 1016/764/40 1017/763/40 1018/893/40
f 1018/893/40 1019/900/40 1016/764/40
o Line004_16_-_Matte_Plastic_0
v -11.212217 3.600000 -5.883383
v -7.452407 3.600000 -5.883383
v -7.452407 3.300000 -5.883383
v -11.212217 3.300000 -5.883383
v -11.212217 3.600001 -0.883379
v -11.212217 3.600000 -5.883383
v -11.212217 3.300000 -5.883383
v -11.212217 3.300001 -0.883379
v -7.452407 3.600001 -0.883379
v -11.212217 3.600001 -0.883379
v -11.212217 3.300001 -0.883379
v -7.452407 3.300001 -0.883379
v -7.452407 3.600002 5.827839
v -7.452407 3.600001 -0.883379
v -7.452407 3.300001 -0.883379
v -7.452407 3.300002 5.827839
v -2.452409 3.600002 5.827839
v -7.452407 3.600002 5.827839
v -7.452407 3.300002 5.827839
v -2.452409 3.300002 5.827839
v -2.452409 3.600002 8.896438
v -2.452409 3.600002 5.827839
v -2.452409 3.300002 5.827839
v -2.452409 3.300002 8.896438
v 4.118459 3.600002 8.896438
v -2.452409 3.600002 8.896438
v -2.452409 3.300002 8.896438
v 4.118459 3.300002 8.896438
v 4.118459 3.600001 -0.883379
v 4.118459 3.600002 8.896438
v 4.118459 3.300002 8.896438
v 4.118459 3.300001 -0.883379
v 8.547592 3.600001 -0.883379
v 4.118459 3.600001 -0.883379
v 4.118459 3.300001 -0.883379
v 8.547592 3.300001 -0.883379
v 8.547592 3.600000 -5.883383
v 8.547592 3.600001 -0.883379
v 8.547592 3.300001 -0.883379
v 8.547592 3.300000 -5.883383
v -1.452408 3.600000 -5.883383
v 8.547592 3.600000 -5.883383
v 8.547592 3.300000 -5.883383
v -1.452408 3.300000 -5.883383
v -1.452408 3.600000 -10.883384
v -1.452408 3.600000 -5.883383
v -1.452408 3.300000 -5.883383
v -1.452408 3.299999 -10.883384
v -7.452407 3.600000 -10.883384
v -1.452408 3.600000 -10.883384
v -1.452408 3.299999 -10.883384
v -7.452407 3.299999 -10.883384
v -7.452407 3.600000 -5.883383
v -7.452407 3.600000 -10.883384
v -7.452407 3.299999 -10.883384
v -7.452407 3.300000 -5.883383
v -11.212217 3.300001 -0.883379
v -11.212217 3.300000 -5.883383
v -7.452407 3.300000 -5.883383
v -7.452407 3.300001 -0.883379
v -7.452407 3.299999 -10.883384
v -1.452408 3.299999 -10.883384
v -1.452408 3.300000 -5.883383
v 8.547592 3.300000 -5.883383
v 8.547592 3.300001 -0.883379
v 4.118459 3.300001 -0.883379
v 4.118459 3.300002 8.896438
v -2.452409 3.300002 8.896438
v -2.452409 3.300002 5.827839
v -7.452407 3.300002 5.827839
v -7.452407 3.600001 -0.883379
v -7.452407 3.600002 5.827839
v -2.452409 3.600002 5.827839
v -2.452409 3.600002 8.896438
v 4.118459 3.600002 8.896438
v 4.118459 3.600001 -0.883379
v 8.547592 3.600001 -0.883379
v 8.547592 3.600000 -5.883383
v -1.452408 3.600000 -5.883383
v -1.452408 3.600000 -10.883384
v -7.452407 3.600000 -10.883384
v -7.452407 3.600000 -5.883383
v -11.212217 3.600000 -5.883383
v -11.212217 3.600001 -0.883379
vn -0.0000 -0.0000 -1.0000
vn -1.0000 -0.0000 -0.0000
vn -0.0000 -0.0000 1.0000
vn 1.0000 -0.0000 -0.0000
vn -0.0000 -1.0000 -0.0000
vn -0.0000 1.0000 -0.0000
vt 2.475981 2.000000
vt 1.724019 2.000000
vt 1.724019 2.300001
vt 2.475981 2.300001
vt 0.522018 2.000000
vt -0.477982 2.000000
vt -0.477982 2.300001
vt 0.522018 2.300001
vt -0.724019 2.000000
vt -1.475981 2.000000
vt -1.475981 2.300001
vt -0.724019 2.300001
vt 1.864261 2.000000
vt 0.522018 2.000000
vt 0.522018 2.300001
vt 1.864261 2.300001
vt 0.275981 2.000000
vt -0.724019 2.000000
vt -0.724019 2.300001
vt 0.275981 2.300001
vt 2.477981 2.000000
vt 1.864261 2.000000
vt 1.864261 2.300001
vt 2.477981 2.300001
vt 1.590154 2.000000
vt 0.275980 2.000000
vt 0.275980 2.300001
vt 1.590154 2.300001
vt 0.477981 2.000000
vt -1.477981 2.000000
vt -1.477981 2.300001
vt 0.477981 2.300001
vt 2.475981 2.000000
vt 1.590154 2.000000
vt 1.590154 2.300001
vt 2.475981 2.300001
vt 1.477981 2.000000
vt 0.477981 2.000000
vt 0.477981 2.300001
vt 1.477981 2.300001
vt 0.524019 2.000000
vt -1.475981 2.000000
vt -1.475981 2.300001
vt 0.524019 2.300001
vt 2.477982 2.000000
vt 1.477982 2.000000
vt 1.477982 2.300001
vt 2.477982 2.300001
vt 1.724018 2.000000
vt 0.524019 2.000000
vt 0.524019 2.300001
vt 1.724018 2.300001
vt -0.477982 2.000000
vt -1.477982 2.000000
vt -1.477982 2.300001
vt -0.477982 2.300001
vt 2.475981 0.522018
vt 2.475981 -0.477982
vt 1.724019 -0.477982
vt 1.724019 0.522018
vt 1.724018 -1.477982
vt 0.524019 -1.477982
vt 0.524019 -0.477982
vt -1.475981 -0.477981
vt -1.475981 0.522019
vt -0.590154 0.522019
vt -0.590154 2.477981
vt 0.724020 2.477981
vt 0.724020 1.864261
vt 1.724019 1.864261
vt -0.724019 0.522018
vt -0.724019 1.864261
vt 0.275981 1.864261
vt 0.275980 2.477981
vt 1.590154 2.477981
vt 1.590154 0.522019
vt 2.475981 0.522019
vt 2.475981 -0.477981
vt 0.475981 -0.477982
vt 0.475981 -1.477982
vt -0.724018 -1.477982
vt -0.724019 -0.477982
vt -1.475981 -0.477982
vt -1.475981 0.522018
s 0
f 1020/901/44 1021/902/44 1022/903/44
f 1022/903/44 1023/904/44 1020/901/44
f 1024/905/45 1025/906/45 1026/907/45
f 1026/907/45 1027/908/45 1024/905/45
f 1028/909/46 1029/910/46 1030/911/46
f 1030/911/46 1031/912/46 1028/909/46
f 1032/913/45 1033/914/45 1034/915/45
f 1034/915/45 1035/916/45 1032/913/45
f 1036/917/46 1037/918/46 1038/919/46
f 1038/919/46 1039/920/46 1036/917/46
f 1040/921/45 1041/922/45 1042/923/45
f 1042/923/45 1043/924/45 1040/921/45
f 1044/925/46 1045/926/46 1046/927/46
f 1046/927/46 1047/928/46 1044/925/46
f 1048/929/47 1049/930/47 1050/931/47
f 1050/931/47 1051/932/47 1048/929/47
f 1052/933/46 1053/934/46 1054/935/46
f 1054/935/46 1055/936/46 1052/933/46
f 1056/937/47 1057/938/47 1058/939/47
f 1058/939/47 1059/940/47 1056/937/47
f 1060/941/44 1061/942/44 1062/943/44
f 1062/943/44 1063/944/44 1060/941/44
f 1064/945/47 1065/946/47 1066/947/47
f 1066/947/47 1067/948/47 1064/945/47
f 1068/949/44 1069/950/44 1070/951/44
f 1070/951/44 1071/952/44 1068/949/44
f 1072/953/45 1073/954/45 1074/955/45
f 1074/955/45 1075/956/45 1072/953/45
f 1076/957/48 1077/958/48 1078/959/48
f 1079/960/48 1076/957/48 1078/959/48
f 1078/959/48 1080/961/48 1081/962/48
f 1078/959/48 1081/962/48 1082/963/48
f 1079/960/48 1078/959/48 1082/963/48
f 1082/963/48 1083/964/48 1084/965/48
f 1082/963/48 1084/965/48 1085/966/48
f 1079/960/48 1082/963/48 1085/966/48
f 1085/966/48 1086/967/48 1087/968/48
f 1085/966/48 1087/968/48 1088/969/48
f 1079/960/48 1085/966/48 1088/969/48
f 1079/960/48 1088/969/48 1089/970/48
f 1090/971/49 1091/972/49 1092/973/49
f 1093/974/49 1094/975/49 1095/976/49
f 1092/973/49 1093/974/49 1095/976/49
f 1090/971/49 1092/973/49 1095/976/49
f 1096/977/49 1097/978/49 1098/979/49
f 1095/976/49 1096/977/49 1098/979/49
f 1090/971/49 1095/976/49 1098/979/49
f 1099/980/49 1100/981/49 1101/982/49
f 1098/979/49 1099/980/49 1101/982/49
f 1090/971/49 1098/979/49 1101/982/49
f 1101/982/49 1102/983/49 1103/984/49
f 1090/971/49 1101/982/49 1103/984/49
o Line006_17_-_Old_Copper_#1_0
v -11.012218 3.700001 -5.683382
v -7.252407 3.700001 -5.683379
v -7.252407 3.600001 -5.683379
v -11.012218 3.600001 -5.683382
v -11.012218 3.700001 -1.083379
v -11.012218 3.700001 -5.683382
v -11.012218 3.600001 -5.683382
v -11.012218 3.600001 -1.083379
v -7.252407 3.700001 -1.083379
v -11.012218 3.700001 -1.083379
v -11.012218 3.600001 -1.083379
v -7.252407 3.600001 -1.083379
v -7.252407 3.700002 3.916625
v -7.252407 3.700001 -1.083379
v -7.252407 3.600001 -1.083379
v -7.252407 3.600002 3.916625
v 1.191747 3.700002 3.916622
v -7.252407 3.700002 3.916625
v -7.252407 3.600002 3.916625
v 1.191747 3.600002 3.916622
v 1.191741 3.700001 -0.883379
v 1.191747 3.700002 3.916622
v 1.191747 3.600002 3.916622
v 1.191741 3.600001 -0.883379
v -1.651561 3.700001 -0.883379
v 1.191741 3.700001 -0.883379
v 1.191741 3.600001 -0.883379
v -1.651561 3.600001 -0.883379
v -1.651561 3.700000 -8.787895
v -1.651561 3.700001 -0.883379
v -1.651561 3.600001 -0.883379
v -1.651561 3.600000 -8.787895
v -7.252407 3.700000 -8.787895
v -1.651561 3.700000 -8.787895
v -1.651561 3.600000 -8.787895
v -7.252407 3.600000 -8.787895
v -7.252407 3.700001 -5.683379
v -7.252407 3.700000 -8.787895
v -7.252407 3.600000 -8.787895
v -7.252407 3.600001 -5.683379
v -7.252407 3.600001 -5.683379
v -7.252407 3.600000 -8.787895
v -1.651561 3.600000 -8.787895
v 1.191741 3.600001 -0.883379
v 1.191747 3.600002 3.916622
v -7.252407 3.600002 3.916625
v -1.651561 3.600001 -0.883379
v -7.252407 3.600001 -1.083379
v -11.012218 3.600001 -1.083379
v -11.012218 3.600001 -5.683382
v -7.252407 3.700001 -5.683379
v -11.012218 3.700001 -5.683382
v -11.012218 3.700001 -1.083379
v -7.252407 3.700001 -1.083379
v -7.252407 3.700002 3.916625
v 1.191747 3.700002 3.916622
v 1.191741 3.700001 -0.883379
v -1.651561 3.700001 -0.883379
v -1.651561 3.700000 -8.787895
v -7.252407 3.700000 -8.787895
vn -0.0000 -0.0000 -1.0000
vn -1.0000 -0.0000 -0.0000
vn -0.0000 -0.0000 1.0000
vn 1.0000 -0.0000 -0.0000
vn -0.0000 -1.0000 -0.0000
vn -0.0000 1.0000 -0.0000
vt 1.709988 0.160000
vt 1.240012 0.160000
vt 1.240012 0.180000
vt 1.709988 0.180000
vt 0.630000 0.160000
vt 0.170000 0.160000
vt 0.170000 0.180000
vt 0.630000 0.180000
vt -0.240012 0.160000
vt -0.709988 0.160000
vt -0.709988 0.180000
vt -0.240012 0.180000
vt 1.130000 0.160000
vt 0.630000 0.160000
vt 0.630000 0.180000
vt 1.130000 0.180000
vt 0.815507 0.160000
vt -0.240012 0.160000
vt -0.240012 0.180000
vt 0.815507 0.180000
vt 0.350000 0.160000
vt -0.130000 0.160000
vt -0.130000 0.180000
vt 0.350000 0.180000
vt 0.539906 0.160000
vt 0.184493 0.160000
vt 0.184493 0.180000
vt 0.539906 0.180000
vt 1.140451 0.160000
vt 0.350000 0.160000
vt 0.350000 0.180000
vt 1.140451 0.180000
vt 1.240012 0.160000
vt 0.539906 0.160000
vt 0.539906 0.180000
vt 1.240012 0.180000
vt 0.170000 0.160000
vt -0.140451 0.160000
vt -0.140451 0.180000
vt 0.170000 0.180000
vt 1.240012 0.170000
vt 1.240012 -0.140451
vt 0.539906 -0.140451
vt 0.184493 0.650000
vt 0.184493 1.130000
vt 1.240012 1.130000
vt 0.539906 0.650000
vt 1.240012 0.630000
vt 1.709988 0.630000
vt 1.709988 0.170000
vt -0.240012 0.170000
vt -0.709988 0.170000
vt -0.709988 0.630000
vt -0.240012 0.630000
vt -0.240012 1.130000
vt 0.815507 1.130000
vt 0.815507 0.650000
vt 0.460094 0.650000
vt 0.460094 -0.140451
vt -0.240012 -0.140451
s 0
f 1104/985/50 1105/986/50 1106/987/50
f 1106/987/50 1107/988/50 1104/985/50
f 1108/989/51 1109/990/51 1110/991/51
f 1110/991/51 1111/992/51 1108/989/51
f 1112/993/52 1113/994/52 1114/995/52
f 1114/995/52 1115/996/52 1112/993/52
f 1116/997/51 1117/998/51 1118/999/51
f 1118/999/51 1119/1000/51 1116/997/51
f 1120/1001/52 1121/1002/52 1122/1003/52
f 1122/1003/52 1123/1004/52 1120/1001/52
f 1124/1005/53 1125/1006/53 1126/1007/53
f 1126/1007/53 1127/1008/53 1124/1005/53
f 1128/1009/50 1129/1010/50 1130/1011/50
f 1130/1011/50 1131/1012/50 1128/1009/50
f 1132/1013/53 1133/1014/53 1134/1015/53
f 1134/1015/53 1135/1016/53 1132/1013/53
f 1136/1017/50 1137/1018/50 1138/1019/50
f 1138/1019/50 1139/1020/50 1136/1017/50
f 1140/1021/51 1141/1022/51 1142/1023/51
f 1142/1023/51 1143/1024/51 1140/1021/51
f 1144/1025/54 1145/1026/54 1146/1027/54
f 1147/1028/54 1148/1029/54 1149/1030/54
f 1150/1031/54 1147/1028/54 1149/1030/54
f 1150/1031/54 1149/1030/54 1151/1032/54
f 1146/1027/54 1150/1031/54 1151/1032/54
f 1144/1025/54 1146/1027/54 1151/1032/54
f 1144/1025/54 1151/1032/54 1152/1033/54
f 1144/1025/54 1152/1033/54 1153/1034/54
f 1154/1035/55 1155/1036/55 1156/1037/55
f 1154/1035/55 1156/1037/55 1157/1038/55
f 1158/1039/55 1159/1040/55 1160/1041/55
f 1158/1039/55 1160/1041/55 1161/1042/55
f 1157/1038/55 1158/1039/55 1161/1042/55
f 1157/1038/55 1161/1042/55 1162/1043/55
f 1154/1035/55 1157/1038/55 1162/1043/55
f 1154/1035/55 1162/1043/55 1163/1044/55
o Line007_17_-_Old_Copper_#1_0
v -11.012218 0.400000 -5.683382
v -7.252407 0.400000 -5.683379
v -7.252407 0.300000 -5.683379
v -11.012218 0.300000 -5.683382
v -11.012218 0.400000 -1.083379
v -11.012218 0.400000 -5.683382
v -11.012218 0.300000 -5.683382
v -11.012218 0.300000 -1.083379
v -7.252407 0.400000 -1.083379
v -11.012218 0.400000 -1.083379
v -11.012218 0.300000 -1.083379
v -7.252407 0.300000 -1.083379
v -7.252407 0.400001 3.916625
v -7.252407 0.400000 -1.083379
v -7.252407 0.300000 -1.083379
v -7.252407 0.300001 3.916625
v -2.252408 0.400001 3.916622
v -7.252407 0.400001 3.916625
v -7.252407 0.300001 3.916625
v -2.252408 0.300001 3.916622
v -2.252408 0.400001 5.916625
v -2.252408 0.400001 3.916622
v -2.252408 0.300001 3.916622
v -2.252408 0.300001 5.916625
v 2.347665 0.400001 5.916622
v -2.252408 0.400001 5.916625
v -2.252408 0.300001 5.916625
v 2.347665 0.300001 5.916622
v 2.347590 0.400000 -1.083379
v 2.347665 0.400001 5.916622
v 2.347665 0.300001 5.916622
v 2.347590 0.300000 -1.083379
v 8.347595 0.400000 -1.083379
v 2.347590 0.400000 -1.083379
v 2.347590 0.300000 -1.083379
v 8.347595 0.300000 -1.083379
v 8.347592 0.400000 -5.683382
v 8.347595 0.400000 -1.083379
v 8.347595 0.300000 -1.083379
v 8.347592 0.300000 -5.683382
v -1.652408 0.400000 -5.683382
v 8.347592 0.400000 -5.683382
v 8.347592 0.300000 -5.683382
v -1.652408 0.300000 -5.683382
v -1.652408 0.399999 -10.683383
v -1.652408 0.400000 -5.683382
v -1.652408 0.300000 -5.683382
v -1.652408 0.299999 -10.683383
v -7.252407 0.399999 -10.683386
v -1.652408 0.399999 -10.683383
v -1.652408 0.299999 -10.683383
v -7.252407 0.299999 -10.683386
v -7.252407 0.400000 -5.683379
v -7.252407 0.399999 -10.683386
v -7.252407 0.299999 -10.683386
v -7.252407 0.300000 -5.683379
v -11.012218 0.300000 -1.083379
v -11.012218 0.300000 -5.683382
v -7.252407 0.300000 -5.683379
v -7.252407 0.300000 -1.083379
v -7.252407 0.299999 -10.683386
v -1.652408 0.299999 -10.683383
v -1.652408 0.300000 -5.683382
v 8.347592 0.300000 -5.683382
v 8.347595 0.300000 -1.083379
v 2.347590 0.300000 -1.083379
v 2.347665 0.300001 5.916622
v -2.252408 0.300001 5.916625
v -2.252408 0.300001 3.916622
v -7.252407 0.300001 3.916625
v -7.252407 0.400000 -1.083379
v -7.252407 0.400001 3.916625
v -2.252408 0.400001 3.916622
v -2.252408 0.400001 5.916625
v 2.347665 0.400001 5.916622
v 2.347590 0.400000 -1.083379
v 8.347595 0.400000 -1.083379
v 8.347592 0.400000 -5.683382
v -1.652408 0.400000 -5.683382
v -1.652408 0.399999 -10.683383
v -7.252407 0.399999 -10.683386
v -7.252407 0.400000 -5.683379
v -11.012218 0.400000 -5.683382
v -11.012218 0.400000 -1.083379
vn -0.0000 -0.0000 -1.0000
vn -1.0000 -0.0000 -0.0000
vn -0.0000 -0.0000 1.0000
vn 1.0000 -0.0000 -0.0000
vn -0.0000 -1.0000 -0.0000
vn -0.0000 1.0000 -0.0000
vt 1.709988 0.820000
vt 1.240012 0.820000
vt 1.240012 0.840000
vt 1.709988 0.840000
vt 0.630000 0.820000
vt 0.170000 0.820000
vt 0.170000 0.840000
vt 0.630000 0.840000
vt -0.240012 0.820000
vt -0.709988 0.820000
vt -0.709988 0.840000
vt -0.240012 0.840000
vt 1.130000 0.820000
vt 0.630000 0.820000
vt 0.630000 0.840000
vt 1.130000 0.840000
vt 0.384988 0.820000
vt -0.240012 0.820000
vt -0.240012 0.840000
vt 0.384988 0.840000
vt 1.330000 0.820000
vt 1.130000 0.820000
vt 1.130000 0.840000
vt 1.330000 0.840000
vt 0.959997 0.820000
vt 0.384988 0.820000
vt 0.384988 0.840000
vt 0.959997 0.840000
vt 0.370000 0.820000
vt -0.330000 0.820000
vt -0.330000 0.840000
vt 0.370000 0.840000
vt 1.709988 0.820000
vt 0.959988 0.820000
vt 0.959988 0.840000
vt 1.709988 0.840000
vt 0.830000 0.820000
vt 0.370000 0.820000
vt 0.370000 0.840000
vt 0.830000 0.840000
vt 0.540012 0.820000
vt -0.709988 0.820000
vt -0.709988 0.840000
vt 0.540012 0.840000
vt 1.330000 0.820000
vt 0.830000 0.820000
vt 0.830000 0.840000
vt 1.330000 0.840000
vt 1.240012 0.820000
vt 0.540012 0.820000
vt 0.540012 0.840000
vt 1.240012 0.840000
vt 0.170000 0.820000
vt -0.330000 0.820000
vt -0.330000 0.840000
vt 0.170000 0.840000
vt 1.709988 0.630000
vt 1.709988 0.170000
vt 1.240012 0.170000
vt 1.240012 0.630000
vt 1.240012 -0.330000
vt 0.540012 -0.330000
vt 0.540012 0.170000
vt -0.709988 0.170000
vt -0.709988 0.630000
vt 0.040012 0.630000
vt 0.040003 1.330000
vt 0.615012 1.330000
vt 0.615012 1.130000
vt 1.240012 1.130000
vt -0.240012 0.630000
vt -0.240012 1.130000
vt 0.384988 1.130000
vt 0.384988 1.330000
vt 0.959997 1.330000
vt 0.959988 0.630000
vt 1.709988 0.630000
vt 1.709988 0.170000
vt 0.459988 0.170000
vt 0.459988 -0.330000
vt -0.240012 -0.330000
vt -0.240012 0.170000
vt -0.709988 0.170000
vt -0.709988 0.630000
s 0
f 1164/1045/56 1165/1046/56 1166/1047/56
f 1166/1047/56 1167/1048/56 1164/1045/56
f 1168/1049/57 1169/1050/57 1170/1051/57
f 1170/1051/57 1171/1052/57 1168/1049/57
f 1172/1053/58 1173/1054/58 1174/1055/58
f 1174/1055/58 1175/1056/58 1172/1053/58
f 1176/1057/57 1177/1058/57 1178/1059/57
f 1178/1059/57 1179/1060/57 1176/1057/57
f 1180/1061/58 1181/1062/58 1182/1063/58
f 1182/1063/58 1183/1064/58 1180/1061/58
f 1184/1065/57 1185/1066/57 1186/1067/57
f 1186/1067/57 1187/1068/57 1184/1065/57
f 1188/1069/58 1189/1070/58 1190/1071/58
f 1190/1071/58 1191/1072/58 1188/1069/58
f 1192/1073/59 1193/1074/59 1194/1075/59
f 1194/1075/59 1195/1076/59 1192/1073/59
f 1196/1077/58 1197/1078/58 1198/1079/58
f 1198/1079/58 1199/1080/58 1196/1077/58
f 1200/1081/59 1201/1082/59 1202/1083/59
f 1202/1083/59 1203/1084/59 1200/1081/59
f 1204/1085/56 1205/1086/56 1206/1087/56
f 1206/1087/56 1207/1088/56 1204/1085/56
f 1208/1089/59 1209/1090/59 1210/1091/59
f 1210/1091/59 1211/1092/59 1208/1089/59
f 1212/1093/56 1213/1094/56 1214/1095/56
f 1214/1095/56 1215/1096/56 1212/1093/56
f 1216/1097/57 1217/1098/57 1218/1099/57
f 1218/1099/57 1219/1100/57 1216/1097/57
f 1220/1101/60 1221/1102/60 1222/1103/60
f 1223/1104/60 1220/1101/60 1222/1103/60
f 1224/1105/60 1225/1106/60 1226/1107/60
f 1222/1103/60 1224/1105/60 1226/1107/60
f 1223/1104/60 1222/1103/60 1226/1107/60
f 1227/1108/60 1228/1109/60 1229/1110/60
f 1226/1107/60 1227/1108/60 1229/1110/60
f 1223/1104/60 1226/1107/60 1229/1110/60
f 1229/1110/60 1230/1111/60 1231/1112/60
f 1229/1110/60 1231/1112/60 1232/1113/60
f 1223/1104/60 1229/1110/60 1232/1113/60
f 1223/1104/60 1232/1113/60 1233/1114/60
f 1234/1115/61 1235/1116/61 1236/1117/61
f 1237/1118/61 1238/1119/61 1239/1120/61
f 1236/1117/61 1237/1118/61 1239/1120/61
f 1234/1115/61 1236/1117/61 1239/1120/61
f 1239/1120/61 1240/1121/61 1241/1122/61
f 1239/1120/61 1241/1122/61 1242/1123/61
f 1234/1115/61 1239/1120/61 1242/1123/61
f 1242/1123/61 1243/1124/61 1244/1125/61
f 1242/1123/61 1244/1125/61 1245/1126/61
f 1234/1115/61 1242/1123/61 1245/1126/61
f 1245/1126/61 1246/1127/61 1247/1128/61
f 1234/1115/61 1245/1126/61 1247/1128/61
o Line008_15_-_Glossy_Plastic_0
v 1.391741 3.350001 -1.083379
v -1.451561 3.350001 -1.083379
v -1.451561 3.300001 -1.083379
v 1.391741 3.300001 -1.083379
v 1.391741 3.350002 4.116622
v 1.391741 3.350001 -1.083379
v 1.391741 3.300001 -1.083379
v 1.391741 3.300002 4.116622
v -2.252408 3.350002 4.116622
v 1.391741 3.350002 4.116622
v 1.391741 3.300002 4.116622
v -2.252408 3.300002 4.116622
v -2.252408 3.350002 5.916624
v -2.252408 3.350002 4.116622
v -2.252408 3.300002 4.116622
v -2.252408 3.300002 5.916624
v 2.347664 3.350002 5.916624
v -2.252408 3.350002 5.916624
v -2.252408 3.300002 5.916624
v 2.347664 3.300002 5.916624
v 2.347664 3.350001 -1.083379
v 2.347664 3.350002 5.916624
v 2.347664 3.300002 5.916624
v 2.347664 3.300001 -1.083379
v 8.347596 3.350001 -1.083379
v 2.347664 3.350001 -1.083379
v 2.347664 3.300001 -1.083379
v 8.347596 3.300001 -1.083379
v 8.347596 3.350000 -5.683383
v 8.347596 3.350001 -1.083379
v 8.347596 3.300001 -1.083379
v 8.347596 3.300000 -5.683383
v -1.452407 3.350000 -5.683383
v 8.347596 3.350000 -5.683383
v 8.347596 3.300000 -5.683383
v -1.452407 3.300000 -5.683383
v -1.451561 3.350001 -1.083379
v -1.452407 3.350000 -5.683383
v -1.452407 3.300000 -5.683383
v -1.451561 3.300001 -1.083379
v -2.252408 3.300002 5.916624
v -2.252408 3.300002 4.116622
v 1.391741 3.300002 4.116622
v 2.347664 3.300002 5.916624
v 1.391741 3.300001 -1.083379
v 2.347664 3.300001 -1.083379
v -1.451561 3.300001 -1.083379
v -1.452407 3.300000 -5.683383
v 8.347596 3.300000 -5.683383
v 8.347596 3.300001 -1.083379
v 2.347664 3.350001 -1.083379
v 8.347596 3.350001 -1.083379
v 8.347596 3.350000 -5.683383
v -1.452407 3.350000 -5.683383
v -1.451561 3.350001 -1.083379
v 1.391741 3.350001 -1.083379
v 1.391741 3.350002 4.116622
v -2.252408 3.350002 4.116622
v -2.252408 3.350002 5.916624
v 2.347664 3.350002 5.916624
vn -0.0000 -0.0000 1.0000
vn -1.0000 -0.0000 -0.0000
vn -0.0000 -0.0000 -1.0000
vn 1.0000 -0.0000 -0.0000
vn -1.0000 -0.0000 0.0002
vn -0.0000 -1.0000 -0.0000
vn -0.0000 1.0000 -0.0000
vt 0.086037 0.493750
vt -0.624789 0.493750
vt -0.624789 0.506250
vt 0.086037 0.506250
vt 1.500000 0.493750
vt 0.200000 0.493750
vt 0.200000 0.506250
vt 1.500000 0.506250
vt 1.825001 0.493750
vt 0.913963 0.493750
vt 0.913963 0.506250
vt 1.825001 0.506250
vt 1.950000 0.493750
vt 1.500000 0.493750
vt 1.500000 0.506250
vt 1.950000 0.506250
vt 0.325017 0.493750
vt -0.825001 0.493750
vt -0.825001 0.506250
vt 0.325017 0.506250
vt 0.800000 0.493750
vt -0.950000 0.493750
vt -0.950000 0.506250
vt 0.800000 0.506250
vt 1.825001 0.493750
vt 0.325018 0.493750
vt 0.325018 0.506250
vt 1.825001 0.506250
vt 1.950000 0.493750
vt 0.799999 0.493750
vt 0.799999 0.506250
vt 1.950000 0.506250
vt 1.625000 0.493750
vt 1.625000 0.506250
vt 0.200000 0.493750
vt -0.950000 0.493750
vt -0.950000 0.506250
vt 0.200000 0.506250
vt 1.825001 1.950000
vt 1.825001 1.500000
vt 0.913963 1.500000
vt 0.674983 1.950000
vt 0.913963 0.200000
vt 0.674982 0.200000
vt 1.624789 0.200000
vt 1.625000 -0.950000
vt -0.825001 -0.950000
vt -0.825001 0.200001
vt 0.325018 0.200000
vt 1.825001 0.200001
vt 1.825001 -0.950000
vt -0.625000 -0.950000
vt -0.624789 0.200000
vt 0.086037 0.200000
vt 0.086037 1.500000
vt -0.825001 1.500000
vt -0.825001 1.950000
vt 0.325017 1.950000
s 0
f 1248/1129/62 1249/1130/62 1250/1131/62
f 1250/1131/62 1251/1132/62 1248/1129/62
f 1252/1133/63 1253/1134/63 1254/1135/63
f 1254/1135/63 1255/1136/63 1252/1133/63
f 1256/1137/64 1257/1138/64 1258/1139/64
f 1258/1139/64 1259/1140/64 1256/1137/64
f 1260/1141/63 1261/1142/63 1262/1143/63
f 1262/1143/63 1263/1144/63 1260/1141/63
f 1264/1145/62 1265/1146/62 1266/1147/62
f 1266/1147/62 1267/1148/62 1264/1145/62
f 1268/1149/65 1269/1150/65 1270/1151/65
f 1270/1151/65 1271/1152/65 1268/1149/65
f 1272/1153/62 1273/1154/62 1274/1155/62
f 1274/1155/62 1275/1156/62 1272/1153/62
f 1276/1157/65 1277/1158/65 1278/1159/65
f 1278/1159/65 1279/1160/65 1276/1157/65
f 1280/1161/64 1281/1146/64 1282/1147/64
f 1282/1147/64 1283/1162/64 1280/1161/64
f 1284/1163/66 1285/1164/66 1286/1165/66
f 1286/1165/66 1287/1166/66 1284/1163/66
f 1288/1167/67 1289/1168/67 1290/1169/67
f 1291/1170/67 1288/1167/67 1290/1169/67
f 1291/1170/67 1290/1169/67 1292/1171/67
f 1293/1172/67 1291/1170/67 1292/1171/67
f 1294/1173/67 1295/1174/67 1296/1175/67
f 1292/1171/67 1294/1173/67 1296/1175/67
f 1293/1172/67 1292/1171/67 1296/1175/67
f 1293/1172/67 1296/1175/67 1297/1176/67
f 1298/1177/68 1299/1178/68 1300/1179/68
f 1300/1179/68 1301/1180/68 1302/1181/68
f 1300/1179/68 1302/1181/68 1303/1182/68
f 1298/1177/68 1300/1179/68 1303/1182/68
f 1304/1183/68 1305/1184/68 1306/1185/68
f 1304/1183/68 1306/1185/68 1307/1186/68
f 1303/1182/68 1304/1183/68 1307/1186/68
f 1298/1177/68 1303/1182/68 1307/1186/68
o Rectangle002_19_-_Glass_(Thin_wall)_0
v -16.197153 -0.800002 -16.199862
v 13.059380 -1.903470 -16.199862
v -16.197153 -1.903470 -16.199862
v -16.197153 -0.799998 15.626520
v -16.197153 -1.903470 -16.199862
v -16.197153 -1.903466 15.626520
v 13.059380 -0.799998 15.626520
v -16.197153 -1.903466 15.626520
v 13.059380 -1.903466 15.626520
v 13.059380 -0.800002 -16.199862
v 13.059380 -1.903466 15.626520
v 13.059380 -1.903470 -16.199862
v -16.197153 -1.903466 15.626520
v 13.059380 -1.903470 -16.199862
v 13.059380 -1.903466 15.626520
v 4.736901 -0.800000 1.285352
v -16.197153 -0.799998 15.626520
v 4.736901 -0.799999 11.546311
v 8.342269 -1.609890 11.546311
v 8.342269 -0.800000 1.285352
v 8.342269 -1.609891 1.285352
v 8.342269 -0.800000 1.285352
v 4.736901 -1.609891 1.285352
v 8.342269 -1.609891 1.285352
v 4.736901 -1.609891 1.285352
v 4.736901 -0.799999 11.546311
v 4.736901 -1.609890 11.546311
v 8.342269 -1.609891 1.285352
v 4.736901 -1.609890 11.546311
v 8.342269 -1.609890 11.546311
v 4.736901 -0.799999 11.546311
v 8.342269 -1.609890 11.546311
v 4.736901 -1.609890 11.546311
v 13.059380 -0.800002 -16.199862
v -16.197153 -0.800002 -16.199862
v -16.197153 -0.799998 15.626520
v 13.059380 -0.799998 15.626520
v -16.197153 -1.903470 -16.199862
v 8.342269 -0.799999 11.546311
v 13.059380 -0.799998 15.626520
v 13.059380 -0.800002 -16.199862
v 8.342269 -0.800000 1.285352
v -16.197153 -0.800002 -16.199862
v 8.342269 -0.799999 11.546311
v 4.736901 -0.800000 1.285352
v 4.736901 -0.800000 1.285352
v 4.736901 -1.609891 1.285352
v 8.342269 -0.799999 11.546311
vn -0.0000 -0.0000 -1.0000
vn -1.0000 -0.0000 -0.0000
vn -0.0000 -0.0000 1.0000
vn 1.0000 -0.0000 -0.0000
vn -0.0000 -1.0000 -0.0000
vn -0.0000 1.0000 -0.0000
s 0
f 1308//69 1309//69 1310//69
f 1311//70 1312//70 1313//70
f 1314//71 1315//71 1316//71
f 1317//72 1318//72 1319//72
f 1320//73 1321//73 1322//73
f 1323//74 1324//74 1325//74
f 1326//70 1327//70 1328//70
f 1329//71 1330//71 1331//71
f 1332//72 1333//72 1334//72
f 1335//74 1336//74 1337//74
f 1338//69 1339//69 1340//69
f 1309//69 1308//69 1341//69
f 1312//70 1311//70 1342//70
f 1315//71 1314//71 1343//71
f 1318//72 1317//72 1344//72
f 1321//73 1320//73 1345//73
f 1346//74 1324//74 1347//74
f 1325//74 1324//74 1346//74
f 1348//74 1346//74 1347//74
f 1348//74 1349//74 1346//74
f 1350//74 1349//74 1348//74
f 1350//74 1323//74 1349//74
f 1324//74 1323//74 1350//74
f 1327//70 1326//70 1351//70
f 1330//71 1329//71 1352//71
f 1333//72 1332//72 1353//72
f 1336//74 1335//74 1354//74
f 1339//69 1338//69 1355//69
o Line009_01_-_Default_0
v -2.452408 -0.053336 4.116621
v -2.452408 -0.053336 6.116621
v -2.452408 -1.053336 6.116621
v -2.452408 -1.053337 4.116621
v -7.452407 -0.053336 4.116621
v -2.452408 -0.053336 4.116621
v -2.452408 -1.053337 4.116621
v -7.452407 -1.053337 4.116621
v -7.452407 -0.053337 -0.883379
v -7.452407 -0.053336 4.116621
v -7.452407 -1.053337 4.116621
v -7.452407 -1.053337 -0.883379
v -11.212217 -0.053337 -0.883379
v -7.452407 -0.053337 -0.883379
v -7.452407 -1.053337 -0.883379
v -11.212217 -1.053337 -0.883379
v -11.212217 -0.053337 0.031247
v -11.212217 -0.053337 -0.883379
v -11.212217 -1.053337 -0.883379
v -11.212217 -1.053337 0.031247
v -8.421371 -0.053337 0.031247
v -11.212217 -0.053337 0.031247
v -11.212217 -1.053337 0.031247
v -8.421371 -1.053337 0.031247
v -8.421371 -0.053336 4.949749
v -8.421371 -0.053337 0.031247
v -8.421371 -1.053337 0.031247
v -8.421371 -1.053337 4.949749
v -3.321196 -0.053336 4.949749
v -8.421371 -0.053336 4.949749
v -8.421371 -1.053337 4.949749
v -3.321196 -1.053337 4.949749
v -3.321196 -0.053336 6.116621
v -3.321196 -0.053336 4.949749
v -3.321196 -1.053337 4.949749
v -3.321196 -1.053336 6.116621
v -2.452408 -0.053336 6.116621
v -3.321196 -0.053336 6.116621
v -3.321196 -1.053336 6.116621
v -2.452408 -1.053336 6.116621
v -3.221199 -0.053336 4.849749
v -3.221194 -0.053336 6.016621
v -3.221194 -1.053336 6.016621
v -3.221199 -1.053337 4.849749
v -8.321371 -0.053336 4.849750
v -3.221199 -0.053336 4.849749
v -3.221199 -1.053337 4.849749
v -8.321371 -1.053337 4.849750
v -8.321371 -0.053337 -0.068753
v -8.321371 -0.053336 4.849750
v -8.321371 -1.053337 4.849750
v -8.321371 -1.053337 -0.068753
v -11.112218 -0.053337 -0.068753
v -8.321371 -0.053337 -0.068753
v -8.321371 -1.053337 -0.068753
v -11.112218 -1.053337 -0.068753
v -11.112218 -0.053337 -0.783379
v -11.112218 -0.053337 -0.068753
v -11.112218 -1.053337 -0.068753
v -11.112218 -1.053337 -0.783379
v -7.552407 -0.053337 -0.783381
v -11.112218 -0.053337 -0.783379
v -11.112218 -1.053337 -0.783379
v -7.552407 -1.053337 -0.783380
v -7.552407 -0.053336 4.216621
v -7.552407 -0.053337 -0.783381
v -7.552407 -1.053337 -0.783380
v -7.552407 -1.053337 4.216621
v -2.552409 -0.053336 4.216621
v -7.552407 -0.053336 4.216621
v -7.552407 -1.053337 4.216621
v -2.552409 -1.053337 4.216621
v -2.552407 -0.053336 6.016623
v -2.552409 -0.053336 4.216621
v -2.552409 -1.053337 4.216621
v -2.552407 -1.053336 6.016623
v -3.221194 -0.053336 6.016621
v -2.552407 -0.053336 6.016623
v -2.552407 -1.053336 6.016623
v -3.221194 -1.053336 6.016621
v -3.221199 -1.053337 4.849749
v -3.221194 -1.053336 6.016621
v -3.321196 -1.053337 4.949749
v -8.321371 -1.053337 4.849750
v -8.421371 -1.053337 4.949749
v -8.421371 -1.053337 0.031247
v -8.321371 -1.053337 -0.068753
v -11.112218 -1.053337 -0.068753
v -11.212217 -1.053337 0.031247
v -11.112218 -1.053337 -0.783379
v -11.212217 -1.053337 -0.883379
v -7.552407 -1.053337 -0.783380
v -7.452407 -1.053337 -0.883379
v -7.452407 -1.053337 4.116621
v -7.552407 -1.053337 4.216621
v -2.552409 -1.053337 4.216621
v -2.452408 -1.053337 4.116621
v -2.552407 -1.053336 6.016623
v -2.452408 -1.053336 6.116621
v -3.321196 -1.053336 6.116621
v -3.221194 -0.053336 6.016621
v -3.321196 -0.053336 4.949749
v -3.321196 -0.053336 6.116621
v -2.452408 -0.053336 6.116621
v -2.552407 -0.053336 6.016623
v -2.452408 -0.053336 4.116621
v -3.221199 -0.053336 4.849749
v -8.321371 -0.053336 4.849750
v -8.421371 -0.053336 4.949749
v -8.421371 -0.053337 0.031247
v -8.321371 -0.053337 -0.068753
v -11.112218 -0.053337 -0.068753
v -11.212217 -0.053337 0.031247
v -11.112218 -0.053337 -0.783379
v -11.212217 -0.053337 -0.883379
v -7.552407 -0.053337 -0.783381
v -7.452407 -0.053337 -0.883379
v -7.452407 -0.053336 4.116621
v -7.552407 -0.053336 4.216621
v -2.552409 -0.053336 4.216621
vn 1.0000 -0.0000 -0.0000
vn -0.0000 -0.0000 -1.0000
vn -1.0000 -0.0000 -0.0000
vn -0.0000 -0.0000 1.0000
vn -0.0000 -1.0000 -0.0000
vn -0.0000 1.0000 -0.0000
s 0
f 1356//75 1357//75 1358//75
f 1358//75 1359//75 1356//75
f 1360//76 1361//76 1362//76
f 1362//76 1363//76 1360//76
f 1364//75 1365//75 1366//75
f 1366//75 1367//75 1364//75
f 1368//76 1369//76 1370//76
f 1370//76 1371//76 1368//76
f 1372//77 1373//77 1374//77
f 1374//77 1375//77 1372//77
f 1376//78 1377//78 1378//78
f 1378//78 1379//78 1376//78
f 1380//77 1381//77 1382//77
f 1382//77 1383//77 1380//77
f 1384//78 1385//78 1386//78
f 1386//78 1387//78 1384//78
f 1388//77 1389//77 1390//77
f 1390//77 1391//77 1388//77
f 1392//78 1393//78 1394//78
f 1394//78 1395//78 1392//78
f 1396//75 1397//75 1398//75
f 1398//75 1399//75 1396//75
f 1400//76 1401//76 1402//76
f 1402//76 1403//76 1400//76
f 1404//75 1405//75 1406//75
f 1406//75 1407//75 1404//75
f 1408//76 1409//76 1410//76
f 1410//76 1411//76 1408//76
f 1412//75 1413//75 1414//75
f 1414//75 1415//75 1412//75
f 1416//78 1417//78 1418//78
f 1418//78 1419//78 1416//78
f 1420//77 1421//77 1422//77
f 1422//77 1423//77 1420//77
f 1424//78 1425//78 1426//78
f 1426//78 1427//78 1424//78
f 1428//77 1429//77 1430//77
f 1430//77 1431//77 1428//77
f 1432//76 1433//76 1434//76
f 1434//76 1435//76 1432//76
f 1436//79 1437//79 1438//79
f 1439//79 1436//79 1438//79
f 1439//79 1438//79 1440//79
f 1439//79 1440//79 1441//79
f 1442//79 1439//79 1441//79
f 1443//79 1442//79 1441//79
f 1443//79 1441//79 1444//79
f 1445//79 1443//79 1444//79
f 1445//79 1444//79 1446//79
f 1447//79 1445//79 1446//79
f 1447//79 1446//79 1448//79
f 1447//79 1448//79 1449//79
f 1450//79 1447//79 1449//79
f 1451//79 1450//79 1449//79
f 1451//79 1449//79 1452//79
f 1453//79 1451//79 1452//79
f 1453//79 1452//79 1454//79
f 1455//79 1438//79 1437//79
f 1454//79 1455//79 1437//79
f 1453//79 1454//79 1437//79
f 1456//80 1457//80 1458//80
f 1456//80 1458//80 1459//80
f 1460//80 1456//80 1459//80
f 1460//80 1459//80 1461//80
f 1457//80 1456//80 1462//80
f 1457//80 1462//80 1463//80
f 1464//80 1457//80 1463//80
f 1465//80 1464//80 1463//80
f 1465//80 1463//80 1466//80
f 1465//80 1466//80 1467//80
f 1468//80 1465//80 1467//80
f 1468//80 1467//80 1469//80
f 1470//80 1468//80 1469//80
f 1470//80 1469//80 1471//80
f 1472//80 1470//80 1471//80
f 1473//80 1472//80 1471//80
f 1473//80 1471//80 1474//80
f 1473//80 1474//80 1475//80
f 1461//80 1473//80 1475//80
f 1460//80 1461//80 1475//80
o Line010_02_-_Default_0
v -8.321371 -0.046024 -0.068753
v -11.112217 -0.046024 -0.068753
v -11.112217 -0.339450 -0.068753
v -8.321371 -0.339450 -0.068753
v -8.321371 -0.046023 4.849749
v -8.321371 -0.046024 -0.068753
v -8.321371 -0.339450 -0.068753
v -8.321371 -0.339449 4.849749
v -3.221199 -0.046023 4.849749
v -8.321371 -0.046023 4.849749
v -8.321371 -0.339449 4.849749
v -3.221199 -0.339449 4.849749
v -3.221195 -0.046023 6.016621
v -3.221199 -0.046023 4.849749
v -3.221199 -0.339449 4.849749
v -3.221195 -0.339449 6.016621
v -2.552405 -0.046023 6.016624
v -3.221195 -0.046023 6.016621
v -3.221195 -0.339449 6.016621
v -2.552405 -0.339449 6.016624
v -2.552408 -0.046023 4.216621
v -2.552405 -0.046023 6.016624
v -2.552405 -0.339449 6.016624
v -2.552408 -0.339449 4.216621
v -7.552407 -0.046023 4.216621
v -2.552408 -0.046023 4.216621
v -2.552408 -0.339449 4.216621
v -7.552407 -0.339449 4.216621
v -7.552407 -0.046024 -0.783379
v -7.552407 -0.046023 4.216621
v -7.552407 -0.339449 4.216621
v -7.552407 -0.339450 -0.783379
v -11.112217 -0.046024 -0.783379
v -7.552407 -0.046024 -0.783379
v -7.552407 -0.339450 -0.783379
v -11.112217 -0.339450 -0.783379
v -11.112217 -0.046024 -0.068753
v -11.112217 -0.046024 -0.783379
v -11.112217 -0.339450 -0.783379
v -11.112217 -0.339450 -0.068753
v -8.321371 -0.339450 -0.068753
v -11.112217 -0.339450 -0.068753
v -11.112217 -0.339450 -0.783379
v -7.552407 -0.339450 -0.783379
v -7.552407 -0.339449 4.216621
v -8.321371 -0.339449 4.849749
v -3.221199 -0.339449 4.849749
v -2.552408 -0.339449 4.216621
v -3.221195 -0.339449 6.016621
v -2.552405 -0.339449 6.016624
v -3.221195 -0.046023 6.016621
v -2.552405 -0.046023 6.016624
v -2.552408 -0.046023 4.216621
v -11.112217 -0.046024 -0.783379
v -11.112217 -0.046024 -0.068753
v -8.321371 -0.046024 -0.068753
v -7.552407 -0.046024 -0.783379
v -7.552407 -0.046023 4.216621
v -8.321371 -0.046023 4.849749
v -3.221199 -0.046023 4.849749
vn -0.0000 -0.0000 1.0000
vn -1.0000 -0.0000 -0.0000
vn 1.0000 -0.0000 -0.0000
vn -0.0000 -0.0000 -1.0000
vn -0.0000 -1.0000 -0.0000
vn -0.0000 1.0000 -0.0000
vt -0.060733 0.458323
vt -0.339817 0.458323
vt -0.339817 0.487666
vt -0.060733 0.487666
vt 1.123924 0.458323
vt 0.632074 0.458323
vt 0.632074 0.487666
vt 1.123924 0.487666
vt 0.449284 0.458323
vt -0.060733 0.458323
vt -0.060733 0.487666
vt 0.449284 0.487666
vt 1.240611 0.458323
vt 1.123924 0.458323
vt 1.123924 0.487666
vt 1.240611 0.487666
vt 0.516164 0.458323
vt 0.449285 0.458323
vt 0.449285 0.487666
vt 0.516164 0.487666
vt -0.060611 0.458323
vt -0.240611 0.458323
vt -0.240611 0.487666
vt -0.060611 0.487666
vt 0.983836 0.458323
vt 0.483836 0.458323
vt 0.483836 0.487666
vt 0.983836 0.487666
vt 0.439389 0.458323
vt -0.060611 0.458323
vt -0.060611 0.487666
vt 0.439389 0.487666
vt 1.339817 0.458323
vt 0.983836 0.458323
vt 0.983836 0.487666
vt 1.339817 0.487666
vt 0.632074 0.458323
vt 0.560611 0.458323
vt 0.560611 0.487666
vt 0.632074 0.487666
vt 1.060733 0.632074
vt 1.339817 0.632074
vt 1.339817 0.560611
vt 0.983836 0.560611
vt 0.983836 1.060611
vt 1.060733 1.123924
vt 0.550716 1.123924
vt 0.483836 1.060611
vt 0.550715 1.240611
vt 0.483836 1.240611
vt 0.449285 1.240611
vt 0.516164 1.240611
vt 0.516164 1.060611
vt -0.339817 0.560611
vt -0.339817 0.632074
vt -0.060733 0.632074
vt 0.016164 0.560611
vt 0.016164 1.060611
vt -0.060733 1.123924
vt 0.449284 1.123924
s 0
f 1476/1187/81 1477/1188/81 1478/1189/81
f 1478/1189/81 1479/1190/81 1476/1187/81
f 1480/1191/82 1481/1192/82 1482/1193/82
f 1482/1193/82 1483/1194/82 1480/1191/82
f 1484/1195/81 1485/1196/81 1486/1197/81
f 1486/1197/81 1487/1198/81 1484/1195/81
f 1488/1199/82 1489/1200/82 1490/1201/82
f 1490/1201/82 1491/1202/82 1488/1199/82
f 1492/1203/81 1493/1204/81 1494/1205/81
f 1494/1205/81 1495/1206/81 1492/1203/81
f 1496/1207/83 1497/1208/83 1498/1209/83
f 1498/1209/83 1499/1210/83 1496/1207/83
f 1500/1211/84 1501/1212/84 1502/1213/84
f 1502/1213/84 1503/1214/84 1500/1211/84
f 1504/1215/83 1505/1216/83 1506/1217/83
f 1506/1217/83 1507/1218/83 1504/1215/83
f 1508/1219/84 1509/1220/84 1510/1221/84
f 1510/1221/84 1511/1222/84 1508/1219/84
f 1512/1223/82 1513/1224/82 1514/1225/82
f 1514/1225/82 1515/1226/82 1512/1223/82
f 1516/1227/85 1517/1228/85 1518/1229/85
f 1516/1227/85 1518/1229/85 1519/1230/85
f 1516/1227/85 1519/1230/85 1520/1231/85
f 1521/1232/85 1516/1227/85 1520/1231/85
f 1522/1233/85 1521/1232/85 1520/1231/85
f 1522/1233/85 1520/1231/85 1523/1234/85
f 1524/1235/85 1522/1233/85 1523/1234/85
f 1524/1235/85 1523/1234/85 1525/1236/85
f 1526/1237/86 1527/1238/86 1528/1239/86
f 1529/1240/86 1530/1241/86 1531/1242/86
f 1532/1243/86 1529/1240/86 1531/1242/86
f 1533/1244/86 1532/1243/86 1531/1242/86
f 1533/1244/86 1531/1242/86 1534/1245/86
f 1533/1244/86 1534/1245/86 1535/1246/86
f 1528/1239/86 1533/1244/86 1535/1246/86
f 1526/1237/86 1528/1239/86 1535/1246/86
o Line011_01_-_Default_0
v -1.452407 0.000000 -5.883382
v -1.452407 -0.000001 -10.883383
v -1.452407 -1.000001 -10.883383
v -1.452407 -1.000000 -5.883382
v 8.547593 0.000000 -5.883382
v -1.452407 0.000000 -5.883382
v -1.452407 -1.000000 -5.883382
v 8.547593 -1.000000 -5.883382
v 8.547593 0.000001 -0.883379
v 8.547593 0.000000 -5.883382
v 8.547593 -1.000000 -5.883382
v 8.547593 -1.000000 -0.883379
v 9.309395 0.000001 -0.883379
v 8.547593 0.000001 -0.883379
v 8.547593 -1.000000 -0.883379
v 9.309395 -1.000000 -0.883379
v 9.309395 -0.000000 -6.725787
v 9.309395 0.000001 -0.883379
v 9.309395 -1.000000 -0.883379
v 9.309395 -1.000001 -6.725787
v -0.434395 -0.000000 -6.725787
v 9.309395 -0.000000 -6.725787
v 9.309395 -1.000001 -6.725787
v -0.434395 -1.000001 -6.725787
v -0.434395 -0.000001 -10.883383
v -0.434395 -0.000000 -6.725787
v -0.434395 -1.000001 -6.725787
v -0.434395 -1.000001 -10.883383
v -1.452407 -0.000001 -10.883383
v -0.434395 -0.000001 -10.883383
v -0.434395 -1.000001 -10.883383
v -1.452407 -1.000001 -10.883383
v -0.534395 -0.000000 -6.625787
v -0.534396 -0.000001 -10.783382
v -0.534396 -1.000001 -10.783382
v -0.534395 -1.000001 -6.625787
v 9.209394 -0.000000 -6.625787
v -0.534395 -0.000000 -6.625787
v -0.534395 -1.000001 -6.625787
v 9.209394 -1.000001 -6.625787
v 9.209394 0.000001 -0.983038
v 9.209394 -0.000000 -6.625787
v 9.209394 -1.000001 -6.625787
v 9.209394 -1.000000 -0.983038
v 8.647594 0.000001 -0.983378
v 9.209394 0.000001 -0.983038
v 9.209394 -1.000000 -0.983038
v 8.647594 -1.000000 -0.983378
v 8.647593 0.000000 -5.983382
v 8.647594 0.000001 -0.983378
v 8.647594 -1.000000 -0.983378
v 8.647593 -1.000000 -5.983382
v -1.352407 0.000000 -5.983382
v 8.647593 0.000000 -5.983382
v 8.647593 -1.000000 -5.983382
v -1.352407 -1.000000 -5.983382
v -1.352408 -0.000001 -10.783382
v -1.352407 0.000000 -5.983382
v -1.352407 -1.000000 -5.983382
v -1.352408 -1.000001 -10.783382
v -0.534396 -0.000001 -10.783382
v -1.352408 -0.000001 -10.783382
v -1.352408 -1.000001 -10.783382
v -0.534396 -1.000001 -10.783382
v 9.209394 -1.000000 -0.983038
v 9.209394 -1.000001 -6.625787
v 9.309395 -1.000000 -0.883379
v 8.647594 -1.000000 -0.983378
v 8.547593 -1.000000 -0.883379
v 8.547593 -1.000000 -5.883382
v 8.647593 -1.000000 -5.983382
v -1.352407 -1.000000 -5.983382
v -1.452407 -1.000000 -5.883382
v -1.352408 -1.000001 -10.783382
v -1.452407 -1.000001 -10.883383
v 9.309395 -1.000001 -6.725787
v -0.434395 -1.000001 -6.725787
v -0.534395 -1.000001 -6.625787
v -0.534396 -1.000001 -10.783382
v -0.434395 -1.000001 -10.883383
v 9.209394 -0.000000 -6.625787
v 9.309395 0.000001 -0.883379
v 9.309395 -0.000000 -6.725787
v -0.434395 -0.000000 -6.725787
v -0.534395 -0.000000 -6.625787
v -0.534396 -0.000001 -10.783382
v -0.434395 -0.000001 -10.883383
v -1.452407 -0.000001 -10.883383
v -1.352408 -0.000001 -10.783382
v -1.452407 0.000000 -5.883382
v 9.209394 0.000001 -0.983038
v 8.647594 0.000001 -0.983378
v 8.547593 0.000001 -0.883379
v 8.547593 0.000000 -5.883382
v 8.647593 0.000000 -5.983382
v -1.352407 0.000000 -5.983382
vn -1.0000 -0.0000 -0.0000
vn -0.0000 -0.0000 1.0000
vn 1.0000 -0.0000 -0.0000
vn -0.0000 -0.0000 -1.0000
vn 0.0006 -0.0000 -1.0000
vn -0.0000 -1.0000 -0.0000
vn -0.0000 1.0000 -0.0000
s 0
f 1536//87 1537//87 1538//87
f 1538//87 1539//87 1536//87
f 1540//88 1541//88 1542//88
f 1542//88 1543//88 1540//88
f 1544//87 1545//87 1546//87
f 1546//87 1547//87 1544//87
f 1548//88 1549//88 1550//88
f 1550//88 1551//88 1548//88
f 1552//89 1553//89 1554//89
f 1554//89 1555//89 1552//89
f 1556//90 1557//90 1558//90
f 1558//90 1559//90 1556//90
f 1560//89 1561//89 1562//89
f 1562//89 1563//89 1560//89
f 1564//90 1565//90 1566//90
f 1566//90 1567//90 1564//90
f 1568//87 1569//87 1570//87
f 1570//87 1571//87 1568//87
f 1572//88 1573//88 1574//88
f 1574//88 1575//88 1572//88
f 1576//87 1577//87 1578//87
f 1578//87 1579//87 1576//87
f 1580//91 1581//91 1582//91
f 1582//91 1583//91 1580//91
f 1584//89 1585//89 1586//89
f 1586//89 1587//89 1584//89
f 1588//90 1589//90 1590//90
f 1590//90 1591//90 1588//90
f 1592//89 1593//89 1594//89
f 1594//89 1595//89 1592//89
f 1596//88 1597//88 1598//88
f 1598//88 1599//88 1596//88
f 1600//92 1601//92 1602//92
f 1603//92 1600//92 1602//92
f 1603//92 1602//92 1604//92
f 1603//92 1604//92 1605//92
f 1606//92 1603//92 1605//92
f 1607//92 1606//92 1605//92
f 1607//92 1605//92 1608//92
f 1609//92 1607//92 1608//92
f 1609//92 1608//92 1610//92
f 1611//92 1602//92 1601//92
f 1612//92 1611//92 1601//92
f 1612//92 1601//92 1613//92
f 1612//92 1613//92 1614//92
f 1615//92 1612//92 1614//92
f 1610//92 1615//92 1614//92
f 1609//92 1610//92 1614//92
f 1616//93 1617//93 1618//93
f 1616//93 1618//93 1619//93
f 1620//93 1616//93 1619//93
f 1621//93 1620//93 1619//93
f 1621//93 1619//93 1622//93
f 1621//93 1622//93 1623//93
f 1624//93 1621//93 1623//93
f 1624//93 1623//93 1625//93
f 1617//93 1616//93 1626//93
f 1617//93 1626//93 1627//93
f 1628//93 1617//93 1627//93
f 1629//93 1628//93 1627//93
f 1629//93 1627//93 1630//93
f 1629//93 1630//93 1631//93
f 1625//93 1629//93 1631//93
f 1624//93 1625//93 1631//93
o Line012_02_-_Default_0
v 8.647593 -0.047871 -5.983382
v -1.352407 -0.047871 -5.983382
v -1.352407 -0.402857 -5.983382
v 8.647593 -0.402857 -5.983382
v 8.647593 -0.047871 -0.983378
v 8.647593 -0.047871 -5.983382
v 8.647593 -0.402857 -5.983382
v 8.647593 -0.402856 -0.983378
v 9.209394 -0.047871 -0.983037
v 8.647593 -0.047871 -0.983378
v 8.647593 -0.402856 -0.983378
v 9.209394 -0.402856 -0.983037
v 9.209394 -0.047872 -6.625787
v 9.209394 -0.047871 -0.983037
v 9.209394 -0.402856 -0.983037
v 9.209394 -0.402857 -6.625787
v -0.534395 -0.047872 -6.625787
v 9.209394 -0.047872 -6.625787
v 9.209394 -0.402857 -6.625787
v -0.534395 -0.402857 -6.625787
v -0.534395 -0.047872 -10.783382
v -0.534395 -0.047872 -6.625787
v -0.534395 -0.402857 -6.625787
v -0.534395 -0.402857 -10.783382
v -1.352407 -0.047872 -10.783382
v -0.534395 -0.047872 -10.783382
v -0.534395 -0.402857 -10.783382
v -1.352407 -0.402857 -10.783382
v -1.352407 -0.047871 -5.983382
v -1.352407 -0.047872 -10.783382
v -1.352407 -0.402857 -10.783382
v -1.352407 -0.402857 -5.983382
v -1.352407 -0.402857 -10.783382
v -0.534395 -0.402857 -10.783382
v -0.534395 -0.402857 -6.625787
v -1.352407 -0.402857 -5.983382
v 8.647593 -0.402857 -5.983382
v 9.209394 -0.402857 -6.625787
v 8.647593 -0.402856 -0.983378
v 9.209394 -0.402856 -0.983037
v 8.647593 -0.047871 -0.983378
v 9.209394 -0.047871 -0.983037
v 9.209394 -0.047872 -6.625787
v -0.534395 -0.047872 -6.625787
v -0.534395 -0.047872 -10.783382
v -1.352407 -0.047872 -10.783382
v -1.352407 -0.047871 -5.983382
v 8.647593 -0.047871 -5.983382
vn -0.0000 -0.0000 1.0000
vn -1.0000 -0.0000 -0.0000
vn -0.0006 -0.0000 1.0000
vn 1.0000 -0.0000 -0.0000
vn -0.0000 -0.0000 -1.0000
vn -0.0000 -1.0000 -0.0000
vn -0.0000 1.0000 -0.0000
vt 1.636164 0.458508
vt 0.636164 0.458508
vt 0.636164 0.494007
vt 1.636164 0.494007
vt 0.540611 0.458508
vt 0.040611 0.458508
vt 0.040611 0.494007
vt 0.540611 0.494007
vt 1.692344 0.458508
vt 1.636164 0.458508
vt 1.636164 0.494007
vt 1.692344 0.494007
vt 1.023629 0.458508
vt 0.459354 0.458508
vt 0.459354 0.494007
vt 1.023629 0.494007
vt 0.282035 0.458508
vt -0.692344 0.458508
vt -0.692344 0.494007
vt 0.282035 0.494007
vt 1.439389 0.458508
vt 1.023629 0.458508
vt 1.023629 0.494007
vt 1.439389 0.494007
vt 0.363836 0.458508
vt 0.282035 0.458508
vt 0.282035 0.494007
vt 0.363836 0.494007
vt 0.040611 0.458508
vt -0.439389 0.458508
vt -0.439389 0.494007
vt 0.040611 0.494007
vt 0.363836 -0.439389
vt 0.282035 -0.439389
vt 0.282035 -0.023629
vt 0.363836 0.040611
vt -0.636164 0.040611
vt -0.692344 -0.023629
vt -0.636164 0.540611
vt -0.692344 0.540646
vt 1.636164 0.540611
vt 1.692344 0.540646
vt 1.692344 -0.023629
vt 0.717965 -0.023629
vt 0.717965 -0.439389
vt 0.636164 -0.439389
vt 0.636164 0.040611
vt 1.636164 0.040611
s 0
f 1632/1247/94 1633/1248/94 1634/1249/94
f 1634/1249/94 1635/1250/94 1632/1247/94
f 1636/1251/95 1637/1252/95 1638/1253/95
f 1638/1253/95 1639/1254/95 1636/1251/95
f 1640/1255/96 1641/1256/96 1642/1257/96
f 1642/1257/96 1643/1258/96 1640/1255/96
f 1644/1259/97 1645/1260/97 1646/1261/97
f 1646/1261/97 1647/1262/97 1644/1259/97
f 1648/1263/98 1649/1264/98 1650/1265/98
f 1650/1265/98 1651/1266/98 1648/1263/98
f 1652/1267/97 1653/1268/97 1654/1269/97
f 1654/1269/97 1655/1270/97 1652/1267/97
f 1656/1271/98 1657/1272/98 1658/1273/98
f 1658/1273/98 1659/1274/98 1656/1271/98
f 1660/1275/95 1661/1276/95 1662/1277/95
f 1662/1277/95 1663/1278/95 1660/1275/95
f 1664/1279/99 1665/1280/99 1666/1281/99
f 1667/1282/99 1664/1279/99 1666/1281/99
f 1668/1283/99 1667/1282/99 1666/1281/99
f 1668/1283/99 1666/1281/99 1669/1284/99
f 1670/1285/99 1668/1283/99 1669/1284/99
f 1670/1285/99 1669/1284/99 1671/1286/99
f 1672/1287/100 1673/1288/100 1674/1289/100
f 1675/1290/100 1676/1291/100 1677/1292/100
f 1675/1290/100 1677/1292/100 1678/1293/100
f 1675/1290/100 1678/1293/100 1679/1294/100
f 1674/1289/100 1675/1290/100 1679/1294/100
f 1672/1287/100 1674/1289/100 1679/1294/100
o Line014_01_-_Default_0
v -10.992023 -0.726889 8.676683
v -10.992023 -0.726890 1.189648
v -10.992023 -0.926890 1.189648
v -10.992023 -0.926889 8.676683
v -4.405269 -0.726889 8.676683
v -10.992023 -0.726889 8.676683
v -10.992023 -0.926889 8.676683
v -4.405269 -0.926889 8.676683
v -4.405269 -0.726889 12.364195
v -4.405269 -0.726889 8.676683
v -4.405269 -0.926889 8.676683
v -4.405269 -0.926889 12.364195
v -14.596715 -0.726889 12.364195
v -4.405269 -0.726889 12.364195
v -4.405269 -0.926889 12.364195
v -14.596715 -0.926889 12.364195
v -14.596715 -0.726890 1.189648
v -14.596715 -0.726889 12.364195
v -14.596715 -0.926889 12.364195
v -14.596715 -0.926890 1.189648
v -10.992023 -0.726890 1.189648
v -14.596715 -0.726890 1.189648
v -14.596715 -0.926890 1.189648
v -10.992023 -0.926890 1.189648
v -14.696714 -0.726888 12.464195
v -14.696714 -0.726890 1.089649
v -14.696714 -0.926890 1.089649
v -14.696714 -0.926889 12.464195
v -4.305270 -0.726888 12.464195
v -14.696714 -0.726888 12.464195
v -14.696714 -0.926889 12.464195
v -4.305270 -0.926889 12.464195
v -4.305269 -0.726889 8.576684
v -4.305270 -0.726888 12.464195
v -4.305270 -0.926889 12.464195
v -4.305269 -0.926889 8.576684
v -10.892023 -0.726889 8.576684
v -4.305269 -0.726889 8.576684
v -4.305269 -0.926889 8.576684
v -10.892023 -0.926889 8.576684
v -10.892023 -0.726890 1.089649
v -10.892023 -0.726889 8.576684
v -10.892023 -0.926889 8.576684
v -10.892023 -0.926890 1.089649
v -14.696714 -0.726890 1.089649
v -10.892023 -0.726890 1.089649
v -10.892023 -0.926890 1.089649
v -14.696714 -0.926890 1.089649
v -14.596715 -0.926890 1.189648
v -14.596715 -0.926889 12.364195
v -14.696714 -0.926890 1.089649
v -14.696714 -0.926889 12.464195
v -4.405269 -0.926889 12.364195
v -4.305270 -0.926889 12.464195
v -4.405269 -0.926889 8.676683
v -4.305269 -0.926889 8.576684
v -10.892023 -0.926889 8.576684
v -10.992023 -0.926889 8.676683
v -10.992023 -0.926890 1.189648
v -10.892023 -0.926890 1.089649
v -14.596715 -0.726889 12.364195
v -14.696714 -0.726890 1.089649
v -14.696714 -0.726888 12.464195
v -4.405269 -0.726889 12.364195
v -4.305270 -0.726888 12.464195
v -4.405269 -0.726889 8.676683
v -4.305269 -0.726889 8.576684
v -10.892023 -0.726889 8.576684
v -10.992023 -0.726889 8.676683
v -10.992023 -0.726890 1.189648
v -10.892023 -0.726890 1.089649
v -14.596715 -0.726890 1.189648
vn -1.0000 -0.0000 -0.0000
vn -0.0000 -0.0000 1.0000
vn -0.0000 -0.0000 -1.0000
vn 1.0000 -0.0000 -0.0000
vn -0.0000 -1.0000 -0.0000
vn -0.0000 1.0000 -0.0000
s 0
f 1680//101 1681//101 1682//101
f 1682//101 1683//101 1680//101
f 1684//102 1685//102 1686//102
f 1686//102 1687//102 1684//102
f 1688//101 1689//101 1690//101
f 1690//101 1691//101 1688//101
f 1692//103 1693//103 1694//103
f 1694//103 1695//103 1692//103
f 1696//104 1697//104 1698//104
f 1698//104 1699//104 1696//104
f 1700//102 1701//102 1702//102
f 1702//102 1703//102 1700//102
f 1704//101 1705//101 1706//101
f 1706//101 1707//101 1704//101
f 1708//102 1709//102 1710//102
f 1710//102 1711//102 1708//102
f 1712//104 1713//104 1714//104
f 1714//104 1715//104 1712//104
f 1716//103 1717//103 1718//103
f 1718//103 1719//103 1716//103
f 1720//104 1721//104 1722//104
f 1722//104 1723//104 1720//104
f 1724//103 1725//103 1726//103
f 1726//103 1727//103 1724//103
f 1728//105 1729//105 1730//105
f 1731//105 1730//105 1729//105
f 1731//105 1729//105 1732//105
f 1733//105 1731//105 1732//105
f 1733//105 1732//105 1734//105
f 1735//105 1733//105 1734//105
f 1736//105 1735//105 1734//105
f 1736//105 1734//105 1737//105
f 1736//105 1737//105 1738//105
f 1739//105 1736//105 1738//105
f 1730//105 1739//105 1738//105
f 1728//105 1730//105 1738//105
f 1740//106 1741//106 1742//106
f 1743//106 1740//106 1742//106
f 1743//106 1742//106 1744//106
f 1745//106 1743//106 1744//106
f 1745//106 1744//106 1746//106
f 1745//106 1746//106 1747//106
f 1748//106 1745//106 1747//106
f 1749//106 1748//106 1747//106
f 1749//106 1747//106 1750//106
f 1749//106 1750//106 1741//106
f 1751//106 1749//106 1741//106
f 1751//106 1741//106 1740//106
o Line016_01_-_Default_0
v 1.112999 -0.726889 -12.487377
v 1.112999 -0.726890 -8.307584
v 1.112999 -0.926890 -8.307584
v 1.112999 -0.926889 -12.487377
v -14.637482 -0.726889 -12.487377
v 1.112999 -0.726889 -12.487377
v 1.112999 -0.926889 -12.487377
v -14.637482 -0.926889 -12.487377
v -14.637482 -0.726889 -15.143182
v -14.637482 -0.726889 -12.487377
v -14.637482 -0.926889 -12.487377
v -14.637482 -0.926889 -15.143182
v 9.155712 -0.726889 -15.143183
v -14.637482 -0.726889 -15.143182
v -14.637482 -0.926889 -15.143182
v 9.155712 -0.926889 -15.143183
v 9.155713 -0.726890 -8.307584
v 9.155712 -0.726889 -15.143183
v 9.155712 -0.926889 -15.143183
v 9.155713 -0.926890 -8.307584
v 1.112999 -0.726890 -8.307584
v 9.155713 -0.726890 -8.307584
v 9.155713 -0.926890 -8.307584
v 1.112999 -0.926890 -8.307584
v 9.255712 -0.726889 -15.243182
v 9.255713 -0.726890 -8.207584
v 9.255713 -0.926890 -8.207584
v 9.255712 -0.926889 -15.243182
v -14.737482 -0.726889 -15.243181
v 9.255712 -0.726889 -15.243182
v 9.255712 -0.926889 -15.243182
v -14.737482 -0.926889 -15.243181
v -14.737482 -0.726889 -12.387377
v -14.737482 -0.726889 -15.243181
v -14.737482 -0.926889 -15.243181
v -14.737482 -0.926889 -12.387377
v 1.012999 -0.726889 -12.387377
v -14.737482 -0.726889 -12.387377
v -14.737482 -0.926889 -12.387377
v 1.012999 -0.926889 -12.387377
v 1.012999 -0.726890 -8.207585
v 1.012999 -0.726889 -12.387377
v 1.012999 -0.926889 -12.387377
v 1.012999 -0.926890 -8.207585
v 9.255713 -0.726890 -8.207584
v 1.012999 -0.726890 -8.207585
v 1.012999 -0.926890 -8.207585
v 9.255713 -0.926890 -8.207584
v 9.155713 -0.926890 -8.307584
v 9.155712 -0.926889 -15.143183
v 9.255713 -0.926890 -8.207584
v 9.255712 -0.926889 -15.243182
v -14.637482 -0.926889 -15.143182
v -14.737482 -0.926889 -15.243181
v -14.637482 -0.926889 -12.487377
v -14.737482 -0.926889 -12.387377
v 1.012999 -0.926889 -12.387377
v 1.112999 -0.926889 -12.487377
v 1.112999 -0.926890 -8.307584
v 1.012999 -0.926890 -8.207585
v 9.155712 -0.726889 -15.143183
v 9.255713 -0.726890 -8.207584
v 9.255712 -0.726889 -15.243182
v -14.637482 -0.726889 -15.143182
v -14.737482 -0.726889 -15.243181
v -14.637482 -0.726889 -12.487377
v -14.737482 -0.726889 -12.387377
v 1.012999 -0.726889 -12.387377
v 1.112999 -0.726889 -12.487377
v 1.112999 -0.726890 -8.307584
v 1.012999 -0.726890 -8.207585
v 9.155713 -0.726890 -8.307584
vn 1.0000 -0.0000 -0.0000
vn -0.0000 -0.0000 -1.0000
vn -0.0000 -0.0000 1.0000
vn -1.0000 -0.0000 -0.0000
vn -0.0000 -1.0000 -0.0000
vn -0.0000 1.0000 -0.0000
s 0
f 1752//107 1753//107 1754//107
f 1754//107 1755//107 1752//107
f 1756//108 1757//108 1758//108
f 1758//108 1759//108 1756//108
f 1760//107 1761//107 1762//107
f 1762//107 1763//107 1760//107
f 1764//109 1765//109 1766//109
f 1766//109 1767//109 1764//109
f 1768//110 1769//110 1770//110
f 1770//110 1771//110 1768//110
f 1772//108 1773//108 1774//108
f 1774//108 1775//108 1772//108
f 1776//107 1777//107 1778//107
f 1778//107 1779//107 1776//107
f 1780//108 1781//108 1782//108
f 1782//108 1783//108 1780//108
f 1784//110 1785//110 1786//110
f 1786//110 1787//110 1784//110
f 1788//109 1789//109 1790//109
f 1790//109 1791//109 1788//109
f 1792//110 1793//110 1794//110
f 1794//110 1795//110 1792//110
f 1796//109 1797//109 1798//109
f 1798//109 1799//109 1796//109
f 1800//111 1801//111 1802//111
f 1803//111 1802//111 1801//111
f 1803//111 1801//111 1804//111
f 1805//111 1803//111 1804//111
f 1805//111 1804//111 1806//111
f 1807//111 1805//111 1806//111
f 1808//111 1807//111 1806//111
f 1808//111 1806//111 1809//111
f 1808//111 1809//111 1810//111
f 1811//111 1808//111 1810//111
f 1802//111 1811//111 1810//111
f 1800//111 1802//111 1810//111
f 1812//112 1813//112 1814//112
f 1815//112 1812//112 1814//112
f 1815//112 1814//112 1816//112
f 1817//112 1815//112 1816//112
f 1817//112 1816//112 1818//112
f 1817//112 1818//112 1819//112
f 1820//112 1817//112 1819//112
f 1821//112 1820//112 1819//112
f 1821//112 1819//112 1822//112
f 1821//112 1822//112 1813//112
f 1823//112 1821//112 1813//112
f 1823//112 1813//112 1812//112
o Box001_Solid_Glass_0
v 8.277098 -1.596458 1.327492
v 8.277098 -1.596456 11.494513
v 4.798774 -1.596456 11.494513
v 4.798774 -1.596458 1.327492
v 4.798774 -0.784782 1.327492
v 4.798774 -0.784780 11.494513
v 8.277098 -0.784782 1.327492
v 8.277098 -0.784780 11.494513
v 8.277098 -0.784780 11.494513
v 4.798774 -0.784780 11.494513
v 4.798774 -1.596456 11.494513
v 8.277098 -1.596456 11.494513
v 8.277098 -0.784782 1.327492
v 8.277098 -0.784780 11.494513
v 8.277098 -1.596456 11.494513
v 8.277098 -1.596458 1.327492
v 4.798774 -0.784782 1.327492
v 8.277098 -0.784782 1.327492
v 8.277098 -1.596458 1.327492
v 4.798774 -1.596458 1.327492
v 4.798774 -0.784780 11.494513
v 4.798774 -0.784782 1.327492
v 4.798774 -1.596458 1.327492
v 4.798774 -1.596456 11.494513
vn -0.0000 -1.0000 -0.0000
vn -0.0000 1.0000 -0.0000
vn -0.0000 -0.0000 1.0000
vn 1.0000 -0.0000 -0.0000
vn -0.0000 -0.0000 -1.0000
vn -1.0000 -0.0000 -0.0000
vt 0.000000 0.000000
vt 0.000000 1.000000
vt 1.000000 1.000000
vt 1.000000 0.000000
s 0
f 1824/1295/113 1825/1296/113 1826/1297/113
f 1826/1297/113 1827/1298/113 1824/1295/113
f 1828/1295/114 1829/1296/114 1830/1298/114
f 1830/1298/114 1829/1296/114 1831/1297/114
f 1832/1298/115 1833/1295/115 1834/1296/115
f 1832/1298/115 1834/1296/115 1835/1297/115
f 1836/1298/116 1837/1295/116 1838/1296/116
f 1836/1298/116 1838/1296/116 1839/1297/116
f 1840/1298/117 1841/1295/117 1842/1296/117
f 1840/1298/117 1842/1296/117 1843/1297/117
f 1844/1298/118 1845/1295/118 1846/1296/118
f 1844/1298/118 1846/1296/118 1847/1297/118
o Box011_03_-_Default_0
v -2.288324 0.385211 6.015047
v -2.288324 3.223057 6.051442
v -2.288324 3.223057 6.015047
v -2.288324 0.385211 6.051442
v 2.371494 3.223057 6.051441
v 2.371494 0.385211 6.015047
v 2.371494 3.223057 6.015047
v 2.371494 0.385211 6.051441
v 2.371494 0.385211 6.051441
v -2.288324 0.385211 6.051442
v 2.371494 0.385211 6.015047
v -2.288324 0.385211 6.015047
v 2.371494 3.223057 6.015047
v 2.371494 0.385211 6.015047
v -2.288324 0.385211 6.015047
v -2.288324 3.223057 6.015047
v 2.371494 3.223057 6.015047
v -2.288324 3.223057 6.051442
v 2.371494 3.223057 6.051441
v -2.288324 3.223057 6.015047
v 2.371494 3.223057 6.051441
v -2.288324 0.385211 6.051442
v 2.371494 0.385211 6.051441
v -2.288324 3.223057 6.051442
vn -1.0000 -0.0000 -0.0000
vn 1.0000 -0.0000 -0.0000
vn -0.0000 -1.0000 -0.0000
vn -0.0000 -0.0000 -1.0000
vn -0.0000 1.0000 -0.0000
vn -0.0000 -0.0000 1.0000
vt 0.000000 1.000000
vt 1.000000 0.000000
vt 0.000000 0.000000
vt 1.000000 1.000000
s 0
f 1848/1299/119 1849/1300/119 1850/1301/119
f 1849/1300/119 1848/1299/119 1851/1302/119
f 1852/1301/120 1853/1302/120 1854/1300/120
f 1853/1302/120 1852/1301/120 1855/1299/120
f 1856/1301/121 1857/1299/121 1858/1300/121
f 1858/1300/121 1857/1299/121 1859/1302/121
f 1860/1300/122 1861/1301/122 1862/1299/122
f 1860/1300/122 1862/1299/122 1863/1302/122
f 1864/1301/123 1865/1302/123 1866/1300/123
f 1865/1302/123 1864/1301/123 1867/1299/123
f 1868/1301/124 1869/1302/124 1870/1300/124
f 1869/1302/124 1868/1301/124 1871/1299/124
o Object001_03_-_Default_0
v -2.725130 3.175110 4.040436
v -7.358193 3.175110 4.028721
v -7.358193 0.354867 4.028720
v -2.725130 0.354867 4.040436
v -7.358193 0.354867 4.028720
v -7.358193 3.175110 4.028721
v -7.369909 3.175110 -0.804906
v -7.369909 0.354868 -0.804906
v -7.339003 0.354867 4.015877
v -2.725130 3.175110 4.015877
v -2.725130 0.354867 4.015877
v -7.339003 3.175110 4.015877
v -7.339003 3.175110 4.015877
v -7.339003 0.354867 4.015877
v -7.339003 3.175110 -0.804906
v -7.339003 0.354868 -0.804906
v -7.339003 0.354867 4.015877
v -2.725130 0.354867 4.040436
v -7.358193 0.354867 4.028720
v -2.725130 0.354867 4.015877
v -2.725130 3.175110 4.040436
v -2.725130 0.354867 4.040436
v -2.725130 0.354867 4.015877
v -2.725130 3.175110 4.015877
v -2.725130 3.175110 4.040436
v -7.339003 3.175110 4.015877
v -7.358193 3.175110 4.028721
v -2.725130 3.175110 4.015877
v -7.339003 3.175110 -0.804906
v -7.339003 0.354868 -0.804906
v -7.369909 0.354868 -0.804906
v -7.369909 3.175110 -0.804906
v -7.339003 0.354867 4.015877
v -7.369909 0.354868 -0.804906
v -7.339003 0.354868 -0.804906
v -7.358193 0.354867 4.028720
v -7.369909 3.175110 -0.804906
v -7.339003 3.175110 -0.804906
vn -0.0025 -0.0000 1.0000
vn -1.0000 -0.0000 0.0024
vn -0.0000 -0.0000 -1.0000
vn 1.0000 -0.0000 -0.0000
vn -0.0000 -1.0000 -0.0000
vn -0.0000 1.0000 -0.0000
vt 1.000000 0.000000
vt 0.000000 0.000000
vt 0.000000 1.000000
vt 1.000000 1.000000
s 0
f 1872/1303/125 1873/1304/125 1874/1305/125
f 1872/1303/125 1874/1305/125 1875/1306/125
f 1876/1303/126 1877/1304/126 1878/1305/126
f 1876/1303/126 1878/1305/126 1879/1306/126
f 1880/1305/127 1881/1303/127 1882/1306/127
f 1881/1303/127 1880/1305/127 1883/1304/127
f 1884/1304/128 1885/1303/128 1886/1305/128
f 1885/1303/128 1887/1306/128 1886/1305/128
f 1888/1305/129 1889/1306/129 1890/1305/129
f 1889/1306/129 1888/1305/129 1891/1306/129
f 1892/1303/128 1893/1306/128 1894/1306/128
f 1892/1303/128 1894/1306/128 1895/1303/128
f 1896/1303/130 1897/1304/130 1898/1304/130
f 1897/1304/130 1896/1303/130 1899/1303/130
f 1900/1305/127 1901/1306/127 1902/1306/127
f 1902/1306/127 1903/1305/127 1900/1305/127
f 1904/1303/129 1905/1306/129 1906/1306/129
f 1905/1306/129 1904/1303/129 1907/1303/129
f 1908/1305/130 1897/1304/130 1909/1305/130
f 1897/1304/130 1908/1305/130 1898/1304/130
o Object002_03_-_Default_0
v -2.725130 6.506183 3.961176
v -7.358193 6.506183 3.949460
v -7.358193 3.685940 3.949460
v -2.725130 3.685940 3.961175
v -7.358193 3.685940 3.949460
v -7.358193 6.506183 3.949460
v -7.369909 6.506183 -0.884166
v -7.369909 3.685941 -0.884167
v -7.339003 3.685940 3.936616
v -2.725130 6.506183 3.936617
v -2.725130 3.685940 3.936616
v -7.339003 6.506183 3.936617
v -7.339003 6.506183 3.936617
v -7.339003 3.685940 3.936616
v -7.339003 6.506183 -0.884166
v -7.339003 3.685941 -0.884167
v -7.339003 3.685940 3.936616
v -2.725130 3.685940 3.961175
v -7.358193 3.685940 3.949460
v -2.725130 3.685940 3.936616
v -2.725130 6.506183 3.961176
v -2.725130 3.685940 3.961175
v -2.725130 3.685940 3.936616
v -2.725130 6.506183 3.936617
v -2.725130 6.506183 3.961176
v -7.339003 6.506183 3.936617
v -7.358193 6.506183 3.949460
v -2.725130 6.506183 3.936617
v -7.339003 6.506183 -0.884166
v -7.339003 3.685941 -0.884167
v -7.369909 3.685941 -0.884167
v -7.369909 6.506183 -0.884166
v -7.339003 3.685940 3.936616
v -7.369909 3.685941 -0.884167
v -7.339003 3.685941 -0.884167
v -7.358193 3.685940 3.949460
v -7.369909 6.506183 -0.884166
v -7.339003 6.506183 -0.884166
vn -0.0025 -0.0000 1.0000
vn -1.0000 -0.0000 0.0024
vn -0.0000 -0.0000 -1.0000
vn 1.0000 -0.0000 -0.0000
vn -0.0000 -1.0000 -0.0000
vn -0.0000 1.0000 -0.0000
vt 1.000000 0.000000
vt 0.000000 0.000000
vt 0.000000 1.000000
vt 1.000000 1.000000
s 0
f 1910/1307/131 1911/1308/131 1912/1309/131
f 1910/1307/131 1912/1309/131 1913/1310/131
f 1914/1307/132 1915/1308/132 1916/1309/132
f 1914/1307/132 1916/1309/132 1917/1310/132
f 1918/1309/133 1919/1307/133 1920/1310/133
f 1919/1307/133 1918/1309/133 1921/1308/133
f 1922/1308/134 1923/1307/134 1924/1309/134
f 1923/1307/134 1925/1310/134 1924/1309/134
f 1926/1309/135 1927/1310/135 1928/1309/135
f 1927/1310/135 1926/1309/135 1929/1310/135
f 1930/1307/134 1931/1310/134 1932/1310/134
f 1930/1307/134 1932/1310/134 1933/1307/134
f 1934/1307/136 1935/1308/136 1936/1308/136
f 1935/1308/136 1934/1307/136 1937/1307/136
f 1938/1309/133 1939/1310/133 1940/1310/133
f 1940/1310/133 1941/1309/133 1938/1309/133
f 1942/1307/135 1943/1310/135 1944/1310/135
f 1943/1310/135 1942/1307/135 1945/1307/135
f 1946/1309/136 1935/1308/136 1947/1309/136
f 1935/1308/136 1946/1309/136 1936/1308/136
o Box018__0
v 0.050323 6.451293 -1.138049
v 0.050323 3.678789 -1.138049
v -0.828204 3.678789 -1.138049
v -0.828204 6.451293 -1.138049
v -0.828204 6.451293 -0.471077
v -0.828204 3.678789 -0.471078
v 0.050323 6.451293 -0.471077
v 0.050323 3.678789 -0.471078
v 0.050323 3.678789 -0.471078
v -0.828204 3.678789 -0.471078
v -0.828204 3.678789 -1.138049
v 0.050323 3.678789 -1.138049
v 0.050323 6.451293 -0.471077
v 0.050323 3.678789 -0.471078
v 0.050323 3.678789 -1.138049
v 0.050323 6.451293 -1.138049
v -0.828204 6.451293 -0.471077
v 0.050323 6.451293 -0.471077
v 0.050323 6.451293 -1.138049
v -0.828204 6.451293 -1.138049
v -0.828204 6.451293 -0.471077
v -0.828204 3.678789 -1.138049
v -0.828204 3.678789 -0.471078
v -0.828204 6.451293 -1.138049
vn -0.0000 -0.0000 -1.0000
vn -0.0000 -0.0000 1.0000
vn -0.0000 -1.0000 -0.0000
vn 1.0000 -0.0000 -0.0000
vn -0.0000 1.0000 -0.0000
vn -1.0000 -0.0000 -0.0000
vt 0.000000 0.000000
vt 0.000000 1.000000
vt 1.000000 1.000000
vt 1.000000 0.000000
s 0
f 1948/1311/137 1949/1312/137 1950/1313/137
f 1950/1313/137 1951/1314/137 1948/1311/137
f 1952/1311/138 1953/1312/138 1954/1314/138
f 1954/1314/138 1953/1312/138 1955/1313/138
f 1956/1314/139 1957/1311/139 1958/1312/139
f 1956/1314/139 1958/1312/139 1959/1313/139
f 1960/1314/140 1961/1311/140 1962/1312/140
f 1960/1314/140 1962/1312/140 1963/1313/140
f 1964/1314/141 1965/1311/141 1966/1312/141
f 1964/1314/141 1966/1312/141 1967/1313/141
f 1968/1311/142 1969/1313/142 1970/1314/142
f 1969/1313/142 1968/1311/142 1971/1312/142
o Object003_03_-_Default_0
v 8.399393 3.175110 -5.556493
v 8.387676 3.175110 -0.923428
v 8.387675 0.354867 -0.923428
v 8.399393 0.354867 -5.556493
v 8.387675 0.354867 -0.923428
v 8.387676 3.175110 -0.923428
v 3.554051 3.175110 -0.911715
v 3.554051 0.354868 -0.911715
v 8.374832 0.354867 -0.942618
v 8.374834 3.175110 -5.556493
v 8.374834 0.354867 -5.556493
v 8.374832 3.175110 -0.942618
v 8.374832 3.175110 -0.942618
v 8.374832 0.354867 -0.942618
v 3.554051 3.175110 -0.942620
v 3.554051 0.354868 -0.942620
v 8.374832 0.354867 -0.942618
v 8.399393 0.354867 -5.556493
v 8.387675 0.354867 -0.923428
v 8.374834 0.354867 -5.556493
v 8.399393 3.175110 -5.556493
v 8.399393 0.354867 -5.556493
v 8.374834 0.354867 -5.556493
v 8.374834 3.175110 -5.556493
v 8.399393 3.175110 -5.556493
v 8.374832 3.175110 -0.942618
v 8.387676 3.175110 -0.923428
v 8.374834 3.175110 -5.556493
v 3.554051 3.175110 -0.942620
v 3.554051 0.354868 -0.942620
v 3.554051 0.354868 -0.911715
v 3.554051 3.175110 -0.911715
v 8.374832 0.354867 -0.942618
v 3.554051 0.354868 -0.911715
v 3.554051 0.354868 -0.942620
v 8.387675 0.354867 -0.923428
v 3.554051 3.175110 -0.911715
v 3.554051 3.175110 -0.942620
vn 1.0000 -0.0000 0.0025
vn 0.0024 -0.0000 1.0000
vn -1.0000 -0.0000 -0.0000
vn -0.0000 -0.0000 -1.0000
vn -0.0000 -1.0000 -0.0000
vn -0.0000 1.0000 -0.0000
vt 1.000000 0.000000
vt 0.000000 0.000000
vt 0.000000 1.000000
vt 1.000000 1.000000
s 0
f 1972/1315/143 1973/1316/143 1974/1317/143
f 1972/1315/143 1974/1317/143 1975/1318/143
f 1976/1315/144 1977/1316/144 1978/1317/144
f 1976/1315/144 1978/1317/144 1979/1318/144
f 1980/1317/145 1981/1315/145 1982/1318/145
f 1981/1315/145 1980/1317/145 1983/1316/145
f 1984/1316/146 1985/1315/146 1986/1317/146
f 1985/1315/146 1987/1318/146 1986/1317/146
f 1988/1317/147 1989/1318/147 1990/1317/147
f 1989/1318/147 1988/1317/147 1991/1318/147
f 1992/1315/146 1993/1318/146 1994/1318/146
f 1992/1315/146 1994/1318/146 1995/1315/146
f 1996/1315/148 1997/1316/148 1998/1316/148
f 1997/1316/148 1996/1315/148 1999/1315/148
f 2000/1317/145 2001/1318/145 2002/1318/145
f 2002/1318/145 2003/1317/145 2000/1317/145
f 2004/1315/147 2005/1318/147 2006/1318/147
f 2005/1318/147 2004/1315/147 2007/1315/147
f 2008/1317/148 1997/1316/148 2009/1317/148
f 1997/1316/148 2008/1317/148 1998/1316/148
o Box028_14_-_Polished_Aluminum_0
v -11.888458 -0.794389 -5.270611
v -10.834991 -0.794389 -5.270611
v -11.888458 -0.794389 -4.896157
v -10.834991 -0.794389 -4.896157
v -10.834991 8.280899 -5.270613
v -11.888458 8.280899 -5.270613
v -11.888458 8.280899 -4.896158
v -10.834991 8.280899 -4.896158
v -11.888458 8.280899 -4.896158
v -11.888458 -0.794389 -4.896157
v -10.834991 8.280899 -4.896158
v -10.834991 -0.794389 -4.896157
v -10.834991 8.280899 -4.896158
v -10.834991 -0.794389 -4.896157
v -10.834991 8.280899 -5.270613
v -10.834991 -0.794389 -5.270611
v -10.834991 8.280899 -5.270613
v -10.834991 -0.794389 -5.270611
v -11.888458 8.280899 -5.270613
v -11.888458 -0.794389 -5.270611
v -11.888458 8.280899 -5.270613
v -11.888458 -0.794389 -5.270611
v -11.888458 8.280899 -4.896158
v -11.888458 -0.794389 -4.896157
vn -0.0000 -1.0000 -0.0000
vn -0.0000 1.0000 -0.0000
vn -0.0000 -0.0000 1.0000
vn 1.0000 -0.0000 -0.0000
vn -0.0000 -0.0000 -1.0000
vn -1.0000 -0.0000 -0.0000
vt 2.457017 -0.418673
vt 2.193651 -0.418673
vt 2.457017 -0.343782
vt 2.193651 -0.343782
vt -1.193651 -0.418673
vt -1.457018 -0.418673
vt -1.457018 -0.343782
vt -1.193651 -0.343782
vt -1.457018 -0.437665
vt -1.457018 1.831156
vt -1.193651 -0.437665
vt -1.193651 1.831156
vt 1.343782 -0.437665
vt 1.343782 1.831156
vt 1.418673 -0.437665
vt 1.418673 1.831156
vt 2.193651 -0.437665
vt 2.193651 1.831156
vt 2.457017 -0.437665
vt 2.457017 1.831156
vt -0.418673 -0.437665
vt -0.418673 1.831156
vt -0.343782 -0.437665
vt -0.343782 1.831156
s 0
f 2010/1319/149 2011/1320/149 2012/1321/149
f 2013/1322/149 2012/1321/149 2011/1320/149
f 2014/1323/150 2015/1324/150 2016/1325/150
f 2014/1323/150 2016/1325/150 2017/1326/150
f 2018/1327/151 2019/1328/151 2020/1329/151
f 2020/1329/151 2019/1328/151 2021/1330/151
f 2022/1331/152 2023/1332/152 2024/1333/152
f 2024/1333/152 2023/1332/152 2025/1334/152
f 2026/1335/153 2027/1336/153 2028/1337/153
f 2028/1337/153 2027/1336/153 2029/1338/153
f 2030/1339/154 2031/1340/154 2032/1341/154
f 2032/1341/154 2031/1340/154 2033/1342/154
o Box029_14_-_Polished_Aluminum_0
v -11.888458 -0.794389 -4.127118
v -10.834991 -0.794389 -4.127118
v -11.888458 -0.794389 -3.752663
v -10.834991 -0.794389 -3.752663
v -10.834991 8.280899 -4.127120
v -11.888458 8.280899 -4.127120
v -11.888458 8.280899 -3.752665
v -10.834991 8.280899 -3.752665
v -11.888458 8.280899 -3.752665
v -11.888458 -0.794389 -3.752663
v -10.834991 8.280899 -3.752665
v -10.834991 -0.794389 -3.752663
v -10.834991 8.280899 -3.752665
v -10.834991 -0.794389 -3.752663
v -10.834991 8.280899 -4.127120
v -10.834991 -0.794389 -4.127118
v -10.834991 8.280899 -4.127120
v -10.834991 -0.794389 -4.127118
v -11.888458 8.280899 -4.127120
v -11.888458 -0.794389 -4.127118
v -11.888458 8.280899 -4.127120
v -11.888458 -0.794389 -4.127118
v -11.888458 8.280899 -3.752665
v -11.888458 -0.794389 -3.752663
vn -0.0000 -1.0000 -0.0000
vn -0.0000 1.0000 -0.0000
vn -0.0000 -0.0000 1.0000
vn 1.0000 -0.0000 -0.0000
vn -0.0000 -0.0000 -1.0000
vn -1.0000 -0.0000 -0.0000
vt 2.457017 -0.189975
vt 2.193651 -0.189975
vt 2.457017 -0.115084
vt 2.193651 -0.115084
vt -1.193651 -0.189975
vt -1.457018 -0.189975
vt -1.457018 -0.115084
vt -1.193651 -0.115084
vt -1.457018 -0.437665
vt -1.457018 1.831156
vt -1.193651 -0.437665
vt -1.193651 1.831156
vt 1.115084 -0.437665
vt 1.115084 1.831156
vt 1.189975 -0.437665
vt 1.189975 1.831156
vt 2.193651 -0.437665
vt 2.193651 1.831156
vt 2.457017 -0.437665
vt 2.457017 1.831156
vt -0.189975 -0.437665
vt -0.189975 1.831156
vt -0.115084 -0.437665
vt -0.115084 1.831156
s 0
f 2034/1343/155 2035/1344/155 2036/1345/155
f 2037/1346/155 2036/1345/155 2035/1344/155
f 2038/1347/156 2039/1348/156 2040/1349/156
f 2038/1347/156 2040/1349/156 2041/1350/156
f 2042/1351/157 2043/1352/157 2044/1353/157
f 2044/1353/157 2043/1352/157 2045/1354/157
f 2046/1355/158 2047/1356/158 2048/1357/158
f 2048/1357/158 2047/1356/158 2049/1358/158
f 2050/1359/159 2051/1360/159 2052/1361/159
f 2052/1361/159 2051/1360/159 2053/1362/159
f 2054/1363/160 2055/1364/160 2056/1365/160
f 2056/1365/160 2055/1364/160 2057/1366/160
o Box030_14_-_Polished_Aluminum_0
v -11.888458 -0.794389 -2.983625
v -10.834991 -0.794389 -2.983625
v -11.888458 -0.794389 -2.609170
v -10.834991 -0.794389 -2.609170
v -10.834991 8.280899 -2.983626
v -11.888458 8.280899 -2.983626
v -11.888458 8.280899 -2.609171
v -10.834991 8.280899 -2.609171
v -11.888458 8.280899 -2.609171
v -11.888458 -0.794389 -2.609170
v -10.834991 8.280899 -2.609171
v -10.834991 -0.794389 -2.609170
v -10.834991 8.280899 -2.609171
v -10.834991 -0.794389 -2.609170
v -10.834991 8.280899 -2.983626
v -10.834991 -0.794389 -2.983625
v -10.834991 8.280899 -2.983626
v -10.834991 -0.794389 -2.983625
v -11.888458 8.280899 -2.983626
v -11.888458 -0.794389 -2.983625
v -11.888458 8.280899 -2.983626
v -11.888458 -0.794389 -2.983625
v -11.888458 8.280899 -2.609171
v -11.888458 -0.794389 -2.609170
vn -0.0000 -1.0000 -0.0000
vn -0.0000 1.0000 -0.0000
vn -0.0000 -0.0000 1.0000
vn 1.0000 -0.0000 -0.0000
vn -0.0000 -0.0000 -1.0000
vn -1.0000 -0.0000 -0.0000
vt 2.457018 0.038724
vt 2.193651 0.038724
vt 2.457018 0.113615
vt 2.193651 0.113615
vt -1.193651 0.038724
vt -1.457018 0.038724
vt -1.457018 0.113615
vt -1.193651 0.113615
vt -1.457018 -0.437665
vt -1.457018 1.831156
vt -1.193651 -0.437665
vt -1.193651 1.831156
vt 0.886385 -0.437665
vt 0.886385 1.831156
vt 0.961276 -0.437665
vt 0.961276 1.831156
vt 2.193651 -0.437665
vt 2.193651 1.831156
vt 2.457018 -0.437665
vt 2.457018 1.831156
vt 0.038724 -0.437665
vt 0.038724 1.831156
vt 0.113615 -0.437665
vt 0.113615 1.831156
s 0
f 2058/1367/161 2059/1368/161 2060/1369/161
f 2061/1370/161 2060/1369/161 2059/1368/161
f 2062/1371/162 2063/1372/162 2064/1373/162
f 2062/1371/162 2064/1373/162 2065/1374/162
f 2066/1375/163 2067/1376/163 2068/1377/163
f 2068/1377/163 2067/1376/163 2069/1378/163
f 2070/1379/164 2071/1380/164 2072/1381/164
f 2072/1381/164 2071/1380/164 2073/1382/164
f 2074/1383/165 2075/1384/165 2076/1385/165
f 2076/1385/165 2075/1384/165 2077/1386/165
f 2078/1387/166 2079/1388/166 2080/1389/166
f 2080/1389/166 2079/1388/166 2081/1390/166
o Box031_14_-_Polished_Aluminum_0
v -11.888458 -0.794389 -1.840132
v -10.834991 -0.794389 -1.840132
v -11.888458 -0.794389 -1.465677
v -10.834991 -0.794389 -1.465677
v -10.834991 8.280899 -1.840133
v -11.888458 8.280899 -1.840133
v -11.888458 8.280899 -1.465678
v -10.834991 8.280899 -1.465678
v -11.888458 8.280899 -1.465678
v -11.888458 -0.794389 -1.465677
v -10.834991 8.280899 -1.465678
v -10.834991 -0.794389 -1.465677
v -10.834991 8.280899 -1.465678
v -10.834991 -0.794389 -1.465677
v -10.834991 8.280899 -1.840133
v -10.834991 -0.794389 -1.840132
v -10.834991 8.280899 -1.840133
v -10.834991 -0.794389 -1.840132
v -11.888458 8.280899 -1.840133
v -11.888458 -0.794389 -1.840132
v -11.888458 8.280899 -1.840133
v -11.888458 -0.794389 -1.840132
v -11.888458 8.280899 -1.465678
v -11.888458 -0.794389 -1.465677
vn -0.0000 -1.0000 -0.0000
vn -0.0000 1.0000 -0.0000
vn -0.0000 -0.0000 1.0000
vn 1.0000 -0.0000 -0.0000
vn -0.0000 -0.0000 -1.0000
vn -1.0000 -0.0000 -0.0000
vt 2.457018 0.267422
vt 2.193651 0.267423
vt 2.457018 0.342313
vt 2.193651 0.342313
vt -1.193651 0.267423
vt -1.457018 0.267422
vt -1.457018 0.342313
vt -1.193651 0.342313
vt -1.457018 -0.437665
vt -1.457018 1.831156
vt -1.193651 -0.437665
vt -1.193651 1.831156
vt 0.657687 -0.437665
vt 0.657687 1.831156
vt 0.732577 -0.437665
vt 0.732577 1.831156
vt 2.193651 -0.437665
vt 2.193651 1.831156
vt 2.457018 -0.437665
vt 2.457018 1.831156
vt 0.267422 -0.437665
vt 0.267422 1.831156
vt 0.342313 -0.437665
vt 0.342313 1.831156
s 0
f 2082/1391/167 2083/1392/167 2084/1393/167
f 2085/1394/167 2084/1393/167 2083/1392/167
f 2086/1395/168 2087/1396/168 2088/1397/168
f 2086/1395/168 2088/1397/168 2089/1398/168
f 2090/1399/169 2091/1400/169 2092/1401/169
f 2092/1401/169 2091/1400/169 2093/1402/169
f 2094/1403/170 2095/1404/170 2096/1405/170
f 2096/1405/170 2095/1404/170 2097/1406/170
f 2098/1407/171 2099/1408/171 2100/1409/171
f 2100/1409/171 2099/1408/171 2101/1410/171
f 2102/1411/172 2103/1412/172 2104/1413/172
f 2104/1413/172 2103/1412/172 2105/1414/172
o Box032_Ceramic_0
v -6.519552 -0.794389 8.468997
v -7.358850 -0.794389 8.468997
v -6.519552 -0.794389 7.652166
v -7.358850 -0.794389 7.652166
v -6.519552 7.070649 7.652165
v -7.358850 7.070649 7.652165
v -7.358850 7.070649 8.468996
v -6.519552 7.070649 8.468996
v -7.358850 7.070649 8.468996
v -7.358850 -0.794389 8.468997
v -6.519552 7.070649 8.468996
v -6.519552 -0.794389 8.468997
v -6.519552 7.070649 8.468996
v -6.519552 -0.794389 8.468997
v -6.519552 7.070649 7.652165
v -6.519552 -0.794389 7.652166
v -6.519552 7.070649 7.652165
v -6.519552 -0.794389 7.652166
v -7.358850 7.070649 7.652165
v -7.358850 -0.794389 7.652166
v -7.358850 7.070649 7.652165
v -7.358850 -0.794389 7.652166
v -7.358850 7.070649 8.468996
v -7.358850 -0.794389 8.468997
vn -0.0000 -1.0000 -0.0000
vn -0.0000 1.0000 -0.0000
vn -0.0000 -0.0000 1.0000
vn 1.0000 -0.0000 -0.0000
vn -0.0000 -0.0000 -1.0000
vn -1.0000 -0.0000 -0.0000
vt 1.454843 1.470240
vt 1.622703 1.470240
vt 1.454843 1.306874
vt 1.622702 1.306874
vt -0.454843 1.306874
vt -0.622702 1.306874
vt -0.622703 1.470240
vt -0.454843 1.470240
vt -0.622703 -0.255896
vt -0.622703 1.442212
vt -0.454843 -0.255896
vt -0.454843 1.442212
vt -0.470240 -0.255896
vt -0.470240 1.442212
vt -0.306874 -0.255896
vt -0.306874 1.442212
vt 1.454843 -0.255896
vt 1.454843 1.442212
vt 1.622702 -0.255896
vt 1.622702 1.442212
vt 1.306874 -0.255896
vt 1.306874 1.442212
vt 1.470240 -0.255896
vt 1.470240 1.442212
s 0
f 2106/1415/173 2107/1416/173 2108/1417/173
f 2107/1416/173 2109/1418/173 2108/1417/173
f 2110/1419/174 2111/1420/174 2112/1421/174
f 2110/1419/174 2112/1421/174 2113/1422/174
f 2114/1423/175 2115/1424/175 2116/1425/175
f 2116/1425/175 2115/1424/175 2117/1426/175
f 2118/1427/176 2119/1428/176 2120/1429/176
f 2120/1429/176 2119/1428/176 2121/1430/176
f 2122/1431/177 2123/1432/177 2124/1433/177
f 2124/1433/177 2123/1432/177 2125/1434/177
f 2126/1435/178 2127/1436/178 2128/1437/178
f 2128/1437/178 2127/1436/178 2129/1438/178
o Box033_Ceramic_0
v -1.548740 -0.794389 4.328796
v -2.388037 -0.794389 4.328796
v -1.548740 -0.794389 3.511965
v -2.388037 -0.794389 3.511965
v -1.548740 8.627731 3.511964
v -2.388037 8.627731 3.511964
v -2.388037 8.627731 4.328795
v -1.548740 8.627731 4.328795
v -2.388037 8.627731 4.328795
v -2.388037 -0.794389 4.328796
v -1.548740 8.627731 4.328795
v -1.548740 -0.794389 4.328796
v -1.548740 8.627731 4.328795
v -1.548740 -0.794389 4.328796
v -1.548740 8.627731 3.511964
v -1.548740 -0.794389 3.511965
v -1.548740 8.627731 3.511964
v -1.548740 -0.794389 3.511965
v -2.388037 8.627731 3.511964
v -2.388037 -0.794389 3.511965
v -2.388037 8.627731 3.511964
v -2.388037 -0.794389 3.511965
v -2.388037 8.627731 4.328795
v -2.388037 -0.794389 4.328796
vn -0.0000 -1.0000 -0.0000
vn -0.0000 1.0000 -0.0000
vn -0.0000 -0.0000 1.0000
vn 1.0000 -0.0000 -0.0000
vn -0.0000 -0.0000 -1.0000
vn -1.0000 -0.0000 -0.0000
vt 0.460680 0.642201
vt 0.628540 0.642201
vt 0.460680 0.478835
vt 0.628540 0.478834
vt 0.539320 0.478835
vt 0.371460 0.478834
vt 0.371460 0.642201
vt 0.539320 0.642201
vt 0.371460 -0.442212
vt 0.371460 1.442212
vt 0.539320 -0.442212
vt 0.539320 1.442212
vt 0.357799 -0.442212
vt 0.357799 1.442212
vt 0.521165 -0.442212
vt 0.521165 1.442212
vt 0.460680 -0.442212
vt 0.460680 1.442212
vt 0.628540 -0.442212
vt 0.628540 1.442212
vt 0.478834 -0.442212
vt 0.478834 1.442212
vt 0.642201 -0.442212
vt 0.642201 1.442212
s 0
f 2130/1439/179 2131/1440/179 2132/1441/179
f 2131/1440/179 2133/1442/179 2132/1441/179
f 2134/1443/180 2135/1444/180 2136/1445/180
f 2134/1443/180 2136/1445/180 2137/1446/180
f 2138/1447/181 2139/1448/181 2140/1449/181
f 2140/1449/181 2139/1448/181 2141/1450/181
f 2142/1451/182 2143/1452/182 2144/1453/182
f 2144/1453/182 2143/1452/182 2145/1454/182
f 2146/1455/183 2147/1456/183 2148/1457/183
f 2148/1457/183 2147/1456/183 2149/1458/183
f 2150/1459/184 2151/1460/184 2152/1461/184
f 2152/1461/184 2151/1460/184 2153/1462/184
o Box034_Ceramic_0
v 1.439574 -0.794389 -0.416581
v 0.600276 -0.794389 -0.416581
v 1.439574 -0.794389 -1.233412
v 0.600276 -0.794389 -1.233412
v 1.439574 7.615970 -1.233413
v 0.600276 7.615970 -1.233413
v 0.600276 7.615970 -0.416582
v 1.439574 7.615970 -0.416582
v 0.600276 7.615970 -0.416582
v 0.600276 -0.794389 -0.416581
v 1.439574 7.615970 -0.416582
v 1.439574 -0.794389 -0.416581
v 1.439574 7.615970 -0.416582
v 1.439574 -0.794389 -0.416581
v 1.439574 7.615970 -1.233413
v 1.439574 -0.794389 -1.233412
v 1.439574 7.615970 -1.233413
v 1.439574 -0.794389 -1.233412
v 0.600276 7.615970 -1.233413
v 0.600276 -0.794389 -1.233412
v 0.600276 7.615970 -1.233413
v 0.600276 -0.794389 -1.233412
v 0.600276 7.615970 -0.416582
v 0.600276 -0.794389 -0.416581
vn -0.0000 -1.0000 -0.0000
vn -0.0000 1.0000 -0.0000
vn -0.0000 -0.0000 1.0000
vn 1.0000 -0.0000 -0.0000
vn -0.0000 -0.0000 -1.0000
vn -1.0000 -0.0000 -0.0000
vt -0.136983 -0.306874
vt 0.030877 -0.306874
vt -0.136983 -0.470240
vt 0.030877 -0.470241
vt 1.136983 -0.470240
vt 0.969123 -0.470241
vt 0.969123 -0.306874
vt 1.136983 -0.306874
vt 0.969123 -0.239859
vt 0.969123 1.442212
vt 1.136983 -0.239859
vt 1.136983 1.442212
vt 1.306874 -0.239859
vt 1.306874 1.442212
vt 1.470240 -0.239859
vt 1.470240 1.442212
vt -0.136983 -0.239859
vt -0.136983 1.442212
vt 0.030877 -0.239859
vt 0.030877 1.442212
vt -0.470241 -0.239859
vt -0.470241 1.442212
vt -0.306874 -0.239859
vt -0.306874 1.442212
s 0
f 2154/1463/185 2155/1464/185 2156/1465/185
f 2155/1464/185 2157/1466/185 2156/1465/185
f 2158/1467/186 2159/1468/186 2160/1469/186
f 2158/1467/186 2160/1469/186 2161/1470/186
f 2162/1471/187 2163/1472/187 2164/1473/187
f 2164/1473/187 2163/1472/187 2165/1474/187
f 2166/1475/188 2167/1476/188 2168/1477/188
f 2168/1477/188 2167/1476/188 2169/1478/188
f 2170/1479/189 2171/1480/189 2172/1481/189
f 2172/1481/189 2171/1480/189 2173/1482/189
f 2174/1483/190 2175/1484/190 2176/1485/190
f 2176/1485/190 2175/1484/190 2177/1486/190
o Box035_Ceramic_0
v 3.629713 -0.794389 8.062799
v 2.790416 -0.794389 8.062799
v 3.629713 -0.794389 7.245967
v 2.790416 -0.794389 7.245967
v 3.629713 10.369357 7.245966
v 2.790416 10.369357 7.245966
v 2.790416 10.369357 8.062798
v 3.629713 10.369357 8.062798
v 2.790416 10.369357 8.062798
v 2.790416 -0.794389 8.062799
v 3.629713 10.369357 8.062798
v 3.629713 -0.794389 8.062799
v 3.629713 10.369357 8.062798
v 3.629713 -0.794389 8.062799
v 3.629713 10.369357 7.245966
v 3.629713 -0.794389 7.245967
v 3.629713 10.369357 7.245966
v 3.629713 -0.794389 7.245967
v 2.790416 10.369357 7.245966
v 2.790416 -0.794389 7.245967
v 2.790416 10.369357 7.245966
v 2.790416 -0.794389 7.245967
v 2.790416 10.369357 8.062798
v 2.790416 -0.794389 8.062799
vn -0.0000 -1.0000 -0.0000
vn -0.0000 1.0000 -0.0000
vn -0.0000 -0.0000 1.0000
vn 1.0000 -0.0000 -0.0000
vn -0.0000 -0.0000 -1.0000
vn -1.0000 -0.0000 -0.0000
vt -0.622702 1.470241
vt -0.454843 1.470241
vt -0.622702 1.306875
vt -0.454843 1.306875
vt 1.622702 1.306875
vt 1.454843 1.306875
vt 1.454843 1.470241
vt 1.622702 1.470241
vt 1.454843 -0.255896
vt 1.454843 1.442212
vt 1.622702 -0.255896
vt 1.622702 1.442212
vt -0.470241 -0.255896
vt -0.470241 1.442212
vt -0.306875 -0.255896
vt -0.306875 1.442212
vt -0.622702 -0.255896
vt -0.622702 1.442212
vt -0.454843 -0.255896
vt -0.454843 1.442212
vt 1.306875 -0.255896
vt 1.306875 1.442212
vt 1.470241 -0.255896
vt 1.470241 1.442212
s 0
f 2178/1487/191 2179/1488/191 2180/1489/191
f 2179/1488/191 2181/1490/191 2180/1489/191
f 2182/1491/192 2183/1492/192 2184/1493/192
f 2182/1491/192 2184/1493/192 2185/1494/192
f 2186/1495/193 2187/1496/193 2188/1497/193
f 2188/1497/193 2187/1496/193 2189/1498/193
f 2190/1499/194 2191/1500/194 2192/1501/194
f 2192/1501/194 2191/1500/194 2193/1502/194
f 2194/1503/195 2195/1504/195 2196/1505/195
f 2196/1505/195 2195/1504/195 2197/1506/195
f 2198/1507/196 2199/1508/196 2200/1509/196
f 2200/1509/196 2199/1508/196 2201/1510/196
o Box060_11_-_Default_0
v -11.244007 -0.794389 -1.243281
v -7.518799 -0.794389 -1.243281
v -11.244007 -0.794389 -0.868826
v -7.518799 -0.794389 -0.868826
v -7.518799 7.243454 -1.243282
v -11.244007 7.243454 -1.243282
v -11.244007 7.243454 -0.868827
v -7.518799 7.243454 -0.868827
v -11.244007 7.243454 -0.868827
v -11.244007 -0.794389 -0.868826
v -7.518799 7.243454 -0.868827
v -7.518799 -0.794389 -0.868826
v -7.518799 7.243454 -0.868827
v -7.518799 -0.794389 -0.868826
v -7.518799 7.243454 -1.243282
v -7.518799 -0.794389 -1.243281
v -7.518799 7.243454 -1.243282
v -7.518799 -0.794389 -1.243281
v -11.244007 7.243454 -1.243282
v -11.244007 -0.794389 -1.243281
v -11.244007 7.243454 -1.243282
v -11.244007 -0.794389 -1.243281
v -11.244007 7.243454 -0.868827
v -11.244007 -0.794389 -0.868826
vn -0.0000 -1.0000 -0.0000
vn -0.0000 1.0000 -0.0000
vn -0.0000 -0.0000 1.0000
vn 1.0000 -0.0000 -0.0000
vn -0.0000 -0.0000 -1.0000
vn -1.0000 -0.0000 -0.0000
vt 1.985316 -0.524540
vt 0.743580 -0.524539
vt 1.985316 -0.430926
vt 0.743580 -0.430926
vt 0.256420 -0.524539
vt -0.985316 -0.524540
vt -0.985316 -0.430926
vt 0.256420 -0.430926
vt -0.985316 -1.200922
vt -0.985316 2.817997
vt 0.256420 -1.200922
vt 0.256420 2.817997
vt 1.430926 -1.200922
vt 1.430926 2.817997
vt 1.524539 -1.200922
vt 1.524539 2.817997
vt 0.743580 -1.200922
vt 0.743580 2.817997
vt 1.985316 -1.200922
vt 1.985316 2.817997
vt -0.524540 -1.200922
vt -0.524540 2.817997
vt -0.430926 -1.200922
vt -0.430926 2.817997
s 0
f 2202/1511/197 2203/1512/197 2204/1513/197
f 2205/1514/197 2204/1513/197 2203/1512/197
f 2206/1515/198 2207/1516/198 2208/1517/198
f 2206/1515/198 2208/1517/198 2209/1518/198
f 2210/1519/199 2211/1520/199 2212/1521/199
f 2212/1521/199 2211/1520/199 2213/1522/199
f 2214/1523/200 2215/1524/200 2216/1525/200
f 2216/1525/200 2215/1524/200 2217/1526/200
f 2218/1527/201 2219/1528/201 2220/1529/201
f 2220/1529/201 2219/1528/201 2221/1530/201
f 2222/1531/202 2223/1532/202 2224/1533/202
f 2224/1533/202 2223/1532/202 2225/1534/202
o Box061_11_-_Default_0
v -1.958263 -0.794389 1.432449
v -1.958263 -0.794389 6.953037
v -2.134648 -0.794389 6.953037
v -2.134648 -0.794389 1.432449
v -2.134648 11.242849 1.432447
v -2.134648 11.242850 6.953035
v -1.958263 11.242849 1.432447
v -1.958263 11.242850 6.953035
v -2.134648 11.242850 6.953035
v -2.134648 -0.794389 6.953037
v -1.958263 11.242850 6.953035
v -1.958263 -0.794389 6.953037
v -1.958263 11.242850 6.953035
v -1.958263 -0.794389 6.953037
v -1.958263 11.242849 1.432447
v -1.958263 -0.794389 1.432449
v -1.958263 11.242849 1.432447
v -1.958263 -0.794389 1.432449
v -2.134648 11.242849 1.432447
v -2.134648 -0.794389 1.432449
v -2.134648 11.242849 1.432447
v -2.134648 -0.794389 1.432449
v -2.134648 11.242850 6.953035
v -2.134648 -0.794389 6.953037
vn -0.0000 -1.0000 -0.0000
vn -0.0000 1.0000 -0.0000
vn -0.0000 -0.0000 1.0000
vn 1.0000 -0.0000 -0.0000
vn -0.0000 -0.0000 -1.0000
vn -1.0000 -0.0000 -0.0000
vt -0.985316 0.144393
vt -0.985316 1.524540
vt -0.926520 1.524540
vt -0.926521 0.144393
vt 1.926521 0.144393
vt 1.926520 1.524540
vt 1.985316 0.144393
vt 1.985316 1.524540
vt 1.926520 -1.817997
vt 1.926520 2.817997
vt 1.985316 -1.817997
vt 1.985316 2.817997
vt -0.524540 -1.817997
vt -0.524540 2.817997
vt 0.855607 -1.817997
vt 0.855607 2.817997
vt -0.985316 -1.817997
vt -0.985316 2.817997
vt -0.926521 -1.817997
vt -0.926521 2.817997
vt 0.144393 -1.817997
vt 0.144393 2.817997
vt 1.524540 -1.817997
vt 1.524540 2.817997
s 0
f 2226/1535/203 2227/1536/203 2228/1537/203
f 2228/1537/203 2229/1538/203 2226/1535/203
f 2230/1539/204 2231/1540/204 2232/1541/204
f 2232/1541/204 2231/1540/204 2233/1542/204
f 2234/1543/205 2235/1544/205 2236/1545/205
f 2236/1545/205 2235/1544/205 2237/1546/205
f 2238/1547/206 2239/1548/206 2240/1549/206
f 2240/1549/206 2239/1548/206 2241/1550/206
f 2242/1551/207 2243/1552/207 2244/1553/207
f 2244/1553/207 2243/1552/207 2245/1554/207
f 2246/1555/208 2247/1556/208 2248/1557/208
f 2248/1557/208 2247/1556/208 2249/1558/208
o Box062_03_-_Default_0
v 2.441727 1.562214 3.194919
v 2.441727 1.562214 5.121057
v 2.441727 2.758450 3.194919
v 2.441727 2.758450 5.121057
v 2.472749 2.758450 3.194919
v 2.472749 2.758450 5.121057
v 2.472749 1.562214 5.121057
v 2.472749 1.562214 3.194919
v 2.472749 1.562214 5.121057
v 2.441727 1.562214 3.194919
v 2.472749 1.562214 3.194919
v 2.441727 1.562214 5.121057
v 2.472749 2.758450 3.194919
v 2.472749 1.562214 3.194919
v 2.441727 1.562214 3.194919
v 2.441727 2.758450 3.194919
v 2.472749 2.758450 5.121057
v 2.472749 2.758450 3.194919
v 2.441727 2.758450 3.194919
v 2.441727 2.758450 5.121057
v 2.472749 2.758450 5.121057
v 2.441727 1.562214 5.121057
v 2.472749 1.562214 5.121057
v 2.441727 2.758450 5.121057
vn -1.0000 -0.0000 -0.0000
vn 1.0000 -0.0000 -0.0000
vn -0.0000 -1.0000 -0.0000
vn -0.0000 -0.0000 -1.0000
vn -0.0000 1.0000 -0.0000
vn -0.0000 -0.0000 1.0000
vt 0.000000 1.000000
vt 1.000000 1.000000
vt 0.000000 0.000000
vt 1.000000 0.000000
s 0
f 2250/1559/209 2251/1560/209 2252/1561/209
f 2251/1560/209 2253/1562/209 2252/1561/209
f 2254/1562/210 2255/1561/210 2256/1559/210
f 2254/1562/210 2256/1559/210 2257/1560/210
f 2258/1561/211 2259/1560/211 2260/1562/211
f 2259/1560/211 2258/1561/211 2261/1559/211
f 2262/1562/212 2263/1561/212 2264/1559/212
f 2262/1562/212 2264/1559/212 2265/1560/212
f 2266/1562/213 2267/1561/213 2268/1559/213
f 2266/1562/213 2268/1559/213 2269/1560/213
f 2270/1561/214 2271/1560/214 2272/1562/214
f 2271/1560/214 2270/1561/214 2273/1559/214
o Box063_03_-_Default_0
v 2.441727 1.562214 0.151321
v 2.441727 1.562214 2.077458
v 2.441727 2.758450 0.151321
v 2.441727 2.758450 2.077458
v 2.472749 2.758450 0.151321
v 2.472749 2.758450 2.077458
v 2.472749 1.562214 2.077458
v 2.472749 1.562214 0.151321
v 2.472749 1.562214 2.077458
v 2.441727 1.562214 0.151321
v 2.472749 1.562214 0.151321
v 2.441727 1.562214 2.077458
v 2.472749 2.758450 0.151321
v 2.472749 1.562214 0.151321
v 2.441727 1.562214 0.151321
v 2.441727 2.758450 0.151321
v 2.472749 2.758450 2.077458
v 2.472749 2.758450 0.151321
v 2.441727 2.758450 0.151321
v 2.441727 2.758450 2.077458
v 2.472749 2.758450 2.077458
v 2.441727 1.562214 2.077458
v 2.472749 1.562214 2.077458
v 2.441727 2.758450 2.077458
vn -1.0000 -0.0000 -0.0000
vn 1.0000 -0.0000 -0.0000
vn -0.0000 -1.0000 -0.0000
vn -0.0000 -0.0000 -1.0000
vn -0.0000 1.0000 -0.0000
vn -0.0000 -0.0000 1.0000
vt 0.000000 1.000000
vt 1.000000 1.000000
vt 0.000000 0.000000
vt 1.000000 0.000000
s 0
f 2274/1563/215 2275/1564/215 2276/1565/215
f 2275/1564/215 2277/1566/215 2276/1565/215
f 2278/1566/216 2279/1565/216 2280/1563/216
f 2278/1566/216 2280/1563/216 2281/1564/216
f 2282/1565/217 2283/1564/217 2284/1566/217
f 2283/1564/217 2282/1565/217 2285/1563/217
f 2286/1566/218 2287/1565/218 2288/1563/218
f 2286/1566/218 2288/1563/218 2289/1564/218
f 2290/1566/219 2291/1565/219 2292/1563/219
f 2290/1566/219 2292/1563/219 2293/1564/219
f 2294/1565/220 2295/1564/220 2296/1566/220
f 2295/1564/220 2294/1565/220 2297/1563/220
o Shape005_06_-_Default_0
v 2.482305 1.537214 2.102458
v 2.482303 1.537212 0.126318
v 2.482308 1.587212 0.176318
v 2.482305 1.587214 2.052458
v 2.482305 1.587214 2.052458
v 2.482308 1.587212 0.176318
v 2.432308 1.587217 0.176324
v 2.432305 1.587214 2.052458
v 2.432302 1.537217 0.126324
v 2.432305 1.537214 2.102458
v 2.432305 1.587214 2.052458
v 2.432308 1.587217 0.176324
v 2.482305 1.537214 2.102458
v 2.432302 1.537217 0.126324
v 2.482303 1.537212 0.126318
v 2.432305 1.537214 2.102458
v 2.482301 2.783454 0.126316
v 2.482309 2.733454 0.176316
v 2.482308 1.587212 0.176318
v 2.482309 2.733454 0.176316
v 2.432309 2.733445 0.176325
v 2.432308 1.587217 0.176324
v 2.432301 2.783445 0.126325
v 2.432309 2.733445 0.176325
v 2.482303 1.537212 0.126318
v 2.432301 2.783445 0.126325
v 2.482301 2.783454 0.126316
v 2.432302 1.537217 0.126324
v 2.482298 2.783456 2.102465
v 2.482312 2.733456 2.052465
v 2.482309 2.733454 0.176316
v 2.482312 2.733456 2.052465
v 2.432312 2.733443 2.052451
v 2.432309 2.733445 0.176325
v 2.432312 2.733443 2.052451
v 2.432298 2.783442 2.102451
v 2.482301 2.783454 0.126316
v 2.432298 2.783442 2.102451
v 2.482298 2.783456 2.102465
v 2.432301 2.783445 0.126325
v 2.482305 1.537214 2.102458
v 2.482305 1.587214 2.052458
v 2.482305 1.587214 2.052458
v 2.432312 2.733443 2.052451
v 2.482312 2.733456 2.052465
v 2.432305 1.587214 2.052458
v 2.432305 1.587214 2.052458
v 2.432305 1.537214 2.102458
v 2.482305 1.537214 2.102458
v 2.482298 2.783456 2.102465
v 2.432298 2.783442 2.102451
v 2.432305 1.537214 2.102458
v 2.482306 1.537214 5.146057
v 2.482303 1.537212 3.169917
v 2.482308 1.587212 3.219917
v 2.482306 1.587214 5.096057
v 2.482306 1.587214 5.096057
v 2.482308 1.587212 3.219917
v 2.432308 1.587217 3.219922
v 2.432306 1.587214 5.096057
v 2.432303 1.537217 3.169922
v 2.432306 1.537214 5.146057
v 2.432306 1.587214 5.096057
v 2.432308 1.587217 3.219922
v 2.482306 1.537214 5.146057
v 2.432303 1.537217 3.169922
v 2.482303 1.537212 3.169917
v 2.432306 1.537214 5.146057
v 2.482301 2.783454 3.169915
v 2.482310 2.733454 3.219915
v 2.482308 1.587212 3.219917
v 2.482310 2.733454 3.219915
v 2.432310 2.733445 3.219924
v 2.432308 1.587217 3.219922
v 2.432301 2.783445 3.169924
v 2.432310 2.733445 3.219924
v 2.482303 1.537212 3.169917
v 2.432301 2.783445 3.169924
v 2.482301 2.783454 3.169915
v 2.432303 1.537217 3.169922
v 2.482299 2.783456 5.146064
v 2.482313 2.733456 5.096064
v 2.482310 2.733454 3.219915
v 2.482313 2.733456 5.096064
v 2.432313 2.733443 5.096050
v 2.432310 2.733445 3.219924
v 2.432313 2.733443 5.096050
v 2.432299 2.783442 5.146050
v 2.482301 2.783454 3.169915
v 2.432299 2.783442 5.146050
v 2.482299 2.783456 5.146064
v 2.432301 2.783445 3.169924
v 2.482306 1.537214 5.146057
v 2.482306 1.587214 5.096057
v 2.482306 1.587214 5.096057
v 2.432313 2.733443 5.096050
v 2.482313 2.733456 5.096064
v 2.432306 1.587214 5.096057
v 2.432306 1.587214 5.096057
v 2.432306 1.537214 5.146057
v 2.482306 1.537214 5.146057
v 2.482299 2.783456 5.146064
v 2.432299 2.783442 5.146050
v 2.432306 1.537214 5.146057
v 0.557479 3.674438 3.916227
v -0.329941 3.674436 3.916229
v -0.279941 3.724436 3.916224
v 0.507479 3.724438 3.916227
v -0.279936 3.724441 3.966224
v 0.507479 3.724438 3.966227
v 0.507479 3.724438 3.916227
v -0.279941 3.724436 3.916224
v -0.329936 3.674441 3.966229
v 0.557479 3.674438 3.966227
v 0.507479 3.724438 3.966227
v -0.279936 3.724441 3.966224
v 0.557479 3.674438 3.916227
v -0.329936 3.674441 3.966229
v -0.329941 3.674436 3.916229
v 0.557479 3.674438 3.966227
v -0.329943 6.457392 3.916231
v -0.279943 6.407392 3.916223
v -0.279934 6.407383 3.966223
v -0.279941 3.724436 3.916224
v -0.279943 6.407392 3.916223
v -0.279936 3.724441 3.966224
v -0.279934 6.407383 3.966223
v -0.329934 6.457383 3.966231
v -0.329941 3.674436 3.916229
v -0.329934 6.457383 3.966231
v -0.329943 6.457392 3.916231
v -0.329936 3.674441 3.966229
v 0.557486 6.457395 3.916234
v 0.507486 6.407395 3.916220
v 0.507472 6.407381 3.966220
v -0.279943 6.407392 3.916223
v 0.507486 6.407395 3.916220
v -0.279934 6.407383 3.966223
v 0.557472 6.457381 3.966234
v 0.507472 6.407381 3.966220
v 0.557472 6.457381 3.966234
v -0.329943 6.457392 3.916231
v -0.329934 6.457383 3.966231
v 0.557486 6.457395 3.916234
v 0.557479 3.674438 3.916227
v 0.507479 3.724438 3.916227
v 0.507479 3.724438 3.916227
v 0.507472 6.407381 3.966220
v 0.507486 6.407395 3.916220
v 0.507479 3.724438 3.966227
v 0.507479 3.724438 3.966227
v 0.557479 3.674438 3.966227
v 0.557479 3.674438 3.916227
v 0.557486 6.457395 3.916234
v 0.557472 6.457381 3.966234
v 0.557479 3.674438 3.966227
v -0.642168 3.674438 3.916227
v -1.529589 3.674436 3.916230
v -1.479589 3.724436 3.916225
v -0.692169 3.724439 3.916227
v -1.479584 3.724441 3.966225
v -0.692169 3.724439 3.966227
v -0.692169 3.724439 3.916227
v -1.479589 3.724436 3.916225
v -1.529583 3.674441 3.966230
v -0.642168 3.674438 3.966227
v -0.692169 3.724439 3.966227
v -1.479584 3.724441 3.966225
v -0.642168 3.674438 3.916227
v -1.529583 3.674441 3.966230
v -1.529589 3.674436 3.916230
v -0.642168 3.674438 3.966227
v -1.529590 6.457392 3.916232
v -1.479591 6.407392 3.916223
v -1.479582 6.407383 3.966223
v -1.479589 3.724436 3.916225
v -1.479591 6.407392 3.916223
v -1.479584 3.724441 3.966225
v -1.479582 6.407383 3.966223
v -1.529582 6.457383 3.966232
v -1.529589 3.674436 3.916230
v -1.529582 6.457383 3.966232
v -1.529590 6.457392 3.916232
v -1.529583 3.674441 3.966230
v -0.642161 6.457395 3.916234
v -0.692161 6.407395 3.916220
v -0.692175 6.407381 3.966220
v -1.479591 6.407392 3.916223
v -0.692161 6.407395 3.916220
v -1.479582 6.407383 3.966223
v -0.642175 6.457381 3.966234
v -0.692175 6.407381 3.966220
v -0.642175 6.457381 3.966234
v -1.529590 6.457392 3.916232
v -1.529582 6.457383 3.966232
v -0.642161 6.457395 3.916234
v -0.642168 3.674438 3.916227
v -0.692169 3.724439 3.916227
v -0.692169 3.724439 3.916227
v -0.692175 6.407381 3.966220
v -0.692161 6.407395 3.916220
v -0.692169 3.724439 3.966227
v -0.692169 3.724439 3.966227
v -0.642168 3.674438 3.966227
v -0.642168 3.674438 3.916227
v -0.642161 6.457395 3.916234
v -0.642175 6.457381 3.966234
v -0.642168 3.674438 3.966227
v -1.501419 4.522144 -1.817738
v -1.501421 4.522142 -3.793878
v -1.501416 4.572142 -3.743878
v -1.501419 4.572145 -1.867738
v -1.501419 4.572145 -1.867738
v -1.501416 4.572142 -3.743878
v -1.551416 4.572147 -3.743872
v -1.551419 4.572145 -1.867738
v -1.551421 4.522147 -3.793872
v -1.551419 4.522144 -1.817738
v -1.551419 4.572145 -1.867738
v -1.551416 4.572147 -3.743872
v -1.501419 4.522144 -1.817738
v -1.551421 4.522147 -3.793872
v -1.501421 4.522142 -3.793878
v -1.551419 4.522144 -1.817738
v -1.501423 5.768384 -3.793880
v -1.501414 5.718384 -3.743879
v -1.501416 4.572142 -3.743878
v -1.501414 5.718384 -3.743879
v -1.551414 5.718375 -3.743871
v -1.551416 4.572147 -3.743872
v -1.551423 5.768375 -3.793871
v -1.551414 5.718375 -3.743871
v -1.501421 4.522142 -3.793878
v -1.551423 5.768375 -3.793871
v -1.501423 5.768384 -3.793880
v -1.551421 4.522147 -3.793872
v -1.501425 5.768387 -1.817731
v -1.501411 5.718387 -1.867731
v -1.501414 5.718384 -3.743879
v -1.501411 5.718387 -1.867731
v -1.551412 5.718372 -1.867745
v -1.551414 5.718375 -3.743871
v -1.551412 5.718372 -1.867745
v -1.551425 5.768373 -1.817744
v -1.501423 5.768384 -3.793880
v -1.551425 5.768373 -1.817744
v -1.501425 5.768387 -1.817731
v -1.551423 5.768375 -3.793871
v -1.501419 4.522144 -1.817738
v -1.501419 4.572145 -1.867738
v -1.501419 4.572145 -1.867738
v -1.551412 5.718372 -1.867745
v -1.501411 5.718387 -1.867731
v -1.551419 4.572145 -1.867738
v -1.551419 4.572145 -1.867738
v -1.551419 4.522144 -1.817738
v -1.501419 4.522144 -1.817738
v -1.501425 5.768387 -1.817731
v -1.551425 5.768373 -1.817744
v -1.551419 4.522144 -1.817738
v -1.503843 4.522065 -6.435727
v -1.503840 4.572068 -4.509587
v -1.503840 4.522068 -4.459587
v -1.503838 4.572065 -6.385727
v -1.503840 4.572068 -4.509587
v -1.503838 4.572065 -6.385727
v -1.553838 4.572070 -6.385722
v -1.553841 4.572068 -4.509587
v -1.553843 4.522070 -6.435721
v -1.553841 4.522068 -4.459587
v -1.553841 4.572068 -4.509587
v -1.553838 4.572070 -6.385722
v -1.503840 4.522068 -4.459587
v -1.553843 4.522070 -6.435721
v -1.503843 4.522065 -6.435727
v -1.553841 4.522068 -4.459587
v -1.503845 5.768308 -6.435729
v -1.503836 5.718307 -6.385729
v -1.503838 4.572065 -6.385727
v -1.503836 5.718307 -6.385729
v -1.553836 5.718298 -6.385720
v -1.553838 4.572070 -6.385722
v -1.553845 5.768299 -6.435719
v -1.553836 5.718298 -6.385720
v -1.503843 4.522065 -6.435727
v -1.553845 5.768299 -6.435719
v -1.503845 5.768308 -6.435729
v -1.553843 4.522070 -6.435721
v -1.503847 5.768310 -4.459580
v -1.503833 5.718309 -4.509580
v -1.503836 5.718307 -6.385729
v -1.503833 5.718309 -4.509580
v -1.553833 5.718296 -4.509594
v -1.553836 5.718298 -6.385720
v -1.553833 5.718296 -4.509594
v -1.553847 5.768296 -4.459594
v -1.503845 5.768308 -6.435729
v -1.553847 5.768296 -4.459594
v -1.503847 5.768310 -4.459580
v -1.553845 5.768299 -6.435719
v -1.503840 4.522068 -4.459587
v -1.503840 4.572068 -4.509587
v -1.503840 4.572068 -4.509587
v -1.553833 5.718296 -4.509594
v -1.503833 5.718309 -4.509580
v -1.553841 4.572068 -4.509587
v -1.553841 4.572068 -4.509587
v -1.553841 4.522068 -4.459587
v -1.503840 4.522068 -4.459587
v -1.503847 5.768310 -4.459580
v -1.553847 5.768296 -4.459594
v -1.553841 4.522068 -4.459587
v -6.828552 4.522065 -8.963553
v -4.902413 4.572067 -8.963556
v -4.852413 4.522067 -8.963556
v -6.778553 4.572065 -8.963558
v -6.778547 4.572070 -8.913559
v -4.902413 4.572067 -8.913556
v -4.902413 4.572067 -8.963556
v -6.778553 4.572065 -8.963558
v -6.828546 4.522070 -8.913553
v -4.852413 4.522067 -8.913556
v -4.902413 4.572067 -8.913556
v -6.778547 4.572070 -8.913559
v -4.852413 4.522067 -8.963556
v -6.828546 4.522070 -8.913553
v -6.828552 4.522065 -8.963553
v -4.852413 4.522067 -8.913556
v -6.828555 5.768307 -8.963552
v -6.778554 5.718307 -8.963560
v -6.778545 5.718298 -8.913561
v -6.778553 4.572065 -8.963558
v -6.778554 5.718307 -8.963560
v -6.778547 4.572070 -8.913559
v -6.778545 5.718298 -8.913561
v -6.828545 5.768298 -8.913552
v -6.828552 4.522065 -8.963553
v -6.828545 5.768298 -8.913552
v -6.828555 5.768307 -8.963552
v -6.828546 4.522070 -8.913553
v -4.852406 5.768310 -8.963549
v -4.902406 5.718309 -8.963563
v -4.902420 5.718296 -8.913563
v -6.778554 5.718307 -8.963560
v -4.902406 5.718309 -8.963563
v -6.778545 5.718298 -8.913561
v -4.902420 5.718296 -8.913563
v -4.852420 5.768295 -8.913548
v -4.852420 5.768295 -8.913548
v -6.828555 5.768307 -8.963552
v -6.828545 5.768298 -8.913552
v -4.852406 5.768310 -8.963549
v -4.852413 4.522067 -8.963556
v -4.902413 4.572067 -8.963556
v -4.902413 4.572067 -8.963556
v -4.902420 5.718296 -8.913563
v -4.902406 5.718309 -8.963563
v -4.902413 4.572067 -8.913556
v -4.902413 4.572067 -8.913556
v -4.852413 4.522067 -8.913556
v -4.852413 4.522067 -8.963556
v -4.852406 5.768310 -8.963549
v -4.852420 5.768295 -8.913548
v -4.852413 4.522067 -8.913556
v -2.205114 4.522067 -8.963556
v -4.181253 4.522065 -8.963553
v -4.131253 4.572064 -8.963558
v -2.255114 4.572067 -8.963556
v -4.131248 4.572070 -8.913559
v -2.255114 4.572067 -8.913556
v -2.255114 4.572067 -8.963556
v -4.131253 4.572064 -8.963558
v -4.181248 4.522070 -8.913553
v -2.205114 4.522067 -8.913556
v -2.255114 4.572067 -8.913556
v -4.131248 4.572070 -8.913559
v -2.205114 4.522067 -8.963556
v -4.181248 4.522070 -8.913553
v -4.181253 4.522065 -8.963553
v -2.205114 4.522067 -8.913556
v -4.181255 5.768307 -8.963552
v -4.131255 5.718307 -8.963560
v -4.131247 5.718298 -8.913561
v -4.131253 4.572064 -8.963558
v -4.131255 5.718307 -8.963560
v -4.131248 4.572070 -8.913559
v -4.131247 5.718298 -8.913561
v -4.181247 5.768298 -8.913552
v -4.181253 4.522065 -8.963553
v -4.181247 5.768298 -8.913552
v -4.181255 5.768307 -8.963552
v -4.181248 4.522070 -8.913553
v -2.205107 5.768310 -8.963549
v -2.255107 5.718309 -8.963563
v -2.255121 5.718296 -8.913563
v -4.131255 5.718307 -8.963560
v -2.255107 5.718309 -8.963563
v -4.131247 5.718298 -8.913561
v -2.255121 5.718296 -8.913563
v -2.205121 5.768295 -8.913548
v -2.205121 5.768295 -8.913548
v -4.181255 5.768307 -8.963552
v -4.181247 5.768298 -8.913552
v -2.205107 5.768310 -8.963549
v -2.205114 4.522067 -8.963556
v -2.255114 4.572067 -8.963556
v -2.255114 4.572067 -8.963556
v -2.255121 5.718296 -8.913563
v -2.255107 5.718309 -8.963563
v -2.255114 4.572067 -8.913556
v -2.255114 4.572067 -8.913556
v -2.205114 4.522067 -8.913556
v -2.205114 4.522067 -8.963556
v -2.205107 5.768310 -8.963549
v -2.205121 5.768295 -8.913548
v -2.205114 4.522067 -8.913556
v -6.836199 1.389056 -10.785992
v -4.910059 1.439059 -10.785995
v -4.860059 1.389059 -10.785995
v -6.786200 1.439056 -10.785996
v -6.786194 1.439061 -10.735997
v -4.910059 1.439059 -10.735994
v -4.910059 1.439059 -10.785995
v -6.786200 1.439056 -10.785996
v -6.836194 1.389061 -10.735991
v -4.860059 1.389059 -10.735994
v -4.910059 1.439059 -10.735994
v -6.786194 1.439061 -10.735997
v -4.860059 1.389059 -10.785995
v -6.836194 1.389061 -10.735991
v -6.836199 1.389056 -10.785992
v -4.860059 1.389059 -10.735994
v -6.836201 2.635298 -10.785991
v -6.786201 2.585298 -10.785999
v -6.786191 2.585289 -10.735999
v -6.786200 1.439056 -10.785996
v -6.786201 2.585298 -10.785999
v -6.786194 1.439061 -10.735997
v -6.786191 2.585289 -10.735999
v -6.836192 2.635289 -10.735991
v -6.836199 1.389056 -10.785992
v -6.836192 2.635289 -10.735991
v -6.836201 2.635298 -10.785991
v -6.836194 1.389061 -10.735991
v -4.860052 2.635301 -10.785987
v -4.910052 2.585301 -10.786001
v -4.910066 2.585287 -10.736001
v -6.786201 2.585298 -10.785999
v -4.910052 2.585301 -10.786001
v -6.786191 2.585289 -10.735999
v -4.860066 2.635287 -10.735988
v -4.910066 2.585287 -10.736001
v -4.860066 2.635287 -10.735988
v -6.836201 2.635298 -10.785991
v -6.836192 2.635289 -10.735991
v -4.860052 2.635301 -10.785987
v -4.860059 1.389059 -10.785995
v -4.910059 1.439059 -10.785995
v -4.910059 1.439059 -10.785995
v -4.910066 2.585287 -10.736001
v -4.910052 2.585301 -10.786001
v -4.910059 1.439059 -10.735994
v -4.910059 1.439059 -10.735994
v -4.860059 1.389059 -10.735994
v -4.860059 1.389059 -10.785995
v -4.860052 2.635301 -10.785987
v -4.860066 2.635287 -10.735988
v -4.860059 1.389059 -10.735994
v -2.202038 1.389059 -10.785995
v -4.178178 1.389056 -10.785992
v -4.128178 1.439056 -10.785996
v -2.252038 1.439059 -10.785995
v -4.128172 1.439061 -10.735997
v -2.252038 1.439059 -10.735994
v -2.252038 1.439059 -10.785995
v -4.128178 1.439056 -10.785996
v -4.178172 1.389061 -10.735991
v -2.202038 1.389059 -10.735994
v -2.252038 1.439059 -10.735994
v -4.128172 1.439061 -10.735997
v -2.202038 1.389059 -10.785995
v -4.178172 1.389061 -10.735991
v -4.178178 1.389056 -10.785992
v -2.202038 1.389059 -10.735994
v -4.178179 2.635298 -10.785991
v -4.128179 2.585298 -10.785999
v -4.128170 2.585289 -10.735999
v -4.128178 1.439056 -10.785996
v -4.128179 2.585298 -10.785999
v -4.128172 1.439061 -10.735997
v -4.128170 2.585289 -10.735999
v -4.178171 2.635289 -10.735991
v -4.178178 1.389056 -10.785992
v -4.178171 2.635289 -10.735991
v -4.178179 2.635298 -10.785991
v -4.178172 1.389061 -10.735991
v -2.202032 2.635301 -10.785987
v -2.252031 2.585301 -10.786001
v -2.252045 2.585287 -10.736001
v -4.128179 2.585298 -10.785999
v -2.252031 2.585301 -10.786001
v -4.128170 2.585289 -10.735999
v -2.202045 2.635287 -10.735988
v -2.252045 2.585287 -10.736001
v -2.202045 2.635287 -10.735988
v -4.178179 2.635298 -10.785991
v -4.178171 2.635289 -10.735991
v -2.202032 2.635301 -10.785987
v -2.202038 1.389059 -10.785995
v -2.252038 1.439059 -10.785995
v -2.252038 1.439059 -10.785995
v -2.252045 2.585287 -10.736001
v -2.252031 2.585301 -10.786001
v -2.252038 1.439059 -10.735994
v -2.252038 1.439059 -10.735994
v -2.202038 1.389059 -10.735994
v -2.202038 1.389059 -10.785995
v -2.202032 2.635301 -10.785987
v -2.202045 2.635287 -10.735988
v -2.202038 1.389059 -10.735994
v 7.499930 1.389059 -5.834544
v 5.523790 1.389056 -5.834541
v 5.573790 1.439056 -5.834546
v 7.449930 1.439059 -5.834544
v 5.573795 1.439061 -5.784547
v 7.449930 1.439059 -5.784544
v 7.449930 1.439059 -5.834544
v 5.573790 1.439056 -5.834546
v 5.523795 1.389061 -5.784542
v 7.499930 1.389059 -5.784544
v 7.449930 1.439059 -5.784544
v 5.573795 1.439061 -5.784547
v 7.499930 1.389059 -5.834544
v 5.523795 1.389061 -5.784542
v 5.523790 1.389056 -5.834541
v 7.499930 1.389059 -5.784544
v 5.523788 2.635298 -5.834540
v 5.573788 2.585298 -5.834548
v 5.573797 2.585289 -5.784548
v 5.573790 1.439056 -5.834546
v 5.573788 2.585298 -5.834548
v 5.573795 1.439061 -5.784547
v 5.573797 2.585289 -5.784548
v 5.523797 2.635289 -5.784540
v 5.523790 1.389056 -5.834541
v 5.523797 2.635289 -5.784540
v 5.523788 2.635298 -5.834540
v 5.523795 1.389061 -5.784542
v 7.499937 2.635301 -5.834538
v 7.449937 2.585301 -5.834551
v 7.449923 2.585287 -5.784551
v 5.573788 2.585298 -5.834548
v 7.449937 2.585301 -5.834551
v 5.573797 2.585289 -5.784548
v 7.499923 2.635287 -5.784537
v 7.449923 2.585287 -5.784551
v 7.499923 2.635287 -5.784537
v 5.523788 2.635298 -5.834540
v 5.523797 2.635289 -5.784540
v 7.499937 2.635301 -5.834538
v 7.499930 1.389059 -5.834544
v 7.449930 1.439059 -5.834544
v 7.449930 1.439059 -5.834544
v 7.449923 2.585287 -5.784551
v 7.449937 2.585301 -5.834551
v 7.449930 1.439059 -5.784544
v 7.449930 1.439059 -5.784544
v 7.499930 1.389059 -5.784544
v 7.499930 1.389059 -5.834544
v 7.499937 2.635301 -5.834538
v 7.499923 2.635287 -5.784537
v 7.499930 1.389059 -5.784544
v 3.540472 1.389059 -5.834543
v 1.564332 1.389056 -5.834541
v 1.614332 1.439056 -5.834546
v 3.490471 1.439059 -5.834543
v 1.614337 1.439061 -5.784546
v 3.490471 1.439059 -5.784544
v 3.490471 1.439059 -5.834543
v 1.614332 1.439056 -5.834546
v 1.564337 1.389061 -5.784541
v 3.540472 1.389059 -5.784544
v 3.490471 1.439059 -5.784544
v 1.614337 1.439061 -5.784546
v 3.540472 1.389059 -5.834543
v 1.564337 1.389061 -5.784541
v 1.564332 1.389056 -5.834541
v 3.540472 1.389059 -5.784544
v 1.564330 2.635298 -5.834539
v 1.614330 2.585298 -5.834548
v 1.614339 2.585289 -5.784548
v 1.614332 1.439056 -5.834546
v 1.614330 2.585298 -5.834548
v 1.614337 1.439061 -5.784546
v 1.614339 2.585289 -5.784548
v 1.564339 2.635289 -5.784539
v 1.564332 1.389056 -5.834541
v 1.564339 2.635289 -5.784539
v 1.564330 2.635298 -5.834539
v 1.564337 1.389061 -5.784541
v 3.540478 2.635301 -5.834537
v 3.490479 2.585301 -5.834550
v 3.490464 2.585287 -5.784550
v 1.614330 2.585298 -5.834548
v 3.490479 2.585301 -5.834550
v 1.614339 2.585289 -5.784548
v 3.540464 2.635287 -5.784536
v 3.490464 2.585287 -5.784550
v 3.540464 2.635287 -5.784536
v 1.564330 2.635298 -5.834539
v 1.564339 2.635289 -5.784539
v 3.540478 2.635301 -5.834537
v 3.540472 1.389059 -5.834543
v 3.490471 1.439059 -5.834543
v 3.490471 1.439059 -5.834543
v 3.490464 2.585287 -5.784550
v 3.490479 2.585301 -5.834550
v 3.490471 1.439059 -5.784544
v 3.490471 1.439059 -5.784544
v 3.540472 1.389059 -5.784544
v 3.540472 1.389059 -5.834543
v 3.540478 2.635301 -5.834537
v 3.540464 2.635287 -5.784536
v 3.540472 1.389059 -5.784544
v 0.901776 1.389059 -5.834543
v -1.074363 1.389056 -5.834540
v -1.024363 1.439056 -5.834545
v 0.851776 1.439059 -5.834543
v -1.024358 1.439061 -5.784546
v 0.851776 1.439059 -5.784544
v 0.851776 1.439059 -5.834543
v -1.024363 1.439056 -5.834545
v -1.074358 1.389061 -5.784541
v 0.901776 1.389059 -5.784544
v 0.851776 1.439059 -5.784544
v -1.024358 1.439061 -5.784546
v 0.901776 1.389059 -5.834543
v -1.074358 1.389061 -5.784541
v -1.074363 1.389056 -5.834540
v 0.901776 1.389059 -5.784544
v -1.074365 2.635298 -5.834539
v -1.024365 2.585298 -5.834548
v -1.024356 2.585289 -5.784547
v -1.024363 1.439056 -5.834545
v -1.024365 2.585298 -5.834548
v -1.024358 1.439061 -5.784546
v -1.024356 2.585289 -5.784547
v -1.074356 2.635289 -5.784539
v -1.074363 1.389056 -5.834540
v -1.074356 2.635289 -5.784539
v -1.074365 2.635298 -5.834539
v -1.074358 1.389061 -5.784541
v 0.901783 2.635301 -5.834537
v 0.851783 2.585301 -5.834550
v 0.851769 2.585287 -5.784550
v -1.024365 2.585298 -5.834548
v 0.851783 2.585301 -5.834550
v -1.024356 2.585289 -5.784547
v 0.901769 2.635287 -5.784536
v 0.851769 2.585287 -5.784550
v 0.901769 2.635287 -5.784536
v -1.074365 2.635298 -5.834539
v -1.074356 2.635289 -5.784539
v 0.901783 2.635301 -5.834537
v 0.901776 1.389059 -5.834543
v 0.851776 1.439059 -5.834543
v 0.851776 1.439059 -5.834543
v 0.851769 2.585287 -5.784550
v 0.851783 2.585301 -5.834550
v 0.851776 1.439059 -5.784544
v 0.851776 1.439059 -5.784544
v 0.901776 1.389059 -5.784544
v 0.901776 1.389059 -5.834543
v 0.901783 2.635301 -5.834537
v 0.901769 2.635287 -5.784536
v 0.901776 1.389059 -5.784544
v -7.325881 0.329890 -0.603770
v -7.325881 0.329889 4.026991
v -7.375881 0.329845 4.026991
v -7.375881 0.329846 -0.603814
v -7.325924 0.379890 -0.553770
v -7.325924 0.379889 4.026991
v -7.325881 0.329889 4.026991
v -7.325881 0.329890 -0.603770
v -7.325924 0.379890 -0.553770
v -7.375925 0.379845 4.026991
v -7.325924 0.379889 4.026991
v -7.375925 0.379846 -0.553814
v -7.375881 0.329845 4.026991
v -7.375925 0.379846 -0.553814
v -7.375881 0.329846 -0.603814
v -7.375925 0.379845 4.026991
v -7.325881 3.200089 -0.603770
v -7.325881 0.329890 -0.603770
v -7.375881 0.329846 -0.603814
v -7.375881 3.200132 -0.603814
v -7.325881 3.200089 -0.603770
v -7.325924 3.150088 -0.553770
v -7.325924 3.150088 -0.553770
v -7.375925 0.379846 -0.553814
v -7.325924 0.379890 -0.553770
v -7.375925 3.150132 -0.553813
v -7.375881 3.200132 -0.603814
v -7.375925 3.150132 -0.553813
v -7.318986 3.190319 3.995074
v -7.325881 3.200089 -0.603770
v -7.375881 3.200132 -0.603814
v -7.366112 3.207026 4.042200
v -7.318986 3.190319 3.995074
v -7.335694 3.143193 4.011782
v -7.335694 3.143193 4.011782
v -7.375925 3.150132 -0.553813
v -7.325924 3.150088 -0.553770
v -7.382820 3.159901 4.058908
v -7.382820 3.159901 4.058908
v -7.366112 3.207026 4.042200
v -2.718501 3.200131 4.051969
v -2.718544 3.200088 4.001969
v -2.768544 3.150088 4.002013
v -7.335694 3.143193 4.011782
v -7.318986 3.190319 3.995074
v -2.718544 3.200088 4.001969
v -2.768501 3.150131 4.052012
v -2.768544 3.150088 4.002013
v -2.768501 3.150131 4.052012
v -7.366112 3.207026 4.042200
v -7.382820 3.159901 4.058908
v -2.718501 3.200131 4.051969
v -2.718544 3.200088 4.001969
v -2.718501 0.329845 4.051969
v -2.718544 0.329889 4.001968
v -2.718501 3.200131 4.051969
v -2.718544 0.329889 4.001968
v -2.768544 0.379889 4.002012
v -2.768544 0.379889 4.002012
v -2.768501 3.150131 4.052012
v -2.768544 3.150088 4.002013
v -2.768501 0.379845 4.052012
v -2.718501 0.329845 4.051969
v -2.768501 0.379845 4.052012
v -2.718544 0.329889 4.001968
v -7.375925 0.329845 4.051969
v -7.375881 0.329889 4.001969
v -2.718501 0.329845 4.051969
v -7.375881 0.329889 4.001969
v -7.325881 0.379889 4.002012
v -7.325924 0.379845 4.052012
v -2.768501 0.379845 4.052012
v -2.768544 0.379889 4.002012
v -7.325881 0.379889 4.002012
v -7.375925 0.329845 4.051969
v -7.325924 0.379845 4.052012
v -7.375881 0.329889 4.001969
v -7.375925 3.175110 4.051970
v -7.375881 3.175110 4.001969
v -7.375925 0.329845 4.051969
v -7.375881 3.175110 4.001969
v -7.325881 3.175110 4.002013
v -7.325924 3.175110 4.052013
v -7.325881 0.379889 4.002012
v -7.325881 3.175110 4.002013
v -7.325924 0.379845 4.052012
v -7.325924 3.175110 4.052013
v -7.375925 3.175110 4.051970
v -7.325881 0.329889 4.026991
v -7.375925 0.379845 4.026991
v -7.375881 0.329845 4.026991
v -7.325924 0.379889 4.026991
v -7.325924 3.175110 4.052013
v -7.325881 3.175110 4.002013
v -7.375925 3.175110 4.051970
v -7.375881 3.175110 4.001969
v -7.325881 3.660963 -0.690354
v -7.325881 3.660962 3.940407
v -7.375881 3.660919 3.940407
v -7.375881 3.660919 -0.690398
v -7.325924 3.710963 -0.640354
v -7.325924 3.710962 3.940407
v -7.325881 3.660962 3.940407
v -7.325881 3.660963 -0.690354
v -7.325924 3.710963 -0.640354
v -7.375925 3.710919 3.940407
v -7.325924 3.710962 3.940407
v -7.375925 3.710919 -0.640398
v -7.375881 3.660919 3.940407
v -7.375925 3.710919 -0.640398
v -7.375881 3.660919 -0.690398
v -7.375925 3.710919 3.940407
v -7.325881 6.531162 -0.690354
v -7.325881 3.660963 -0.690354
v -7.375881 3.660919 -0.690398
v -7.375881 6.531206 -0.690397
v -7.325881 6.531162 -0.690354
v -7.325924 6.481162 -0.640354
v -7.325924 6.481162 -0.640354
v -7.375925 3.710919 -0.640398
v -7.325924 3.710963 -0.640354
v -7.375925 6.481205 -0.640397
v -7.375881 6.531206 -0.690397
v -7.375925 6.481205 -0.640397
v -7.318986 6.521392 3.908490
v -7.325881 6.531162 -0.690354
v -7.375881 6.531206 -0.690397
v -7.366112 6.538100 3.955616
v -7.318986 6.521392 3.908490
v -7.335694 6.474266 3.925198
v -7.335694 6.474266 3.925198
v -7.375925 6.481205 -0.640397
v -7.325924 6.481162 -0.640354
v -7.382820 6.490974 3.972324
v -7.382820 6.490974 3.972324
v -7.366112 6.538100 3.955616
v -2.756591 6.531204 3.965385
v -2.756635 6.531161 3.915385
v -2.806635 6.481161 3.915429
v -7.335694 6.474266 3.925198
v -7.318986 6.521392 3.908490
v -2.756635 6.531161 3.915385
v -2.806592 6.481204 3.965429
v -2.806635 6.481161 3.915429
v -2.806592 6.481204 3.965429
v -7.366112 6.538100 3.955616
v -7.382820 6.490974 3.972324
v -2.756591 6.531204 3.965385
v -2.756635 3.660962 3.915385
v -2.756635 6.531161 3.915385
v -2.756591 6.531204 3.965385
v -2.756591 3.660919 3.965385
v -2.756635 3.660962 3.915385
v -2.806635 3.710962 3.915428
v -2.806635 3.710962 3.915428
v -2.806592 6.481204 3.965429
v -2.806635 6.481161 3.915429
v -2.806592 3.710919 3.965428
v -2.756591 3.660919 3.965385
v -2.806592 3.710919 3.965428
v -2.756635 3.660962 3.915385
v -7.375925 3.660919 3.965385
v -7.375881 3.660962 3.915385
v -2.756591 3.660919 3.965385
v -7.375881 3.660962 3.915385
v -7.325881 3.710962 3.915428
v -7.325924 3.710919 3.965429
v -2.806592 3.710919 3.965428
v -2.806635 3.710962 3.915428
v -7.325881 3.710962 3.915428
v -7.375925 3.660919 3.965385
v -7.325924 3.710919 3.965429
v -7.375881 3.660962 3.915385
v -7.375925 6.506183 3.965385
v -7.375881 6.506183 3.915385
v -7.375925 3.660919 3.965385
v -7.375881 6.506183 3.915385
v -7.325881 6.506183 3.915429
v -7.325924 6.506183 3.965429
v -7.325881 3.710962 3.915428
v -7.325881 6.506183 3.915429
v -7.325924 3.710919 3.965429
v -7.325924 6.506183 3.965429
v -7.375925 6.506183 3.965385
v -7.325881 3.660962 3.940407
v -7.375925 3.710919 3.940407
v -7.375881 3.660919 3.940407
v -7.325924 3.710962 3.940407
v -7.325924 6.506183 3.965429
v -7.325881 6.506183 3.915429
v -7.375925 6.506183 3.965385
v -7.375881 6.506183 3.915385
v 2.109625 0.345350 5.832344
v 2.109625 0.345350 6.214677
v 1.995837 0.345350 6.214677
v 1.995837 0.345350 5.832344
v 2.109625 3.205732 6.214677
v 1.995837 3.205732 5.832344
v 1.995837 3.205732 6.214677
v 2.109625 3.205732 5.832344
v 2.109625 3.205732 6.214677
v 1.995837 0.345350 6.214677
v 2.109625 0.345350 6.214677
v 1.995837 3.205732 6.214677
v 2.109625 3.205732 6.214677
v 2.109625 0.345350 6.214677
v 2.109625 3.205732 5.832344
v 2.109625 0.345350 5.832344
v 1.995837 0.345350 5.832344
v 2.109625 3.205732 5.832344
v 2.109625 0.345350 5.832344
v 1.995837 3.205732 5.832344
v 1.995837 0.345350 6.214677
v 1.995837 3.205732 6.214677
v 1.995837 0.345350 5.832344
v 1.995837 3.205732 5.832344
v 0.551912 0.345350 5.832344
v 0.551912 0.345350 6.214677
v 0.438124 0.345350 6.214677
v 0.438124 0.345350 5.832344
v 0.551912 3.205732 5.832344
v 0.438124 3.205732 6.214677
v 0.551912 3.205732 6.214677
v 0.438124 3.205732 5.832344
v 0.551912 3.205732 6.214677
v 0.438124 0.345350 6.214677
v 0.551912 0.345350 6.214677
v 0.438124 3.205732 6.214677
v 0.551912 3.205732 6.214677
v 0.551912 0.345350 6.214677
v 0.551912 3.205732 5.832344
v 0.551912 0.345350 5.832344
v 0.438124 0.345350 5.832344
v 0.551912 3.205732 5.832344
v 0.551912 0.345350 5.832344
v 0.438124 3.205732 5.832344
v 0.438124 0.345350 6.214677
v 0.438124 3.205732 6.214677
v 0.438124 0.345350 5.832344
v 0.438124 3.205732 5.832344
v -0.368152 0.345350 5.832345
v -0.368152 0.345350 6.214678
v -0.481941 0.345350 6.214678
v -0.481941 0.345350 5.832345
v -0.368152 3.205732 5.832345
v -0.481941 3.205732 6.214678
v -0.368152 3.205732 6.214678
v -0.481941 3.205732 5.832345
v -0.368152 3.205732 6.214678
v -0.481941 0.345350 6.214678
v -0.368152 0.345350 6.214678
v -0.481941 3.205732 6.214678
v -0.368152 3.205732 6.214678
v -0.368152 0.345350 6.214678
v -0.368152 3.205732 5.832345
v -0.368152 0.345350 5.832345
v -0.481941 0.345350 5.832345
v -0.368152 3.205732 5.832345
v -0.368152 0.345350 5.832345
v -0.481941 3.205732 5.832345
v -0.481941 0.345350 6.214678
v -0.481941 3.205732 6.214678
v -0.481941 0.345350 5.832345
v -0.481941 3.205732 5.832345
v -1.917287 3.043233 5.966617
v -1.917287 2.660899 5.966617
v -1.917287 2.660899 6.080405
v -1.917287 3.043233 6.080405
v 2.018111 3.043233 6.080405
v 2.018111 2.660899 6.080405
v 2.018111 3.043233 5.966617
v 2.018111 2.660899 5.966617
v 2.018111 2.660899 6.080405
v -1.917287 2.660899 6.080405
v 2.018111 2.660899 5.966617
v -1.917287 2.660899 5.966617
v 2.018111 2.660899 5.966617
v -1.917287 3.043233 5.966617
v 2.018111 3.043233 5.966617
v -1.917287 2.660899 5.966617
v 2.018111 3.043233 5.966617
v -1.917287 3.043233 5.966617
v 2.018111 3.043233 6.080405
v -1.917287 3.043233 6.080405
v 2.018111 3.043233 6.080405
v -1.917287 3.043233 6.080405
v 2.018111 2.660899 6.080405
v -1.917287 2.660899 6.080405
v -1.860393 0.345350 5.832345
v -1.860393 0.345350 6.214678
v -1.974182 0.345350 6.214678
v -1.974182 0.345350 5.832345
v -1.860393 3.205732 5.832345
v -1.974182 3.205732 6.214678
v -1.860393 3.205732 6.214678
v -1.974182 3.205732 5.832345
v -1.860393 3.205732 6.214678
v -1.974182 0.345350 6.214678
v -1.860393 0.345350 6.214678
v -1.974182 3.205732 6.214678
v -1.860393 3.205732 6.214678
v -1.860393 0.345350 6.214678
v -1.860393 3.205732 5.832345
v -1.860393 0.345350 5.832345
v -1.974182 0.345350 5.832345
v -1.974182 3.205732 5.832345
v -1.860393 0.345350 5.832345
v -1.860393 3.205732 5.832345
v -1.974182 0.345350 6.214678
v -1.974182 3.205732 6.214678
v -1.974182 0.345350 5.832345
v -1.974182 3.205732 5.832345
v -2.288327 0.389313 5.966617
v -2.288327 0.006979 5.966617
v -2.288327 0.006979 6.080405
v -2.288327 0.389313 6.080405
v 2.371491 0.389313 6.080405
v 2.371491 0.006979 6.080405
v 2.371491 0.389313 5.966617
v 2.371491 0.006979 5.966617
v 2.371491 0.006979 6.080405
v -2.288327 0.006979 6.080405
v 2.371491 0.006979 5.966617
v -2.288327 0.006979 5.966617
v 2.371491 0.006979 5.966617
v -2.288327 0.006979 5.966617
v 2.371491 0.389313 5.966617
v -2.288327 0.389313 5.966617
v 2.371491 0.389313 5.966617
v -2.288327 0.389313 5.966617
v 2.371491 0.389313 6.080405
v -2.288327 0.389313 6.080405
v 2.371491 0.389313 6.080405
v -2.288327 0.389313 6.080405
v 2.371491 0.006979 6.080405
v -2.288327 0.006979 6.080405
v 3.755186 0.329890 -0.955745
v 8.385945 0.329889 -0.955746
v 8.385945 0.329845 -0.905746
v 3.755142 0.329846 -0.905744
v 3.805186 0.434322 -0.955701
v 8.385945 0.434322 -0.955703
v 8.385945 0.329889 -0.955746
v 3.755186 0.329890 -0.955745
v 8.385945 0.434278 -0.905703
v 3.805186 0.434322 -0.955701
v 3.805142 0.434279 -0.905701
v 8.385945 0.434322 -0.955703
v 8.385945 0.329845 -0.905746
v 3.805142 0.434279 -0.905701
v 3.755142 0.329846 -0.905744
v 8.385945 0.434278 -0.905703
v 3.755186 3.200088 -0.955745
v 3.755186 0.329890 -0.955745
v 3.755142 0.329846 -0.905744
v 3.755143 3.200132 -0.905744
v 3.755186 3.200088 -0.955745
v 3.805186 3.131226 -0.955701
v 3.805186 3.131226 -0.955701
v 3.805142 0.434279 -0.905701
v 3.805186 0.434322 -0.955701
v 3.805143 3.131269 -0.905701
v 3.755143 3.200132 -0.905744
v 3.805143 3.131269 -0.905701
v 3.755143 3.200132 -0.905744
v 8.401155 3.207026 -0.915515
v 8.354029 3.190319 -0.962641
v 3.755186 3.200088 -0.955745
v 8.354029 3.190319 -0.962641
v 8.370737 3.143193 -0.945934
v 8.370737 3.143193 -0.945934
v 3.805143 3.131269 -0.905701
v 3.805186 3.131226 -0.955701
v 8.417863 3.141038 -0.898808
v 8.401155 3.207026 -0.915515
v 8.417863 3.141038 -0.898808
v 8.410922 3.200131 -5.563128
v 8.360922 3.200088 -5.563084
v 8.360966 3.150088 -5.513084
v 8.370737 3.143193 -0.945934
v 8.354029 3.190319 -0.962641
v 8.360922 3.200088 -5.563084
v 8.410966 3.150131 -5.513127
v 8.360966 3.150088 -5.513084
v 8.401155 3.207026 -0.915515
v 8.410966 3.150131 -5.513127
v 8.410922 3.200131 -5.563128
v 8.417863 3.141038 -0.898808
v 8.410922 3.200131 -5.563128
v 8.410922 0.329845 -5.563128
v 8.360922 0.329889 -5.563084
v 8.360922 3.200088 -5.563084
v 8.360922 0.329889 -5.563084
v 8.360966 0.434322 -5.513084
v 8.410966 0.434278 -5.513127
v 8.410966 3.150131 -5.513127
v 8.360966 3.150088 -5.513084
v 8.360966 0.434322 -5.513084
v 8.410966 0.434278 -5.513127
v 8.410922 0.329845 -5.563128
v 8.410922 0.329845 -5.563128
v 8.410923 0.329845 -0.905703
v 8.360923 0.329889 -0.905746
v 8.360922 0.329889 -5.563084
v 8.360923 0.329889 -0.905746
v 8.360968 0.434322 -0.955745
v 8.410968 0.434278 -0.955703
v 8.410966 0.434278 -5.513127
v 8.360966 0.434322 -5.513084
v 8.360968 0.434322 -0.955745
v 8.410968 0.434278 -0.955703
v 8.410923 0.329845 -0.905703
v 8.410924 3.175110 -0.905703
v 8.360923 0.329889 -0.905746
v 8.410923 0.329845 -0.905703
v 8.360924 3.175110 -0.905746
v 8.360924 3.175110 -0.905746
v 8.360968 3.175110 -0.955746
v 8.410968 3.175110 -0.955703
v 8.410968 0.434278 -0.955703
v 8.360968 0.434322 -0.955745
v 8.360968 3.175110 -0.955746
v 8.410924 3.175110 -0.905703
v 8.410968 3.175110 -0.955703
v 8.385945 0.434278 -0.905703
v 8.385945 0.329889 -0.955746
v 8.385945 0.434322 -0.955703
v 8.385945 0.329845 -0.905746
v 8.410924 3.175110 -0.905703
v 8.410968 3.175110 -0.955703
v 8.360968 3.175110 -0.955746
v 8.360924 3.175110 -0.905746
vn 1.0000 -0.0001 -0.0000
vn 1.0000 -0.0000 -0.0000
vn 0.0001 1.0000 -0.0000
vn -0.0000 1.0000 -0.0000
vn -1.0000 -0.0000 -0.0000
vn -1.0000 0.0001 -0.0000
vn -0.0001 -1.0000 -0.0000
vn -0.0000 -1.0000 -0.0000
vn 1.0000 -0.0000 -0.0002
vn 1.0000 -0.0000 -0.0001
vn 0.0002 -0.0000 1.0000
vn 0.0001 -0.0000 1.0000
vn -1.0000 -0.0000 0.0001
vn -1.0000 -0.0000 0.0002
vn -0.0002 -0.0000 -1.0000
vn -0.0001 -0.0000 -1.0000
vn 1.0000 0.0003 -0.0000
vn 1.0000 0.0002 -0.0000
vn 0.0003 -1.0000 -0.0000
vn 0.0002 -1.0000 -0.0000
vn -1.0000 -0.0000 -0.0001
vn -1.0000 -0.0002 -0.0000
vn -0.0003 1.0000 -0.0000
vn -0.0002 1.0000 -0.0000
vn 1.0000 -0.0001 -0.0002
vn 1.0000 0.0002 -0.0002
vn 0.0003 -0.0000 -1.0000
vn -0.0000 -0.0000 -1.0000
vn -1.0000 -0.0000 -0.0003
vn -0.0003 -0.0000 1.0000
vn -1.0000 -0.0003 -0.0000
vn 1.0000 -0.0000 0.0003
vn -0.0000 -0.0001 -1.0000
vn -0.0000 1.0000 -0.0001
vn -0.0000 -0.0000 1.0000
vn -0.0000 0.0001 1.0000
vn -0.0000 -1.0000 0.0001
vn -0.0001 -0.0003 1.0000
vn 0.0001 -0.0000 -1.0000
vn -0.0000 0.0002 -1.0000
vn -0.0000 -1.0000 -0.0003
vn -0.0000 -1.0000 -0.0002
vn -0.0000 -0.0003 1.0000
vn -0.0000 -0.0002 1.0000
vn -0.0000 1.0000 0.0002
vn -0.0000 1.0000 0.0003
vn 0.0002 0.0001 1.0000
vn 0.0001 -0.0002 1.0000
vn -1.0000 -0.0002 -0.0001
vn -1.0000 0.0001 -0.0001
vn 1.0000 -0.0000 0.0001
vn -0.0001 0.0003 -1.0000
vn -0.0000 0.0003 -1.0000
vn -0.0002 -0.0001 -1.0000
vn -0.0001 0.0002 -1.0000
vn -0.0000 -0.0001 1.0000
vn 0.0001 0.0002 -1.0000
vn -0.0000 0.0001 -1.0000
vn 0.0009 -1.0000 -0.0000
vn 1.0000 0.0004 0.0004
vn 1.0000 0.0009 -0.0000
vn -0.0009 1.0000 -0.0000
vn -1.0000 -0.0009 -0.0000
vn -1.0000 -0.0004 -0.0004
vn 0.0009 -0.0000 -1.0000
vn 0.9964 -0.0852 0.0004
vn 0.9964 -0.0853 -0.0003
vn -0.0009 -0.0000 1.0000
vn -0.9963 0.0854 -0.0004
vn -0.9964 0.0852 -0.0004
vn 0.0856 0.9926 -0.0856
vn 0.1699 0.9855 -0.0000
vn 0.9854 -0.1700 -0.0000
vn -0.0856 -0.9926 0.0856
vn -0.1699 -0.9855 -0.0000
vn -0.9854 0.1700 -0.0000
vn -0.0022 0.9855 -0.1699
vn -0.0000 0.9855 -0.1699
vn -0.0004 -0.0853 -0.9964
vn -0.0000 -0.1700 -0.9854
vn 0.0003 -0.0852 -0.9964
vn -0.0000 -0.9855 0.1699
vn 0.0016 -0.9855 0.1699
vn 0.0004 0.0853 0.9964
vn -0.0000 0.1700 0.9854
vn 0.0004 0.0854 0.9963
vn 1.0000 -0.0000 -0.0009
vn -0.0004 0.0004 -1.0000
vn -1.0000 -0.0000 0.0009
vn 0.0004 -0.0004 1.0000
vn -0.0000 -1.0000 -0.0009
vn 0.0004 0.0004 -1.0000
vn -0.0000 1.0000 0.0009
vn -0.0004 -0.0004 1.0000
vn -1.0000 -0.0000 -0.0009
vn 1.0000 -0.0000 0.0009
vn 0.0004 0.0852 0.9964
vn 0.0005 0.0002 -1.0000
vn -0.0000 0.0004 -1.0000
vn 0.0002 0.0003 -1.0000
vn -0.0000 -0.0004 1.0000
vn -0.0005 -0.0002 1.0000
vn -0.0002 -0.0003 1.0000
vn 0.0006 -0.0858 -0.9963
vn -0.0002 -0.0667 -0.9978
vn -0.0003 0.0742 0.9972
vn -0.0004 0.0576 0.9983
vn -0.0856 0.9926 -0.0856
vn 0.0003 -0.1428 -0.9898
vn 0.0004 -0.1428 -0.9898
vn -0.0092 -0.9999 -0.0123
vn 0.0026 -0.9997 -0.0229
vn 0.0024 -0.9997 -0.0229
vn -0.0093 -0.9999 -0.0123
vn 0.0001 0.1233 0.9924
vn -0.1699 0.9855 0.0022
vn -0.1699 0.9855 -0.0000
vn -0.9964 -0.0853 0.0004
vn -0.9854 -0.1700 -0.0000
vn -0.9964 -0.0852 -0.0003
vn -0.0209 -0.9998 -0.0017
vn 0.9897 0.1431 0.0003
vn 0.9974 0.0717 -0.0003
vn 0.9974 0.0718 -0.0003
vn 0.9897 0.1432 0.0003
vn -0.0009 -0.0000 -1.0000
vn -1.0000 0.0003 0.0002
vn -1.0000 0.0002 0.0005
vn 0.0009 -0.0000 1.0000
vn 1.0000 -0.0003 -0.0003
vn -0.0009 -1.0000 -0.0000
vn -1.0000 0.0003 -0.0003
vn -1.0000 0.0002 -0.0005
vn 0.0009 1.0000 -0.0000
vn 1.0000 -0.0002 -0.0005
vn 1.0000 -0.0002 0.0005
vn 1.0000 -0.0003 0.0003
vn 1.0000 -0.0004 -0.0000
vn -1.0000 0.0001 -0.0006
vn 1.0000 -0.0001 0.0006
vt 0.000000 1.000000
vt 0.000000 0.693359
vt 0.250000 0.693359
vt 0.250000 1.000000
vt 0.500000 0.693359
vt 0.500000 1.000000
vt 0.750000 0.693359
vt 0.750000 1.000000
vt 1.000000 1.000000
vt 1.000000 0.693359
vt 0.000000 0.500000
vt 0.250000 0.500000
vt 0.500000 0.500000
vt 0.750000 0.500000
vt 1.000000 0.500000
vt 0.000000 0.193359
vt 0.250000 0.193359
vt 0.500000 0.193359
vt 0.750000 0.193359
vt 1.000000 0.193359
vt 0.000000 0.000000
vt 0.250000 0.000000
vt 0.500000 0.000000
vt 0.750000 0.000000
vt 1.000000 0.000000
vt 0.250000 0.828817
vt 0.000000 0.828817
vt 0.500000 0.828817
vt 0.750000 0.828817
vt 1.000000 0.828817
vt 0.250000 0.728351
vt 0.000000 0.728351
vt 0.500000 0.728351
vt 0.750000 0.728351
vt 1.000000 0.728351
vt 0.250000 0.557168
vt 0.000000 0.557168
vt 0.500000 0.557168
vt 0.750000 0.557168
vt 1.000000 0.557168
vt 0.000000 0.379051
vt 0.250000 0.379051
vt 0.500000 0.379051
vt 0.750000 0.379051
vt 1.000000 0.379051
vt 0.000000 0.278584
vt 0.250000 0.278584
vt 0.500000 0.278584
vt 0.750000 0.278584
vt 1.000000 0.278584
vt 0.000000 0.100467
vt 0.250000 0.100467
vt 0.500000 0.100467
vt 0.750000 0.100467
vt 1.000000 0.100467
s 0
f 2298/1567/221 2299/1568/221 2300/1569/221
f 2298/1567/222 2300/1569/222 2301/1570/222
f 2302/1570/223 2303/1569/223 2304/1571/223
f 2302/1570/224 2304/1571/224 2305/1572/224
f 2306/1573/225 2307/1574/225 2308/1572/225
f 2306/1573/226 2308/1572/226 2309/1571/226
f 2310/1575/227 2311/1573/227 2312/1576/227
f 2311/1573/228 2310/1575/228 2313/1574/228
f 2299/1568/229 2314/1577/229 2315/1578/229
f 2299/1568/230 2315/1578/230 2300/1569/230
f 2316/1569/231 2317/1578/231 2318/1579/231
f 2316/1569/232 2318/1579/232 2319/1571/232
f 2320/1580/233 2306/1573/233 2309/1571/233
f 2320/1580/234 2309/1571/234 2321/1579/234
f 2322/1576/235 2323/1580/235 2324/1581/235
f 2323/1580/236 2322/1576/236 2325/1573/236
f 2314/1577/237 2326/1582/237 2327/1583/237
f 2314/1577/238 2327/1583/238 2315/1578/238
f 2328/1578/239 2329/1583/239 2330/1584/239
f 2328/1578/240 2330/1584/240 2331/1579/240
f 2321/1579/233 2332/1584/241 2333/1585/241
f 2321/1579/242 2333/1585/242 2320/1580/242
f 2334/1581/243 2335/1585/243 2336/1586/243
f 2335/1585/244 2334/1581/244 2337/1580/244
s 1
f 2338/1587/245 2327/1583/246 2326/1582/246
s 0
f 2327/1583/222 2338/1587/222 2339/1588/222
f 2340/1588/247 2341/1584/247 2342/1583/247
f 2341/1584/248 2340/1588/248 2343/1589/248
f 2344/1589/249 2333/1585/249 2332/1584/249
f 2333/1585/225 2344/1589/225 2345/1590/225
f 2346/1591/250 2347/1586/250 2348/1585/250
f 2346/1591/250 2348/1585/250 2349/1590/250
f 2350/1567/221 2351/1568/221 2352/1569/221
f 2350/1567/222 2352/1569/222 2353/1570/222
f 2354/1570/223 2355/1569/223 2356/1571/223
f 2354/1570/224 2356/1571/224 2357/1572/224
f 2358/1573/225 2359/1574/225 2360/1572/225
f 2358/1573/226 2360/1572/226 2361/1571/226
f 2362/1575/227 2363/1573/227 2364/1576/227
f 2363/1573/228 2362/1575/228 2365/1574/228
f 2351/1568/229 2366/1577/229 2367/1578/229
f 2351/1568/230 2367/1578/230 2352/1569/230
f 2368/1569/231 2369/1578/231 2370/1579/231
f 2368/1569/232 2370/1579/232 2371/1571/232
f 2372/1580/233 2358/1573/233 2361/1571/233
f 2372/1580/234 2361/1571/234 2373/1579/234
f 2374/1576/235 2375/1580/235 2376/1581/235
f 2375/1580/236 2374/1576/236 2377/1573/236
f 2366/1577/237 2378/1582/237 2379/1583/237
f 2366/1577/238 2379/1583/238 2367/1578/238
f 2380/1578/239 2381/1583/239 2382/1584/239
f 2380/1578/240 2382/1584/240 2383/1579/240
f 2373/1579/251 2384/1584/251 2385/1585/251
f 2373/1579/242 2385/1585/242 2372/1580/242
f 2386/1581/243 2387/1585/243 2388/1586/243
f 2387/1585/244 2386/1581/244 2389/1580/244
f 2390/1587/252 2379/1583/252 2378/1582/252
f 2379/1583/222 2390/1587/222 2391/1588/222
f 2392/1588/247 2393/1584/247 2394/1583/247
f 2393/1584/248 2392/1588/248 2395/1589/248
f 2396/1589/249 2385/1585/249 2384/1584/249
f 2385/1585/225 2396/1589/225 2397/1590/225
f 2398/1591/250 2399/1586/250 2400/1585/250
f 2398/1591/250 2400/1585/250 2401/1590/250
f 2402/1567/253 2403/1568/253 2404/1569/253
f 2402/1567/248 2404/1569/248 2405/1570/248
f 2406/1571/224 2407/1572/224 2408/1570/224
f 2408/1570/254 2409/1569/254 2406/1571/254
f 2410/1573/255 2411/1574/255 2412/1572/255
f 2410/1573/256 2412/1572/256 2413/1571/256
f 2414/1575/257 2415/1573/257 2416/1576/257
f 2415/1573/228 2414/1575/228 2417/1574/228
f 2418/1577/236 2404/1569/236 2403/1568/236
f 2404/1569/235 2418/1577/235 2419/1578/235
f 2420/1579/229 2421/1569/229 2422/1578/229
f 2421/1569/230 2420/1579/230 2423/1571/230
f 2413/1571/231 2424/1579/258 2425/1580/258
f 2413/1571/232 2425/1580/232 2410/1573/232
f 2426/1576/234 2427/1580/234 2428/1581/234
f 2427/1580/233 2426/1576/233 2429/1573/233
f 2418/1577/236 2430/1582/259 2431/1583/259
f 2418/1577/260 2431/1583/260 2419/1578/260
f 2432/1584/261 2433/1578/261 2434/1583/261
f 2433/1578/262 2432/1584/262 2435/1579/262
f 2436/1585/263 2424/1579/263 2437/1584/263
f 2436/1585/264 2425/1580/264 2424/1579/264
f 2438/1585/265 2439/1581/265 2440/1580/265
f 2439/1581/266 2438/1585/266 2441/1586/266
f 2442/1587/236 2431/1583/260 2430/1582/260
f 2431/1583/248 2442/1587/248 2443/1588/248
f 2444/1588/249 2445/1584/249 2446/1583/249
f 2445/1584/225 2444/1588/225 2447/1589/225
f 2436/1585/255 2448/1589/255 2449/1590/255
s 1
f 2448/1589/267 2436/1585/268 2437/1584/268
s 0
f 2450/1591/252 2451/1586/252 2452/1585/252
f 2452/1585/252 2453/1590/252 2450/1591/252
f 2454/1567/253 2455/1568/253 2456/1569/253
f 2454/1567/248 2456/1569/248 2457/1570/248
f 2458/1571/224 2459/1572/224 2460/1570/224
f 2460/1570/254 2461/1569/254 2458/1571/254
f 2462/1573/255 2463/1574/255 2464/1572/255
f 2462/1573/256 2464/1572/256 2465/1571/256
f 2466/1575/257 2467/1573/257 2468/1576/257
f 2467/1573/228 2466/1575/228 2469/1574/228
f 2455/1568/235 2470/1577/235 2471/1578/235
f 2455/1568/236 2471/1578/236 2456/1569/236
f 2472/1579/229 2473/1569/229 2474/1578/229
f 2473/1569/230 2472/1579/230 2475/1571/230
f 2465/1571/231 2476/1579/231 2477/1580/231
f 2465/1571/232 2477/1580/232 2462/1573/232
f 2478/1576/234 2479/1580/234 2480/1581/234
f 2479/1580/233 2478/1576/233 2481/1573/233
f 2470/1577/236 2482/1582/259 2483/1583/259
f 2470/1577/260 2483/1583/260 2471/1578/260
f 2484/1584/261 2485/1578/261 2486/1583/261
f 2485/1578/262 2484/1584/262 2487/1579/262
f 2488/1585/263 2476/1579/263 2489/1584/263
f 2488/1585/264 2477/1580/264 2476/1579/264
f 2490/1585/265 2491/1581/265 2492/1580/265
f 2491/1581/266 2490/1585/266 2493/1586/266
f 2494/1587/236 2483/1583/260 2482/1582/260
f 2483/1583/248 2494/1587/248 2495/1588/248
f 2496/1588/249 2497/1584/249 2498/1583/249
f 2497/1584/225 2496/1588/225 2499/1589/225
f 2488/1585/255 2500/1589/255 2501/1590/255
s 1
f 2500/1589/267 2488/1585/268 2489/1584/268
s 0
f 2502/1591/252 2503/1586/252 2504/1585/252
f 2504/1585/252 2505/1590/252 2502/1591/252
f 2506/1567/221 2507/1568/221 2508/1569/221
f 2506/1567/222 2508/1569/222 2509/1570/222
f 2510/1570/223 2511/1569/223 2512/1571/223
f 2510/1570/224 2512/1571/224 2513/1572/224
f 2514/1573/225 2515/1574/225 2516/1572/225
f 2514/1573/226 2516/1572/226 2517/1571/226
f 2518/1575/227 2519/1573/227 2520/1576/227
f 2519/1573/228 2518/1575/228 2521/1574/228
f 2507/1568/229 2522/1577/229 2523/1578/229
f 2507/1568/230 2523/1578/230 2508/1569/230
f 2524/1569/231 2525/1578/231 2526/1579/231
f 2524/1569/232 2526/1579/232 2527/1571/232
f 2528/1580/233 2514/1573/233 2517/1571/233
f 2528/1580/269 2517/1571/270 2529/1579/269
f 2530/1576/235 2531/1580/235 2532/1581/235
f 2531/1580/236 2530/1576/236 2533/1573/236
f 2522/1577/237 2534/1582/237 2535/1583/237
f 2522/1577/238 2535/1583/238 2523/1578/238
f 2536/1578/239 2537/1583/239 2538/1584/239
f 2536/1578/240 2538/1584/240 2539/1579/240
f 2529/1579/251 2540/1584/251 2541/1585/251
f 2529/1579/242 2541/1585/242 2528/1580/242
f 2542/1581/243 2543/1585/243 2544/1586/243
f 2543/1585/244 2542/1581/244 2545/1580/244
f 2546/1587/230 2535/1583/238 2534/1582/238
f 2535/1583/222 2546/1587/222 2547/1588/222
f 2548/1588/248 2549/1584/248 2550/1583/248
f 2549/1584/248 2548/1588/248 2551/1589/248
f 2552/1589/249 2541/1585/249 2540/1584/249
f 2541/1585/225 2552/1589/225 2553/1590/225
f 2554/1591/250 2555/1586/250 2556/1585/250
f 2554/1591/255 2556/1585/255 2557/1590/255
f 2558/1568/222 2559/1570/222 2560/1567/222
f 2559/1570/221 2558/1568/221 2561/1569/221
f 2562/1570/223 2563/1569/223 2564/1571/223
f 2562/1570/224 2564/1571/224 2565/1572/224
f 2566/1573/225 2567/1574/225 2568/1572/225
f 2566/1573/226 2568/1572/226 2569/1571/226
f 2570/1575/227 2571/1573/227 2572/1576/227
f 2571/1573/228 2570/1575/228 2573/1574/228
f 2574/1577/230 2561/1569/230 2558/1568/230
f 2561/1569/229 2574/1577/229 2575/1578/229
f 2576/1569/231 2577/1578/231 2578/1579/231
f 2576/1569/232 2578/1579/232 2579/1571/232
f 2580/1580/233 2566/1573/233 2569/1571/233
f 2580/1580/234 2569/1571/234 2581/1579/234
f 2582/1576/235 2583/1580/235 2584/1581/235
f 2583/1580/236 2582/1576/236 2585/1573/236
f 2574/1577/230 2586/1582/271 2587/1583/271
f 2574/1577/238 2587/1583/238 2575/1578/238
f 2588/1578/239 2589/1583/239 2590/1584/239
f 2588/1578/240 2590/1584/240 2591/1579/240
f 2581/1579/251 2592/1584/251 2593/1585/251
f 2581/1579/242 2593/1585/242 2580/1580/242
f 2594/1581/243 2595/1585/243 2596/1586/243
f 2595/1585/244 2594/1581/244 2597/1580/244
f 2598/1587/230 2587/1583/238 2586/1582/238
f 2587/1583/222 2598/1587/222 2599/1588/222
f 2600/1588/248 2601/1584/248 2602/1583/248
f 2601/1584/248 2600/1588/248 2603/1589/248
f 2604/1589/249 2593/1585/249 2592/1584/249
f 2593/1585/225 2604/1589/225 2605/1590/225
f 2606/1591/250 2607/1586/250 2608/1585/250
f 2606/1591/255 2608/1585/255 2609/1590/255
f 2610/1568/248 2611/1570/248 2612/1567/248
f 2611/1570/253 2610/1568/253 2613/1569/253
f 2614/1571/224 2615/1572/224 2616/1570/224
f 2616/1570/254 2617/1569/254 2614/1571/254
f 2618/1573/255 2619/1574/255 2620/1572/255
f 2618/1573/256 2620/1572/256 2621/1571/256
f 2622/1575/257 2623/1573/257 2624/1576/257
f 2623/1573/228 2622/1575/228 2625/1574/228
f 2626/1577/272 2613/1569/236 2610/1568/236
f 2613/1569/235 2626/1577/235 2627/1578/235
f 2628/1579/229 2629/1569/229 2630/1578/229
f 2629/1569/230 2628/1579/230 2631/1571/230
f 2621/1571/231 2632/1579/231 2633/1580/231
f 2621/1571/232 2633/1580/232 2618/1573/232
f 2634/1576/234 2635/1580/234 2636/1581/234
f 2635/1580/233 2634/1576/233 2637/1573/233
f 2626/1577/273 2638/1582/273 2639/1583/273
f 2626/1577/260 2639/1583/260 2627/1578/260
f 2640/1584/261 2641/1578/261 2642/1583/261
f 2641/1578/262 2640/1584/262 2643/1579/262
f 2644/1584/264 2633/1580/264 2632/1579/264
f 2633/1580/263 2644/1584/263 2645/1585/263
f 2646/1585/265 2647/1581/265 2648/1580/265
f 2647/1581/266 2646/1585/266 2649/1586/266
s 1
f 2650/1587/274 2639/1583/275 2638/1582/275
s 0
f 2639/1583/248 2650/1587/248 2651/1588/248
f 2652/1588/249 2653/1584/249 2654/1583/249
f 2653/1584/225 2652/1588/225 2655/1589/225
f 2645/1585/255 2656/1589/255 2657/1590/255
f 2656/1589/255 2645/1585/276 2644/1584/276
f 2658/1591/252 2659/1586/252 2660/1585/252
f 2660/1585/222 2661/1590/222 2658/1591/222
f 2662/1567/253 2663/1568/253 2664/1569/253
f 2662/1567/248 2664/1569/248 2665/1570/248
f 2666/1571/224 2667/1572/224 2668/1570/224
f 2668/1570/254 2669/1569/254 2666/1571/254
f 2670/1573/255 2671/1574/255 2672/1572/255
f 2670/1573/256 2672/1572/256 2673/1571/256
f 2674/1575/257 2675/1573/257 2676/1576/257
f 2675/1573/228 2674/1575/228 2677/1574/228
f 2663/1568/235 2678/1577/235 2679/1578/235
f 2663/1568/236 2679/1578/236 2664/1569/236
f 2680/1579/229 2681/1569/229 2682/1578/229
f 2681/1569/230 2680/1579/230 2683/1571/230
f 2673/1571/231 2684/1579/231 2685/1580/231
f 2673/1571/232 2685/1580/232 2670/1573/232
f 2686/1576/234 2687/1580/234 2688/1581/234
f 2687/1580/233 2686/1576/233 2689/1573/233
f 2678/1577/273 2690/1582/273 2691/1583/273
f 2678/1577/260 2691/1583/260 2679/1578/260
f 2692/1584/261 2693/1578/261 2694/1583/261
f 2693/1578/262 2692/1584/262 2695/1579/262
f 2696/1584/264 2685/1580/264 2684/1579/264
f 2685/1580/263 2696/1584/263 2697/1585/263
f 2698/1585/265 2699/1581/265 2700/1580/265
f 2699/1581/266 2698/1585/266 2701/1586/266
s 1
f 2702/1587/274 2691/1583/275 2690/1582/275
s 0
f 2691/1583/248 2702/1587/248 2703/1588/248
f 2704/1588/249 2705/1584/249 2706/1583/249
f 2705/1584/225 2704/1588/225 2707/1589/225
f 2697/1585/255 2708/1589/255 2709/1590/255
f 2708/1589/255 2697/1585/276 2696/1584/276
f 2710/1591/252 2711/1586/252 2712/1585/252
f 2712/1585/222 2713/1590/222 2710/1591/222
f 2714/1568/248 2715/1570/248 2716/1567/248
f 2715/1570/253 2714/1568/253 2717/1569/253
f 2718/1571/224 2719/1572/224 2720/1570/224
f 2720/1570/254 2721/1569/254 2718/1571/254
f 2722/1573/255 2723/1574/255 2724/1572/255
f 2722/1573/256 2724/1572/256 2725/1571/256
f 2726/1575/257 2727/1573/257 2728/1576/257
f 2727/1573/228 2726/1575/228 2729/1574/228
f 2730/1577/236 2717/1569/236 2714/1568/236
f 2717/1569/259 2730/1577/277 2731/1578/277
f 2732/1579/229 2733/1569/229 2734/1578/229
f 2733/1569/230 2732/1579/230 2735/1571/230
f 2725/1571/231 2736/1579/231 2737/1580/231
f 2725/1571/232 2737/1580/232 2722/1573/232
f 2738/1576/234 2739/1580/234 2740/1581/234
f 2739/1580/233 2738/1576/233 2741/1573/233
f 2730/1577/273 2742/1582/273 2743/1583/273
f 2730/1577/260 2743/1583/260 2731/1578/260
f 2744/1584/261 2745/1578/261 2746/1583/261
f 2745/1578/262 2744/1584/262 2747/1579/262
f 2748/1585/263 2736/1579/263 2749/1584/263
f 2748/1585/264 2737/1580/264 2736/1579/264
f 2750/1585/265 2751/1581/265 2752/1580/265
f 2751/1581/266 2750/1585/266 2753/1586/266
f 2754/1587/236 2743/1583/260 2742/1582/260
f 2743/1583/259 2754/1587/259 2755/1588/259
f 2756/1588/249 2757/1584/249 2758/1583/249
f 2757/1584/225 2756/1588/225 2759/1589/225
f 2748/1585/255 2760/1589/255 2761/1590/255
f 2760/1589/250 2748/1585/250 2749/1584/250
f 2762/1591/252 2763/1586/252 2764/1585/252
f 2764/1585/222 2765/1590/222 2762/1591/222
f 2766/1567/253 2767/1568/253 2768/1569/253
f 2766/1567/248 2768/1569/248 2769/1570/248
f 2770/1571/224 2771/1572/224 2772/1570/224
f 2772/1570/254 2773/1569/254 2770/1571/254
f 2774/1573/255 2775/1574/255 2776/1572/255
f 2774/1573/256 2776/1572/256 2777/1571/256
f 2778/1575/257 2779/1573/257 2780/1576/257
f 2779/1573/228 2778/1575/228 2781/1574/228
f 2767/1568/235 2782/1577/235 2783/1578/235
f 2767/1568/235 2783/1578/235 2768/1569/235
f 2784/1579/229 2785/1569/229 2786/1578/229
f 2785/1569/230 2784/1579/230 2787/1571/230
f 2777/1571/231 2788/1579/231 2789/1580/231
f 2777/1571/232 2789/1580/232 2774/1573/232
f 2790/1576/234 2791/1580/234 2792/1581/234
f 2791/1580/233 2790/1576/233 2793/1573/233
f 2782/1577/273 2794/1582/273 2795/1583/273
f 2782/1577/260 2795/1583/260 2783/1578/260
f 2796/1584/261 2797/1578/261 2798/1583/261
f 2797/1578/262 2796/1584/262 2799/1579/262
f 2800/1585/263 2788/1579/263 2801/1584/263
f 2800/1585/264 2789/1580/264 2788/1579/264
f 2802/1585/265 2803/1581/265 2804/1580/265
f 2803/1581/266 2802/1585/266 2805/1586/266
f 2806/1587/236 2795/1583/260 2794/1582/260
f 2795/1583/259 2806/1587/259 2807/1588/259
f 2808/1588/249 2809/1584/249 2810/1583/249
f 2809/1584/225 2808/1588/225 2811/1589/225
f 2800/1585/255 2812/1589/255 2813/1590/255
f 2812/1589/250 2800/1585/250 2801/1584/250
f 2814/1591/252 2815/1586/252 2816/1585/252
f 2816/1585/222 2817/1590/222 2814/1591/222
f 2818/1567/253 2819/1568/253 2820/1569/253
f 2818/1567/248 2820/1569/248 2821/1570/248
f 2822/1571/224 2823/1572/224 2824/1570/224
f 2824/1570/254 2825/1569/254 2822/1571/254
f 2826/1573/255 2827/1574/255 2828/1572/255
f 2826/1573/256 2828/1572/256 2829/1571/256
f 2830/1575/257 2831/1573/257 2832/1576/257
f 2831/1573/228 2830/1575/228 2833/1574/228
f 2819/1568/235 2834/1577/235 2835/1578/235
f 2819/1568/236 2835/1578/236 2820/1569/236
f 2836/1579/229 2837/1569/229 2838/1578/229
f 2837/1569/230 2836/1579/230 2839/1571/230
f 2829/1571/231 2840/1579/231 2841/1580/231
f 2829/1571/232 2841/1580/232 2826/1573/232
f 2842/1576/234 2843/1580/234 2844/1581/234
f 2843/1580/233 2842/1576/233 2845/1573/233
f 2834/1577/273 2846/1582/273 2847/1583/273
f 2834/1577/260 2847/1583/260 2835/1578/260
f 2848/1584/261 2849/1578/261 2850/1583/261
f 2849/1578/262 2848/1584/262 2851/1579/262
f 2852/1585/263 2840/1579/263 2853/1584/263
f 2852/1585/264 2841/1580/264 2840/1579/264
f 2854/1585/265 2855/1581/265 2856/1580/265
f 2855/1581/266 2854/1585/266 2857/1586/266
f 2858/1587/248 2847/1583/278 2846/1582/278
f 2847/1583/248 2858/1587/248 2859/1588/248
f 2860/1588/249 2861/1584/249 2862/1583/249
f 2861/1584/249 2860/1588/249 2863/1589/249
f 2852/1585/255 2864/1589/255 2865/1590/255
f 2864/1589/255 2852/1585/276 2853/1584/276
f 2866/1591/252 2867/1586/252 2868/1585/252
f 2868/1585/222 2869/1590/222 2866/1591/222
f 2870/1567/253 2871/1568/253 2872/1569/253
f 2870/1567/248 2872/1569/248 2873/1570/248
f 2874/1571/224 2875/1572/224 2876/1570/224
f 2876/1570/254 2877/1569/254 2874/1571/254
f 2878/1573/255 2879/1574/255 2880/1572/255
f 2878/1573/256 2880/1572/256 2881/1571/256
f 2882/1575/257 2883/1573/257 2884/1576/257
f 2883/1573/228 2882/1575/228 2885/1574/228
f 2871/1568/235 2886/1577/235 2887/1578/235
f 2871/1568/236 2887/1578/236 2872/1569/236
f 2888/1579/229 2889/1569/229 2890/1578/229
f 2889/1569/230 2888/1579/230 2891/1571/230
f 2881/1571/231 2892/1579/231 2893/1580/231
f 2881/1571/232 2893/1580/232 2878/1573/232
f 2894/1576/234 2895/1580/234 2896/1581/234
f 2895/1580/233 2894/1576/233 2897/1573/233
f 2886/1577/236 2898/1582/259 2899/1583/259
f 2886/1577/260 2899/1583/260 2887/1578/260
f 2900/1584/261 2901/1578/261 2902/1583/261
f 2901/1578/262 2900/1584/262 2903/1579/262
f 2904/1585/263 2892/1579/263 2905/1584/263
f 2904/1585/264 2893/1580/264 2892/1579/264
f 2906/1585/265 2907/1581/265 2908/1580/265
f 2907/1581/266 2906/1585/266 2909/1586/266
f 2910/1587/248 2899/1583/278 2898/1582/278
f 2899/1583/248 2910/1587/248 2911/1588/248
f 2912/1588/249 2913/1584/249 2914/1583/249
f 2913/1584/249 2912/1588/249 2915/1589/249
f 2904/1585/255 2916/1589/255 2917/1590/255
f 2916/1589/255 2904/1585/276 2905/1584/276
f 2918/1591/252 2919/1586/252 2920/1585/252
f 2920/1585/222 2921/1590/222 2918/1591/222
f 2922/1567/253 2923/1568/253 2924/1569/253
f 2922/1567/248 2924/1569/248 2925/1570/248
f 2926/1571/224 2927/1572/224 2928/1570/224
f 2928/1570/254 2929/1569/254 2926/1571/254
f 2930/1573/255 2931/1574/255 2932/1572/255
f 2930/1573/256 2932/1572/256 2933/1571/256
f 2934/1575/257 2935/1573/257 2936/1576/257
f 2935/1573/228 2934/1575/228 2937/1574/228
f 2923/1568/235 2938/1577/235 2939/1578/235
f 2923/1568/236 2939/1578/236 2924/1569/236
f 2940/1579/229 2941/1569/229 2942/1578/229
f 2941/1569/230 2940/1579/230 2943/1571/230
f 2933/1571/231 2944/1579/231 2945/1580/231
f 2933/1571/232 2945/1580/232 2930/1573/232
f 2946/1576/234 2947/1580/234 2948/1581/234
f 2947/1580/233 2946/1576/233 2949/1573/233
f 2938/1577/236 2950/1582/259 2951/1583/259
f 2938/1577/260 2951/1583/260 2939/1578/260
f 2952/1584/261 2953/1578/261 2954/1583/261
f 2953/1578/262 2952/1584/262 2955/1579/262
f 2956/1585/263 2944/1579/263 2957/1584/263
f 2956/1585/264 2945/1580/264 2944/1579/264
f 2958/1585/265 2959/1581/265 2960/1580/265
f 2959/1581/266 2958/1585/266 2961/1586/266
f 2962/1587/248 2951/1583/278 2950/1582/278
f 2951/1583/248 2962/1587/248 2963/1588/248
f 2964/1588/249 2965/1584/249 2966/1583/249
f 2965/1584/249 2964/1588/249 2967/1589/249
f 2956/1585/255 2968/1589/255 2969/1590/255
f 2968/1589/255 2956/1585/276 2957/1584/276
f 2970/1591/252 2971/1586/252 2972/1585/252
f 2972/1585/222 2973/1590/222 2970/1591/222
f 2974/1592/279 2975/1570/279 2976/1567/279
f 2974/1592/279 2976/1567/279 2977/1593/279
s 1
f 2978/1594/280 2979/1572/281 2980/1570/281
f 2980/1570/281 2981/1592/280 2978/1594/280
s 0
f 2982/1594/282 2983/1574/282 2984/1572/282
f 2983/1574/282 2982/1594/282 2985/1595/282
s 1
f 2986/1575/283 2987/1595/284 2988/1596/284
f 2987/1595/284 2986/1575/283 2989/1574/283
s 0
f 2990/1597/285 2991/1592/285 2992/1593/285
f 2990/1597/285 2992/1593/285 2993/1598/285
s 1
f 2994/1597/286 2978/1594/280 2981/1592/280
f 2978/1594/280 2994/1597/286 2995/1599/287
s 0
f 2996/1599/288 2997/1595/288 2998/1594/288
f 2997/1595/288 2996/1599/288 2999/1600/288
s 1
f 3000/1601/289 2988/1596/284 2987/1595/284
f 3000/1601/289 2987/1595/284 3001/1600/290
f 3002/1602/291 3003/1597/292 3004/1598/292
f 3004/1598/292 3005/1603/291 3002/1602/291
f 3006/1602/293 2995/1599/287 2994/1597/286
f 2995/1599/287 3006/1602/293 3007/1604/293
f 3008/1604/294 3009/1600/295 3010/1599/295
f 3009/1600/295 3008/1604/294 3011/1605/294
f 3001/1600/290 3012/1605/296 3013/1606/296
f 3001/1600/290 3013/1606/296 3000/1601/289
f 3014/1607/297 3002/1602/291 3005/1603/291
f 3002/1602/291 3014/1607/297 3015/1608/298
f 3016/1609/299 3017/1604/300 3018/1602/300
f 3018/1602/300 3019/1608/301 3016/1609/299
f 3020/1610/302 3008/1604/294 3021/1609/303
f 3020/1610/302 3011/1605/294 3008/1604/294
f 3022/1610/304 3023/1606/305 3024/1605/305
f 3023/1606/305 3022/1610/304 3025/1611/306
s 0
f 3026/1608/307 3027/1612/307 3028/1613/307
f 3027/1612/307 3026/1608/307 3029/1607/307
s 1
f 3030/1613/308 3016/1609/299 3019/1608/301
f 3016/1609/299 3030/1613/308 3031/1614/308
s 0
f 3032/1614/309 3033/1610/309 3034/1609/309
f 3033/1610/309 3032/1614/309 3035/1615/309
s 1
f 3036/1616/310 3025/1611/306 3022/1610/304
f 3036/1616/310 3022/1610/304 3037/1615/310
s 0
f 3038/1613/311 3039/1617/311 3040/1618/311
f 3039/1617/311 3038/1613/311 3041/1612/311
s 1
f 3030/1613/308 3042/1618/312 3043/1619/312
f 3030/1613/308 3043/1619/312 3031/1614/308
s 0
f 3044/1620/313 3045/1615/313 3046/1614/313
f 3046/1614/313 3047/1619/313 3044/1620/313
s 1
f 3048/1621/314 3036/1616/310 3037/1615/310
f 3048/1621/314 3037/1615/310 3049/1620/314
s 0
f 3050/1618/315 3051/1587/315 3052/1588/315
f 3051/1587/315 3050/1618/315 3053/1617/315
s 1
f 3043/1619/312 3054/1588/285 3055/1589/285
f 3054/1588/285 3043/1619/312 3042/1618/312
s 0
f 3056/1590/316 3057/1619/316 3058/1589/316
f 3057/1619/316 3056/1590/316 3059/1620/316
s 1
f 3049/1620/314 3060/1590/288 3061/1591/288
f 3049/1620/314 3061/1591/288 3048/1621/314
s 0
f 3062/1567/255 3063/1567/255 3064/1567/255
f 3063/1567/255 3062/1567/255 3065/1567/255
f 3066/1567/224 3067/1567/224 3068/1567/224
f 3067/1567/224 3069/1567/224 3068/1567/224
f 3070/1592/279 3071/1570/279 3072/1567/279
f 3070/1592/279 3072/1567/279 3073/1593/279
s 1
f 3074/1594/280 3075/1572/281 3076/1570/281
f 3076/1570/281 3077/1592/280 3074/1594/280
s 0
f 3078/1594/282 3079/1574/282 3080/1572/282
f 3079/1574/282 3078/1594/282 3081/1595/282
s 1
f 3082/1575/283 3083/1595/284 3084/1596/284
f 3083/1595/284 3082/1575/283 3085/1574/283
s 0
f 3086/1597/285 3087/1592/285 3088/1593/285
f 3086/1597/285 3088/1593/285 3089/1598/285
s 1
f 3090/1597/286 3074/1594/280 3077/1592/280
f 3074/1594/280 3090/1597/286 3091/1599/287
s 0
f 3092/1599/288 3093/1595/288 3094/1594/288
f 3093/1595/288 3092/1599/288 3095/1600/288
s 1
f 3096/1601/289 3084/1596/284 3083/1595/284
f 3096/1601/289 3083/1595/284 3097/1600/290
f 3098/1602/291 3099/1597/292 3100/1598/292
f 3100/1598/292 3101/1603/291 3098/1602/291
f 3102/1602/293 3091/1599/287 3090/1597/286
f 3091/1599/287 3102/1602/293 3103/1604/293
f 3104/1604/294 3105/1600/295 3106/1599/295
f 3105/1600/295 3104/1604/294 3107/1605/294
f 3097/1600/290 3108/1605/296 3109/1606/296
f 3097/1600/290 3109/1606/296 3096/1601/289
f 3110/1607/297 3098/1602/291 3101/1603/291
f 3098/1602/291 3110/1607/297 3111/1608/298
f 3112/1609/299 3113/1604/300 3114/1602/300
f 3114/1602/300 3115/1608/301 3112/1609/299
f 3116/1610/302 3104/1604/294 3117/1609/303
f 3116/1610/302 3107/1605/294 3104/1604/294
f 3118/1610/317 3119/1606/305 3120/1605/305
f 3119/1606/305 3118/1610/317 3121/1611/304
s 0
f 3122/1613/307 3123/1608/307 3124/1607/307
f 3124/1607/307 3125/1612/307 3122/1613/307
s 1
f 3126/1613/308 3112/1609/299 3115/1608/301
f 3112/1609/299 3126/1613/308 3127/1614/308
s 0
f 3128/1614/309 3129/1610/309 3130/1609/309
f 3129/1610/309 3128/1614/309 3131/1615/309
s 1
f 3132/1616/310 3121/1611/304 3118/1610/317
f 3132/1616/310 3118/1610/317 3133/1615/310
s 0
f 3134/1613/311 3135/1617/311 3136/1618/311
f 3135/1617/311 3134/1613/311 3137/1612/311
s 1
f 3138/1618/312 3127/1614/308 3126/1613/308
f 3127/1614/308 3138/1618/312 3139/1619/312
s 0
f 3140/1620/313 3141/1615/313 3142/1614/313
f 3142/1614/313 3143/1619/313 3140/1620/313
s 1
f 3144/1621/314 3132/1616/310 3133/1615/310
f 3144/1621/314 3133/1615/310 3145/1620/314
s 0
f 3146/1618/315 3147/1587/315 3148/1588/315
f 3147/1587/315 3146/1618/315 3149/1617/315
s 1
f 3139/1619/312 3150/1588/285 3151/1589/285
f 3150/1588/285 3139/1619/312 3138/1618/312
s 0
f 3152/1590/316 3153/1619/316 3154/1589/316
f 3153/1619/316 3152/1590/316 3155/1620/316
s 1
f 3145/1620/314 3156/1590/288 3157/1591/288
f 3145/1620/314 3157/1591/288 3144/1621/314
s 0
f 3158/1567/255 3159/1567/255 3160/1567/255
f 3159/1567/255 3158/1567/255 3161/1567/255
f 3162/1567/224 3163/1567/224 3164/1567/224
f 3163/1567/224 3165/1567/224 3164/1567/224
f 3166/1587/228 3167/1567/228 3168/1575/228
f 3166/1587/228 3168/1575/228 3169/1591/228
f 3170/1575/224 3171/1587/224 3172/1567/224
f 3171/1587/224 3170/1575/224 3173/1591/224
f 3174/1591/255 3175/1567/255 3176/1575/255
f 3175/1567/255 3174/1591/255 3177/1587/255
f 3178/1587/222 3179/1567/222 3180/1591/222
f 3180/1591/222 3179/1567/222 3181/1575/222
f 3182/1575/248 3183/1587/248 3184/1567/248
f 3183/1587/248 3182/1575/248 3185/1591/248
f 3186/1575/225 3187/1591/225 3188/1567/225
f 3188/1567/225 3187/1591/225 3189/1587/225
f 3190/1587/228 3191/1567/228 3192/1575/228
f 3190/1587/228 3192/1575/228 3193/1591/228
f 3194/1591/224 3195/1567/224 3196/1575/224
f 3195/1567/224 3194/1591/224 3197/1587/224
f 3198/1591/255 3199/1567/255 3200/1575/255
f 3199/1567/255 3198/1591/255 3201/1587/255
f 3202/1587/222 3203/1567/222 3204/1591/222
f 3204/1591/222 3203/1567/222 3205/1575/222
f 3206/1575/248 3207/1587/248 3208/1567/248
f 3207/1587/248 3206/1575/248 3209/1591/248
f 3210/1575/225 3211/1591/225 3212/1567/225
f 3212/1567/225 3211/1591/225 3213/1587/225
f 3214/1587/228 3215/1567/228 3216/1575/228
f 3214/1587/228 3216/1575/228 3217/1591/228
f 3218/1591/224 3219/1567/224 3220/1575/224
f 3219/1567/224 3218/1591/224 3221/1587/224
f 3222/1591/255 3223/1567/255 3224/1575/255
f 3223/1567/255 3222/1591/255 3225/1587/255
f 3226/1587/222 3227/1567/222 3228/1591/222
f 3228/1591/222 3227/1567/222 3229/1575/222
f 3230/1575/248 3231/1587/248 3232/1567/248
f 3231/1587/248 3230/1575/248 3233/1591/248
f 3234/1575/225 3235/1591/225 3236/1567/225
f 3236/1567/225 3235/1591/225 3237/1587/225
f 3238/1587/225 3239/1567/225 3240/1575/225
f 3240/1575/225 3241/1591/225 3238/1587/225
f 3242/1587/222 3243/1567/222 3244/1591/222
f 3244/1591/222 3243/1567/222 3245/1575/222
f 3246/1587/228 3247/1567/228 3248/1591/228
f 3248/1591/228 3247/1567/228 3249/1575/228
f 3250/1587/248 3251/1575/248 3252/1591/248
f 3251/1575/248 3250/1587/248 3253/1567/248
f 3254/1587/224 3255/1567/224 3256/1591/224
f 3256/1591/224 3255/1567/224 3257/1575/224
f 3258/1587/255 3259/1567/255 3260/1591/255
f 3260/1591/255 3259/1567/255 3261/1575/255
f 3262/1587/228 3263/1567/228 3264/1575/228
f 3262/1587/228 3264/1575/228 3265/1591/228
f 3266/1591/224 3267/1567/224 3268/1575/224
f 3267/1567/224 3266/1591/224 3269/1587/224
f 3270/1591/255 3271/1567/255 3272/1575/255
f 3271/1567/255 3270/1591/255 3273/1587/255
f 3274/1587/222 3275/1567/222 3276/1591/222
f 3276/1591/222 3275/1567/222 3277/1575/222
f 3278/1575/248 3279/1591/248 3280/1567/248
f 3281/1587/248 3280/1567/248 3279/1591/248
f 3282/1575/225 3283/1591/225 3284/1567/225
f 3284/1567/225 3283/1591/225 3285/1587/225
f 3286/1587/225 3287/1567/225 3288/1575/225
f 3288/1575/225 3289/1591/225 3286/1587/225
f 3290/1587/222 3291/1567/222 3292/1591/222
f 3292/1591/222 3291/1567/222 3293/1575/222
f 3294/1587/228 3295/1567/228 3296/1591/228
f 3296/1591/228 3295/1567/228 3297/1575/228
f 3298/1587/248 3299/1567/248 3300/1591/248
f 3300/1591/248 3299/1567/248 3301/1575/248
f 3302/1587/224 3303/1567/224 3304/1591/224
f 3304/1591/224 3303/1567/224 3305/1575/224
f 3306/1587/255 3307/1567/255 3308/1591/255
f 3308/1591/255 3307/1567/255 3309/1575/255
f 3310/1592/311 3311/1570/311 3312/1567/311
f 3312/1567/311 3313/1593/311 3310/1592/311
s 1
f 3314/1594/318 3315/1572/319 3316/1570/319
f 3316/1570/319 3317/1592/320 3314/1594/318
s 0
f 3318/1574/313 3319/1594/313 3320/1595/313
f 3319/1594/313 3318/1574/313 3321/1572/313
s 1
f 3322/1575/321 3323/1595/322 3324/1596/323
f 3323/1595/322 3322/1575/321 3325/1574/321
s 0
f 3326/1597/315 3327/1592/315 3328/1593/315
f 3328/1593/315 3329/1598/315 3326/1597/315
s 1
f 3330/1597/324 3314/1594/318 3317/1592/320
f 3314/1594/318 3330/1597/324 3331/1599/325
s 0
f 3332/1599/316 3333/1595/316 3334/1594/316
f 3333/1595/316 3332/1599/316 3335/1600/316
s 1
f 3336/1601/326 3324/1596/323 3323/1595/322
f 3336/1601/326 3323/1595/322 3337/1600/327
f 3338/1598/298 3339/1603/328 3340/1602/328
f 3338/1598/298 3340/1602/328 3341/1597/298
f 3342/1602/329 3331/1599/325 3330/1597/324
f 3331/1599/325 3342/1602/329 3343/1604/330
f 3344/1604/331 3345/1600/332 3346/1599/333
f 3345/1600/332 3344/1604/331 3347/1605/334
f 3348/1606/335 3337/1600/327 3349/1605/335
f 3348/1606/335 3336/1601/326 3337/1600/327
f 3350/1607/336 3340/1602/328 3339/1603/328
f 3340/1602/328 3350/1607/336 3351/1608/337
f 3352/1609/338 3353/1604/339 3354/1602/339
f 3354/1602/339 3355/1608/340 3352/1609/338
f 3356/1610/341 3347/1605/334 3344/1604/331
f 3356/1610/341 3344/1604/331 3357/1609/341
f 3358/1606/342 3359/1610/343 3360/1611/344
f 3359/1610/343 3358/1606/342 3361/1605/345
s 0
f 3362/1607/346 3363/1612/346 3364/1613/346
f 3362/1607/346 3364/1613/346 3365/1608/346
s 1
f 3355/1608/340 3366/1613/347 3367/1614/348
f 3355/1608/340 3367/1614/348 3352/1609/338
s 0
f 3368/1615/349 3369/1610/349 3370/1609/349
f 3368/1615/349 3370/1609/349 3371/1614/349
s 1
f 3360/1611/344 3372/1615/307 3373/1616/350
f 3372/1615/307 3360/1611/344 3359/1610/343
s 0
f 3374/1612/351 3375/1617/351 3376/1618/351
f 3374/1612/351 3376/1618/351 3377/1613/351
s 1
f 3378/1618/352 3367/1614/348 3366/1613/347
f 3367/1614/348 3378/1618/352 3379/1619/353
s 0
f 3380/1620/354 3381/1615/354 3382/1614/354
f 3380/1620/354 3382/1614/354 3383/1619/354
s 1
f 3372/1615/355 3384/1620/356 3385/1621/357
s 0
f 3372/1615/350 3385/1621/358 3373/1616/358
f 3386/1587/288 3387/1618/288 3388/1617/288
f 3387/1618/288 3386/1587/288 3389/1588/288
s 1
f 3390/1588/315 3379/1619/353 3378/1618/352
s 0
f 3379/1619/359 3390/1588/315 3391/1589/315
f 3392/1590/285 3393/1620/285 3394/1619/285
f 3392/1590/285 3394/1619/285 3395/1589/285
f 3396/1591/316 3384/1620/360 3397/1590/316
s 1
f 3396/1591/316 3385/1621/357 3384/1620/356
s 0
f 3398/1567/222 3399/1567/222 3400/1567/222
f 3399/1567/222 3398/1567/222 3401/1567/222
f 3402/1567/224 3403/1567/224 3404/1567/224
f 3402/1567/224 3404/1567/224 3405/1567/224
o Box064_03_-_Default_0
v 1.589336 1.414059 -5.793971
v 3.515472 1.414059 -5.793971
v 1.589336 2.610294 -5.793971
v 3.515472 2.610294 -5.793971
v 1.589336 2.610294 -5.824993
v 3.515472 2.610294 -5.824993
v 3.515472 1.414059 -5.824993
v 1.589336 1.414059 -5.824993
v 3.515472 1.414059 -5.824993
v 1.589336 1.414059 -5.793971
v 1.589336 1.414059 -5.824993
v 3.515472 1.414059 -5.793971
v 1.589336 2.610294 -5.824993
v 1.589336 1.414059 -5.824993
v 1.589336 1.414059 -5.793971
v 1.589336 2.610294 -5.793971
v 3.515472 2.610294 -5.824993
v 1.589336 2.610294 -5.824993
v 1.589336 2.610294 -5.793971
v 3.515472 2.610294 -5.793971
v 3.515472 2.610294 -5.824993
v 3.515472 1.414059 -5.793971
v 3.515472 1.414059 -5.824993
v 3.515472 2.610294 -5.793971
vn -0.0000 -0.0000 1.0000
vn -0.0000 -0.0000 -1.0000
vn -0.0000 -1.0000 -0.0000
vn -1.0000 -0.0000 -0.0000
vn -0.0000 1.0000 -0.0000
vn 1.0000 -0.0000 -0.0000
vt 0.000000 1.000000
vt 1.000000 1.000000
vt 0.000000 0.000000
vt 1.000000 0.000000
s 0
f 3406/1622/361 3407/1623/361 3408/1624/361
f 3407/1623/361 3409/1625/361 3408/1624/361
f 3410/1625/362 3411/1624/362 3412/1622/362
f 3410/1625/362 3412/1622/362 3413/1623/362
f 3414/1624/363 3415/1623/363 3416/1625/363
f 3415/1623/363 3414/1624/363 3417/1622/363
f 3418/1625/364 3419/1624/364 3420/1622/364
f 3418/1625/364 3420/1622/364 3421/1623/364
f 3422/1625/365 3423/1624/365 3424/1622/365
f 3422/1625/365 3424/1622/365 3425/1623/365
f 3426/1624/366 3427/1623/366 3428/1625/366
f 3427/1623/366 3426/1624/366 3429/1622/366
o Box065_03_-_Default_0
v -1.049359 1.414059 -5.793971
v 0.876777 1.414059 -5.793971
v -1.049359 2.610294 -5.793971
v 0.876777 2.610294 -5.793971
v -1.049359 2.610294 -5.824993
v 0.876777 2.610294 -5.824993
v 0.876777 1.414059 -5.824993
v -1.049359 1.414059 -5.824993
v 0.876777 1.414059 -5.824993
v -1.049359 1.414059 -5.793971
v -1.049359 1.414059 -5.824993
v 0.876777 1.414059 -5.793971
v -1.049359 2.610294 -5.824993
v -1.049359 1.414059 -5.824993
v -1.049359 1.414059 -5.793971
v -1.049359 2.610294 -5.793971
v 0.876777 2.610294 -5.824993
v -1.049359 2.610294 -5.824993
v -1.049359 2.610294 -5.793971
v 0.876777 2.610294 -5.793971
v 0.876777 2.610294 -5.824993
v 0.876777 1.414059 -5.793971
v 0.876777 1.414059 -5.824993
v 0.876777 2.610294 -5.793971
vn -0.0000 -0.0000 1.0000
vn -0.0000 -0.0000 -1.0000
vn -0.0000 -1.0000 -0.0000
vn -1.0000 -0.0000 -0.0000
vn -0.0000 1.0000 -0.0000
vn 1.0000 -0.0000 -0.0000
vt 0.000000 1.000000
vt 1.000000 1.000000
vt 0.000000 0.000000
vt 1.000000 0.000000
s 0
f 3430/1626/367 3431/1627/367 3432/1628/367
f 3431/1627/367 3433/1629/367 3432/1628/367
f 3434/1629/368 3435/1628/368 3436/1626/368
f 3434/1629/368 3436/1626/368 3437/1627/368
f 3438/1628/369 3439/1627/369 3440/1629/369
f 3439/1627/369 3438/1628/369 3441/1626/369
f 3442/1629/370 3443/1628/370 3444/1626/370
f 3442/1629/370 3444/1626/370 3445/1627/370
f 3446/1629/371 3447/1628/371 3448/1626/371
f 3446/1629/371 3448/1626/371 3449/1627/371
f 3450/1628/372 3451/1627/372 3452/1629/372
f 3451/1627/372 3450/1628/372 3453/1626/372
o Box066_03_-_Default_0
v 5.548793 1.414059 -5.793971
v 7.474930 1.414059 -5.793971
v 5.548793 2.610294 -5.793971
v 7.474930 2.610294 -5.793971
v 5.548793 2.610294 -5.824993
v 7.474930 2.610294 -5.824993
v 7.474930 1.414059 -5.824993
v 5.548793 1.414059 -5.824993
v 7.474930 1.414059 -5.824993
v 5.548793 1.414059 -5.793971
v 5.548793 1.414059 -5.824993
v 7.474930 1.414059 -5.793971
v 5.548793 2.610294 -5.824993
v 5.548793 1.414059 -5.824993
v 5.548793 1.414059 -5.793971
v 5.548793 2.610294 -5.793971
v 7.474930 2.610294 -5.824993
v 5.548793 2.610294 -5.824993
v 5.548793 2.610294 -5.793971
v 7.474930 2.610294 -5.793971
v 7.474930 2.610294 -5.824993
v 7.474930 1.414059 -5.793971
v 7.474930 1.414059 -5.824993
v 7.474930 2.610294 -5.793971
vn -0.0000 -0.0000 1.0000
vn -0.0000 -0.0000 -1.0000
vn -0.0000 -1.0000 -0.0000
vn -1.0000 -0.0000 -0.0000
vn -0.0000 1.0000 -0.0000
vn 1.0000 -0.0000 -0.0000
vt 0.000000 1.000000
vt 1.000000 1.000000
vt 0.000000 0.000000
vt 1.000000 0.000000
s 0
f 3454/1630/373 3455/1631/373 3456/1632/373
f 3455/1631/373 3457/1633/373 3456/1632/373
f 3458/1633/374 3459/1632/374 3460/1630/374
f 3458/1633/374 3460/1630/374 3461/1631/374
f 3462/1632/375 3463/1631/375 3464/1633/375
f 3463/1631/375 3462/1632/375 3465/1630/375
f 3466/1633/376 3467/1632/376 3468/1630/376
f 3466/1633/376 3468/1630/376 3469/1631/376
f 3470/1633/377 3471/1632/377 3472/1630/377
f 3470/1633/377 3472/1630/377 3473/1631/377
f 3474/1632/378 3475/1631/378 3476/1633/378
f 3475/1631/378 3474/1632/378 3477/1630/378
o Box067_03_-_Default_0
v -4.153173 1.414059 -10.745422
v -2.227036 1.414059 -10.745422
v -4.153173 2.610294 -10.745421
v -2.227036 2.610294 -10.745421
v -4.153173 2.610294 -10.776444
v -2.227036 2.610294 -10.776444
v -2.227036 1.414059 -10.776444
v -4.153173 1.414059 -10.776444
v -2.227036 1.414059 -10.776444
v -4.153173 1.414059 -10.745422
v -4.153173 1.414059 -10.776444
v -2.227036 1.414059 -10.745422
v -4.153173 2.610294 -10.776444
v -4.153173 1.414059 -10.776444
v -4.153173 1.414059 -10.745422
v -4.153173 2.610294 -10.745421
v -2.227036 2.610294 -10.776444
v -4.153173 2.610294 -10.776444
v -4.153173 2.610294 -10.745421
v -2.227036 2.610294 -10.745421
v -2.227036 2.610294 -10.776444
v -2.227036 1.414059 -10.745422
v -2.227036 1.414059 -10.776444
v -2.227036 2.610294 -10.745421
vn -0.0000 -0.0000 1.0000
vn -0.0000 -0.0000 -1.0000
vn -0.0000 -1.0000 -0.0000
vn -1.0000 -0.0000 -0.0000
vn -0.0000 1.0000 -0.0000
vn 1.0000 -0.0000 -0.0000
vt 0.000000 1.000000
vt 1.000000 1.000000
vt 0.000000 0.000000
vt 1.000000 0.000000
s 0
f 3478/1634/379 3479/1635/379 3480/1636/379
f 3479/1635/379 3481/1637/379 3480/1636/379
f 3482/1637/380 3483/1636/380 3484/1634/380
f 3482/1637/380 3484/1634/380 3485/1635/380
f 3486/1636/381 3487/1635/381 3488/1637/381
f 3487/1635/381 3486/1636/381 3489/1634/381
f 3490/1637/382 3491/1636/382 3492/1634/382
f 3490/1637/382 3492/1634/382 3493/1635/382
f 3494/1637/383 3495/1636/383 3496/1634/383
f 3494/1637/383 3496/1634/383 3497/1635/383
f 3498/1636/384 3499/1635/384 3500/1637/384
f 3499/1635/384 3498/1636/384 3501/1634/384
o Box068_03_-_Default_0
v -6.811193 1.414059 -10.745422
v -4.885057 1.414059 -10.745422
v -6.811193 2.610294 -10.745421
v -4.885057 2.610294 -10.745421
v -6.811193 2.610294 -10.776444
v -4.885057 2.610294 -10.776444
v -4.885057 1.414059 -10.776444
v -6.811193 1.414059 -10.776444
v -4.885057 1.414059 -10.776444
v -6.811193 1.414059 -10.745422
v -6.811193 1.414059 -10.776444
v -4.885057 1.414059 -10.745422
v -6.811193 2.610294 -10.776444
v -6.811193 1.414059 -10.776444
v -6.811193 1.414059 -10.745422
v -6.811193 2.610294 -10.745421
v -4.885057 2.610294 -10.776444
v -6.811193 2.610294 -10.776444
v -6.811193 2.610294 -10.745421
v -4.885057 2.610294 -10.745421
v -4.885057 2.610294 -10.776444
v -4.885057 1.414059 -10.745422
v -4.885057 1.414059 -10.776444
v -4.885057 2.610294 -10.745421
vn -0.0000 -0.0000 1.0000
vn -0.0000 -0.0000 -1.0000
vn -0.0000 -1.0000 -0.0000
vn -1.0000 -0.0000 -0.0000
vn -0.0000 1.0000 -0.0000
vn 1.0000 -0.0000 -0.0000
vt 0.000000 1.000000
vt 1.000000 1.000000
vt 0.000000 0.000000
vt 1.000000 0.000000
s 0
f 3502/1638/385 3503/1639/385 3504/1640/385
f 3503/1639/385 3505/1641/385 3504/1640/385
f 3506/1641/386 3507/1640/386 3508/1638/386
f 3506/1641/386 3508/1638/386 3509/1639/386
f 3510/1640/387 3511/1639/387 3512/1641/387
f 3511/1639/387 3510/1640/387 3513/1638/387
f 3514/1641/388 3515/1640/388 3516/1638/388
f 3514/1641/388 3516/1638/388 3517/1639/388
f 3518/1641/389 3519/1640/389 3520/1638/389
f 3518/1641/389 3520/1638/389 3521/1639/389
f 3522/1640/390 3523/1639/390 3524/1641/390
f 3523/1639/390 3522/1640/390 3525/1638/390
o Box069_03_-_Default_0
v -6.803547 4.547068 -8.922984
v -4.877411 4.547068 -8.922984
v -6.803547 5.743303 -8.922983
v -4.877411 5.743303 -8.922983
v -6.803547 5.743303 -8.954006
v -4.877411 5.743303 -8.954006
v -4.877411 4.547068 -8.954006
v -6.803547 4.547068 -8.954006
v -4.877411 4.547068 -8.954006
v -6.803547 4.547068 -8.922984
v -6.803547 4.547068 -8.954006
v -4.877411 4.547068 -8.922984
v -6.803547 5.743303 -8.954006
v -6.803547 4.547068 -8.954006
v -6.803547 4.547068 -8.922984
v -6.803547 5.743303 -8.922983
v -4.877411 5.743303 -8.954006
v -6.803547 5.743303 -8.954006
v -6.803547 5.743303 -8.922983
v -4.877411 5.743303 -8.922983
v -4.877411 5.743303 -8.954006
v -4.877411 4.547068 -8.922984
v -4.877411 4.547068 -8.954006
v -4.877411 5.743303 -8.922983
vn -0.0000 -0.0000 1.0000
vn -0.0000 -0.0000 -1.0000
vn -0.0000 -1.0000 -0.0000
vn -1.0000 -0.0000 -0.0000
vn -0.0000 1.0000 -0.0000
vn 1.0000 -0.0000 -0.0000
vt 0.000000 1.000000
vt 1.000000 1.000000
vt 0.000000 0.000000
vt 1.000000 0.000000
s 0
f 3526/1642/391 3527/1643/391 3528/1644/391
f 3527/1643/391 3529/1645/391 3528/1644/391
f 3530/1645/392 3531/1644/392 3532/1642/392
f 3530/1645/392 3532/1642/392 3533/1643/392
f 3534/1644/393 3535/1643/393 3536/1645/393
f 3535/1643/393 3534/1644/393 3537/1642/393
f 3538/1645/394 3539/1644/394 3540/1642/394
f 3538/1645/394 3540/1642/394 3541/1643/394
f 3542/1645/395 3543/1644/395 3544/1642/395
f 3542/1645/395 3544/1642/395 3545/1643/395
f 3546/1644/396 3547/1643/396 3548/1645/396
f 3547/1643/396 3546/1644/396 3549/1642/396
o Box070_03_-_Default_0
v -4.156249 4.547068 -8.922984
v -2.230112 4.547068 -8.922984
v -4.156249 5.743303 -8.922983
v -2.230112 5.743303 -8.922983
v -4.156249 5.743303 -8.954006
v -2.230112 5.743303 -8.954006
v -2.230112 4.547068 -8.954006
v -4.156249 4.547068 -8.954006
v -2.230112 4.547068 -8.954006
v -4.156249 4.547068 -8.922984
v -4.156249 4.547068 -8.954006
v -2.230112 4.547068 -8.922984
v -4.156249 5.743303 -8.954006
v -4.156249 4.547068 -8.954006
v -4.156249 4.547068 -8.922984
v -4.156249 5.743303 -8.922983
v -2.230112 5.743303 -8.954006
v -4.156249 5.743303 -8.954006
v -4.156249 5.743303 -8.922983
v -2.230112 5.743303 -8.922983
v -2.230112 5.743303 -8.954006
v -2.230112 4.547068 -8.922984
v -2.230112 4.547068 -8.954006
v -2.230112 5.743303 -8.922983
vn -0.0000 -0.0000 1.0000
vn -0.0000 -0.0000 -1.0000
vn -0.0000 -1.0000 -0.0000
vn -1.0000 -0.0000 -0.0000
vn -0.0000 1.0000 -0.0000
vn 1.0000 -0.0000 -0.0000
vt 0.000000 1.000000
vt 1.000000 1.000000
vt 0.000000 0.000000
vt 1.000000 0.000000
s 0
f 3550/1646/397 3551/1647/397 3552/1648/397
f 3551/1647/397 3553/1649/397 3552/1648/397
f 3554/1649/398 3555/1648/398 3556/1646/398
f 3554/1649/398 3556/1646/398 3557/1647/398
f 3558/1648/399 3559/1647/399 3560/1649/399
f 3559/1647/399 3558/1648/399 3561/1646/399
f 3562/1649/400 3563/1648/400 3564/1646/400
f 3562/1649/400 3564/1646/400 3565/1647/400
f 3566/1649/401 3567/1648/401 3568/1646/401
f 3566/1649/401 3568/1646/401 3569/1647/401
f 3570/1648/402 3571/1647/402 3572/1649/402
f 3571/1647/402 3570/1648/402 3573/1646/402
o Box071_03_-_Default_0
v -1.544417 4.547068 -6.410724
v -1.544417 4.547068 -4.484586
v -1.544417 5.743303 -6.410724
v -1.544417 5.743303 -4.484586
v -1.513395 5.743303 -6.410724
v -1.513395 5.743303 -4.484586
v -1.513395 4.547068 -4.484586
v -1.513395 4.547068 -6.410724
v -1.513395 4.547068 -4.484586
v -1.544417 4.547068 -6.410724
v -1.513395 4.547068 -6.410724
v -1.544417 4.547068 -4.484586
v -1.513395 5.743303 -6.410724
v -1.513395 4.547068 -6.410724
v -1.544417 4.547068 -6.410724
v -1.544417 5.743303 -6.410724
v -1.513395 5.743303 -4.484586
v -1.513395 5.743303 -6.410724
v -1.544417 5.743303 -6.410724
v -1.544417 5.743303 -4.484586
v -1.513395 5.743303 -4.484586
v -1.544417 4.547068 -4.484586
v -1.513395 4.547068 -4.484586
v -1.544417 5.743303 -4.484586
vn -1.0000 -0.0000 -0.0000
vn 1.0000 -0.0000 -0.0000
vn -0.0000 -1.0000 -0.0000
vn -0.0000 -0.0000 -1.0000
vn -0.0000 1.0000 -0.0000
vn -0.0000 -0.0000 1.0000
vt 0.000000 1.000000
vt 1.000000 1.000000
vt 0.000000 0.000000
vt 1.000000 0.000000
s 0
f 3574/1650/403 3575/1651/403 3576/1652/403
f 3575/1651/403 3577/1653/403 3576/1652/403
f 3578/1653/404 3579/1652/404 3580/1650/404
f 3578/1653/404 3580/1650/404 3581/1651/404
f 3582/1652/405 3583/1651/405 3584/1653/405
f 3583/1651/405 3582/1652/405 3585/1650/405
f 3586/1653/406 3587/1652/406 3588/1650/406
f 3586/1653/406 3588/1650/406 3589/1651/406
f 3590/1653/407 3591/1652/407 3592/1650/407
f 3590/1653/407 3592/1650/407 3593/1651/407
f 3594/1652/408 3595/1651/408 3596/1653/408
f 3595/1651/408 3594/1652/408 3597/1650/408
o Box072_03_-_Default_0
v -1.541996 4.547144 -3.768875
v -1.541996 4.547144 -1.842738
v -1.541996 5.743380 -3.768875
v -1.541996 5.743380 -1.842738
v -1.510973 5.743380 -3.768875
v -1.510973 5.743380 -1.842738
v -1.510973 4.547144 -1.842738
v -1.510973 4.547144 -3.768875
v -1.510973 4.547144 -1.842738
v -1.541996 4.547144 -3.768875
v -1.510973 4.547144 -3.768875
v -1.541996 4.547144 -1.842738
v -1.510973 5.743380 -3.768875
v -1.510973 4.547144 -3.768875
v -1.541996 4.547144 -3.768875
v -1.541996 5.743380 -3.768875
v -1.510973 5.743380 -1.842738
v -1.510973 5.743380 -3.768875
v -1.541996 5.743380 -3.768875
v -1.541996 5.743380 -1.842738
v -1.510973 5.743380 -1.842738
v -1.541996 4.547144 -1.842738
v -1.510973 4.547144 -1.842738
v -1.541996 5.743380 -1.842738
vn -1.0000 -0.0000 -0.0000
vn 1.0000 -0.0000 -0.0000
vn -0.0000 -1.0000 -0.0000
vn -0.0000 -0.0000 -1.0000
vn -0.0000 1.0000 -0.0000
vn -0.0000 -0.0000 1.0000
vt 0.000000 1.000000
vt 1.000000 1.000000
vt 0.000000 0.000000
vt 1.000000 0.000000
s 0
f 3598/1654/409 3599/1655/409 3600/1656/409
f 3599/1655/409 3601/1657/409 3600/1656/409
f 3602/1657/410 3603/1656/410 3604/1654/410
f 3602/1657/410 3604/1654/410 3605/1655/410
f 3606/1656/411 3607/1655/411 3608/1657/411
f 3607/1655/411 3606/1656/411 3609/1654/411
f 3610/1657/412 3611/1656/412 3612/1654/412
f 3610/1657/412 3612/1654/412 3613/1655/412
f 3614/1657/413 3615/1656/413 3616/1654/413
f 3614/1657/413 3616/1654/413 3617/1655/413
f 3618/1656/414 3619/1655/414 3620/1657/414
f 3619/1655/414 3618/1656/414 3621/1654/414
o Box073_03_-_Default_0
v -0.304936 6.432388 3.956799
v -0.304936 3.699439 3.956798
v 0.532482 3.699439 3.956799
v 0.532482 6.432388 3.956799
v 0.532482 6.432388 3.925776
v 0.532482 3.699439 3.925776
v -0.304936 6.432388 3.925776
v -0.304936 3.699439 3.925776
v 0.532482 3.699439 3.925776
v -0.304936 3.699439 3.956798
v -0.304936 3.699439 3.925776
v 0.532482 3.699439 3.956799
v -0.304936 6.432388 3.925776
v -0.304936 3.699439 3.925776
v -0.304936 3.699439 3.956798
v -0.304936 6.432388 3.956799
v 0.532482 6.432388 3.925776
v -0.304936 6.432388 3.925776
v -0.304936 6.432388 3.956799
v 0.532482 6.432388 3.956799
v 0.532482 6.432388 3.925776
v 0.532482 3.699439 3.956799
v 0.532482 3.699439 3.925776
v 0.532482 6.432388 3.956799
vn -0.0000 -0.0000 1.0000
vn -0.0000 -0.0000 -1.0000
vn -0.0000 -1.0000 -0.0000
vn -1.0000 -0.0000 -0.0000
vn -0.0000 1.0000 -0.0000
vn 1.0000 -0.0000 -0.0000
vt 0.000000 0.000000
vt 0.000000 1.000000
vt 1.000000 1.000000
vt 1.000000 0.000000
s 0
f 3622/1658/415 3623/1659/415 3624/1660/415
f 3624/1660/415 3625/1661/415 3622/1658/415
f 3626/1658/416 3627/1659/416 3628/1661/416
f 3628/1661/416 3627/1659/416 3629/1660/416
f 3630/1658/417 3631/1660/417 3632/1661/417
f 3631/1660/417 3630/1658/417 3633/1659/417
f 3634/1661/418 3635/1658/418 3636/1659/418
f 3634/1661/418 3636/1659/418 3637/1660/418
f 3638/1661/419 3639/1658/419 3640/1659/419
f 3638/1661/419 3640/1659/419 3641/1660/419
f 3642/1658/420 3643/1660/420 3644/1661/420
f 3643/1660/420 3642/1658/420 3645/1659/420
o Box074_03_-_Default_0
v -1.504583 6.432388 3.956799
v -1.504583 3.699439 3.956798
v -0.667166 3.699439 3.956799
v -0.667166 6.432388 3.956799
v -0.667166 6.432388 3.925776
v -0.667166 3.699439 3.925776
v -1.504583 6.432388 3.925776
v -1.504583 3.699439 3.925776
v -0.667166 3.699439 3.925776
v -1.504583 3.699439 3.956798
v -1.504583 3.699439 3.925776
v -0.667166 3.699439 3.956799
v -1.504583 6.432388 3.925776
v -1.504583 3.699439 3.925776
v -1.504583 3.699439 3.956798
v -1.504583 6.432388 3.956799
v -0.667166 6.432388 3.925776
v -1.504583 6.432388 3.925776
v -1.504583 6.432388 3.956799
v -0.667166 6.432388 3.956799
v -0.667166 6.432388 3.925776
v -0.667166 3.699439 3.956799
v -0.667166 3.699439 3.925776
v -0.667166 6.432388 3.956799
vn -0.0000 -0.0000 1.0000
vn -0.0000 -0.0000 -1.0000
vn -0.0000 -1.0000 -0.0000
vn -1.0000 -0.0000 -0.0000
vn -0.0000 1.0000 -0.0000
vn 1.0000 -0.0000 -0.0000
vt 0.000000 0.000000
vt 0.000000 1.000000
vt 1.000000 1.000000
vt 1.000000 0.000000
s 0
f 3646/1662/421 3647/1663/421 3648/1664/421
f 3648/1664/421 3649/1665/421 3646/1662/421
f 3650/1662/422 3651/1663/422 3652/1665/422
f 3652/1665/422 3651/1663/422 3653/1664/422
f 3654/1662/423 3655/1664/423 3656/1665/423
f 3655/1664/423 3654/1662/423 3657/1663/423
f 3658/1665/424 3659/1662/424 3660/1663/424
f 3658/1665/424 3660/1663/424 3661/1664/424
f 3662/1665/425 3663/1662/425 3664/1663/425
f 3662/1665/425 3664/1663/425 3665/1664/425
f 3666/1662/426 3667/1664/426 3668/1665/426
f 3667/1664/426 3666/1662/426 3669/1663/426
o Box075_20_-_Polished_Aluminum_0
v -2.128013 1.391380 -11.048655
v -2.128013 1.391380 -10.674200
v -2.128013 1.276390 -10.674200
v -2.128013 1.276390 -11.048655
v -6.897036 1.276390 -11.048655
v -6.897036 1.276390 -10.674200
v -6.897036 1.391380 -11.048655
v -6.897036 1.391380 -10.674200
v -6.897036 1.276390 -10.674200
v -2.128013 1.276390 -10.674200
v -6.897036 1.391380 -10.674200
v -2.128013 1.391380 -10.674200
v -6.897036 1.391380 -10.674200
v -2.128013 1.391380 -10.674200
v -6.897036 1.391380 -11.048655
v -2.128013 1.391380 -11.048655
v -6.897036 1.391380 -11.048655
v -2.128013 1.276390 -11.048655
v -6.897036 1.276390 -11.048655
v -2.128013 1.391380 -11.048655
v -6.897036 1.276390 -11.048655
v -2.128013 1.276390 -11.048655
v -6.897036 1.276390 -10.674200
v -2.128013 1.276390 -10.674200
vn 1.0000 -0.0000 -0.0000
vn -1.0000 -0.0000 -0.0000
vn -0.0000 -0.0000 1.0000
vn -0.0000 1.0000 -0.0000
vn -0.0000 -0.0000 -1.0000
vn -0.0000 -1.0000 -0.0000
vt 0.000000 0.000000
vt 0.000000 1.000000
vt 1.000000 1.000000
vt 1.000000 0.000000
s 0
f 3670/1666/427 3671/1667/427 3672/1668/427
f 3672/1668/427 3673/1669/427 3670/1666/427
f 3674/1666/428 3675/1667/428 3676/1669/428
f 3676/1669/428 3675/1667/428 3677/1668/428
f 3678/1666/429 3679/1667/429 3680/1669/429
f 3680/1669/429 3679/1667/429 3681/1668/429
f 3682/1666/430 3683/1667/430 3684/1669/430
f 3684/1669/430 3683/1667/430 3685/1668/430
f 3686/1666/431 3687/1668/431 3688/1669/431
f 3687/1668/431 3686/1666/431 3689/1667/431
f 3690/1666/432 3691/1667/432 3692/1669/432
f 3692/1669/432 3691/1667/432 3693/1668/432
o Box076_20_-_Polished_Aluminum_0
v -2.128013 4.533171 -9.252676
v -2.128013 4.533171 -8.878222
v -2.128013 4.418180 -8.878222
v -2.128013 4.418180 -9.252676
v -6.897036 4.418180 -9.252676
v -6.897036 4.418180 -8.878222
v -6.897036 4.533171 -9.252676
v -6.897036 4.533171 -8.878222
v -6.897036 4.418180 -8.878222
v -2.128013 4.418180 -8.878222
v -6.897036 4.533171 -8.878222
v -2.128013 4.533171 -8.878222
v -6.897036 4.533171 -8.878222
v -2.128013 4.533171 -8.878222
v -6.897036 4.533171 -9.252676
v -2.128013 4.533171 -9.252676
v -6.897036 4.533171 -9.252676
v -2.128013 4.418180 -9.252676
v -6.897036 4.418180 -9.252676
v -2.128013 4.533171 -9.252676
v -6.897036 4.418180 -9.252676
v -2.128013 4.418180 -9.252676
v -6.897036 4.418180 -8.878222
v -2.128013 4.418180 -8.878222
vn 1.0000 -0.0000 -0.0000
vn -1.0000 -0.0000 -0.0000
vn -0.0000 -0.0000 1.0000
vn -0.0000 1.0000 -0.0000
vn -0.0000 -0.0000 -1.0000
vn -0.0000 -1.0000 -0.0000
vt 0.000000 0.000000
vt 0.000000 1.000000
vt 1.000000 1.000000
vt 1.000000 0.000000
s 0
f 3694/1670/433 3695/1671/433 3696/1672/433
f 3696/1672/433 3697/1673/433 3694/1670/433
f 3698/1670/434 3699/1671/434 3700/1673/434
f 3700/1673/434 3699/1671/434 3701/1672/434
f 3702/1670/435 3703/1671/435 3704/1673/435
f 3704/1673/435 3703/1671/435 3705/1672/435
f 3706/1670/436 3707/1671/436 3708/1673/436
f 3708/1673/436 3707/1671/436 3709/1672/436
f 3710/1670/437 3711/1672/437 3712/1673/437
f 3711/1672/437 3710/1670/437 3713/1671/437
f 3714/1670/438 3715/1671/438 3716/1673/438
f 3716/1673/438 3715/1671/438 3717/1672/438
o Box077_20_-_Polished_Aluminum_0
v -1.166154 4.533171 -1.742741
v -1.540608 4.533171 -1.742741
v -1.540608 4.418180 -1.742741
v -1.166154 4.418180 -1.742741
v -1.166153 4.418180 -6.511766
v -1.540608 4.418180 -6.511766
v -1.166153 4.533171 -6.511766
v -1.540608 4.533171 -6.511766
v -1.540608 4.418180 -6.511766
v -1.540608 4.418180 -1.742741
v -1.540608 4.533171 -6.511766
v -1.540608 4.533171 -1.742741
v -1.540608 4.533171 -6.511766
v -1.540608 4.533171 -1.742741
v -1.166153 4.533171 -6.511766
v -1.166154 4.533171 -1.742741
v -1.166153 4.533171 -6.511766
v -1.166154 4.418180 -1.742741
v -1.166153 4.418180 -6.511766
v -1.166154 4.533171 -1.742741
v -1.166153 4.418180 -6.511766
v -1.166154 4.418180 -1.742741
v -1.540608 4.418180 -6.511766
v -1.540608 4.418180 -1.742741
vn -0.0000 -0.0000 1.0000
vn -0.0000 -0.0000 -1.0000
vn -1.0000 -0.0000 -0.0000
vn -0.0000 1.0000 -0.0000
vn 1.0000 -0.0000 -0.0000
vn -0.0000 -1.0000 -0.0000
vt 0.000000 0.000000
vt 0.000000 1.000000
vt 1.000000 1.000000
vt 1.000000 0.000000
s 0
f 3718/1674/439 3719/1675/439 3720/1676/439
f 3720/1676/439 3721/1677/439 3718/1674/439
f 3722/1674/440 3723/1675/440 3724/1677/440
f 3724/1677/440 3723/1675/440 3725/1676/440
f 3726/1674/441 3727/1675/441 3728/1677/441
f 3728/1677/441 3727/1675/441 3729/1676/441
f 3730/1674/442 3731/1675/442 3732/1677/442
f 3732/1677/442 3731/1675/442 3733/1676/442
f 3734/1674/443 3735/1676/443 3736/1677/443
f 3735/1676/443 3734/1674/443 3737/1675/443
f 3738/1674/444 3739/1675/444 3740/1677/444
f 3740/1677/444 3739/1675/444 3741/1676/444
o Box078_20_-_Polished_Aluminum_0
v 7.550370 1.391380 -6.007422
v 7.550370 1.391380 -5.632968
v 7.550370 1.276390 -5.632968
v 7.550370 1.276390 -6.007422
v -1.149138 1.276390 -6.007422
v -1.149138 1.276390 -5.632968
v -1.149138 1.391380 -6.007422
v -1.149138 1.391380 -5.632968
v -1.149138 1.276390 -5.632968
v 7.550370 1.276390 -5.632968
v -1.149138 1.391380 -5.632968
v 7.550370 1.391380 -5.632968
v -1.149138 1.391380 -5.632968
v 7.550370 1.391380 -5.632968
v -1.149138 1.391380 -6.007422
v 7.550370 1.391380 -6.007422
v -1.149138 1.391380 -6.007422
v 7.550370 1.276390 -6.007422
v -1.149138 1.276390 -6.007422
v 7.550370 1.391380 -6.007422
v -1.149138 1.276390 -6.007422
v 7.550370 1.276390 -6.007422
v -1.149138 1.276390 -5.632968
v 7.550370 1.276390 -5.632968
vn 1.0000 -0.0000 -0.0000
vn -1.0000 -0.0000 -0.0000
vn -0.0000 -0.0000 1.0000
vn -0.0000 1.0000 -0.0000
vn -0.0000 -0.0000 -1.0000
vn -0.0000 -1.0000 -0.0000
vt 0.000000 0.000000
vt 0.000000 1.000000
vt 1.000000 1.000000
vt 1.000000 0.000000
s 0
f 3742/1678/445 3743/1679/445 3744/1680/445
f 3744/1680/445 3745/1681/445 3742/1678/445
f 3746/1678/446 3747/1679/446 3748/1681/446
f 3748/1681/446 3747/1679/446 3749/1680/446
f 3750/1678/447 3751/1679/447 3752/1681/447
f 3752/1681/447 3751/1679/447 3753/1680/447
f 3754/1678/448 3755/1679/448 3756/1681/448
f 3756/1681/448 3755/1679/448 3757/1680/448
f 3758/1678/449 3759/1680/449 3760/1681/449
f 3759/1680/449 3758/1678/449 3761/1679/449
f 3762/1678/450 3763/1679/450 3764/1681/450
f 3764/1681/450 3763/1679/450 3765/1680/450
o Box079_20_-_Polished_Aluminum_0
v 2.613845 1.553876 5.248012
v 2.239390 1.553876 5.248012
v 2.239390 1.438886 5.248012
v 2.613845 1.438886 5.248012
v 2.613845 1.438886 0.036407
v 2.239391 1.438886 0.036407
v 2.613845 1.553876 0.036407
v 2.239391 1.553876 0.036407
v 2.239391 1.438886 0.036407
v 2.239390 1.438886 5.248012
v 2.239391 1.553876 0.036407
v 2.239390 1.553876 5.248012
v 2.239391 1.553876 0.036407
v 2.239390 1.553876 5.248012
v 2.613845 1.553876 0.036407
v 2.613845 1.553876 5.248012
v 2.613845 1.553876 0.036407
v 2.613845 1.438886 5.248012
v 2.613845 1.438886 0.036407
v 2.613845 1.553876 5.248012
v 2.613845 1.438886 0.036407
v 2.239390 1.438886 5.248012
v 2.239391 1.438886 0.036407
v 2.613845 1.438886 5.248012
vn -0.0000 -0.0000 1.0000
vn -0.0000 -0.0000 -1.0000
vn -1.0000 -0.0000 -0.0000
vn -0.0000 1.0000 -0.0000
vn 1.0000 -0.0000 -0.0000
vn -0.0000 -1.0000 -0.0000
vt 0.000000 0.000000
vt 0.000000 1.000000
vt 1.000000 1.000000
vt 1.000000 0.000000
s 0
f 3766/1682/451 3767/1683/451 3768/1684/451
f 3768/1684/451 3769/1685/451 3766/1682/451
f 3770/1682/452 3771/1683/452 3772/1685/452
f 3772/1685/452 3771/1683/452 3773/1684/452
f 3774/1682/453 3775/1683/453 3776/1685/453
f 3776/1685/453 3775/1683/453 3777/1684/453
f 3778/1682/454 3779/1683/454 3780/1685/454
f 3780/1685/454 3779/1683/454 3781/1684/454
f 3782/1682/455 3783/1684/455 3784/1685/455
f 3783/1684/455 3782/1682/455 3785/1683/455
f 3786/1682/456 3787/1684/456 3788/1685/456
f 3787/1684/456 3786/1682/456 3789/1683/456
o Line022_04_-_Default_0
v -1.421743 4.435460 -5.833613
v 8.482654 4.435460 -5.813613
v 8.502654 4.435460 -5.833613
v -1.421743 4.435460 -5.813613
v 8.502654 3.635459 -5.833613
v -1.421743 4.435460 -5.833613
v 8.502654 4.435460 -5.833613
v -1.421743 3.635459 -5.833613
v 8.482654 3.635459 -5.813613
v -1.421743 3.635459 -5.813613
v -1.421743 3.635459 -5.833613
v 8.502654 3.635459 -5.833613
v 8.482654 4.435460 -5.813613
v -1.421743 4.435460 -5.813613
v -1.421743 3.635459 -5.813613
v 8.482654 3.635459 -5.813613
v 8.502654 4.435460 -0.930678
v 8.482654 4.435460 -0.950678
v 8.502654 4.435460 -5.833613
v 8.502654 4.435460 -0.930678
v 8.502654 3.635460 -0.930678
v 8.502654 3.635459 -5.833613
v 8.502654 3.635460 -0.930678
v 8.482654 3.635460 -0.950678
v 8.482654 4.435460 -0.950678
v 8.482654 4.435460 -5.813613
v 8.482654 3.635459 -5.813613
v 8.482654 3.635460 -0.950678
v 4.073106 4.435462 -0.950511
v 4.093106 4.435458 -0.930511
v 4.093106 4.435458 -0.930511
v 8.502654 3.635460 -0.930678
v 8.502654 4.435460 -0.930678
v 4.093050 3.635458 -0.930845
v 4.093050 3.635458 -0.930845
v 4.073050 3.635462 -0.950845
v 4.073106 4.435462 -0.950511
v 8.482654 4.435460 -0.950678
v 8.482654 3.635460 -0.950678
v 4.073050 3.635462 -0.950845
v 4.073135 4.435466 8.850469
v 4.093135 4.435457 8.870469
v 4.093106 4.435458 -0.930511
v 4.093135 4.435457 8.870469
v 4.093020 3.635456 8.869802
v 4.093050 3.635458 -0.930845
v 4.073021 3.635466 8.849802
v 4.093020 3.635456 8.869802
v 4.073106 4.435462 -0.950511
v 4.073021 3.635466 8.849802
v 4.073135 4.435466 8.850469
v 4.073050 3.635462 -0.950845
v -2.389474 4.435466 8.850193
v -2.409474 4.435457 8.870193
v 4.093135 4.435457 8.870469
v -2.409474 4.435457 8.870193
v -2.408807 3.635456 8.870078
v 4.093020 3.635456 8.869802
v -2.408807 3.635456 8.870078
v -2.388807 3.635466 8.850078
v 4.073135 4.435466 8.850469
v -2.388807 3.635466 8.850078
v -2.389474 4.435466 8.850193
v 4.073021 3.635466 8.849802
v -2.409503 4.435454 5.797550
v -2.389503 4.435468 5.777550
v -2.409503 4.435454 5.797550
v -2.408807 3.635456 8.870078
v -2.409474 4.435457 8.870193
v -2.408778 3.635454 5.797103
v -2.408778 3.635454 5.797103
v -2.388778 3.635468 5.777102
v -2.389503 4.435468 5.777550
v -2.389474 4.435466 8.850193
v -2.388807 3.635466 8.850078
v -2.388778 3.635468 5.777102
v -7.405358 4.435471 5.777717
v -7.425358 4.435451 5.797717
v -2.409503 4.435454 5.797550
v -7.425358 4.435451 5.797717
v -7.424577 3.635451 5.796936
v -2.408778 3.635454 5.797103
v -7.424577 3.635451 5.796936
v -7.404577 3.635471 5.776936
v -2.389503 4.435468 5.777550
v -7.404577 3.635471 5.776936
v -7.405358 4.435471 5.777717
v -2.388778 3.635468 5.777102
v -7.425358 4.435451 4.054120
v -7.405358 4.435471 4.054120
v -7.425358 4.435451 4.054120
v -7.424577 3.635451 5.796936
v -7.425358 4.435451 5.797717
v -7.424577 3.635451 4.054120
v -7.424577 3.635451 4.054120
v -7.404577 3.635470 4.054120
v -7.405358 4.435471 4.054120
v -7.405358 4.435471 5.777717
v -7.404577 3.635471 5.776936
v -7.404577 3.635470 4.054120
v -1.421743 4.435460 -5.833613
v -1.421743 3.635459 -5.833613
v -1.421743 4.435460 -5.813613
v -1.421743 3.635459 -5.813613
v -7.405358 4.435471 4.054120
v -7.424577 3.635451 4.054120
v -7.425358 4.435451 4.054120
v -7.404577 3.635470 4.054120
vn -0.0000 1.0000 -0.0000
vn -0.0000 -0.0000 -1.0000
vn -0.0000 -1.0000 -0.0000
vn -0.0000 -0.0000 1.0000
vn 1.0000 -0.0000 -0.0000
vn -1.0000 -0.0000 -0.0000
vn -0.0000 1.0000 0.0002
vn -0.0000 -0.0004 1.0000
vn -0.0000 -1.0000 -0.0002
vn -0.0000 0.0003 -1.0000
vn -0.0000 0.0004 -1.0000
vn 0.0005 1.0000 -0.0000
vn 0.0002 1.0000 -0.0000
vn 1.0000 -0.0001 -0.0000
vn -0.0001 -1.0000 -0.0005
vn -0.0002 -1.0000 -0.0000
vn -0.0005 -1.0000 -0.0000
vn -0.0002 -1.0000 -0.0002
vn -1.0000 0.0001 -0.0000
vn -0.0000 1.0000 0.0005
vn -0.0003 1.0000 0.0003
vn -0.0000 -0.0001 1.0000
vn -0.0000 -0.0005 1.0000
vn -0.0000 -0.0008 1.0000
vn -0.0000 -1.0000 -0.0005
vn 0.0003 -1.0000 -0.0003
vn -0.0000 0.0001 -1.0000
vn -0.0000 0.0005 -1.0000
vn -0.0004 1.0000 0.0003
vn -0.0005 1.0000 -0.0000
vn -0.0003 1.0000 0.0002
vn -0.0004 1.0000 0.0004
vn -1.0000 -0.0008 -0.0000
vn -1.0000 -0.0009 -0.0000
vn 0.0004 -1.0000 -0.0002
vn 0.0004 -1.0000 -0.0004
vn 0.0003 -1.0000 -0.0004
vn 0.0005 -1.0000 -0.0000
vn 1.0000 0.0008 -0.0000
vn 1.0000 0.0009 -0.0000
vn -0.0005 1.0000 0.0005
vn -0.0000 -0.0010 1.0000
vn -0.0000 -0.0009 1.0000
vn -0.0000 -0.0006 1.0000
vn 0.0005 -1.0000 -0.0004
vn -0.0000 0.0010 -1.0000
vn -0.0000 0.0009 -1.0000
vn -0.0000 0.0006 -1.0000
vn -0.0010 1.0000 -0.0000
vn -1.0000 -0.0010 -0.0000
vn 0.0010 -1.0000 -0.0000
vn 1.0000 0.0010 -0.0000
vt 0.250000 1.000000
vt 0.000000 0.781196
vt 0.250000 0.781196
vt 0.000000 1.000000
vt 0.500000 0.781196
vt 0.500000 1.000000
vt 0.750000 0.781196
vt 0.750000 1.000000
vt 1.000000 0.781196
vt 1.000000 1.000000
vt 0.250000 0.673433
vt 0.000000 0.673433
vt 0.500000 0.673433
vt 0.750000 0.673433
vt 1.000000 0.673433
vt 0.000000 0.576117
vt 0.250000 0.576117
vt 0.500000 0.576117
vt 0.750000 0.576117
vt 1.000000 0.576117
vt 0.000000 0.359819
vt 0.250000 0.359819
vt 0.500000 0.359819
vt 0.750000 0.359819
vt 1.000000 0.359819
vt 0.000000 0.216761
vt 0.250000 0.216761
vt 0.500000 0.216761
vt 0.750000 0.216761
vt 1.000000 0.216761
vt 0.250000 0.148947
vt 0.000000 0.148947
vt 0.500000 0.148947
vt 0.750000 0.148947
vt 1.000000 0.148947
vt 0.000000 0.038251
vt 0.250000 0.038251
vt 0.500000 0.038251
vt 0.750000 0.038251
vt 1.000000 0.038251
vt 0.250000 0.000000
vt 0.000000 0.000000
vt 0.500000 0.000000
vt 0.750000 0.000000
vt 1.000000 0.000000
s 0
f 3790/1686/457 3791/1687/457 3792/1688/457
f 3791/1687/457 3790/1686/457 3793/1689/457
f 3794/1690/458 3795/1686/458 3796/1688/458
f 3795/1686/458 3794/1690/458 3797/1691/458
f 3798/1692/459 3799/1693/459 3800/1691/459
f 3800/1691/459 3801/1690/459 3798/1692/459
f 3802/1694/460 3803/1695/460 3804/1693/460
f 3802/1694/460 3804/1693/460 3805/1692/460
f 3806/1696/457 3792/1688/457 3791/1687/457
f 3806/1696/457 3791/1687/457 3807/1697/457
f 3808/1688/461 3809/1696/461 3810/1698/461
f 3808/1688/461 3810/1698/461 3811/1690/461
f 3812/1698/459 3798/1692/459 3801/1690/459
f 3798/1692/459 3812/1698/459 3813/1699/459
f 3814/1700/462 3815/1694/462 3816/1692/462
f 3814/1700/462 3816/1692/462 3817/1699/462
f 3807/1697/463 3818/1701/463 3819/1702/463
f 3807/1697/457 3819/1702/457 3806/1696/457
f 3820/1702/460 3821/1698/460 3822/1696/460
f 3821/1698/464 3820/1702/464 3823/1703/464
f 3824/1703/459 3813/1699/459 3812/1698/459
f 3813/1699/465 3824/1703/465 3825/1704/465
f 3826/1705/466 3827/1700/466 3828/1699/466
f 3826/1705/467 3828/1699/467 3829/1704/467
f 3819/1702/468 3830/1706/468 3831/1707/468
f 3830/1706/469 3819/1702/469 3818/1701/469
f 3832/1702/470 3833/1707/470 3834/1708/470
f 3832/1702/470 3834/1708/470 3835/1703/470
s 1
f 3836/1709/471 3825/1704/472 3824/1703/472
s 0
f 3824/1703/473 3837/1708/473 3836/1709/474
f 3838/1705/475 3839/1709/475 3840/1710/475
f 3839/1709/475 3838/1705/475 3841/1704/475
f 3830/1706/476 3842/1711/476 3843/1712/477
f 3830/1706/476 3843/1712/477 3831/1707/476
f 3844/1707/478 3845/1712/479 3846/1713/479
f 3844/1707/480 3846/1713/480 3847/1708/480
f 3837/1708/481 3848/1713/482 3849/1714/482
f 3837/1708/481 3849/1714/481 3836/1709/481
f 3850/1710/483 3851/1714/484 3852/1715/484
s 1
f 3851/1714/467 3850/1710/484 3853/1709/484
s 0
f 3854/1716/485 3843/1712/477 3842/1711/486
s 1
f 3842/1711/487 3855/1717/488 3854/1716/488
s 0
f 3856/1716/489 3857/1713/489 3858/1712/489
f 3857/1713/490 3856/1716/490 3859/1718/490
s 1
f 3849/1714/491 3860/1718/492 3861/1719/492
s 0
f 3860/1718/493 3849/1714/494 3848/1713/494
f 3862/1720/495 3863/1715/495 3864/1714/495
f 3862/1720/496 3864/1714/496 3865/1719/496
s 1
f 3866/1721/497 3854/1716/488 3855/1717/488
f 3854/1716/488 3866/1721/497 3867/1722/497
s 0
f 3868/1716/498 3869/1722/498 3870/1723/498
f 3868/1716/499 3870/1723/500 3871/1718/500
s 1
f 3860/1718/492 3872/1723/501 3873/1724/501
f 3860/1718/492 3873/1724/501 3861/1719/492
s 0
f 3874/1720/502 3875/1724/502 3876/1725/502
f 3875/1724/503 3874/1720/504 3877/1719/503
s 1
f 3878/1726/505 3866/1721/497 3879/1727/505
f 3878/1726/505 3867/1722/497 3866/1721/497
s 0
f 3880/1726/506 3881/1723/506 3882/1722/506
f 3881/1723/506 3880/1726/506 3883/1728/506
f 3884/1728/507 3873/1724/501 3872/1723/501
s 1
f 3873/1724/501 3884/1728/507 3885/1729/507
s 0
f 3886/1730/508 3887/1725/508 3888/1724/508
f 3886/1730/508 3888/1724/508 3889/1729/508
f 3890/1689/462 3891/1689/462 3892/1689/462
f 3892/1689/462 3891/1689/462 3893/1689/462
f 3894/1689/458 3895/1689/458 3896/1689/458
f 3895/1689/458 3894/1689/458 3897/1689/458
o Line023_04_-_Default_0
v -7.388770 4.435461 -10.827338
v -7.408770 4.435461 -9.216451
v -7.388770 4.435461 -9.216451
v -7.408770 4.435461 -10.847339
v -7.408770 4.435461 -10.847339
v -7.408770 3.635460 -9.216451
v -7.408770 4.435461 -9.216451
v -7.408770 3.635460 -10.847339
v -7.388770 3.635460 -10.827338
v -7.388770 3.635460 -9.216451
v -7.408770 3.635460 -9.216451
v -7.408770 3.635460 -10.847339
v -7.388770 4.435461 -10.827338
v -7.388770 4.435461 -9.216451
v -7.388770 3.635460 -9.216451
v -7.388770 3.635460 -10.827338
v -1.501985 4.435461 -10.847339
v -1.521985 4.435461 -10.827338
v -7.408770 4.435461 -10.847339
v -1.501985 4.435461 -10.847339
v -1.501985 3.635460 -10.847339
v -7.408770 3.635460 -10.847339
v -1.501985 3.635460 -10.847339
v -1.521985 3.635460 -10.827338
v -1.521985 4.435461 -10.827338
v -7.388770 4.435461 -10.827338
v -7.388770 3.635460 -10.827338
v -1.521985 3.635460 -10.827338
v -1.501985 4.435461 -9.178291
v -1.521985 4.435461 -9.178291
v -1.501985 4.435461 -10.847339
v -1.501985 4.435461 -9.178291
v -1.501985 3.635460 -9.178291
v -1.501985 3.635460 -10.847339
v -1.501985 3.635460 -9.178291
v -1.521985 3.635460 -9.178291
v -1.521985 4.435461 -9.178291
v -1.521985 4.435461 -10.827338
v -1.521985 3.635460 -10.827338
v -1.521985 3.635460 -9.178291
v -7.408770 4.435461 -9.216451
v -7.408770 3.635460 -9.216451
v -7.388770 4.435461 -9.216451
v -7.388770 3.635460 -9.216451
v -1.521985 4.435461 -9.178291
v -1.501985 3.635460 -9.178291
v -1.501985 4.435461 -9.178291
v -1.521985 3.635460 -9.178291
vn -0.0000 1.0000 -0.0000
vn -1.0000 -0.0000 -0.0000
vn -0.0000 -1.0000 -0.0000
vn 1.0000 -0.0000 -0.0000
vn -0.0000 -0.0000 -1.0000
vn -0.0000 -0.0000 1.0000
vt 0.000000 0.823177
vt 0.250000 1.000000
vt 0.000000 1.000000
vt 0.250000 0.823177
vt 0.500000 1.000000
vt 0.500000 0.823177
vt 0.750000 0.823177
vt 0.750000 1.000000
vt 1.000000 0.823177
vt 1.000000 1.000000
vt 0.250000 0.180986
vt 0.000000 0.180986
vt 0.500000 0.180986
vt 0.750000 0.180986
vt 1.000000 0.180986
vt 0.250000 0.000000
vt 0.000000 0.000000
vt 0.500000 0.000000
vt 0.750000 0.000000
vt 1.000000 0.000000
s 0
f 3898/1731/509 3899/1732/509 3900/1733/509
f 3899/1732/509 3898/1731/509 3901/1734/509
f 3902/1734/510 3903/1735/510 3904/1732/510
f 3903/1735/510 3902/1734/510 3905/1736/510
f 3906/1737/511 3907/1738/511 3908/1735/511
f 3908/1735/511 3909/1736/511 3906/1737/511
f 3910/1739/512 3911/1740/512 3912/1738/512
f 3910/1739/512 3912/1738/512 3913/1737/512
f 3914/1741/509 3901/1734/509 3898/1731/509
f 3914/1741/509 3898/1731/509 3915/1742/509
f 3916/1734/513 3917/1741/513 3918/1743/513
f 3916/1734/513 3918/1743/513 3919/1736/513
f 3909/1736/511 3920/1743/511 3921/1744/511
f 3909/1736/511 3921/1744/511 3906/1737/511
f 3922/1745/514 3923/1739/514 3924/1737/514
f 3922/1745/514 3924/1737/514 3925/1744/514
f 3926/1746/509 3914/1741/509 3915/1742/509
f 3915/1742/509 3927/1747/509 3926/1746/509
f 3928/1741/512 3929/1746/512 3930/1748/512
f 3928/1741/512 3930/1748/512 3931/1743/512
f 3932/1748/511 3921/1744/511 3920/1743/511
f 3921/1744/511 3932/1748/511 3933/1749/511
f 3934/1750/510 3935/1745/510 3936/1744/510
f 3934/1750/510 3936/1744/510 3937/1749/510
f 3938/1733/514 3939/1733/514 3940/1733/514
f 3940/1733/514 3939/1733/514 3941/1733/514
f 3942/1733/514 3943/1733/514 3944/1733/514
f 3943/1733/514 3942/1733/514 3945/1733/514
o Box109_05_-_Default_0
v -2.374740 3.579700 8.886531
v -2.426443 3.579700 8.886531
v -2.374740 3.579700 8.833657
v -2.426443 3.579700 8.833657
v -2.374740 4.482302 8.833657
v -2.426443 4.482302 8.833657
v -2.426443 4.482302 8.886531
v -2.374740 4.482302 8.886531
v -2.426443 4.482302 8.886531
v -2.426443 3.579700 8.886531
v -2.374740 4.482302 8.886531
v -2.374740 3.579700 8.886531
v -2.374740 4.482302 8.886531
v -2.374740 3.579700 8.886531
v -2.374740 4.482302 8.833657
v -2.374740 3.579700 8.833657
v -2.374740 4.482302 8.833657
v -2.374740 3.579700 8.833657
v -2.426443 4.482302 8.833657
v -2.426443 3.579700 8.833657
v -2.426443 4.482302 8.833657
v -2.426443 3.579700 8.833657
v -2.426443 4.482302 8.886531
v -2.426443 3.579700 8.886531
vn -0.0000 -1.0000 -0.0000
vn -0.0000 1.0000 -0.0000
vn -0.0000 -0.0000 1.0000
vn 1.0000 -0.0000 -0.0000
vn -0.0000 -0.0000 -1.0000
vn -1.0000 -0.0000 -0.0000
vt 0.000000 1.000000
vt 1.000000 1.000000
vt 0.000000 0.000000
vt 1.000000 0.000000
s 0
f 3946/1751/515 3947/1752/515 3948/1753/515
f 3947/1752/515 3949/1754/515 3948/1753/515
f 3950/1754/516 3951/1753/516 3952/1751/516
f 3950/1754/516 3952/1751/516 3953/1752/516
f 3954/1753/517 3955/1751/517 3956/1754/517
f 3956/1754/517 3955/1751/517 3957/1752/517
f 3958/1753/518 3959/1751/518 3960/1754/518
f 3960/1754/518 3959/1751/518 3961/1752/518
f 3962/1753/519 3963/1751/519 3964/1754/519
f 3964/1754/519 3963/1751/519 3965/1752/519
f 3966/1753/520 3967/1751/520 3968/1754/520
f 3968/1754/520 3967/1751/520 3969/1752/520
o Box110_05_-_Default_0
v -2.374740 3.579700 7.367331
v -2.426443 3.579700 7.367331
v -2.374740 3.579700 7.314456
v -2.426443 3.579700 7.314456
v -2.374740 4.482302 7.314456
v -2.426443 4.482302 7.314456
v -2.426443 4.482302 7.367331
v -2.374740 4.482302 7.367331
v -2.426443 4.482302 7.367331
v -2.426443 3.579700 7.367331
v -2.374740 4.482302 7.367331
v -2.374740 3.579700 7.367331
v -2.374740 4.482302 7.367331
v -2.374740 3.579700 7.367331
v -2.374740 4.482302 7.314456
v -2.374740 3.579700 7.314456
v -2.374740 4.482302 7.314456
v -2.374740 3.579700 7.314456
v -2.426443 4.482302 7.314456
v -2.426443 3.579700 7.314456
v -2.426443 4.482302 7.314456
v -2.426443 3.579700 7.314456
v -2.426443 4.482302 7.367331
v -2.426443 3.579700 7.367331
vn -0.0000 -1.0000 -0.0000
vn -0.0000 1.0000 -0.0000
vn -0.0000 -0.0000 1.0000
vn 1.0000 -0.0000 -0.0000
vn -0.0000 -0.0000 -1.0000
vn -1.0000 -0.0000 -0.0000
vt 0.000000 1.000000
vt 1.000000 1.000000
vt 0.000000 0.000000
vt 1.000000 0.000000
s 0
f 3970/1755/521 3971/1756/521 3972/1757/521
f 3971/1756/521 3973/1758/521 3972/1757/521
f 3974/1758/522 3975/1757/522 3976/1755/522
f 3974/1758/522 3976/1755/522 3977/1756/522
f 3978/1757/523 3979/1755/523 3980/1758/523
f 3980/1758/523 3979/1755/523 3981/1756/523
f 3982/1757/524 3983/1755/524 3984/1758/524
f 3984/1758/524 3983/1755/524 3985/1756/524
f 3986/1757/525 3987/1755/525 3988/1758/525
f 3988/1758/525 3987/1755/525 3989/1756/525
f 3990/1757/526 3991/1755/526 3992/1758/526
f 3992/1758/526 3991/1755/526 3993/1756/526
o Box111_05_-_Default_0
v -2.374740 3.579700 6.009510
v -2.426443 3.579700 6.009510
v -2.374740 3.579700 5.956635
v -2.426443 3.579700 5.956635
v -2.374740 4.399712 5.956635
v -2.426443 4.399712 5.956635
v -2.426443 4.399712 6.009510
v -2.374740 4.399712 6.009510
v -2.426443 4.399712 6.009510
v -2.426443 3.579700 6.009510
v -2.374740 4.399712 6.009510
v -2.374740 3.579700 6.009510
v -2.374740 4.399712 6.009510
v -2.374740 3.579700 6.009510
v -2.374740 4.399712 5.956635
v -2.374740 3.579700 5.956635
v -2.374740 4.399712 5.956635
v -2.374740 3.579700 5.956635
v -2.426443 4.399712 5.956635
v -2.426443 3.579700 5.956635
v -2.426443 4.399712 5.956635
v -2.426443 3.579700 5.956635
v -2.426443 4.399712 6.009510
v -2.426443 3.579700 6.009510
vn -0.0000 -1.0000 -0.0000
vn -0.0000 1.0000 -0.0000
vn -0.0000 -0.0000 1.0000
vn 1.0000 -0.0000 -0.0000
vn -0.0000 -0.0000 -1.0000
vn -1.0000 -0.0000 -0.0000
vt 0.000000 1.000000
vt 1.000000 1.000000
vt 0.000000 0.000000
vt 1.000000 0.000000
s 0
f 3994/1759/527 3995/1760/527 3996/1761/527
f 3995/1760/527 3997/1762/527 3996/1761/527
f 3998/1762/528 3999/1761/528 4000/1759/528
f 3998/1762/528 4000/1759/528 4001/1760/528
f 4002/1761/529 4003/1759/529 4004/1762/529
f 4004/1762/529 4003/1759/529 4005/1760/529
f 4006/1761/530 4007/1759/530 4008/1762/530
f 4008/1762/530 4007/1759/530 4009/1760/530
f 4010/1761/531 4011/1759/531 4012/1762/531
f 4012/1762/531 4011/1759/531 4013/1760/531
f 4014/1761/532 4015/1759/532 4016/1762/532
f 4016/1762/532 4015/1759/532 4017/1760/532
o Box112_05_-_Default_0
v -0.440889 3.579700 8.886531
v -0.492592 3.579700 8.886531
v -0.440889 3.579700 8.833657
v -0.492592 3.579700 8.833657
v -0.440889 4.482302 8.833657
v -0.492592 4.482302 8.833657
v -0.492592 4.482302 8.886531
v -0.440889 4.482302 8.886531
v -0.492592 4.482302 8.886531
v -0.492592 3.579700 8.886531
v -0.440889 4.482302 8.886531
v -0.440889 3.579700 8.886531
v -0.440889 4.482302 8.886531
v -0.440889 3.579700 8.886531
v -0.440889 4.482302 8.833657
v -0.440889 3.579700 8.833657
v -0.440889 4.482302 8.833657
v -0.440889 3.579700 8.833657
v -0.492592 4.482302 8.833657
v -0.492592 3.579700 8.833657
v -0.492592 4.482302 8.833657
v -0.492592 3.579700 8.833657
v -0.492592 4.482302 8.886531
v -0.492592 3.579700 8.886531
vn -0.0000 -1.0000 -0.0000
vn -0.0000 1.0000 -0.0000
vn -0.0000 -0.0000 1.0000
vn 1.0000 -0.0000 -0.0000
vn -0.0000 -0.0000 -1.0000
vn -1.0000 -0.0000 -0.0000
vt 0.000000 1.000000
vt 1.000000 1.000000
vt 0.000000 0.000000
vt 1.000000 0.000000
s 0
f 4018/1763/533 4019/1764/533 4020/1765/533
f 4019/1764/533 4021/1766/533 4020/1765/533
f 4022/1766/534 4023/1765/534 4024/1763/534
f 4022/1766/534 4024/1763/534 4025/1764/534
f 4026/1765/535 4027/1763/535 4028/1766/535
f 4028/1766/535 4027/1763/535 4029/1764/535
f 4030/1765/536 4031/1763/536 4032/1766/536
f 4032/1766/536 4031/1763/536 4033/1764/536
f 4034/1765/537 4035/1763/537 4036/1766/537
f 4036/1766/537 4035/1763/537 4037/1764/537
f 4038/1765/538 4039/1763/538 4040/1766/538
f 4040/1766/538 4039/1763/538 4041/1764/538
o Box113_05_-_Default_0
v 1.492962 3.579700 8.886531
v 1.441259 3.579700 8.886531
v 1.492962 3.579700 8.833657
v 1.441259 3.579700 8.833657
v 1.492962 4.482302 8.833657
v 1.441259 4.482302 8.833657
v 1.441259 4.482302 8.886531
v 1.492962 4.482302 8.886531
v 1.441259 4.482302 8.886531
v 1.441259 3.579700 8.886531
v 1.492962 4.482302 8.886531
v 1.492962 3.579700 8.886531
v 1.492962 4.482302 8.886531
v 1.492962 3.579700 8.886531
v 1.492962 4.482302 8.833657
v 1.492962 3.579700 8.833657
v 1.492962 4.482302 8.833657
v 1.492962 3.579700 8.833657
v 1.441259 4.482302 8.833657
v 1.441259 3.579700 8.833657
v 1.441259 4.482302 8.833657
v 1.441259 3.579700 8.833657
v 1.441259 4.482302 8.886531
v 1.441259 3.579700 8.886531
vn -0.0000 -1.0000 -0.0000
vn -0.0000 1.0000 -0.0000
vn -0.0000 -0.0000 1.0000
vn 1.0000 -0.0000 -0.0000
vn -0.0000 -0.0000 -1.0000
vn -1.0000 -0.0000 -0.0000
vt 0.000000 1.000000
vt 1.000000 1.000000
vt 0.000000 0.000000
vt 1.000000 0.000000
s 0
f 4042/1767/539 4043/1768/539 4044/1769/539
f 4043/1768/539 4045/1770/539 4044/1769/539
f 4046/1770/540 4047/1769/540 4048/1767/540
f 4046/1770/540 4048/1767/540 4049/1768/540
f 4050/1769/541 4051/1767/541 4052/1770/541
f 4052/1770/541 4051/1767/541 4053/1768/541
f 4054/1769/542 4055/1767/542 4056/1770/542
f 4056/1770/542 4055/1767/542 4057/1768/542
f 4058/1769/543 4059/1767/543 4060/1770/543
f 4060/1770/543 4059/1767/543 4061/1768/543
f 4062/1769/544 4063/1767/544 4064/1770/544
f 4064/1770/544 4063/1767/544 4065/1768/544
o Box114_05_-_Default_0
v 3.426813 3.579700 8.886531
v 3.375110 3.579700 8.886531
v 3.426813 3.579700 8.833657
v 3.375110 3.579700 8.833657
v 3.426813 4.482302 8.833657
v 3.375110 4.482302 8.833657
v 3.375110 4.482302 8.886531
v 3.426813 4.482302 8.886531
v 3.375110 4.482302 8.886531
v 3.375110 3.579700 8.886531
v 3.426813 4.482302 8.886531
v 3.426813 3.579700 8.886531
v 3.426813 4.482302 8.886531
v 3.426813 3.579700 8.886531
v 3.426813 4.482302 8.833657
v 3.426813 3.579700 8.833657
v 3.426813 4.482302 8.833657
v 3.426813 3.579700 8.833657
v 3.375110 4.482302 8.833657
v 3.375110 3.579700 8.833657
v 3.375110 4.482302 8.833657
v 3.375110 3.579700 8.833657
v 3.375110 4.482302 8.886531
v 3.375110 3.579700 8.886531
vn -0.0000 -1.0000 -0.0000
vn -0.0000 1.0000 -0.0000
vn -0.0000 -0.0000 1.0000
vn 1.0000 -0.0000 -0.0000
vn -0.0000 -0.0000 -1.0000
vn -1.0000 -0.0000 -0.0000
vt 0.000000 1.000000
vt 1.000000 1.000000
vt 0.000000 0.000000
vt 1.000000 0.000000
s 0
f 4066/1771/545 4067/1772/545 4068/1773/545
f 4067/1772/545 4069/1774/545 4068/1773/545
f 4070/1774/546 4071/1773/546 4072/1771/546
f 4070/1774/546 4072/1771/546 4073/1772/546
f 4074/1773/547 4075/1771/547 4076/1774/547
f 4076/1774/547 4075/1771/547 4077/1772/547
f 4078/1773/548 4079/1771/548 4080/1774/548
f 4080/1774/548 4079/1771/548 4081/1772/548
f 4082/1773/549 4083/1771/549 4084/1774/549
f 4084/1774/549 4083/1771/549 4085/1772/549
f 4086/1773/550 4087/1771/550 4088/1774/550
f 4088/1774/550 4087/1771/550 4089/1772/550
o Box115_05_-_Default_0
v 4.105556 3.579700 8.886531
v 4.053853 3.579700 8.886531
v 4.105556 3.579700 8.833657
v 4.053853 3.579700 8.833657
v 4.105556 4.482302 8.833657
v 4.053853 4.482302 8.833657
v 4.053853 4.482302 8.886531
v 4.105556 4.482302 8.886531
v 4.053853 4.482302 8.886531
v 4.053853 3.579700 8.886531
v 4.105556 4.482302 8.886531
v 4.105556 3.579700 8.886531
v 4.105556 4.482302 8.886531
v 4.105556 3.579700 8.886531
v 4.105556 4.482302 8.833657
v 4.105556 3.579700 8.833657
v 4.105556 4.482302 8.833657
v 4.105556 3.579700 8.833657
v 4.053853 4.482302 8.833657
v 4.053853 3.579700 8.833657
v 4.053853 4.482302 8.833657
v 4.053853 3.579700 8.833657
v 4.053853 4.482302 8.886531
v 4.053853 3.579700 8.886531
vn -0.0000 -1.0000 -0.0000
vn -0.0000 1.0000 -0.0000
vn -0.0000 -0.0000 1.0000
vn 1.0000 -0.0000 -0.0000
vn -0.0000 -0.0000 -1.0000
vn -1.0000 -0.0000 -0.0000
vt 0.000000 1.000000
vt 1.000000 1.000000
vt 0.000000 0.000000
vt 1.000000 0.000000
s 0
f 4090/1775/551 4091/1776/551 4092/1777/551
f 4091/1776/551 4093/1778/551 4092/1777/551
f 4094/1778/552 4095/1777/552 4096/1775/552
f 4094/1778/552 4096/1775/552 4097/1776/552
f 4098/1777/553 4099/1775/553 4100/1778/553
f 4100/1778/553 4099/1775/553 4101/1776/553
f 4102/1777/554 4103/1775/554 4104/1778/554
f 4104/1778/554 4103/1775/554 4105/1776/554
f 4106/1777/555 4107/1775/555 4108/1778/555
f 4108/1778/555 4107/1775/555 4109/1776/555
f 4110/1777/556 4111/1775/556 4112/1778/556
f 4112/1778/556 4111/1775/556 4113/1776/556
o Box116_05_-_Default_0
v 4.105556 3.579700 6.215596
v 4.053853 3.579700 6.215596
v 4.105556 3.579700 6.162722
v 4.053853 3.579700 6.162722
v 4.105556 4.482302 6.162722
v 4.053853 4.482302 6.162722
v 4.053853 4.482302 6.215596
v 4.105556 4.482302 6.215596
v 4.053853 4.482302 6.215596
v 4.053853 3.579700 6.215596
v 4.105556 4.482302 6.215596
v 4.105556 3.579700 6.215596
v 4.105556 4.482302 6.215596
v 4.105556 3.579700 6.215596
v 4.105556 4.482302 6.162722
v 4.105556 3.579700 6.162722
v 4.105556 4.482302 6.162722
v 4.105556 3.579700 6.162722
v 4.053853 4.482302 6.162722
v 4.053853 3.579700 6.162722
v 4.053853 4.482302 6.162722
v 4.053853 3.579700 6.162722
v 4.053853 4.482302 6.215596
v 4.053853 3.579700 6.215596
vn -0.0000 -1.0000 -0.0000
vn -0.0000 1.0000 -0.0000
vn -0.0000 -0.0000 1.0000
vn 1.0000 -0.0000 -0.0000
vn -0.0000 -0.0000 -1.0000
vn -1.0000 -0.0000 -0.0000
vt 0.000000 1.000000
vt 1.000000 1.000000
vt 0.000000 0.000000
vt 1.000000 0.000000
s 0
f 4114/1779/557 4115/1780/557 4116/1781/557
f 4115/1780/557 4117/1782/557 4116/1781/557
f 4118/1782/558 4119/1781/558 4120/1779/558
f 4118/1782/558 4120/1779/558 4121/1780/558
f 4122/1781/559 4123/1779/559 4124/1782/559
f 4124/1782/559 4123/1779/559 4125/1780/559
f 4126/1781/560 4127/1779/560 4128/1782/560
f 4128/1782/560 4127/1779/560 4129/1780/560
f 4130/1781/561 4131/1779/561 4132/1782/561
f 4132/1782/561 4131/1779/561 4133/1780/561
f 4134/1781/562 4135/1779/562 4136/1782/562
f 4136/1782/562 4135/1779/562 4137/1780/562
o Box117_05_-_Default_0
v 4.105556 3.579700 3.544661
v 4.053853 3.579700 3.544661
v 4.105556 3.579700 3.491786
v 4.053853 3.579700 3.491786
v 4.105556 4.482302 3.491786
v 4.053853 4.482302 3.491786
v 4.053853 4.482302 3.544661
v 4.105556 4.482302 3.544661
v 4.053853 4.482302 3.544661
v 4.053853 3.579700 3.544661
v 4.105556 4.482302 3.544661
v 4.105556 3.579700 3.544661
v 4.105556 4.482302 3.544661
v 4.105556 3.579700 3.544661
v 4.105556 4.482302 3.491786
v 4.105556 3.579700 3.491786
v 4.105556 4.482302 3.491786
v 4.105556 3.579700 3.491786
v 4.053853 4.482302 3.491786
v 4.053853 3.579700 3.491786
v 4.053853 4.482302 3.491786
v 4.053853 3.579700 3.491786
v 4.053853 4.482302 3.544661
v 4.053853 3.579700 3.544661
vn -0.0000 -1.0000 -0.0000
vn -0.0000 1.0000 -0.0000
vn -0.0000 -0.0000 1.0000
vn 1.0000 -0.0000 -0.0000
vn -0.0000 -0.0000 -1.0000
vn -1.0000 -0.0000 -0.0000
vt 0.000000 1.000000
vt 1.000000 1.000000
vt 0.000000 0.000000
vt 1.000000 0.000000
s 0
f 4138/1783/563 4139/1784/563 4140/1785/563
f 4139/1784/563 4141/1786/563 4140/1785/563
f 4142/1786/564 4143/1785/564 4144/1783/564
f 4142/1786/564 4144/1783/564 4145/1784/564
f 4146/1785/565 4147/1783/565 4148/1786/565
f 4148/1786/565 4147/1783/565 4149/1784/565
f 4150/1785/566 4151/1783/566 4152/1786/566
f 4152/1786/566 4151/1783/566 4153/1784/566
f 4154/1785/567 4155/1783/567 4156/1786/567
f 4156/1786/567 4155/1783/567 4157/1784/567
f 4158/1785/568 4159/1783/568 4160/1786/568
f 4160/1786/568 4159/1783/568 4161/1784/568
o Box118_05_-_Default_0
v 4.105556 3.579700 0.873725
v 4.053853 3.579700 0.873725
v 4.105556 3.579700 0.820851
v 4.053853 3.579700 0.820851
v 4.105556 4.482302 0.820851
v 4.053853 4.482302 0.820851
v 4.053853 4.482302 0.873725
v 4.105556 4.482302 0.873725
v 4.053853 4.482302 0.873725
v 4.053853 3.579700 0.873725
v 4.105556 4.482302 0.873725
v 4.105556 3.579700 0.873725
v 4.105556 4.482302 0.873725
v 4.105556 3.579700 0.873725
v 4.105556 4.482302 0.820851
v 4.105556 3.579700 0.820851
v 4.105556 4.482302 0.820851
v 4.105556 3.579700 0.820851
v 4.053853 4.482302 0.820851
v 4.053853 3.579700 0.820851
v 4.053853 4.482302 0.820851
v 4.053853 3.579700 0.820851
v 4.053853 4.482302 0.873725
v 4.053853 3.579700 0.873725
vn -0.0000 -1.0000 -0.0000
vn -0.0000 1.0000 -0.0000
vn -0.0000 -0.0000 1.0000
vn 1.0000 -0.0000 -0.0000
vn -0.0000 -0.0000 -1.0000
vn -1.0000 -0.0000 -0.0000
vt 0.000000 1.000000
vt 1.000000 1.000000
vt 0.000000 0.000000
vt 1.000000 0.000000
s 0
f 4162/1787/569 4163/1788/569 4164/1789/569
f 4163/1788/569 4165/1790/569 4164/1789/569
f 4166/1790/570 4167/1789/570 4168/1787/570
f 4166/1790/570 4168/1787/570 4169/1788/570
f 4170/1789/571 4171/1787/571 4172/1790/571
f 4172/1790/571 4171/1787/571 4173/1788/571
f 4174/1789/572 4175/1787/572 4176/1790/572
f 4176/1790/572 4175/1787/572 4177/1788/572
f 4178/1789/573 4179/1787/573 4180/1790/573
f 4180/1790/573 4179/1787/573 4181/1788/573
f 4182/1789/574 4183/1787/574 4184/1790/574
f 4184/1790/574 4183/1787/574 4185/1788/574
o Box119_05_-_Default_0
v 4.105556 3.579700 -0.911565
v 4.053853 3.579700 -0.911565
v 4.105556 3.579700 -0.964439
v 4.053853 3.579700 -0.964439
v 4.105556 4.482302 -0.964439
v 4.053853 4.482302 -0.964439
v 4.053853 4.482302 -0.911565
v 4.105556 4.482302 -0.911565
v 4.053853 4.482302 -0.911565
v 4.053853 3.579700 -0.911565
v 4.105556 4.482302 -0.911565
v 4.105556 3.579700 -0.911565
v 4.105556 4.482302 -0.911565
v 4.105556 3.579700 -0.911565
v 4.105556 4.482302 -0.964439
v 4.105556 3.579700 -0.964439
v 4.105556 4.482302 -0.964439
v 4.105556 3.579700 -0.964439
v 4.053853 4.482302 -0.964439
v 4.053853 3.579700 -0.964439
v 4.053853 4.482302 -0.964439
v 4.053853 3.579700 -0.964439
v 4.053853 4.482302 -0.911565
v 4.053853 3.579700 -0.911565
vn -0.0000 -1.0000 -0.0000
vn -0.0000 1.0000 -0.0000
vn -0.0000 -0.0000 1.0000
vn 1.0000 -0.0000 -0.0000
vn -0.0000 -0.0000 -1.0000
vn -1.0000 -0.0000 -0.0000
vt 0.000000 1.000000
vt 1.000000 1.000000
vt 0.000000 0.000000
vt 1.000000 0.000000
s 0
f 4186/1791/575 4187/1792/575 4188/1793/575
f 4187/1792/575 4189/1794/575 4188/1793/575
f 4190/1794/576 4191/1793/576 4192/1791/576
f 4190/1794/576 4192/1791/576 4193/1792/576
f 4194/1793/577 4195/1791/577 4196/1794/577
f 4196/1794/577 4195/1791/577 4197/1792/577
f 4198/1793/578 4199/1791/578 4200/1794/578
f 4200/1794/578 4199/1791/578 4201/1792/578
f 4202/1793/579 4203/1791/579 4204/1794/579
f 4204/1794/579 4203/1791/579 4205/1792/579
f 4206/1793/580 4207/1791/580 4208/1794/580
f 4208/1794/580 4207/1791/580 4209/1792/580
o Box120_05_-_Default_0
v 5.542863 3.579700 -0.911565
v 5.491161 3.579700 -0.911565
v 5.542863 3.579700 -0.964439
v 5.491161 3.579700 -0.964439
v 5.542863 4.482302 -0.964439
v 5.491161 4.482302 -0.964439
v 5.491161 4.482302 -0.911565
v 5.542863 4.482302 -0.911565
v 5.491161 4.482302 -0.911565
v 5.491161 3.579700 -0.911565
v 5.542863 4.482302 -0.911565
v 5.542863 3.579700 -0.911565
v 5.542863 4.482302 -0.911565
v 5.542863 3.579700 -0.911565
v 5.542863 4.482302 -0.964439
v 5.542863 3.579700 -0.964439
v 5.542863 4.482302 -0.964439
v 5.542863 3.579700 -0.964439
v 5.491161 4.482302 -0.964439
v 5.491161 3.579700 -0.964439
v 5.491161 4.482302 -0.964439
v 5.491161 3.579700 -0.964439
v 5.491161 4.482302 -0.911565
v 5.491161 3.579700 -0.911565
vn -0.0000 -1.0000 -0.0000
vn -0.0000 1.0000 -0.0000
vn -0.0000 -0.0000 1.0000
vn 1.0000 -0.0000 -0.0000
vn -0.0000 -0.0000 -1.0000
vn -1.0000 -0.0000 -0.0000
vt 0.000000 1.000000
vt 1.000000 1.000000
vt 0.000000 0.000000
vt 1.000000 0.000000
s 0
f 4210/1795/581 4211/1796/581 4212/1797/581
f 4211/1796/581 4213/1798/581 4212/1797/581
f 4214/1798/582 4215/1797/582 4216/1795/582
f 4214/1798/582 4216/1795/582 4217/1796/582
f 4218/1797/583 4219/1795/583 4220/1798/583
f 4220/1798/583 4219/1795/583 4221/1796/583
f 4222/1797/584 4223/1795/584 4224/1798/584
f 4224/1798/584 4223/1795/584 4225/1796/584
f 4226/1797/585 4227/1795/585 4228/1798/585
f 4228/1798/585 4227/1795/585 4229/1796/585
f 4230/1797/586 4231/1795/586 4232/1798/586
f 4232/1798/586 4231/1795/586 4233/1796/586
o Box121_05_-_Default_0
v 6.980171 3.579700 -0.911565
v 6.928468 3.579700 -0.911565
v 6.980171 3.579700 -0.964439
v 6.928468 3.579700 -0.964439
v 6.980171 4.482302 -0.964439
v 6.928468 4.482302 -0.964439
v 6.928468 4.482302 -0.911565
v 6.980171 4.482302 -0.911565
v 6.928468 4.482302 -0.911565
v 6.928468 3.579700 -0.911565
v 6.980171 4.482302 -0.911565
v 6.980171 3.579700 -0.911565
v 6.980171 4.482302 -0.911565
v 6.980171 3.579700 -0.911565
v 6.980171 4.482302 -0.964439
v 6.980171 3.579700 -0.964439
v 6.980171 4.482302 -0.964439
v 6.980171 3.579700 -0.964439
v 6.928468 4.482302 -0.964439
v 6.928468 3.579700 -0.964439
v 6.928468 4.482302 -0.964439
v 6.928468 3.579700 -0.964439
v 6.928468 4.482302 -0.911565
v 6.928468 3.579700 -0.911565
vn -0.0000 -1.0000 -0.0000
vn -0.0000 1.0000 -0.0000
vn -0.0000 -0.0000 1.0000
vn 1.0000 -0.0000 -0.0000
vn -0.0000 -0.0000 -1.0000
vn -1.0000 -0.0000 -0.0000
vt 0.000000 1.000000
vt 1.000000 1.000000
vt 0.000000 0.000000
vt 1.000000 0.000000
s 0
f 4234/1799/587 4235/1800/587 4236/1801/587
f 4235/1800/587 4237/1802/587 4236/1801/587
f 4238/1802/588 4239/1801/588 4240/1799/588
f 4238/1802/588 4240/1799/588 4241/1800/588
f 4242/1801/589 4243/1799/589 4244/1802/589
f 4244/1802/589 4243/1799/589 4245/1800/589
f 4246/1801/590 4247/1799/590 4248/1802/590
f 4248/1802/590 4247/1799/590 4249/1800/590
f 4250/1801/591 4251/1799/591 4252/1802/591
f 4252/1802/591 4251/1799/591 4253/1800/591
f 4254/1801/592 4255/1799/592 4256/1802/592
f 4256/1802/592 4255/1799/592 4257/1800/592
o Box122_05_-_Default_0
v 8.516858 3.579700 -0.911565
v 8.465156 3.579700 -0.911565
v 8.516858 3.579700 -0.964439
v 8.465156 3.579700 -0.964439
v 8.516858 4.482302 -0.964439
v 8.465156 4.482302 -0.964439
v 8.465156 4.482302 -0.911565
v 8.516858 4.482302 -0.911565
v 8.465156 4.482302 -0.911565
v 8.465156 3.579700 -0.911565
v 8.516858 4.482302 -0.911565
v 8.516858 3.579700 -0.911565
v 8.516858 4.482302 -0.911565
v 8.516858 3.579700 -0.911565
v 8.516858 4.482302 -0.964439
v 8.516858 3.579700 -0.964439
v 8.516858 4.482302 -0.964439
v 8.516858 3.579700 -0.964439
v 8.465156 4.482302 -0.964439
v 8.465156 3.579700 -0.964439
v 8.465156 4.482302 -0.964439
v 8.465156 3.579700 -0.964439
v 8.465156 4.482302 -0.911565
v 8.465156 3.579700 -0.911565
vn -0.0000 -1.0000 -0.0000
vn -0.0000 1.0000 -0.0000
vn -0.0000 -0.0000 1.0000
vn 1.0000 -0.0000 -0.0000
vn -0.0000 -0.0000 -1.0000
vn -1.0000 -0.0000 -0.0000
vt 0.000000 1.000000
vt 1.000000 1.000000
vt 0.000000 0.000000
vt 1.000000 0.000000
s 0
f 4258/1803/593 4259/1804/593 4260/1805/593
f 4259/1804/593 4261/1806/593 4260/1805/593
f 4262/1806/594 4263/1805/594 4264/1803/594
f 4262/1806/594 4264/1803/594 4265/1804/594
f 4266/1805/595 4267/1803/595 4268/1806/595
f 4268/1806/595 4267/1803/595 4269/1804/595
f 4270/1805/596 4271/1803/596 4272/1806/596
f 4272/1806/596 4271/1803/596 4273/1804/596
f 4274/1805/597 4275/1803/597 4276/1806/597
f 4276/1806/597 4275/1803/597 4277/1804/597
f 4278/1805/598 4279/1803/598 4280/1806/598
f 4280/1806/598 4279/1803/598 4281/1804/598
o Box123_05_-_Default_0
v 8.516858 3.579700 -3.062274
v 8.465156 3.579700 -3.062274
v 8.516858 3.579700 -3.115149
v 8.465156 3.579700 -3.115149
v 8.516858 4.482302 -3.115149
v 8.465156 4.482302 -3.115149
v 8.465156 4.482302 -3.062274
v 8.516858 4.482302 -3.062274
v 8.465156 4.482302 -3.062274
v 8.465156 3.579700 -3.062274
v 8.516858 4.482302 -3.062274
v 8.516858 3.579700 -3.062274
v 8.516858 4.482302 -3.062274
v 8.516858 3.579700 -3.062274
v 8.516858 4.482302 -3.115149
v 8.516858 3.579700 -3.115149
v 8.516858 4.482302 -3.115149
v 8.516858 3.579700 -3.115149
v 8.465156 4.482302 -3.115149
v 8.465156 3.579700 -3.115149
v 8.465156 4.482302 -3.115149
v 8.465156 3.579700 -3.115149
v 8.465156 4.482302 -3.062274
v 8.465156 3.579700 -3.062274
vn -0.0000 -1.0000 -0.0000
vn -0.0000 1.0000 -0.0000
vn -0.0000 -0.0000 1.0000
vn 1.0000 -0.0000 -0.0000
vn -0.0000 -0.0000 -1.0000
vn -1.0000 -0.0000 -0.0000
vt 0.000000 1.000000
vt 1.000000 1.000000
vt 0.000000 0.000000
vt 1.000000 0.000000
s 0
f 4282/1807/599 4283/1808/599 4284/1809/599
f 4283/1808/599 4285/1810/599 4284/1809/599
f 4286/1810/600 4287/1809/600 4288/1807/600
f 4286/1810/600 4288/1807/600 4289/1808/600
f 4290/1809/601 4291/1807/601 4292/1810/601
f 4292/1810/601 4291/1807/601 4293/1808/601
f 4294/1809/602 4295/1807/602 4296/1810/602
f 4296/1810/602 4295/1807/602 4297/1808/602
f 4298/1809/603 4299/1807/603 4300/1810/603
f 4300/1810/603 4299/1807/603 4301/1808/603
f 4302/1809/604 4303/1807/604 4304/1810/604
f 4304/1810/604 4303/1807/604 4305/1808/604
o Box124_05_-_Default_0
v 8.516858 3.579700 -5.791302
v 8.465156 3.579700 -5.791302
v 8.516858 3.579700 -5.844177
v 8.465156 3.579700 -5.844177
v 8.516858 4.482302 -5.844177
v 8.465156 4.482302 -5.844177
v 8.465156 4.482302 -5.791303
v 8.516858 4.482302 -5.791303
v 8.465156 4.482302 -5.791303
v 8.465156 3.579700 -5.791302
v 8.516858 4.482302 -5.791303
v 8.516858 3.579700 -5.791302
v 8.516858 4.482302 -5.791303
v 8.516858 3.579700 -5.791302
v 8.516858 4.482302 -5.844177
v 8.516858 3.579700 -5.844177
v 8.516858 4.482302 -5.844177
v 8.516858 3.579700 -5.844177
v 8.465156 4.482302 -5.844177
v 8.465156 3.579700 -5.844177
v 8.465156 4.482302 -5.844177
v 8.465156 3.579700 -5.844177
v 8.465156 4.482302 -5.791303
v 8.465156 3.579700 -5.791302
vn -0.0000 -1.0000 -0.0000
vn -0.0000 1.0000 -0.0000
vn -0.0000 -0.0000 1.0000
vn 1.0000 -0.0000 -0.0000
vn -0.0000 -0.0000 -1.0000
vn -1.0000 -0.0000 -0.0000
vt 0.000000 1.000000
vt 1.000000 1.000000
vt 0.000000 0.000000
vt 1.000000 0.000000
s 0
f 4306/1811/605 4307/1812/605 4308/1813/605
f 4307/1812/605 4309/1814/605 4308/1813/605
f 4310/1814/606 4311/1813/606 4312/1811/606
f 4310/1814/606 4312/1811/606 4313/1812/606
f 4314/1813/607 4315/1811/607 4316/1814/607
f 4316/1814/607 4315/1811/607 4317/1812/607
f 4318/1813/608 4319/1811/608 4320/1814/608
f 4320/1814/608 4319/1811/608 4321/1812/608
f 4322/1813/609 4323/1811/609 4324/1814/609
f 4324/1814/609 4323/1811/609 4325/1812/609
f 4326/1813/610 4327/1811/610 4328/1814/610
f 4328/1814/610 4327/1811/610 4329/1812/610
o Box125_05_-_Default_0
v 6.356051 3.579700 -5.791302
v 6.304348 3.579700 -5.791302
v 6.356051 3.579700 -5.844177
v 6.304348 3.579700 -5.844177
v 6.356051 4.482302 -5.844177
v 6.304348 4.482302 -5.844177
v 6.304348 4.482302 -5.791303
v 6.356051 4.482302 -5.791303
v 6.304348 4.482302 -5.791303
v 6.304348 3.579700 -5.791302
v 6.356051 4.482302 -5.791303
v 6.356051 3.579700 -5.791302
v 6.356051 4.482302 -5.791303
v 6.356051 3.579700 -5.791302
v 6.356051 4.482302 -5.844177
v 6.356051 3.579700 -5.844177
v 6.356051 4.482302 -5.844177
v 6.356051 3.579700 -5.844177
v 6.304348 4.482302 -5.844177
v 6.304348 3.579700 -5.844177
v 6.304348 4.482302 -5.844177
v 6.304348 3.579700 -5.844177
v 6.304348 4.482302 -5.791303
v 6.304348 3.579700 -5.791302
vn -0.0000 -1.0000 -0.0000
vn -0.0000 1.0000 -0.0000
vn -0.0000 -0.0000 1.0000
vn 1.0000 -0.0000 -0.0000
vn -0.0000 -0.0000 -1.0000
vn -1.0000 -0.0000 -0.0000
vt 0.000000 1.000000
vt 1.000000 1.000000
vt 0.000000 0.000000
vt 1.000000 0.000000
s 0
f 4330/1815/611 4331/1816/611 4332/1817/611
f 4331/1816/611 4333/1818/611 4332/1817/611
f 4334/1818/612 4335/1817/612 4336/1815/612
f 4334/1818/612 4336/1815/612 4337/1816/612
f 4338/1817/613 4339/1815/613 4340/1818/613
f 4340/1818/613 4339/1815/613 4341/1816/613
f 4342/1817/614 4343/1815/614 4344/1818/614
f 4344/1818/614 4343/1815/614 4345/1816/614
f 4346/1817/615 4347/1815/615 4348/1818/615
f 4348/1818/615 4347/1815/615 4349/1816/615
f 4350/1817/616 4351/1815/616 4352/1818/616
f 4352/1818/616 4351/1815/616 4353/1816/616
o Box126_05_-_Default_0
v 4.195243 3.579700 -5.791302
v 4.143541 3.579700 -5.791302
v 4.195243 3.579700 -5.844177
v 4.143541 3.579700 -5.844177
v 4.195243 4.482302 -5.844177
v 4.143541 4.482302 -5.844177
v 4.143541 4.482302 -5.791303
v 4.195243 4.482302 -5.791303
v 4.143541 4.482302 -5.791303
v 4.143541 3.579700 -5.791302
v 4.195243 4.482302 -5.791303
v 4.195243 3.579700 -5.791302
v 4.195243 4.482302 -5.791303
v 4.195243 3.579700 -5.791302
v 4.195243 4.482302 -5.844177
v 4.195243 3.579700 -5.844177
v 4.195243 4.482302 -5.844177
v 4.195243 3.579700 -5.844177
v 4.143541 4.482302 -5.844177
v 4.143541 3.579700 -5.844177
v 4.143541 4.482302 -5.844177
v 4.143541 3.579700 -5.844177
v 4.143541 4.482302 -5.791303
v 4.143541 3.579700 -5.791302
vn -0.0000 -1.0000 -0.0000
vn -0.0000 1.0000 -0.0000
vn -0.0000 -0.0000 1.0000
vn 1.0000 -0.0000 -0.0000
vn -0.0000 -0.0000 -1.0000
vn -1.0000 -0.0000 -0.0000
vt 0.000000 1.000000
vt 1.000000 1.000000
vt 0.000000 0.000000
vt 1.000000 0.000000
s 0
f 4354/1819/617 4355/1820/617 4356/1821/617
f 4355/1820/617 4357/1822/617 4356/1821/617
f 4358/1822/618 4359/1821/618 4360/1819/618
f 4358/1822/618 4360/1819/618 4361/1820/618
f 4362/1821/619 4363/1819/619 4364/1822/619
f 4364/1822/619 4363/1819/619 4365/1820/619
f 4366/1821/620 4367/1819/620 4368/1822/620
f 4368/1822/620 4367/1819/620 4369/1820/620
f 4370/1821/621 4371/1819/621 4372/1822/621
f 4372/1822/621 4371/1819/621 4373/1820/621
f 4374/1821/622 4375/1819/622 4376/1822/622
f 4376/1822/622 4375/1819/622 4377/1820/622
o Box127_05_-_Default_0
v 2.034436 3.579700 -5.791302
v 1.982733 3.579700 -5.791302
v 2.034436 3.579700 -5.844177
v 1.982733 3.579700 -5.844177
v 2.034436 4.482302 -5.844177
v 1.982733 4.482302 -5.844177
v 1.982733 4.482302 -5.791303
v 2.034436 4.482302 -5.791303
v 1.982733 4.482302 -5.791303
v 1.982733 3.579700 -5.791302
v 2.034436 4.482302 -5.791303
v 2.034436 3.579700 -5.791302
v 2.034436 4.482302 -5.791303
v 2.034436 3.579700 -5.791302
v 2.034436 4.482302 -5.844177
v 2.034436 3.579700 -5.844177
v 2.034436 4.482302 -5.844177
v 2.034436 3.579700 -5.844177
v 1.982733 4.482302 -5.844177
v 1.982733 3.579700 -5.844177
v 1.982733 4.482302 -5.844177
v 1.982733 3.579700 -5.844177
v 1.982733 4.482302 -5.791303
v 1.982733 3.579700 -5.791302
vn -0.0000 -1.0000 -0.0000
vn -0.0000 1.0000 -0.0000
vn -0.0000 -0.0000 1.0000
vn 1.0000 -0.0000 -0.0000
vn -0.0000 -0.0000 -1.0000
vn -1.0000 -0.0000 -0.0000
vt 0.000000 1.000000
vt 1.000000 1.000000
vt 0.000000 0.000000
vt 1.000000 0.000000
s 0
f 4378/1823/623 4379/1824/623 4380/1825/623
f 4379/1824/623 4381/1826/623 4380/1825/623
f 4382/1826/624 4383/1825/624 4384/1823/624
f 4382/1826/624 4384/1823/624 4385/1824/624
f 4386/1825/625 4387/1823/625 4388/1826/625
f 4388/1826/625 4387/1823/625 4389/1824/625
f 4390/1825/626 4391/1823/626 4392/1826/626
f 4392/1826/626 4391/1823/626 4393/1824/626
f 4394/1825/627 4395/1823/627 4396/1826/627
f 4396/1826/627 4395/1823/627 4397/1824/627
f 4398/1825/628 4399/1823/628 4400/1826/628
f 4400/1826/628 4399/1823/628 4401/1824/628
o Box128_05_-_Default_0
v -0.863763 3.579700 -5.791302
v -0.915465 3.579700 -5.791302
v -0.863763 3.579700 -5.844177
v -0.915465 3.579700 -5.844177
v -0.863763 4.482302 -5.844177
v -0.915465 4.482302 -5.844177
v -0.915465 4.482302 -5.791303
v -0.863763 4.482302 -5.791303
v -0.915465 4.482302 -5.791303
v -0.915465 3.579700 -5.791302
v -0.863763 4.482302 -5.791303
v -0.863763 3.579700 -5.791302
v -0.863763 4.482302 -5.791303
v -0.863763 3.579700 -5.791302
v -0.863763 4.482302 -5.844177
v -0.863763 3.579700 -5.844177
v -0.863763 4.482302 -5.844177
v -0.863763 3.579700 -5.844177
v -0.915465 4.482302 -5.844177
v -0.915465 3.579700 -5.844177
v -0.915465 4.482302 -5.844177
v -0.915465 3.579700 -5.844177
v -0.915465 4.482302 -5.791303
v -0.915465 3.579700 -5.791302
vn -0.0000 -1.0000 -0.0000
vn -0.0000 1.0000 -0.0000
vn -0.0000 -0.0000 1.0000
vn 1.0000 -0.0000 -0.0000
vn -0.0000 -0.0000 -1.0000
vn -1.0000 -0.0000 -0.0000
vt 0.000000 1.000000
vt 1.000000 1.000000
vt 0.000000 0.000000
vt 1.000000 0.000000
s 0
f 4402/1827/629 4403/1828/629 4404/1829/629
f 4403/1828/629 4405/1830/629 4404/1829/629
f 4406/1830/630 4407/1829/630 4408/1827/630
f 4406/1830/630 4408/1827/630 4409/1828/630
f 4410/1829/631 4411/1827/631 4412/1830/631
f 4412/1830/631 4411/1827/631 4413/1828/631
f 4414/1829/632 4415/1827/632 4416/1830/632
f 4416/1830/632 4415/1827/632 4417/1828/632
f 4418/1829/633 4419/1827/633 4420/1830/633
f 4420/1830/633 4419/1827/633 4421/1828/633
f 4422/1829/634 4423/1827/634 4424/1830/634
f 4424/1830/634 4423/1827/634 4425/1828/634
o Box129_05_-_Default_0
v -1.484410 3.585889 -9.252447
v -1.536112 3.585889 -9.252447
v -1.484410 3.585889 -9.305321
v -1.536112 3.585889 -9.305321
v -1.484410 4.544178 -9.305322
v -1.536112 4.544178 -9.305322
v -1.536112 4.544178 -9.252447
v -1.484410 4.544178 -9.252447
v -1.536112 4.544178 -9.252447
v -1.536112 3.585889 -9.252447
v -1.484410 4.544178 -9.252447
v -1.484410 3.585889 -9.252447
v -1.484410 4.544178 -9.252447
v -1.484410 3.585889 -9.252447
v -1.484410 4.544178 -9.305322
v -1.484410 3.585889 -9.305321
v -1.484410 4.544178 -9.305322
v -1.484410 3.585889 -9.305321
v -1.536112 4.544178 -9.305322
v -1.536112 3.585889 -9.305321
v -1.536112 4.544178 -9.305322
v -1.536112 3.585889 -9.305321
v -1.536112 4.544178 -9.252447
v -1.536112 3.585889 -9.252447
vn -0.0000 -1.0000 -0.0000
vn -0.0000 1.0000 -0.0000
vn -0.0000 -0.0000 1.0000
vn 1.0000 -0.0000 -0.0000
vn -0.0000 -0.0000 -1.0000
vn -1.0000 -0.0000 -0.0000
vt 0.000000 1.000000
vt 1.000000 1.000000
vt 0.000000 0.000000
vt 1.000000 0.000000
s 0
f 4426/1831/635 4427/1832/635 4428/1833/635
f 4427/1832/635 4429/1834/635 4428/1833/635
f 4430/1834/636 4431/1833/636 4432/1831/636
f 4430/1834/636 4432/1831/636 4433/1832/636
f 4434/1833/637 4435/1831/637 4436/1834/637
f 4436/1834/637 4435/1831/637 4437/1832/637
f 4438/1833/638 4439/1831/638 4440/1834/638
f 4440/1834/638 4439/1831/638 4441/1832/638
f 4442/1833/639 4443/1831/639 4444/1834/639
f 4444/1834/639 4443/1831/639 4445/1832/639
f 4446/1833/640 4447/1831/640 4448/1834/640
f 4448/1834/640 4447/1831/640 4449/1832/640
o Box130_05_-_Default_0
v -1.484410 3.585889 -10.808527
v -1.536112 3.585889 -10.808527
v -1.484410 3.585889 -10.861401
v -1.536112 3.585889 -10.861401
v -1.484410 4.544178 -10.861402
v -1.536112 4.544178 -10.861402
v -1.536112 4.544178 -10.808527
v -1.484410 4.544178 -10.808527
v -1.536112 4.544178 -10.808527
v -1.536112 3.585889 -10.808527
v -1.484410 4.544178 -10.808527
v -1.484410 3.585889 -10.808527
v -1.484410 4.544178 -10.808527
v -1.484410 3.585889 -10.808527
v -1.484410 4.544178 -10.861402
v -1.484410 3.585889 -10.861401
v -1.484410 4.544178 -10.861402
v -1.484410 3.585889 -10.861401
v -1.536112 4.544178 -10.861402
v -1.536112 3.585889 -10.861401
v -1.536112 4.544178 -10.861402
v -1.536112 3.585889 -10.861401
v -1.536112 4.544178 -10.808527
v -1.536112 3.585889 -10.808527
vn -0.0000 -1.0000 -0.0000
vn -0.0000 1.0000 -0.0000
vn -0.0000 -0.0000 1.0000
vn 1.0000 -0.0000 -0.0000
vn -0.0000 -0.0000 -1.0000
vn -1.0000 -0.0000 -0.0000
vt 0.000000 1.000000
vt 1.000000 1.000000
vt 0.000000 0.000000
vt 1.000000 0.000000
s 0
f 4450/1835/641 4451/1836/641 4452/1837/641
f 4451/1836/641 4453/1838/641 4452/1837/641
f 4454/1838/642 4455/1837/642 4456/1835/642
f 4454/1838/642 4456/1835/642 4457/1836/642
f 4458/1837/643 4459/1835/643 4460/1838/643
f 4460/1838/643 4459/1835/643 4461/1836/643
f 4462/1837/644 4463/1835/644 4464/1838/644
f 4464/1838/644 4463/1835/644 4465/1836/644
f 4466/1837/645 4467/1835/645 4468/1838/645
f 4468/1838/645 4467/1835/645 4469/1836/645
f 4470/1837/646 4471/1835/646 4472/1838/646
f 4472/1838/646 4471/1835/646 4473/1836/646
o Box131_05_-_Default_0
v -4.281235 3.585889 -10.808527
v -4.332937 3.585889 -10.808527
v -4.281235 3.585889 -10.861401
v -4.332937 3.585889 -10.861401
v -4.281235 4.544178 -10.861402
v -4.332937 4.544178 -10.861402
v -4.332937 4.544178 -10.808527
v -4.281235 4.544178 -10.808527
v -4.332937 4.544178 -10.808527
v -4.332937 3.585889 -10.808527
v -4.281235 4.544178 -10.808527
v -4.281235 3.585889 -10.808527
v -4.281235 4.544178 -10.808527
v -4.281235 3.585889 -10.808527
v -4.281235 4.544178 -10.861402
v -4.281235 3.585889 -10.861401
v -4.281235 4.544178 -10.861402
v -4.281235 3.585889 -10.861401
v -4.332937 4.544178 -10.861402
v -4.332937 3.585889 -10.861401
v -4.332937 4.544178 -10.861402
v -4.332937 3.585889 -10.861401
v -4.332937 4.544178 -10.808527
v -4.332937 3.585889 -10.808527
vn -0.0000 -1.0000 -0.0000
vn -0.0000 1.0000 -0.0000
vn -0.0000 -0.0000 1.0000
vn 1.0000 -0.0000 -0.0000
vn -0.0000 -0.0000 -1.0000
vn -1.0000 -0.0000 -0.0000
vt 0.000000 1.000000
vt 1.000000 1.000000
vt 0.000000 0.000000
vt 1.000000 0.000000
s 0
f 4474/1839/647 4475/1840/647 4476/1841/647
f 4475/1840/647 4477/1842/647 4476/1841/647
f 4478/1842/648 4479/1841/648 4480/1839/648
f 4478/1842/648 4480/1839/648 4481/1840/648
f 4482/1841/649 4483/1839/649 4484/1842/649
f 4484/1842/649 4483/1839/649 4485/1840/649
f 4486/1841/650 4487/1839/650 4488/1842/650
f 4488/1842/650 4487/1839/650 4489/1840/650
f 4490/1841/651 4491/1839/651 4492/1842/651
f 4492/1842/651 4491/1839/651 4493/1840/651
f 4494/1841/652 4495/1839/652 4496/1842/652
f 4496/1842/652 4495/1839/652 4497/1840/652
o Box132_05_-_Default_0
v -7.370965 3.585889 -10.808527
v -7.422668 3.585889 -10.808527
v -7.370965 3.585889 -10.861401
v -7.422668 3.585889 -10.861401
v -7.370965 4.544178 -10.861402
v -7.422668 4.544178 -10.861402
v -7.422668 4.544178 -10.808527
v -7.370965 4.544178 -10.808527
v -7.422668 4.544178 -10.808527
v -7.422668 3.585889 -10.808527
v -7.370965 4.544178 -10.808527
v -7.370965 3.585889 -10.808527
v -7.370965 4.544178 -10.808527
v -7.370965 3.585889 -10.808527
v -7.370965 4.544178 -10.861402
v -7.370965 3.585889 -10.861401
v -7.370965 4.544178 -10.861402
v -7.370965 3.585889 -10.861401
v -7.422668 4.544178 -10.861402
v -7.422668 3.585889 -10.861401
v -7.422668 4.544178 -10.861402
v -7.422668 3.585889 -10.861401
v -7.422668 4.544178 -10.808527
v -7.422668 3.585889 -10.808527
vn -0.0000 -1.0000 -0.0000
vn -0.0000 1.0000 -0.0000
vn -0.0000 -0.0000 1.0000
vn 1.0000 -0.0000 -0.0000
vn -0.0000 -0.0000 -1.0000
vn -1.0000 -0.0000 -0.0000
vt 0.000000 1.000000
vt 1.000000 1.000000
vt 0.000000 0.000000
vt 1.000000 0.000000
s 0
f 4498/1843/653 4499/1844/653 4500/1845/653
f 4499/1844/653 4501/1846/653 4500/1845/653
f 4502/1846/654 4503/1845/654 4504/1843/654
f 4502/1846/654 4504/1843/654 4505/1844/654
f 4506/1845/655 4507/1843/655 4508/1846/655
f 4508/1846/655 4507/1843/655 4509/1844/655
f 4510/1845/656 4511/1843/656 4512/1846/656
f 4512/1846/656 4511/1843/656 4513/1844/656
f 4514/1845/657 4515/1843/657 4516/1846/657
f 4516/1846/657 4515/1843/657 4517/1844/657
f 4518/1845/658 4519/1843/658 4520/1846/658
f 4520/1846/658 4519/1843/658 4521/1844/658
o Box133_05_-_Default_0
v -7.370965 3.585889 -9.482508
v -7.422668 3.585889 -9.482508
v -7.370965 3.585889 -9.535381
v -7.422668 3.585889 -9.535381
v -7.370965 4.544178 -9.535382
v -7.422668 4.544178 -9.535382
v -7.422668 4.544178 -9.482508
v -7.370965 4.544178 -9.482508
v -7.422668 4.544178 -9.482508
v -7.422668 3.585889 -9.482508
v -7.370965 4.544178 -9.482508
v -7.370965 3.585889 -9.482508
v -7.370965 4.544178 -9.482508
v -7.370965 3.585889 -9.482508
v -7.370965 4.544178 -9.535382
v -7.370965 3.585889 -9.535381
v -7.370965 4.544178 -9.535382
v -7.370965 3.585889 -9.535381
v -7.422668 4.544178 -9.535382
v -7.422668 3.585889 -9.535381
v -7.422668 4.544178 -9.535382
v -7.422668 3.585889 -9.535381
v -7.422668 4.544178 -9.482508
v -7.422668 3.585889 -9.482508
vn -0.0000 -1.0000 -0.0000
vn -0.0000 1.0000 -0.0000
vn -0.0000 -0.0000 1.0000
vn 1.0000 -0.0000 -0.0000
vn -0.0000 -0.0000 -1.0000
vn -1.0000 -0.0000 -0.0000
vt 0.000000 1.000000
vt 1.000000 1.000000
vt 0.000000 0.000000
vt 1.000000 0.000000
s 0
f 4522/1847/659 4523/1848/659 4524/1849/659
f 4523/1848/659 4525/1850/659 4524/1849/659
f 4526/1850/660 4527/1849/660 4528/1847/660
f 4526/1850/660 4528/1847/660 4529/1848/660
f 4530/1849/661 4531/1847/661 4532/1850/661
f 4532/1850/661 4531/1847/661 4533/1848/661
f 4534/1849/662 4535/1847/662 4536/1850/662
f 4536/1850/662 4535/1847/662 4537/1848/662
f 4538/1849/663 4539/1847/663 4540/1850/663
f 4540/1850/663 4539/1847/663 4541/1848/663
f 4542/1849/664 4543/1847/664 4544/1850/664
f 4544/1850/664 4543/1847/664 4545/1848/664
o Box134_05_-_Default_0
v -2.543226 3.579700 5.814240
v -2.594929 3.579700 5.814240
v -2.543226 3.579700 5.761366
v -2.594929 3.579700 5.761366
v -2.543226 4.482302 5.761366
v -2.594929 4.482302 5.761366
v -2.594929 4.482302 5.814240
v -2.543226 4.482302 5.814240
v -2.594929 4.482302 5.814240
v -2.594929 3.579700 5.814240
v -2.543226 4.482302 5.814240
v -2.543226 3.579700 5.814240
v -2.543226 4.482302 5.814240
v -2.543226 3.579700 5.814240
v -2.543226 4.482302 5.761366
v -2.543226 3.579700 5.761366
v -2.543226 4.482302 5.761366
v -2.543226 3.579700 5.761366
v -2.594929 4.482302 5.761366
v -2.594929 3.579700 5.761366
v -2.594929 4.482302 5.761366
v -2.594929 3.579700 5.761366
v -2.594929 4.482302 5.814240
v -2.594929 3.579700 5.814240
vn -0.0000 -1.0000 -0.0000
vn -0.0000 1.0000 -0.0000
vn -0.0000 -0.0000 1.0000
vn 1.0000 -0.0000 -0.0000
vn -0.0000 -0.0000 -1.0000
vn -1.0000 -0.0000 -0.0000
vt 0.000000 1.000000
vt 1.000000 1.000000
vt 0.000000 0.000000
vt 1.000000 0.000000
s 0
f 4546/1851/665 4547/1852/665 4548/1853/665
f 4547/1852/665 4549/1854/665 4548/1853/665
f 4550/1854/666 4551/1853/666 4552/1851/666
f 4550/1854/666 4552/1851/666 4553/1852/666
f 4554/1853/667 4555/1851/667 4556/1854/667
f 4556/1854/667 4555/1851/667 4557/1852/667
f 4558/1853/668 4559/1851/668 4560/1854/668
f 4560/1854/668 4559/1851/668 4561/1852/668
f 4562/1853/669 4563/1851/669 4564/1854/669
f 4564/1854/669 4563/1851/669 4565/1852/669
f 4566/1853/670 4567/1851/670 4568/1854/670
f 4568/1854/670 4567/1851/670 4569/1852/670
o Box135_05_-_Default_0
v -4.749172 3.579700 5.814240
v -4.800874 3.579700 5.814240
v -4.749172 3.579700 5.761366
v -4.800874 3.579700 5.761366
v -4.749172 4.482302 5.761366
v -4.800874 4.482302 5.761366
v -4.800874 4.482302 5.814240
v -4.749172 4.482302 5.814240
v -4.800874 4.482302 5.814240
v -4.800874 3.579700 5.814240
v -4.749172 4.482302 5.814240
v -4.749172 3.579700 5.814240
v -4.749172 4.482302 5.814240
v -4.749172 3.579700 5.814240
v -4.749172 4.482302 5.761366
v -4.749172 3.579700 5.761366
v -4.749172 4.482302 5.761366
v -4.749172 3.579700 5.761366
v -4.800874 4.482302 5.761366
v -4.800874 3.579700 5.761366
v -4.800874 4.482302 5.761366
v -4.800874 3.579700 5.761366
v -4.800874 4.482302 5.814240
v -4.800874 3.579700 5.814240
vn -0.0000 -1.0000 -0.0000
vn -0.0000 1.0000 -0.0000
vn -0.0000 -0.0000 1.0000
vn 1.0000 -0.0000 -0.0000
vn -0.0000 -0.0000 -1.0000
vn -1.0000 -0.0000 -0.0000
vt 0.000000 1.000000
vt 1.000000 1.000000
vt 0.000000 0.000000
vt 1.000000 0.000000
s 0
f 4570/1855/671 4571/1856/671 4572/1857/671
f 4571/1856/671 4573/1858/671 4572/1857/671
f 4574/1858/672 4575/1857/672 4576/1855/672
f 4574/1858/672 4576/1855/672 4577/1856/672
f 4578/1857/673 4579/1855/673 4580/1858/673
f 4580/1858/673 4579/1855/673 4581/1856/673
f 4582/1857/674 4583/1855/674 4584/1858/674
f 4584/1858/674 4583/1855/674 4585/1856/674
f 4586/1857/675 4587/1855/675 4588/1858/675
f 4588/1858/675 4587/1855/675 4589/1856/675
f 4590/1857/676 4591/1855/676 4592/1858/676
f 4592/1858/676 4591/1855/676 4593/1856/676
o Box136_05_-_Default_0
v -7.391482 3.579700 5.814240
v -7.443184 3.579700 5.814240
v -7.391482 3.579700 5.761366
v -7.443184 3.579700 5.761366
v -7.391482 4.482302 5.761366
v -7.443184 4.482302 5.761366
v -7.443184 4.482302 5.814240
v -7.391482 4.482302 5.814240
v -7.443184 4.482302 5.814240
v -7.443184 3.579700 5.814240
v -7.391482 4.482302 5.814240
v -7.391482 3.579700 5.814240
v -7.391482 4.482302 5.814240
v -7.391482 3.579700 5.814240
v -7.391482 4.482302 5.761366
v -7.391482 3.579700 5.761366
v -7.391482 4.482302 5.761366
v -7.391482 3.579700 5.761366
v -7.443184 4.482302 5.761366
v -7.443184 3.579700 5.761366
v -7.443184 4.482302 5.761366
v -7.443184 3.579700 5.761366
v -7.443184 4.482302 5.814240
v -7.443184 3.579700 5.814240
vn -0.0000 -1.0000 -0.0000
vn -0.0000 1.0000 -0.0000
vn -0.0000 -0.0000 1.0000
vn 1.0000 -0.0000 -0.0000
vn -0.0000 -0.0000 -1.0000
vn -1.0000 -0.0000 -0.0000
vt 0.000000 1.000000
vt 1.000000 1.000000
vt 0.000000 0.000000
vt 1.000000 0.000000
s 0
f 4594/1859/677 4595/1860/677 4596/1861/677
f 4595/1860/677 4597/1862/677 4596/1861/677
f 4598/1862/678 4599/1861/678 4600/1859/678
f 4598/1862/678 4600/1859/678 4601/1860/678
f 4602/1861/679 4603/1859/679 4604/1862/679
f 4604/1862/679 4603/1859/679 4605/1860/679
f 4606/1861/680 4607/1859/680 4608/1862/680
f 4608/1862/680 4607/1859/680 4609/1860/680
f 4610/1861/681 4611/1859/681 4612/1862/681
f 4612/1862/681 4611/1859/681 4613/1860/681
f 4614/1861/682 4615/1859/682 4616/1862/682
f 4616/1862/682 4615/1859/682 4617/1860/682
o Box137_05_-_Default_0
v -7.391482 3.579700 4.433773
v -7.443184 3.579700 4.433773
v -7.391482 3.579700 4.380898
v -7.443184 3.579700 4.380898
v -7.391482 4.482302 4.380898
v -7.443184 4.482302 4.380898
v -7.443184 4.482302 4.433772
v -7.391482 4.482302 4.433772
v -7.443184 4.482302 4.433772
v -7.443184 3.579700 4.433773
v -7.391482 4.482302 4.433772
v -7.391482 3.579700 4.433773
v -7.391482 4.482302 4.433772
v -7.391482 3.579700 4.433773
v -7.391482 4.482302 4.380898
v -7.391482 3.579700 4.380898
v -7.391482 4.482302 4.380898
v -7.391482 3.579700 4.380898
v -7.443184 4.482302 4.380898
v -7.443184 3.579700 4.380898
v -7.443184 4.482302 4.380898
v -7.443184 3.579700 4.380898
v -7.443184 4.482302 4.433772
v -7.443184 3.579700 4.433773
vn -0.0000 -1.0000 -0.0000
vn -0.0000 1.0000 -0.0000
vn -0.0000 -0.0000 1.0000
vn 1.0000 -0.0000 -0.0000
vn -0.0000 -0.0000 -1.0000
vn -1.0000 -0.0000 -0.0000
vt 0.000000 1.000000
vt 1.000000 1.000000
vt 0.000000 0.000000
vt 1.000000 0.000000
s 0
f 4618/1863/683 4619/1864/683 4620/1865/683
f 4619/1864/683 4621/1866/683 4620/1865/683
f 4622/1866/684 4623/1865/684 4624/1863/684
f 4622/1866/684 4624/1863/684 4625/1864/684
f 4626/1865/685 4627/1863/685 4628/1866/685
f 4628/1866/685 4627/1863/685 4629/1864/685
f 4630/1865/686 4631/1863/686 4632/1866/686
f 4632/1866/686 4631/1863/686 4633/1864/686
f 4634/1865/687 4635/1863/687 4636/1866/687
f 4636/1866/687 4635/1863/687 4637/1864/687
f 4638/1865/688 4639/1863/688 4640/1866/688
f 4640/1866/688 4639/1863/688 4641/1864/688
o Box138_Metal_0
v -2.478838 0.246903 5.894299
v 2.563744 0.246903 5.894299
v -2.478838 0.246903 7.607549
v 2.563744 0.246903 7.607549
v 2.563744 0.322874 5.894299
v -2.478838 0.322874 5.894299
v -2.478838 0.322874 7.607549
v 2.563744 0.322874 7.607549
v 2.563744 0.322874 7.607549
v -2.478838 0.322874 7.607549
v -2.478838 0.246903 7.607549
v 2.563744 0.246903 7.607549
v 2.563744 0.322874 5.894299
v 2.563744 0.322874 7.607549
v 2.563744 0.246903 7.607549
v 2.563744 0.246903 5.894299
v -2.478838 0.322874 5.894299
v 2.563744 0.322874 5.894299
v 2.563744 0.246903 5.894299
v -2.478838 0.246903 5.894299
v -2.478838 0.322874 7.607549
v -2.478838 0.322874 5.894299
v -2.478838 0.246903 5.894299
v -2.478838 0.246903 7.607549
vn -0.0000 -1.0000 -0.0000
vn -0.0000 1.0000 -0.0000
vn -0.0000 -0.0000 1.0000
vn 1.0000 -0.0000 -0.0000
vn -0.0000 -0.0000 -1.0000
vn -1.0000 -0.0000 -0.0000
vt 1.000000 0.247392
vt 0.000000 0.247392
vt 1.000000 0.590042
vt 0.000000 0.590042
vt 1.000000 0.247392
vt 0.000000 0.247392
vt 0.000000 0.590042
vt 1.000000 0.590042
vt 1.000000 0.000000
vt 0.000000 0.000000
vt 0.000000 0.091984
vt 1.000000 0.091984
vt 0.752608 0.000000
vt 0.409958 0.000000
vt 0.409958 0.091984
vt 0.752608 0.091984
vt 0.000000 0.000000
vt 0.000000 0.091984
vt 0.590042 0.000000
vt 0.247392 0.000000
vt 0.247392 0.091984
vt 0.590042 0.091984
s 0
f 4642/1867/689 4643/1868/689 4644/1869/689
f 4645/1870/689 4644/1869/689 4643/1868/689
f 4646/1871/690 4647/1872/690 4648/1873/690
f 4646/1871/690 4648/1873/690 4649/1874/690
f 4650/1875/691 4651/1876/691 4652/1877/691
f 4650/1875/691 4652/1877/691 4653/1878/691
f 4654/1879/692 4655/1880/692 4656/1881/692
f 4654/1879/692 4656/1881/692 4657/1882/692
f 4658/1875/693 4659/1883/693 4660/1884/693
f 4658/1875/693 4660/1884/693 4661/1878/693
f 4662/1885/694 4663/1886/694 4664/1887/694
f 4662/1885/694 4664/1887/694 4665/1888/694
o Box139_Metal_0
v -2.478838 -0.105306 7.536038
v 2.563744 -0.105306 7.536038
v -2.478838 -0.105306 8.035908
v 2.563744 -0.105306 8.035908
v 2.563744 -0.029335 7.536038
v -2.478838 -0.029335 7.536038
v -2.478838 -0.029335 8.035908
v 2.563744 -0.029335 8.035908
v 2.563744 -0.029335 8.035908
v -2.478838 -0.029335 8.035908
v -2.478838 -0.105306 8.035908
v 2.563744 -0.105306 8.035908
v 2.563744 -0.029335 7.536038
v 2.563744 -0.029335 8.035908
v 2.563744 -0.105306 8.035908
v 2.563744 -0.105306 7.536038
v -2.478838 -0.029335 7.536038
v 2.563744 -0.029335 7.536038
v 2.563744 -0.105306 7.536038
v -2.478838 -0.105306 7.536038
v -2.478838 -0.029335 8.035908
v -2.478838 -0.029335 7.536038
v -2.478838 -0.105306 7.536038
v -2.478838 -0.105306 8.035908
vn -0.0000 -1.0000 -0.0000
vn -0.0000 1.0000 -0.0000
vn -0.0000 -0.0000 1.0000
vn 1.0000 -0.0000 -0.0000
vn -0.0000 -0.0000 -1.0000
vn -1.0000 -0.0000 -0.0000
vt 1.000000 0.575740
vt 0.000000 0.575740
vt 1.000000 0.675714
vt 0.000000 0.675714
vt 1.000000 0.575740
vt 0.000000 0.575740
vt 0.000000 0.675714
vt 1.000000 0.675714
vt 1.000000 0.426444
vt 0.000000 0.426444
vt 0.000000 0.518427
vt 1.000000 0.518427
vt 0.424260 0.426444
vt 0.324286 0.426444
vt 0.324286 0.518427
vt 0.424260 0.518427
vt 1.000000 0.426444
vt 0.000000 0.426444
vt 0.000000 0.518427
vt 1.000000 0.518427
vt 0.675714 0.426444
vt 0.575740 0.426444
vt 0.575740 0.518427
vt 0.675714 0.518427
s 0
f 4666/1889/695 4667/1890/695 4668/1891/695
f 4669/1892/695 4668/1891/695 4667/1890/695
f 4670/1893/696 4671/1894/696 4672/1895/696
f 4670/1893/696 4672/1895/696 4673/1896/696
f 4674/1897/697 4675/1898/697 4676/1899/697
f 4674/1897/697 4676/1899/697 4677/1900/697
f 4678/1901/698 4679/1902/698 4680/1903/698
f 4678/1901/698 4680/1903/698 4681/1904/698
f 4682/1905/699 4683/1906/699 4684/1907/699
f 4682/1905/699 4684/1907/699 4685/1908/699
f 4686/1909/700 4687/1910/700 4688/1911/700
f 4686/1909/700 4688/1911/700 4689/1912/700
o Box140_Metal_0
v -2.478838 -0.503047 7.920511
v 2.563744 -0.503047 7.920511
v -2.478838 -0.503047 8.420380
v 2.563744 -0.503047 8.420380
v 2.563744 -0.427076 7.920511
v -2.478838 -0.427076 7.920511
v -2.478838 -0.427076 8.420380
v 2.563744 -0.427076 8.420380
v 2.563744 -0.427076 8.420380
v -2.478838 -0.427076 8.420380
v -2.478838 -0.503047 8.420380
v 2.563744 -0.503047 8.420380
v 2.563744 -0.427076 7.920511
v 2.563744 -0.427076 8.420380
v 2.563744 -0.503047 8.420380
v 2.563744 -0.503047 7.920511
v -2.478838 -0.427076 7.920511
v 2.563744 -0.427076 7.920511
v 2.563744 -0.503047 7.920511
v -2.478838 -0.503047 7.920511
v -2.478838 -0.427076 8.420380
v -2.478838 -0.427076 7.920511
v -2.478838 -0.503047 7.920511
v -2.478838 -0.503047 8.420380
vn -0.0000 -1.0000 -0.0000
vn -0.0000 1.0000 -0.0000
vn -0.0000 -0.0000 1.0000
vn 1.0000 -0.0000 -0.0000
vn -0.0000 -0.0000 -1.0000
vn -1.0000 -0.0000 -0.0000
vt 1.000000 0.652634
vt 0.000000 0.652635
vt 1.000000 0.752608
vt 0.000000 0.752608
vt 1.000000 0.652635
vt 0.000000 0.652634
vt 0.000000 0.752608
vt 1.000000 0.752608
vt 1.000000 0.908016
vt 0.000000 0.908016
vt 0.000000 1.000000
vt 1.000000 1.000000
vt 0.347365 0.908016
vt 0.247392 0.908016
vt 0.247392 1.000000
vt 0.347365 1.000000
vt 1.000000 0.908016
vt 0.000000 0.908016
vt 0.000000 1.000000
vt 1.000000 1.000000
vt 0.752608 0.908016
vt 0.652634 0.908016
vt 0.652634 1.000000
vt 0.752608 1.000000
s 0
f 4690/1913/701 4691/1914/701 4692/1915/701
f 4693/1916/701 4692/1915/701 4691/1914/701
f 4694/1917/702 4695/1918/702 4696/1919/702
f 4694/1917/702 4696/1919/702 4697/1920/702
f 4698/1921/703 4699/1922/703 4700/1923/703
f 4698/1921/703 4700/1923/703 4701/1924/703
f 4702/1925/704 4703/1926/704 4704/1927/704
f 4702/1925/704 4704/1927/704 4705/1928/704
f 4706/1929/705 4707/1930/705 4708/1931/705
f 4706/1929/705 4708/1931/705 4709/1932/705
f 4710/1933/706 4711/1934/706 4712/1935/706
f 4710/1933/706 4712/1935/706 4713/1936/706
o Box142_03_-_Default_0
v -2.185597 7.845967 5.496872
v -4.111733 7.845967 5.496873
v -2.185597 9.042202 5.496872
v -4.111733 9.042202 5.496873
v -2.185597 9.042202 5.527894
v -4.111733 9.042202 5.527895
v -4.111733 7.845967 5.527895
v -2.185597 7.845967 5.527894
v -4.111733 7.845967 5.527895
v -2.185597 7.845967 5.496872
v -2.185597 7.845967 5.527894
v -4.111733 7.845967 5.496873
v -2.185597 9.042202 5.527894
v -2.185597 7.845967 5.527894
v -2.185597 7.845967 5.496872
v -2.185597 9.042202 5.496872
v -4.111733 9.042202 5.527895
v -2.185597 9.042202 5.527894
v -2.185597 9.042202 5.496872
v -4.111733 9.042202 5.496873
v -4.111733 9.042202 5.527895
v -4.111733 7.845967 5.496873
v -4.111733 7.845967 5.527895
v -4.111733 9.042202 5.496873
vn -0.0000 -0.0000 -1.0000
vn -0.0000 -0.0000 1.0000
vn -0.0000 -1.0000 -0.0000
vn 1.0000 -0.0000 -0.0000
vn -0.0000 1.0000 -0.0000
vn -1.0000 -0.0000 -0.0000
vt 0.000000 1.000000
vt 1.000000 1.000000
vt 0.000000 0.000000
vt 1.000000 0.000000
s 0
f 4714/1937/707 4715/1938/707 4716/1939/707
f 4715/1938/707 4717/1940/707 4716/1939/707
f 4718/1940/708 4719/1939/708 4720/1937/708
f 4718/1940/708 4720/1937/708 4721/1938/708
f 4722/1939/709 4723/1938/709 4724/1940/709
f 4723/1938/709 4722/1939/709 4725/1937/709
f 4726/1940/710 4727/1939/710 4728/1937/710
f 4726/1940/710 4728/1937/710 4729/1938/710
f 4730/1940/711 4731/1939/711 4732/1937/711
f 4730/1940/711 4732/1937/711 4733/1938/711
f 4734/1939/712 4735/1938/712 4736/1940/712
f 4735/1938/712 4734/1939/712 4737/1937/712
o Box143_03_-_Default_0
v -4.832895 7.845967 5.496872
v -6.759032 7.845967 5.496873
v -4.832895 9.042202 5.496872
v -6.759032 9.042202 5.496873
v -4.832895 9.042202 5.527894
v -6.759032 9.042202 5.527895
v -6.759032 7.845967 5.527895
v -4.832895 7.845967 5.527894
v -6.759032 7.845967 5.527895
v -4.832895 7.845967 5.496872
v -4.832895 7.845967 5.527894
v -6.759032 7.845967 5.496873
v -4.832895 9.042202 5.527894
v -4.832895 7.845967 5.527894
v -4.832895 7.845967 5.496872
v -4.832895 9.042202 5.496872
v -6.759032 9.042202 5.527895
v -4.832895 9.042202 5.527894
v -4.832895 9.042202 5.496872
v -6.759032 9.042202 5.496873
v -6.759032 9.042202 5.527895
v -6.759032 7.845967 5.496873
v -6.759032 7.845967 5.527895
v -6.759032 9.042202 5.496873
vn -0.0000 -0.0000 -1.0000
vn -0.0000 -0.0000 1.0000
vn -0.0000 -1.0000 -0.0000
vn 1.0000 -0.0000 -0.0000
vn -0.0000 1.0000 -0.0000
vn -1.0000 -0.0000 -0.0000
vt 0.000000 1.000000
vt 1.000000 1.000000
vt 0.000000 0.000000
vt 1.000000 0.000000
s 0
f 4738/1941/713 4739/1942/713 4740/1943/713
f 4739/1942/713 4741/1944/713 4740/1943/713
f 4742/1944/714 4743/1943/714 4744/1941/714
f 4742/1944/714 4744/1941/714 4745/1942/714
f 4746/1943/715 4747/1942/715 4748/1944/715
f 4747/1942/715 4746/1943/715 4749/1941/715
f 4750/1944/716 4751/1943/716 4752/1941/716
f 4750/1944/716 4752/1941/716 4753/1942/716
f 4754/1944/717 4755/1943/717 4756/1941/717
f 4754/1944/717 4756/1941/717 4757/1942/717
f 4758/1943/718 4759/1942/718 4760/1944/718
f 4759/1942/718 4758/1943/718 4761/1941/718
o Box144_03_-_Default_0
v -7.444730 7.845967 2.984628
v -7.444730 7.845967 1.058491
v -7.444730 9.042202 2.984628
v -7.444730 9.042202 1.058491
v -7.475752 9.042202 2.984628
v -7.475752 9.042202 1.058491
v -7.475752 7.845967 1.058491
v -7.475752 7.845967 2.984628
v -7.475752 7.845967 1.058491
v -7.444730 7.845967 2.984628
v -7.475752 7.845967 2.984628
v -7.444730 7.845967 1.058491
v -7.475752 9.042202 2.984628
v -7.475752 7.845967 2.984628
v -7.444730 7.845967 2.984628
v -7.444730 9.042202 2.984628
v -7.475752 9.042202 1.058491
v -7.475752 9.042202 2.984628
v -7.444730 9.042202 2.984628
v -7.444730 9.042202 1.058491
v -7.475752 9.042202 1.058491
v -7.444730 7.845967 1.058491
v -7.475752 7.845967 1.058491
v -7.444730 9.042202 1.058491
vn 1.0000 -0.0000 -0.0000
vn -1.0000 -0.0000 -0.0000
vn -0.0000 -1.0000 -0.0000
vn -0.0000 -0.0000 1.0000
vn -0.0000 1.0000 -0.0000
vn -0.0000 -0.0000 -1.0000
vt 0.000000 1.000000
vt 1.000000 1.000000
vt 0.000000 0.000000
vt 1.000000 0.000000
s 0
f 4762/1945/719 4763/1946/719 4764/1947/719
f 4763/1946/719 4765/1948/719 4764/1947/719
f 4766/1948/720 4767/1947/720 4768/1945/720
f 4766/1948/720 4768/1945/720 4769/1946/720
f 4770/1947/721 4771/1946/721 4772/1948/721
f 4771/1946/721 4770/1947/721 4773/1945/721
f 4774/1948/722 4775/1947/722 4776/1945/722
f 4774/1948/722 4776/1945/722 4777/1946/722
f 4778/1948/723 4779/1947/723 4780/1945/723
f 4778/1948/723 4780/1945/723 4781/1946/723
f 4782/1947/724 4783/1946/724 4784/1948/724
f 4783/1946/724 4782/1947/724 4785/1945/724
o Box145_03_-_Default_0
v -7.447148 7.846044 0.342779
v -7.447149 7.846044 -1.583358
v -7.447148 9.042279 0.342779
v -7.447149 9.042279 -1.583358
v -7.478171 9.042279 0.342779
v -7.478171 9.042279 -1.583358
v -7.478171 7.846044 -1.583358
v -7.478170 7.846044 0.342779
v -7.478171 7.846044 -1.583358
v -7.447148 7.846044 0.342779
v -7.478170 7.846044 0.342779
v -7.447149 7.846044 -1.583358
v -7.478171 9.042279 0.342779
v -7.478170 7.846044 0.342779
v -7.447148 7.846044 0.342779
v -7.447148 9.042279 0.342779
v -7.478171 9.042279 -1.583358
v -7.478171 9.042279 0.342779
v -7.447148 9.042279 0.342779
v -7.447149 9.042279 -1.583358
v -7.478171 9.042279 -1.583358
v -7.447149 7.846044 -1.583358
v -7.478171 7.846044 -1.583358
v -7.447149 9.042279 -1.583358
vn 1.0000 -0.0000 -0.0000
vn -1.0000 -0.0000 -0.0000
vn -0.0000 -1.0000 -0.0000
vn -0.0000 -0.0000 1.0000
vn -0.0000 1.0000 -0.0000
vn -0.0000 -0.0000 -1.0000
vt 0.000000 1.000000
vt 1.000000 1.000000
vt 0.000000 0.000000
vt 1.000000 0.000000
s 0
f 4786/1949/725 4787/1950/725 4788/1951/725
f 4787/1950/725 4789/1952/725 4788/1951/725
f 4790/1952/726 4791/1951/726 4792/1949/726
f 4790/1952/726 4792/1949/726 4793/1950/726
f 4794/1951/727 4795/1950/727 4796/1952/727
f 4795/1950/727 4794/1951/727 4797/1949/727
f 4798/1952/728 4799/1951/728 4800/1949/728
f 4798/1952/728 4800/1949/728 4801/1950/728
f 4802/1952/729 4803/1951/729 4804/1949/729
f 4802/1952/729 4804/1949/729 4805/1950/729
f 4806/1951/730 4807/1950/730 4808/1952/730
f 4807/1950/730 4806/1951/730 4809/1949/730
o Box146_03_-_Default_0
v -8.684206 9.731287 -7.382910
v -8.684206 6.998338 -7.382910
v -9.521624 6.998338 -7.382910
v -9.521624 9.731287 -7.382909
v -9.521624 9.731287 -7.351887
v -9.521624 6.998338 -7.351888
v -8.684206 9.731287 -7.351888
v -8.684206 6.998338 -7.351888
v -9.521624 6.998338 -7.351888
v -8.684206 6.998338 -7.382910
v -8.684206 6.998338 -7.351888
v -9.521624 6.998338 -7.382910
v -8.684206 9.731287 -7.351888
v -8.684206 6.998338 -7.351888
v -8.684206 6.998338 -7.382910
v -8.684206 9.731287 -7.382910
v -9.521624 9.731287 -7.351887
v -8.684206 9.731287 -7.351888
v -8.684206 9.731287 -7.382910
v -9.521624 9.731287 -7.382909
v -9.521624 9.731287 -7.351887
v -9.521624 6.998338 -7.382910
v -9.521624 6.998338 -7.351888
v -9.521624 9.731287 -7.382909
vn -0.0000 -0.0000 -1.0000
vn -0.0000 -0.0000 1.0000
vn -0.0000 -1.0000 -0.0000
vn 1.0000 -0.0000 -0.0000
vn -0.0000 1.0000 -0.0000
vn -1.0000 -0.0000 -0.0000
vt 0.000000 0.000000
vt 0.000000 1.000000
vt 1.000000 1.000000
vt 1.000000 0.000000
s 0
f 4810/1953/731 4811/1954/731 4812/1955/731
f 4812/1955/731 4813/1956/731 4810/1953/731
f 4814/1953/732 4815/1954/732 4816/1956/732
f 4816/1956/732 4815/1954/732 4817/1955/732
f 4818/1953/733 4819/1955/733 4820/1956/733
f 4819/1955/733 4818/1953/733 4821/1954/733
f 4822/1956/734 4823/1953/734 4824/1954/734
f 4822/1956/734 4824/1954/734 4825/1955/734
f 4826/1956/735 4827/1953/735 4828/1954/735
f 4826/1956/735 4828/1954/735 4829/1955/735
f 4830/1953/736 4831/1955/736 4832/1956/736
f 4831/1955/736 4830/1953/736 4833/1954/736
o Box147_03_-_Default_0
v -7.484564 9.731287 -7.382910
v -7.484564 6.998338 -7.382910
v -8.321981 6.998338 -7.382910
v -8.321981 9.731287 -7.382909
v -8.321981 9.731287 -7.351887
v -8.321981 6.998338 -7.351888
v -7.484564 9.731287 -7.351888
v -7.484564 6.998338 -7.351888
v -8.321981 6.998338 -7.351888
v -7.484564 6.998338 -7.382910
v -7.484564 6.998338 -7.351888
v -8.321981 6.998338 -7.382910
v -7.484564 9.731287 -7.351888
v -7.484564 6.998338 -7.351888
v -7.484564 6.998338 -7.382910
v -7.484564 9.731287 -7.382910
v -8.321981 9.731287 -7.351887
v -7.484564 9.731287 -7.351888
v -7.484564 9.731287 -7.382910
v -8.321981 9.731287 -7.382909
v -8.321981 9.731287 -7.351887
v -8.321981 6.998338 -7.382910
v -8.321981 6.998338 -7.351888
v -8.321981 9.731287 -7.382909
vn -0.0000 -0.0000 -1.0000
vn -0.0000 -0.0000 1.0000
vn -0.0000 -1.0000 -0.0000
vn 1.0000 -0.0000 -0.0000
vn -0.0000 1.0000 -0.0000
vn -1.0000 -0.0000 -0.0000
vt 0.000000 0.000000
vt 0.000000 1.000000
vt 1.000000 1.000000
vt 1.000000 0.000000
s 0
f 4834/1957/737 4835/1958/737 4836/1959/737
f 4836/1959/737 4837/1960/737 4834/1957/737
f 4838/1957/738 4839/1958/738 4840/1960/738
f 4840/1960/738 4839/1958/738 4841/1959/738
f 4842/1957/739 4843/1959/739 4844/1960/739
f 4843/1959/739 4842/1957/739 4845/1958/739
f 4846/1960/740 4847/1957/740 4848/1958/740
f 4846/1960/740 4848/1958/740 4849/1959/740
f 4850/1960/741 4851/1957/741 4852/1958/741
f 4850/1960/741 4852/1958/741 4853/1959/741
f 4854/1957/742 4855/1959/742 4856/1960/742
f 4855/1959/742 4854/1957/742 4857/1958/742
o Box148_20_-_Polished_Aluminum_0
v -6.861132 7.832069 5.826569
v -6.861132 7.832069 5.452114
v -6.861132 7.717079 5.452114
v -6.861132 7.717079 5.826569
v -2.092109 7.717077 5.826569
v -2.092109 7.717077 5.452114
v -2.092109 7.832067 5.826569
v -2.092109 7.832067 5.452114
v -2.092109 7.717077 5.452114
v -6.861132 7.717079 5.452114
v -2.092109 7.832067 5.452114
v -6.861132 7.832069 5.452114
v -2.092109 7.832067 5.452114
v -6.861132 7.832069 5.452114
v -2.092109 7.832067 5.826569
v -6.861132 7.832069 5.826569
v -2.092109 7.832067 5.826569
v -6.861132 7.717079 5.826569
v -2.092109 7.717077 5.826569
v -6.861132 7.832069 5.826569
v -2.092109 7.717077 5.826569
v -6.861132 7.717079 5.826569
v -2.092109 7.717077 5.452114
v -6.861132 7.717079 5.452114
vn -1.0000 -0.0000 -0.0000
vn 1.0000 -0.0000 -0.0000
vn -0.0000 -0.0000 -1.0000
vn -0.0000 1.0000 -0.0000
vn -0.0000 -0.0000 1.0000
vn -0.0000 -1.0000 -0.0000
vt 0.000000 0.000000
vt 0.000000 1.000000
vt 1.000000 1.000000
vt 1.000000 0.000000
s 0
f 4858/1961/743 4859/1962/743 4860/1963/743
f 4860/1963/743 4861/1964/743 4858/1961/743
f 4862/1961/744 4863/1962/744 4864/1964/744
f 4864/1964/744 4863/1962/744 4865/1963/744
f 4866/1961/745 4867/1962/745 4868/1964/745
f 4868/1964/745 4867/1962/745 4869/1963/745
f 4870/1961/746 4871/1962/746 4872/1964/746
f 4872/1964/746 4871/1962/746 4873/1963/746
f 4874/1961/747 4875/1963/747 4876/1964/747
f 4875/1963/747 4874/1961/747 4877/1962/747
f 4878/1961/748 4879/1962/748 4880/1964/748
f 4880/1964/748 4879/1962/748 4881/1963/748
o Box149_20_-_Polished_Aluminum_0
v -7.822988 7.832070 -1.683355
v -7.448533 7.832069 -1.683355
v -7.448533 7.717079 -1.683355
v -7.822988 7.717080 -1.683355
v -7.822988 7.717079 3.085669
v -7.448534 7.717079 3.085669
v -7.822988 7.832069 3.085669
v -7.448534 7.832069 3.085669
v -7.448534 7.717079 3.085669
v -7.448533 7.717079 -1.683355
v -7.448534 7.832069 3.085669
v -7.448533 7.832069 -1.683355
v -7.448534 7.832069 3.085669
v -7.448533 7.832069 -1.683355
v -7.822988 7.832069 3.085669
v -7.822988 7.832070 -1.683355
v -7.822988 7.832069 3.085669
v -7.822988 7.717080 -1.683355
v -7.822988 7.717079 3.085669
v -7.822988 7.832070 -1.683355
v -7.822988 7.717079 3.085669
v -7.822988 7.717080 -1.683355
v -7.448534 7.717079 3.085669
v -7.448533 7.717079 -1.683355
vn -0.0000 -0.0000 -1.0000
vn -0.0000 -0.0000 1.0000
vn 1.0000 -0.0000 -0.0000
vn -0.0000 1.0000 -0.0000
vn -1.0000 -0.0000 -0.0000
vn -0.0000 -1.0000 -0.0000
vt 0.000000 0.000000
vt 0.000000 1.000000
vt 1.000000 1.000000
vt 1.000000 0.000000
s 0
f 4882/1965/749 4883/1966/749 4884/1967/749
f 4884/1967/749 4885/1968/749 4882/1965/749
f 4886/1965/750 4887/1966/750 4888/1968/750
f 4888/1968/750 4887/1966/750 4889/1967/750
f 4890/1965/751 4891/1966/751 4892/1968/751
f 4892/1968/751 4891/1966/751 4893/1967/751
f 4894/1965/752 4895/1966/752 4896/1968/752
f 4896/1968/752 4895/1966/752 4897/1967/752
f 4898/1965/753 4899/1967/753 4900/1968/753
f 4899/1967/753 4898/1965/753 4901/1966/753
f 4902/1965/754 4903/1966/754 4904/1968/754
f 4904/1968/754 4903/1966/754 4905/1967/754
o Line025_16_-_Matte_Plastic_0
v 2.223070 6.898899 5.583949
v -1.536742 6.898899 5.583949
v -1.536742 6.598899 5.583949
v 2.223070 6.598899 5.583949
v 2.223069 6.898900 -2.542731
v 2.223070 6.898899 5.583949
v 2.223070 6.598899 5.583949
v 2.223069 6.598900 -2.542731
v -1.536742 6.898900 -2.542730
v 2.223069 6.898900 -2.542731
v 2.223069 6.598900 -2.542731
v -1.536742 6.598900 -2.542730
v -1.536743 6.898901 -9.253948
v -1.536742 6.898900 -2.542730
v -1.536742 6.598900 -2.542730
v -1.536743 6.598901 -9.253948
v -6.536743 6.898901 -9.253947
v -1.536743 6.898901 -9.253948
v -1.536743 6.598901 -9.253948
v -6.536743 6.598901 -9.253947
v -6.536744 6.898901 -11.082777
v -6.536743 6.898901 -9.253947
v -6.536743 6.598901 -9.253947
v -6.536744 6.598901 -11.082777
v -13.107613 6.898901 -11.082777
v -6.536744 6.898901 -11.082777
v -6.536744 6.598901 -11.082777
v -13.107613 6.598901 -11.082777
v -13.107611 6.898900 -2.542728
v -13.107613 6.898901 -11.082777
v -13.107613 6.598901 -11.082777
v -13.107611 6.598900 -2.542728
v -14.816787 6.898900 -2.542728
v -13.107611 6.898900 -2.542728
v -13.107611 6.598900 -2.542728
v -14.816787 6.598900 -2.542728
v -14.816786 6.898899 5.896296
v -14.816787 6.898900 -2.542728
v -14.816787 6.598900 -2.542728
v -14.816786 6.598899 5.896296
v -7.536743 6.898899 5.896294
v -14.816786 6.898899 5.896296
v -14.816786 6.598899 5.896296
v -7.536743 6.598899 5.896294
v -7.536742 6.898899 8.949240
v -7.536743 6.898899 5.896294
v -7.536743 6.598899 5.896294
v -7.536742 6.598898 8.949240
v -1.536741 6.898899 8.949240
v -7.536742 6.898899 8.949240
v -7.536742 6.598898 8.949240
v -1.536741 6.598898 8.949240
v -1.536742 6.898899 5.583949
v -1.536741 6.898899 8.949240
v -1.536741 6.598898 8.949240
v -1.536742 6.598899 5.583949
v 2.223069 6.598900 -2.542731
v 2.223070 6.598899 5.583949
v -1.536742 6.598899 5.583949
v -1.536742 6.598900 -2.542730
v -1.536741 6.598898 8.949240
v -7.536742 6.598898 8.949240
v -7.536743 6.598899 5.896294
v -14.816786 6.598899 5.896296
v -14.816787 6.598900 -2.542728
v -13.107611 6.598900 -2.542728
v -13.107613 6.598901 -11.082777
v -6.536744 6.598901 -11.082777
v -6.536743 6.598901 -9.253947
v -1.536743 6.598901 -9.253948
v -1.536742 6.898900 -2.542730
v -1.536743 6.898901 -9.253948
v -6.536743 6.898901 -9.253947
v -6.536744 6.898901 -11.082777
v -13.107613 6.898901 -11.082777
v -13.107611 6.898900 -2.542728
v -14.816787 6.898900 -2.542728
v -14.816786 6.898899 5.896296
v -7.536743 6.898899 5.896294
v -7.536742 6.898899 8.949240
v -1.536741 6.898899 8.949240
v -1.536742 6.898899 5.583949
v 2.223070 6.898899 5.583949
v 2.223069 6.898900 -2.542731
vn -0.0000 -0.0000 1.0000
vn 1.0000 -0.0000 -0.0000
vn -0.0000 -0.0000 -1.0000
vn -1.0000 -0.0000 -0.0000
vn -0.0000 -1.0000 -0.0000
vn -0.0000 1.0000 -0.0000
vt 1.351993 0.485000
vt 0.976011 0.485000
vt 0.976011 0.515000
vt 1.351993 0.515000
vt 0.647596 0.485000
vt -0.165072 0.485000
vt -0.165072 0.515000
vt 0.647596 0.515000
vt 0.023988 0.485000
vt -0.351993 0.485000
vt -0.351993 0.515000
vt 0.023988 0.515000
vt 1.318717 0.485000
vt 0.647596 0.485000
vt 0.647596 0.515000
vt 1.318717 0.515000
vt 0.523988 0.485000
vt 0.023988 0.485000
vt 0.023988 0.515000
vt 0.523988 0.515000
vt 1.501600 0.485000
vt 1.318717 0.485000
vt 1.318717 0.515000
vt 1.501600 0.515000
vt 1.181075 0.485000
vt 1.181075 0.515000
vt 0.352404 0.485000
vt -0.501601 0.485000
vt -0.501601 0.515000
vt 0.352404 0.515000
vt 1.181075 0.485000
vt 1.181075 0.515000
vt 1.196306 0.485000
vt 1.196306 0.515000
vt 0.376011 0.485000
vt -0.351993 0.485000
vt -0.351993 0.515000
vt 0.376011 0.515000
vt 1.196306 0.485000
vt 1.196306 0.515000
vt 0.376011 0.485000
vt 0.376011 0.515000
vt -0.165072 0.485000
vt -0.165072 0.515000
vt 1.351993 0.647596
vt 1.351993 -0.165072
vt 0.976011 -0.165072
vt 0.976012 0.647596
vt 0.976011 -0.501601
vt 0.376011 -0.501600
vt 0.376011 -0.196306
vt -0.351993 -0.196306
vt -0.351993 0.647596
vt -0.181075 0.647596
vt -0.181075 1.501601
vt 0.476012 1.501600
vt 0.476012 1.318717
vt 0.976012 1.318717
vt 0.023988 0.647596
vt 0.023988 1.318717
vt 0.523988 1.318717
vt 0.523988 1.501600
vt 1.181075 1.501601
vt 1.181075 0.647596
vt 1.351993 0.647596
vt 1.351993 -0.196306
vt 0.623989 -0.196306
vt 0.623989 -0.501600
vt 0.023989 -0.501601
vt 0.023989 -0.165072
vt -0.351993 -0.165072
vt -0.351993 0.647596
s 0
f 4906/1969/755 4907/1970/755 4908/1971/755
f 4908/1971/755 4909/1972/755 4906/1969/755
f 4910/1973/756 4911/1974/756 4912/1975/756
f 4912/1975/756 4913/1976/756 4910/1973/756
f 4914/1977/757 4915/1978/757 4916/1979/757
f 4916/1979/757 4917/1980/757 4914/1977/757
f 4918/1981/756 4919/1982/756 4920/1983/756
f 4920/1983/756 4921/1984/756 4918/1981/756
f 4922/1985/757 4923/1986/757 4924/1987/757
f 4924/1987/757 4925/1988/757 4922/1985/757
f 4926/1989/756 4927/1990/756 4928/1991/756
f 4928/1991/756 4929/1992/756 4926/1989/756
f 4930/1993/757 4931/1985/757 4932/1988/757
f 4932/1988/757 4933/1994/757 4930/1993/757
f 4934/1995/758 4935/1996/758 4936/1997/758
f 4936/1997/758 4937/1998/758 4934/1995/758
f 4938/1969/757 4939/1999/757 4940/2000/757
f 4940/2000/757 4941/1972/757 4938/1969/757
f 4942/2001/758 4943/1995/758 4944/1998/758
f 4944/1998/758 4945/2002/758 4942/2001/758
f 4946/2003/755 4947/2004/755 4948/2005/755
f 4948/2005/755 4949/2006/755 4946/2003/755
f 4950/1989/758 4951/2007/758 4952/2008/758
f 4952/2008/758 4953/1992/758 4950/1989/758
f 4954/1970/755 4955/2009/755 4956/2010/755
f 4956/2010/755 4957/1971/755 4954/1970/755
f 4958/2011/756 4959/1996/756 4960/1997/756
f 4960/1997/756 4961/2012/756 4958/2011/756
f 4962/2013/759 4963/2014/759 4964/2015/759
f 4965/2016/759 4962/2013/759 4964/2015/759
f 4964/2015/759 4966/2017/759 4967/2018/759
f 4964/2015/759 4967/2018/759 4968/2019/759
f 4965/2016/759 4964/2015/759 4968/2019/759
f 4968/2019/759 4969/2020/759 4970/2021/759
f 4968/2019/759 4970/2021/759 4971/2022/759
f 4965/2016/759 4968/2019/759 4971/2022/759
f 4971/2022/759 4972/2023/759 4973/2024/759
f 4971/2022/759 4973/2024/759 4974/2025/759
f 4965/2016/759 4971/2022/759 4974/2025/759
f 4965/2016/759 4974/2025/759 4975/2026/759
f 4976/2027/760 4977/2028/760 4978/2029/760
f 4979/2030/760 4980/2031/760 4981/2032/760
f 4978/2029/760 4979/2030/760 4981/2032/760
f 4976/2027/760 4978/2029/760 4981/2032/760
f 4982/2033/760 4983/2034/760 4984/2035/760
f 4981/2032/760 4982/2033/760 4984/2035/760
f 4976/2027/760 4981/2032/760 4984/2035/760
f 4985/2036/760 4986/2037/760 4987/2038/760
f 4984/2035/760 4985/2036/760 4987/2038/760
f 4976/2027/760 4984/2035/760 4987/2038/760
f 4987/2038/760 4988/2039/760 4989/2040/760
f 4976/2027/760 4987/2038/760 4989/2040/760
o Line026_17_-_Old_Copper_#1_0
v 2.023072 6.998899 2.257273
v -1.736740 6.998899 2.257271
v -1.736740 6.898900 2.257271
v 2.023072 6.898900 2.257273
v 2.023072 6.998900 -2.342730
v 2.023072 6.998899 2.257273
v 2.023072 6.898900 2.257273
v 2.023072 6.898900 -2.342730
v -1.736740 6.998900 -2.342730
v 2.023072 6.998900 -2.342730
v 2.023072 6.898900 -2.342730
v -1.736740 6.898900 -2.342730
v -1.736741 6.998901 -7.342733
v -1.736740 6.998900 -2.342730
v -1.736740 6.898900 -2.342730
v -1.736741 6.898901 -7.342733
v -10.180897 6.998901 -7.342729
v -1.736741 6.998901 -7.342733
v -1.736741 6.898901 -7.342733
v -10.180897 6.898901 -7.342729
v -10.180890 6.998900 -2.542728
v -10.180897 6.998901 -7.342729
v -10.180897 6.898901 -7.342729
v -10.180890 6.898900 -2.542728
v -7.337587 6.998900 -2.542729
v -10.180890 6.998900 -2.542728
v -10.180890 6.898900 -2.542728
v -7.337587 6.898900 -2.542729
v -7.337586 6.998899 5.361787
v -7.337587 6.998900 -2.542729
v -7.337587 6.898900 -2.542729
v -7.337586 6.898899 5.361787
v -1.736739 6.998899 5.361786
v -7.337586 6.998899 5.361787
v -7.337586 6.898899 5.361787
v -1.736739 6.898899 5.361786
v -1.736740 6.998899 2.257271
v -1.736739 6.998899 5.361786
v -1.736739 6.898899 5.361786
v -1.736740 6.898900 2.257271
v -1.736740 6.898900 2.257271
v -1.736739 6.898899 5.361786
v -7.337586 6.898899 5.361787
v -10.180890 6.898900 -2.542728
v -10.180897 6.898901 -7.342729
v -1.736741 6.898901 -7.342733
v -7.337587 6.898900 -2.542729
v -1.736740 6.898900 -2.342730
v 2.023072 6.898900 -2.342730
v 2.023072 6.898900 2.257273
v -1.736740 6.998899 2.257271
v 2.023072 6.998899 2.257273
v 2.023072 6.998900 -2.342730
v -1.736740 6.998900 -2.342730
v -1.736741 6.998901 -7.342733
v -10.180897 6.998901 -7.342729
v -10.180890 6.998900 -2.542728
v -7.337587 6.998900 -2.542729
v -7.337586 6.998899 5.361787
v -1.736739 6.998899 5.361786
vn -0.0000 -0.0000 1.0000
vn 1.0000 -0.0000 -0.0000
vn -0.0000 -0.0000 -1.0000
vn -1.0000 -0.0000 -0.0000
vn -0.0000 -1.0000 -0.0000
vn -0.0000 1.0000 -0.0000
vt 1.709988 0.160000
vt 1.240012 0.160000
vt 1.240012 0.180000
vt 1.709988 0.180000
vt 0.630000 0.160000
vt 0.170000 0.160000
vt 0.170000 0.180000
vt 0.630000 0.180000
vt -0.240012 0.160000
vt -0.709988 0.160000
vt -0.709988 0.180000
vt -0.240012 0.180000
vt 1.130000 0.160000
vt 0.630000 0.160000
vt 0.630000 0.180000
vt 1.130000 0.180000
vt 0.815507 0.160000
vt -0.240012 0.160000
vt -0.240012 0.180000
vt 0.815507 0.180000
vt 0.350000 0.160000
vt -0.130000 0.160000
vt -0.130000 0.180000
vt 0.350000 0.180000
vt 0.539906 0.160000
vt 0.184493 0.160000
vt 0.184493 0.180000
vt 0.539906 0.180000
vt 1.140451 0.160000
vt 0.350000 0.160000
vt 0.350000 0.180000
vt 1.140451 0.180000
vt 1.240012 0.160000
vt 0.539906 0.160000
vt 0.539906 0.180000
vt 1.240012 0.180000
vt 0.170000 0.160000
vt -0.140451 0.160000
vt -0.140451 0.180000
vt 0.170000 0.180000
vt 1.240012 0.170000
vt 1.240012 -0.140451
vt 0.539906 -0.140451
vt 0.184493 0.650000
vt 0.184493 1.130000
vt 1.240012 1.130000
vt 0.539906 0.650000
vt 1.240012 0.630000
vt 1.709988 0.630000
vt 1.709988 0.170000
vt -0.240012 0.170000
vt -0.709988 0.170000
vt -0.709988 0.630000
vt -0.240012 0.630000
vt -0.240012 1.130000
vt 0.815507 1.130000
vt 0.815507 0.650000
vt 0.460094 0.650000
vt 0.460094 -0.140451
vt -0.240012 -0.140451
s 0
f 4990/2041/761 4991/2042/761 4992/2043/761
f 4992/2043/761 4993/2044/761 4990/2041/761
f 4994/2045/762 4995/2046/762 4996/2047/762
f 4996/2047/762 4997/2048/762 4994/2045/762
f 4998/2049/763 4999/2050/763 5000/2051/763
f 5000/2051/763 5001/2052/763 4998/2049/763
f 5002/2053/762 5003/2054/762 5004/2055/762
f 5004/2055/762 5005/2056/762 5002/2053/762
f 5006/2057/763 5007/2058/763 5008/2059/763
f 5008/2059/763 5009/2060/763 5006/2057/763
f 5010/2061/764 5011/2062/764 5012/2063/764
f 5012/2063/764 5013/2064/764 5010/2061/764
f 5014/2065/761 5015/2066/761 5016/2067/761
f 5016/2067/761 5017/2068/761 5014/2065/761
f 5018/2069/764 5019/2070/764 5020/2071/764
f 5020/2071/764 5021/2072/764 5018/2069/764
f 5022/2073/761 5023/2074/761 5024/2075/761
f 5024/2075/761 5025/2076/761 5022/2073/761
f 5026/2077/762 5027/2078/762 5028/2079/762
f 5028/2079/762 5029/2080/762 5026/2077/762
f 5030/2081/765 5031/2082/765 5032/2083/765
f 5033/2084/765 5034/2085/765 5035/2086/765
f 5036/2087/765 5033/2084/765 5035/2086/765
f 5036/2087/765 5035/2086/765 5037/2088/765
f 5032/2083/765 5036/2087/765 5037/2088/765
f 5030/2081/765 5032/2083/765 5037/2088/765
f 5030/2081/765 5037/2088/765 5038/2089/765
f 5030/2081/765 5038/2089/765 5039/2090/765
f 5040/2091/766 5041/2092/766 5042/2093/766
f 5040/2091/766 5042/2093/766 5043/2094/766
f 5044/2095/766 5045/2096/766 5046/2097/766
f 5044/2095/766 5046/2097/766 5047/2098/766
f 5043/2094/766 5044/2095/766 5047/2098/766
f 5043/2094/766 5047/2098/766 5048/2099/766
f 5040/2091/766 5043/2094/766 5048/2099/766
f 5040/2091/766 5048/2099/766 5049/2100/766
o Object004_03_-_Default_0
v -6.264015 9.805082 -7.387287
v -1.630951 9.805082 -7.375572
v -1.630951 6.984840 -7.375571
v -6.264015 6.984840 -7.387287
v -1.630951 6.984840 -7.375571
v -1.630951 9.805082 -7.375572
v -1.619235 9.805082 -2.541945
v -1.619235 6.984840 -2.541945
v -1.650141 6.984840 -7.362728
v -6.264015 9.805082 -7.362728
v -6.264015 6.984840 -7.362727
v -1.650141 9.805082 -7.362729
v -1.650141 9.805082 -7.362729
v -1.650141 6.984840 -7.362728
v -1.650141 9.805082 -2.541945
v -1.650141 6.984840 -2.541945
v -1.650141 6.984840 -7.362728
v -6.264015 6.984840 -7.387287
v -1.630951 6.984840 -7.375571
v -6.264015 6.984840 -7.362727
v -6.264015 9.805082 -7.387287
v -6.264015 6.984840 -7.387287
v -6.264015 6.984840 -7.362727
v -6.264015 9.805082 -7.362728
v -6.264015 9.805082 -7.387287
v -1.650141 9.805082 -7.362729
v -1.630951 9.805082 -7.375572
v -6.264015 9.805082 -7.362728
v -1.650141 9.805082 -2.541945
v -1.650141 6.984840 -2.541945
v -1.619235 6.984840 -2.541945
v -1.619235 9.805082 -2.541945
v -1.650141 6.984840 -7.362728
v -1.619235 6.984840 -2.541945
v -1.650141 6.984840 -2.541945
v -1.630951 6.984840 -7.375571
v -1.619235 9.805082 -2.541945
v -1.650141 9.805082 -2.541945
vn 0.0025 -0.0000 -1.0000
vn 1.0000 -0.0000 -0.0024
vn -0.0000 -0.0000 1.0000
vn -1.0000 -0.0000 -0.0000
vn -0.0000 -1.0000 -0.0000
vn -0.0000 1.0000 -0.0000
vt 1.000000 0.000000
vt 0.000000 0.000000
vt 0.000000 1.000000
vt 1.000000 1.000000
s 0
f 5050/2101/767 5051/2102/767 5052/2103/767
f 5050/2101/767 5052/2103/767 5053/2104/767
f 5054/2101/768 5055/2102/768 5056/2103/768
f 5054/2101/768 5056/2103/768 5057/2104/768
f 5058/2103/769 5059/2101/769 5060/2104/769
f 5059/2101/769 5058/2103/769 5061/2102/769
f 5062/2102/770 5063/2101/770 5064/2103/770
f 5063/2101/770 5065/2104/770 5064/2103/770
f 5066/2103/771 5067/2104/771 5068/2103/771
f 5067/2104/771 5066/2103/771 5069/2104/771
f 5070/2101/770 5071/2104/770 5072/2104/770
f 5070/2101/770 5072/2104/770 5073/2101/770
f 5074/2101/772 5075/2102/772 5076/2102/772
f 5075/2102/772 5074/2101/772 5077/2101/772
f 5078/2103/769 5079/2104/769 5080/2104/769
f 5080/2104/769 5081/2103/769 5078/2103/769
f 5082/2101/771 5083/2104/771 5084/2104/771
f 5083/2104/771 5082/2101/771 5085/2101/771
f 5086/2103/772 5075/2102/772 5087/2103/772
f 5075/2102/772 5086/2103/772 5076/2102/772
o Shape006_06_-_Default_0
v -9.546628 6.973339 -7.342322
v -8.659207 6.973337 -7.342324
v -8.709208 7.023337 -7.342319
v -9.496628 7.023339 -7.342322
v -8.709212 7.023342 -7.392320
v -9.496628 7.023339 -7.392322
v -9.496628 7.023339 -7.342322
v -8.709208 7.023337 -7.342319
v -8.659213 6.973342 -7.392324
v -9.546628 6.973339 -7.392322
v -9.496628 7.023339 -7.392322
v -8.709212 7.023342 -7.392320
v -9.546628 6.973339 -7.342322
v -8.659213 6.973342 -7.392324
v -8.659207 6.973337 -7.342324
v -9.546628 6.973339 -7.392322
v -8.659206 9.756293 -7.342326
v -8.709206 9.706293 -7.342318
v -8.709215 9.706284 -7.392318
v -8.709208 7.023337 -7.342319
v -8.709206 9.706293 -7.342318
v -8.709212 7.023342 -7.392320
v -8.709215 9.706284 -7.392318
v -8.659215 9.756285 -7.392326
v -8.659207 6.973337 -7.342324
v -8.659215 9.756285 -7.392326
v -8.659206 9.756293 -7.342326
v -8.659213 6.973342 -7.392324
v -9.546635 9.756295 -7.342329
v -9.496635 9.706295 -7.342315
v -9.496621 9.706282 -7.392315
v -8.709206 9.706293 -7.342318
v -9.496635 9.706295 -7.342315
v -8.709215 9.706284 -7.392318
v -9.546621 9.756281 -7.392329
v -9.496621 9.706282 -7.392315
v -9.546621 9.756281 -7.392329
v -8.659206 9.756293 -7.342326
v -8.659215 9.756285 -7.392326
v -9.546635 9.756295 -7.342329
v -9.546628 6.973339 -7.342322
v -9.496628 7.023339 -7.342322
v -9.496628 7.023339 -7.342322
v -9.496621 9.706282 -7.392315
v -9.496635 9.706295 -7.342315
v -9.496628 7.023339 -7.392322
v -9.496628 7.023339 -7.392322
v -9.546628 6.973339 -7.392322
v -9.546628 6.973339 -7.342322
v -9.546635 9.756295 -7.342329
v -9.546621 9.756281 -7.392329
v -9.546628 6.973339 -7.392322
v -8.346980 6.973340 -7.342322
v -7.459560 6.973337 -7.342325
v -7.509560 7.023337 -7.342319
v -8.296980 7.023339 -7.342322
v -7.509565 7.023342 -7.392320
v -8.296980 7.023339 -7.392323
v -8.296980 7.023339 -7.342322
v -7.509560 7.023337 -7.342319
v -7.459565 6.973342 -7.392325
v -8.346980 6.973340 -7.392323
v -8.296980 7.023339 -7.392323
v -7.509565 7.023342 -7.392320
v -8.346980 6.973340 -7.342322
v -7.459565 6.973342 -7.392325
v -7.459560 6.973337 -7.342325
v -8.346980 6.973340 -7.392323
v -7.459558 9.756293 -7.342327
v -7.509559 9.706293 -7.342318
v -7.509567 9.706284 -7.392318
v -7.509560 7.023337 -7.342319
v -7.509559 9.706293 -7.342318
v -7.509565 7.023342 -7.392320
v -7.509567 9.706284 -7.392318
v -7.459567 9.756285 -7.392327
v -7.459560 6.973337 -7.342325
v -7.459567 9.756285 -7.392327
v -7.459558 9.756293 -7.342327
v -7.459565 6.973342 -7.392325
v -8.346988 9.756296 -7.342329
v -8.296988 9.706296 -7.342315
v -8.296973 9.706282 -7.392315
v -7.509559 9.706293 -7.342318
v -8.296988 9.706296 -7.342315
v -7.509567 9.706284 -7.392318
v -8.346973 9.756282 -7.392329
v -8.296973 9.706282 -7.392315
v -8.346973 9.756282 -7.392329
v -7.459558 9.756293 -7.342327
v -7.459567 9.756285 -7.392327
v -8.346988 9.756296 -7.342329
v -8.346980 6.973340 -7.342322
v -8.296980 7.023339 -7.342322
v -8.296980 7.023339 -7.342322
v -8.296973 9.706282 -7.392315
v -8.296988 9.706296 -7.342315
v -8.296980 7.023339 -7.392323
v -8.296980 7.023339 -7.392323
v -8.346980 6.973340 -7.392323
v -8.346980 6.973340 -7.342322
v -8.346988 9.756296 -7.342329
v -8.346973 9.756282 -7.392329
v -8.346980 6.973340 -7.392323
v -7.487730 7.821045 -1.608359
v -7.487728 7.821043 0.367781
v -7.487733 7.871043 0.317781
v -7.487730 7.871045 -1.558359
v -7.487730 7.871045 -1.558359
v -7.487733 7.871043 0.317781
v -7.437733 7.871048 0.317776
v -7.437730 7.871045 -1.558359
v -7.437727 7.821048 0.367776
v -7.437730 7.821045 -1.608359
v -7.437730 7.871045 -1.558359
v -7.437733 7.871048 0.317776
v -7.487730 7.821045 -1.608359
v -7.437727 7.821048 0.367776
v -7.487728 7.821043 0.367781
v -7.437730 7.821045 -1.608359
v -7.487726 9.067286 0.367783
v -7.487734 9.017285 0.317783
v -7.487733 7.871043 0.317781
v -7.487734 9.017285 0.317783
v -7.437735 9.017276 0.317774
v -7.437733 7.871048 0.317776
v -7.437726 9.067276 0.367774
v -7.437735 9.017276 0.317774
v -7.487728 7.821043 0.367781
v -7.437726 9.067276 0.367774
v -7.487726 9.067286 0.367783
v -7.437727 7.821048 0.367776
v -7.487723 9.067287 -1.608366
v -7.487737 9.017287 -1.558366
v -7.487734 9.017285 0.317783
v -7.487737 9.017287 -1.558366
v -7.437737 9.017273 -1.558352
v -7.437735 9.017276 0.317774
v -7.437737 9.017273 -1.558352
v -7.437723 9.067273 -1.608352
v -7.487726 9.067286 0.367783
v -7.437723 9.067273 -1.608352
v -7.487723 9.067287 -1.608366
v -7.437726 9.067276 0.367774
v -7.487730 7.821045 -1.608359
v -7.487730 7.871045 -1.558359
v -7.487730 7.871045 -1.558359
v -7.437737 9.017273 -1.558352
v -7.487737 9.017287 -1.558366
v -7.437730 7.871045 -1.558359
v -7.437730 7.871045 -1.558359
v -7.437730 7.821045 -1.608359
v -7.487730 7.821045 -1.608359
v -7.487723 9.067287 -1.608366
v -7.437723 9.067273 -1.608352
v -7.437730 7.821045 -1.608359
v -7.485306 7.820966 3.009630
v -7.485308 7.870969 1.083490
v -7.485308 7.820969 1.033490
v -7.485311 7.870966 2.959630
v -7.485308 7.870969 1.083490
v -7.485311 7.870966 2.959630
v -7.435310 7.870971 2.959625
v -7.435308 7.870969 1.083490
v -7.435306 7.820971 3.009624
v -7.435308 7.820969 1.033490
v -7.435308 7.870969 1.083490
v -7.435310 7.870971 2.959625
v -7.485308 7.820969 1.033490
v -7.435306 7.820971 3.009624
v -7.485306 7.820966 3.009630
v -7.435308 7.820969 1.033490
v -7.485304 9.067208 3.009632
v -7.485312 9.017208 2.959632
v -7.485311 7.870966 2.959630
v -7.485312 9.017208 2.959632
v -7.435312 9.017200 2.959622
v -7.435310 7.870971 2.959625
v -7.435304 9.067200 3.009623
v -7.435312 9.017200 2.959622
v -7.485306 7.820966 3.009630
v -7.435304 9.067200 3.009623
v -7.485304 9.067208 3.009632
v -7.435306 7.820971 3.009624
v -7.485301 9.067211 1.033483
v -7.485315 9.017210 1.083483
v -7.485312 9.017208 2.959632
v -7.485315 9.017210 1.083483
v -7.435315 9.017197 1.083497
v -7.435312 9.017200 2.959622
v -7.435315 9.017197 1.083497
v -7.435301 9.067197 1.033497
v -7.485304 9.067208 3.009632
v -7.435301 9.067197 1.033497
v -7.485301 9.067211 1.033483
v -7.435304 9.067200 3.009623
v -7.485308 7.820969 1.033490
v -7.485308 7.870969 1.083490
v -7.485308 7.870969 1.083490
v -7.435315 9.017197 1.083497
v -7.485315 9.017210 1.083483
v -7.435308 7.870969 1.083490
v -7.435308 7.870969 1.083490
v -7.435308 7.820969 1.033490
v -7.485308 7.820969 1.033490
v -7.485301 9.067211 1.033483
v -7.435301 9.067197 1.033497
v -7.435308 7.820969 1.033490
v -2.160597 7.820967 5.537455
v -4.086736 7.870969 5.537458
v -4.136736 7.820969 5.537458
v -2.210596 7.870966 5.537460
v -2.210602 7.870972 5.487461
v -4.086736 7.870969 5.487458
v -4.086736 7.870969 5.537458
v -2.210596 7.870966 5.537460
v -2.160603 7.820971 5.487455
v -4.136736 7.820969 5.487458
v -4.086736 7.870969 5.487458
v -2.210602 7.870972 5.487461
v -4.136736 7.820969 5.537458
v -2.160603 7.820971 5.487455
v -2.160597 7.820967 5.537455
v -4.136736 7.820969 5.487458
v -2.160595 9.067208 5.537453
v -2.210595 9.017208 5.537462
v -2.210605 9.017200 5.487462
v -2.210596 7.870966 5.537460
v -2.210595 9.017208 5.537462
v -2.210602 7.870972 5.487461
v -2.210605 9.017200 5.487462
v -2.160604 9.067200 5.487453
v -2.160597 7.820967 5.537455
v -2.160604 9.067200 5.487453
v -2.160595 9.067208 5.537453
v -2.160603 7.820971 5.487455
v -4.136743 9.067211 5.537451
v -4.086743 9.017211 5.537466
v -4.086729 9.017198 5.487465
v -2.210595 9.017208 5.537462
v -4.086743 9.017211 5.537466
v -2.210605 9.017200 5.487462
v -4.086729 9.017198 5.487465
v -4.136729 9.067197 5.487451
v -4.136729 9.067197 5.487451
v -2.160595 9.067208 5.537453
v -2.160604 9.067200 5.487453
v -4.136743 9.067211 5.537451
v -4.136736 7.820969 5.537458
v -4.086736 7.870969 5.537458
v -4.086736 7.870969 5.537458
v -4.086729 9.017198 5.487465
v -4.086743 9.017211 5.537466
v -4.086736 7.870969 5.487458
v -4.086736 7.870969 5.487458
v -4.136736 7.820969 5.487458
v -4.136736 7.820969 5.537458
v -4.136743 9.067211 5.537451
v -4.136729 9.067197 5.487451
v -4.136736 7.820969 5.487458
v -6.784035 7.820969 5.537458
v -4.807896 7.820966 5.537456
v -4.857895 7.870966 5.537461
v -6.734035 7.870968 5.537458
v -4.857901 7.870971 5.487462
v -6.734035 7.870968 5.487458
v -6.734035 7.870968 5.537458
v -4.857895 7.870966 5.537461
v -4.807901 7.820971 5.487456
v -6.784035 7.820969 5.487458
v -6.734035 7.870968 5.487458
v -4.857901 7.870971 5.487462
v -6.784035 7.820969 5.537458
v -4.807901 7.820971 5.487456
v -4.807896 7.820966 5.537456
v -6.784035 7.820969 5.487458
v -4.807894 9.067208 5.537454
v -4.857894 9.017208 5.537463
v -4.857903 9.017200 5.487463
v -4.857895 7.870966 5.537461
v -4.857894 9.017208 5.537463
v -4.857901 7.870971 5.487462
v -4.857903 9.017200 5.487463
v -4.807902 9.067200 5.487454
v -4.807896 7.820966 5.537456
v -4.807902 9.067200 5.487454
v -4.807894 9.067208 5.537454
v -4.807901 7.820971 5.487456
v -6.784041 9.067210 5.537451
v -6.734042 9.017210 5.537466
v -6.734028 9.017197 5.487465
v -4.857894 9.017208 5.537463
v -6.734042 9.017210 5.537466
v -4.857903 9.017200 5.487463
v -6.734028 9.017197 5.487465
v -6.784028 9.067197 5.487451
v -6.784028 9.067197 5.487451
v -4.807894 9.067208 5.537454
v -4.807902 9.067200 5.487454
v -6.784041 9.067210 5.537451
v -6.784035 7.820969 5.537458
v -6.734035 7.870968 5.537458
v -6.734035 7.870968 5.537458
v -6.734028 9.017197 5.487465
v -6.734042 9.017210 5.537466
v -6.734035 7.870968 5.487458
v -6.734035 7.870968 5.487458
v -6.784035 7.820969 5.487458
v -6.784035 7.820969 5.537458
v -6.784041 9.067210 5.537451
v -6.784028 9.067197 5.487451
v -6.784035 7.820969 5.487458
v -1.663269 6.959865 -2.735742
v -1.663270 6.959864 -7.366502
v -1.613270 6.959820 -7.366502
v -1.613269 6.959821 -2.735699
v -1.663225 7.009864 -2.785742
v -1.663226 7.009864 -7.366502
v -1.663270 6.959864 -7.366502
v -1.663269 6.959865 -2.735742
v -1.663225 7.009864 -2.785742
v -1.613226 7.009820 -7.366502
v -1.663226 7.009864 -7.366502
v -1.613225 7.009821 -2.785699
v -1.613270 6.959820 -7.366502
v -1.613225 7.009821 -2.785699
v -1.613269 6.959821 -2.735699
v -1.613226 7.009820 -7.366502
v -1.663270 9.830063 -2.735743
v -1.663269 6.959865 -2.735742
v -1.613269 6.959821 -2.735699
v -1.613270 9.830107 -2.735699
v -1.663270 9.830063 -2.735743
v -1.663226 9.780064 -2.785743
v -1.663226 9.780064 -2.785743
v -1.613225 7.009821 -2.785699
v -1.663225 7.009864 -2.785742
v -1.613226 9.780107 -2.785699
v -1.613270 9.830107 -2.735699
v -1.613226 9.780107 -2.785699
v -1.670165 9.820293 -7.334586
v -1.663270 9.830063 -2.735743
v -1.613270 9.830107 -2.735699
v -1.623039 9.837002 -7.381712
v -1.670165 9.820293 -7.334586
v -1.653458 9.773168 -7.351294
v -1.653458 9.773168 -7.351294
v -1.613226 9.780107 -2.785699
v -1.663226 9.780064 -2.785743
v -1.606332 9.789875 -7.398419
v -1.606332 9.789875 -7.398419
v -1.623039 9.837002 -7.381712
v -6.232558 9.830106 -7.391480
v -6.232514 9.830063 -7.341480
v -6.182514 9.780062 -7.341524
v -1.653458 9.773168 -7.351294
v -1.670165 9.820293 -7.334586
v -6.232514 9.830063 -7.341480
v -6.182558 9.780106 -7.391524
v -6.182514 9.780062 -7.341524
v -6.182558 9.780106 -7.391524
v -1.623039 9.837002 -7.381712
v -1.606332 9.789875 -7.398419
v -6.232558 9.830106 -7.391480
v -6.232514 6.959864 -7.341480
v -6.232514 9.830063 -7.341480
v -6.232558 9.830106 -7.391480
v -6.232558 6.959820 -7.391479
v -6.232514 6.959864 -7.341480
v -6.182514 7.009863 -7.341523
v -6.182514 7.009863 -7.341523
v -6.182558 9.780106 -7.391524
v -6.182514 9.780062 -7.341524
v -6.182558 7.009820 -7.391523
v -6.232558 6.959820 -7.391479
v -6.182558 7.009820 -7.391523
v -6.232514 6.959864 -7.341480
v -1.613226 6.959820 -7.391480
v -1.613270 6.959864 -7.341480
v -6.232558 6.959820 -7.391479
v -1.613270 6.959864 -7.341480
v -1.663270 7.009864 -7.341524
v -1.663226 7.009820 -7.391524
v -6.182558 7.009820 -7.391523
v -6.182514 7.009863 -7.341523
v -1.663270 7.009864 -7.341524
v -1.613226 6.959820 -7.391480
v -1.663226 7.009820 -7.391524
v -1.613270 6.959864 -7.341480
v -1.613227 9.805084 -7.391481
v -1.613271 9.805084 -7.341481
v -1.613226 6.959820 -7.391480
v -1.613271 9.805084 -7.341481
v -1.663271 9.805084 -7.341525
v -1.663227 9.805084 -7.391525
v -1.663270 7.009864 -7.341524
v -1.663271 9.805084 -7.341525
v -1.663226 7.009820 -7.391524
v -1.663227 9.805084 -7.391525
v -1.613227 9.805084 -7.391481
v -1.663270 6.959864 -7.366502
v -1.613226 7.009820 -7.366502
v -1.613270 6.959820 -7.366502
v -1.663226 7.009864 -7.366502
v -1.663227 9.805084 -7.391525
v -1.663271 9.805084 -7.341525
v -1.613227 9.805084 -7.391481
v -1.613271 9.805084 -7.341481
vn -0.0000 -0.0001 1.0000
vn -0.0000 -0.0000 1.0000
vn -0.0000 1.0000 -0.0000
vn -0.0000 1.0000 0.0001
vn -0.0000 -0.0000 -1.0000
vn -0.0000 0.0001 -1.0000
vn -0.0000 -1.0000 -0.0001
vn -0.0000 -1.0000 -0.0000
vn 0.0001 -0.0000 1.0000
vn 0.0002 -0.0000 1.0000
vn -1.0000 -0.0000 0.0002
vn -1.0000 -0.0000 0.0001
vn -0.0002 -0.0000 -1.0000
vn 0.0001 -0.0003 -1.0000
vn -0.0001 -0.0000 -1.0000
vn 1.0000 -0.0000 -0.0002
vn 1.0000 -0.0000 -0.0001
vn -0.0001 -0.0000 1.0000
vn -0.0000 0.0002 1.0000
vn -0.0000 -1.0000 0.0003
vn -0.0000 -1.0000 0.0002
vn -0.0000 -0.0003 -1.0000
vn -0.0000 -0.0002 -1.0000
vn -0.0000 1.0000 -0.0002
vn -0.0000 1.0000 -0.0003
vn 1.0000 -0.0000 0.0003
vn 1.0000 -0.0000 -0.0000
vn -0.0002 0.0001 -1.0000
vn -0.0001 -0.0002 -1.0000
vn -1.0000 -0.0000 -0.0003
vn -1.0000 -0.0001 -0.0000
vn -1.0000 -0.0000 -0.0000
vn -0.0001 1.0000 -0.0000
vn 1.0000 0.0001 -0.0000
vn 0.0001 -1.0000 -0.0000
vn 1.0000 -0.0002 0.0001
vn 1.0000 0.0001 0.0001
vn -1.0000 0.0003 -0.0000
vn -1.0000 0.0002 -0.0000
vn -0.0003 -1.0000 -0.0000
vn -0.0002 -1.0000 -0.0000
vn 1.0000 -0.0003 -0.0000
vn 1.0000 -0.0002 -0.0000
vn 0.0003 1.0000 -0.0000
vn 0.0002 1.0000 -0.0000
vn 0.0003 -0.0000 -1.0000
vn -1.0000 -0.0000 -0.0001
vn 0.0001 0.0003 1.0000
vn -0.0000 0.0003 1.0000
vn 0.0002 -0.0001 1.0000
vn 0.0001 0.0002 1.0000
vn -0.0000 -0.0001 -1.0000
vn -0.0009 -1.0000 -0.0000
vn -1.0000 0.0004 -0.0004
vn -1.0000 0.0009 -0.0000
vn 0.0009 1.0000 -0.0000
vn 1.0000 -0.0009 -0.0000
vn 1.0000 -0.0004 0.0004
vn -0.0009 -0.0000 1.0000
vn -0.9964 -0.0852 -0.0004
vn -0.9964 -0.0853 0.0003
vn 0.0009 -0.0000 -1.0000
vn 0.9963 0.0854 0.0004
vn 0.9964 0.0852 0.0004
vn -0.0856 0.9926 0.0856
vn -0.1699 0.9855 -0.0000
vn -0.9854 -0.1700 -0.0000
vn 0.0856 -0.9926 -0.0856
vn 0.1699 -0.9855 -0.0000
vn 0.9854 0.1700 -0.0000
vn 0.0022 0.9855 0.1699
vn -0.0000 0.9855 0.1699
vn 0.0004 -0.0853 0.9964
vn -0.0000 -0.1700 0.9854
vn -0.0003 -0.0852 0.9964
vn -0.0000 -0.9855 -0.1699
vn -0.0016 -0.9855 -0.1699
vn -0.0004 0.0852 -0.9964
vn -0.0000 0.1700 -0.9854
vn -0.0004 0.0853 -0.9964
vn -1.0000 -0.0000 0.0009
vn 0.0004 0.0004 1.0000
vn 1.0000 -0.0000 -0.0009
vn -0.0004 -0.0004 -1.0000
vn -0.0000 -1.0000 0.0009
vn -0.0004 0.0004 1.0000
vn -0.0000 1.0000 -0.0009
vn 0.0004 -0.0004 -1.0000
vn 1.0000 -0.0000 0.0009
vn -1.0000 -0.0000 -0.0009
vt 0.000000 1.000000
vt 0.000000 0.693359
vt 0.250000 0.693359
vt 0.250000 1.000000
vt 0.500000 0.693359
vt 0.500000 1.000000
vt 0.750000 0.693359
vt 0.750000 1.000000
vt 1.000000 1.000000
vt 1.000000 0.693359
vt 0.000000 0.500000
vt 0.250000 0.500000
vt 0.500000 0.500000
vt 0.750000 0.500000
vt 1.000000 0.500000
vt 0.000000 0.193359
vt 0.250000 0.193359
vt 0.500000 0.193359
vt 0.750000 0.193359
vt 1.000000 0.193359
vt 0.000000 0.000000
vt 0.250000 0.000000
vt 0.500000 0.000000
vt 0.750000 0.000000
vt 1.000000 0.000000
vt 0.250000 0.828817
vt 0.000000 0.828817
vt 0.500000 0.828817
vt 0.750000 0.828817
vt 1.000000 0.828817
vt 0.250000 0.728351
vt 0.000000 0.728351
vt 0.500000 0.728351
vt 0.750000 0.728351
vt 1.000000 0.728351
vt 0.250000 0.557168
vt 0.000000 0.557168
vt 0.500000 0.557168
vt 0.750000 0.557168
vt 1.000000 0.557168
vt 0.000000 0.379051
vt 0.250000 0.379051
vt 0.500000 0.379051
vt 0.750000 0.379051
vt 1.000000 0.379051
vt 0.250000 0.278584
vt 0.000000 0.278584
vt 0.500000 0.278584
vt 0.750000 0.278584
vt 1.000000 0.278584
vt 0.000000 0.100467
vt 0.250000 0.100467
vt 0.500000 0.100467
vt 0.750000 0.100467
vt 1.000000 0.100467
s 0
f 5088/2105/773 5089/2106/773 5090/2107/773
f 5088/2105/774 5090/2107/774 5091/2108/774
f 5092/2109/775 5093/2110/775 5094/2108/775
f 5094/2108/776 5095/2107/776 5092/2109/776
f 5096/2111/777 5097/2112/777 5098/2110/777
f 5096/2111/778 5098/2110/778 5099/2109/778
f 5100/2113/779 5101/2111/779 5102/2114/779
f 5101/2111/780 5100/2113/780 5103/2112/780
f 5104/2115/781 5090/2107/781 5089/2106/781
f 5090/2107/782 5104/2115/782 5105/2116/782
f 5106/2117/783 5107/2107/783 5108/2116/783
f 5107/2107/784 5106/2117/784 5109/2109/784
f 5099/2109/785 5110/2117/786 5111/2118/786
f 5099/2109/787 5111/2118/787 5096/2111/787
f 5112/2114/788 5113/2118/788 5114/2119/788
f 5113/2118/789 5112/2114/789 5115/2111/789
f 5104/2115/781 5116/2120/790 5117/2121/790
f 5104/2115/791 5117/2121/791 5105/2116/791
f 5118/2122/792 5119/2116/792 5120/2121/792
f 5119/2116/793 5118/2122/793 5121/2117/793
f 5122/2123/794 5110/2117/794 5123/2122/794
f 5122/2123/795 5111/2118/795 5110/2117/795
f 5124/2123/796 5125/2119/796 5126/2118/796
f 5125/2119/797 5124/2123/797 5127/2124/797
f 5128/2125/781 5117/2121/791 5116/2120/791
f 5117/2121/774 5128/2125/774 5129/2126/774
f 5130/2126/798 5131/2122/798 5132/2121/798
f 5131/2122/799 5130/2126/799 5133/2127/799
f 5122/2123/777 5134/2127/777 5135/2128/777
s 1
f 5134/2127/800 5122/2123/801 5123/2122/801
s 0
f 5136/2129/802 5137/2124/802 5138/2123/802
f 5138/2123/802 5139/2128/802 5136/2129/802
f 5140/2105/773 5141/2106/773 5142/2107/773
f 5140/2105/774 5142/2107/774 5143/2108/774
f 5144/2109/775 5145/2110/775 5146/2108/775
f 5146/2108/776 5147/2107/776 5144/2109/776
f 5148/2111/777 5149/2112/777 5150/2110/777
f 5148/2111/778 5150/2110/778 5151/2109/778
f 5152/2113/779 5153/2111/779 5154/2114/779
f 5153/2111/780 5152/2113/780 5155/2112/780
f 5141/2106/782 5156/2115/782 5157/2116/782
f 5141/2106/781 5157/2116/781 5142/2107/781
f 5158/2117/783 5159/2107/783 5160/2116/783
f 5159/2107/784 5158/2117/784 5161/2109/784
f 5151/2109/785 5162/2117/785 5163/2118/785
f 5151/2109/787 5163/2118/787 5148/2111/787
f 5164/2114/788 5165/2118/788 5166/2119/788
f 5165/2118/789 5164/2114/789 5167/2111/789
f 5156/2115/781 5168/2120/790 5169/2121/790
f 5156/2115/791 5169/2121/791 5157/2116/791
f 5170/2122/792 5171/2116/792 5172/2121/792
f 5171/2116/793 5170/2122/793 5173/2117/793
f 5174/2123/794 5162/2117/794 5175/2122/794
f 5174/2123/795 5163/2118/795 5162/2117/795
f 5176/2123/796 5177/2119/796 5178/2118/796
f 5177/2119/797 5176/2123/797 5179/2124/797
f 5180/2125/781 5169/2121/791 5168/2120/791
f 5169/2121/774 5180/2125/774 5181/2126/774
f 5182/2126/798 5183/2122/798 5184/2121/798
f 5183/2122/799 5182/2126/799 5185/2127/799
f 5174/2123/777 5186/2127/777 5187/2128/777
s 1
f 5186/2127/800 5174/2123/801 5175/2122/801
s 0
f 5188/2129/802 5189/2124/802 5190/2123/802
f 5190/2123/802 5191/2128/802 5188/2129/802
f 5192/2105/803 5193/2106/803 5194/2107/803
f 5192/2105/804 5194/2107/804 5195/2108/804
f 5196/2108/805 5197/2107/805 5198/2109/805
f 5196/2108/775 5198/2109/775 5199/2110/775
f 5200/2111/799 5201/2112/799 5202/2110/799
f 5200/2111/806 5202/2110/806 5203/2109/806
f 5204/2113/807 5205/2111/807 5206/2114/807
f 5205/2111/780 5204/2113/780 5207/2112/780
f 5193/2106/783 5208/2115/783 5209/2116/783
f 5193/2106/784 5209/2116/784 5194/2107/784
f 5210/2107/785 5211/2116/785 5212/2117/785
f 5210/2107/787 5212/2117/787 5213/2109/787
f 5214/2118/789 5200/2111/789 5203/2109/789
f 5214/2118/808 5203/2109/809 5215/2117/808
f 5216/2114/782 5217/2118/782 5218/2119/782
f 5217/2118/781 5216/2114/781 5219/2111/781
f 5208/2115/810 5220/2120/810 5221/2121/810
f 5208/2115/811 5221/2121/811 5209/2116/811
f 5222/2116/812 5223/2121/812 5224/2122/812
f 5222/2116/813 5224/2122/813 5225/2117/813
f 5215/2117/814 5226/2122/814 5227/2123/814
f 5215/2117/815 5227/2123/815 5214/2118/815
f 5228/2119/816 5229/2123/816 5230/2124/816
f 5229/2123/817 5228/2119/817 5231/2118/817
f 5232/2125/784 5221/2121/811 5220/2120/811
f 5221/2121/804 5232/2125/804 5233/2126/804
f 5234/2126/774 5235/2122/774 5236/2121/774
f 5235/2122/774 5234/2126/774 5237/2127/774
f 5238/2127/798 5227/2123/798 5226/2122/798
f 5227/2123/799 5238/2127/799 5239/2128/799
f 5240/2129/818 5241/2124/818 5242/2123/818
f 5240/2129/777 5242/2123/777 5243/2128/777
f 5244/2106/804 5245/2108/804 5246/2105/804
f 5245/2108/803 5244/2106/803 5247/2107/803
f 5248/2108/805 5249/2107/805 5250/2109/805
f 5248/2108/775 5250/2109/775 5251/2110/775
f 5252/2111/799 5253/2112/799 5254/2110/799
f 5252/2111/806 5254/2110/806 5255/2109/806
f 5256/2113/807 5257/2111/807 5258/2114/807
f 5257/2111/780 5256/2113/780 5259/2112/780
f 5260/2115/784 5247/2107/784 5244/2106/784
f 5247/2107/783 5260/2115/783 5261/2116/783
f 5262/2107/785 5263/2116/785 5264/2117/785
f 5262/2107/787 5264/2117/787 5265/2109/787
f 5266/2118/789 5252/2111/789 5255/2109/789
f 5266/2118/788 5255/2109/788 5267/2117/788
f 5268/2114/782 5269/2118/782 5270/2119/782
f 5269/2118/781 5268/2114/781 5271/2111/781
f 5260/2115/784 5272/2120/819 5273/2121/819
f 5260/2115/811 5273/2121/811 5261/2116/811
f 5274/2116/812 5275/2121/812 5276/2122/812
f 5274/2116/813 5276/2122/813 5277/2117/813
f 5267/2117/814 5278/2122/814 5279/2123/814
f 5267/2117/815 5279/2123/815 5266/2118/815
f 5280/2119/816 5281/2123/816 5282/2124/816
f 5281/2123/817 5280/2119/817 5283/2118/817
f 5284/2125/784 5273/2121/811 5272/2120/811
f 5273/2121/804 5284/2125/804 5285/2126/804
f 5286/2126/774 5287/2122/774 5288/2121/774
f 5287/2122/774 5286/2126/774 5289/2127/774
f 5290/2127/798 5279/2123/798 5278/2122/798
f 5279/2123/799 5290/2127/799 5291/2128/799
f 5292/2129/818 5293/2124/818 5294/2123/818
f 5292/2129/777 5294/2123/777 5295/2128/777
f 5296/2106/774 5297/2108/774 5298/2105/774
f 5297/2108/773 5296/2106/773 5299/2107/773
f 5300/2109/775 5301/2110/775 5302/2108/775
f 5302/2108/776 5303/2107/776 5300/2109/776
f 5304/2111/777 5305/2112/777 5306/2110/777
f 5304/2111/778 5306/2110/778 5307/2109/778
f 5308/2113/779 5309/2111/779 5310/2114/779
f 5309/2111/780 5308/2113/780 5311/2112/780
f 5312/2115/820 5299/2107/781 5296/2106/781
f 5299/2107/782 5312/2115/782 5313/2116/782
f 5314/2117/783 5315/2107/783 5316/2116/783
f 5315/2107/784 5314/2117/784 5317/2109/784
f 5307/2109/785 5318/2117/785 5319/2118/785
f 5307/2109/787 5319/2118/787 5304/2111/787
f 5320/2114/788 5321/2118/788 5322/2119/788
f 5321/2118/789 5320/2114/789 5323/2111/789
f 5312/2115/821 5324/2120/821 5325/2121/821
f 5312/2115/791 5325/2121/791 5313/2116/791
f 5326/2122/792 5327/2116/792 5328/2121/792
f 5327/2116/793 5326/2122/793 5329/2117/793
f 5330/2122/795 5319/2118/795 5318/2117/795
f 5319/2118/794 5330/2122/794 5331/2123/794
f 5332/2123/796 5333/2119/796 5334/2118/796
f 5333/2119/797 5332/2123/797 5335/2124/797
s 1
f 5336/2125/822 5325/2121/823 5324/2120/823
s 0
f 5325/2121/774 5336/2125/774 5337/2126/774
f 5338/2126/798 5339/2122/798 5340/2121/798
f 5339/2122/799 5338/2126/799 5341/2127/799
f 5331/2123/777 5342/2127/777 5343/2128/777
f 5342/2127/777 5331/2123/824 5330/2122/824
f 5344/2129/802 5345/2124/802 5346/2123/802
f 5346/2123/804 5347/2128/804 5344/2129/804
f 5348/2105/773 5349/2106/773 5350/2107/773
f 5348/2105/774 5350/2107/774 5351/2108/774
f 5352/2109/775 5353/2110/775 5354/2108/775
f 5354/2108/776 5355/2107/776 5352/2109/776
f 5356/2111/777 5357/2112/777 5358/2110/777
f 5356/2111/778 5358/2110/778 5359/2109/778
f 5360/2113/779 5361/2111/779 5362/2114/779
f 5361/2111/780 5360/2113/780 5363/2112/780
f 5349/2106/782 5364/2115/782 5365/2116/782
f 5349/2106/781 5365/2116/781 5350/2107/781
f 5366/2117/783 5367/2107/783 5368/2116/783
f 5367/2107/784 5366/2117/784 5369/2109/784
f 5359/2109/785 5370/2117/785 5371/2118/785
f 5359/2109/787 5371/2118/787 5356/2111/787
f 5372/2114/788 5373/2118/788 5374/2119/788
f 5373/2118/789 5372/2114/789 5375/2111/789
f 5364/2115/821 5376/2120/821 5377/2121/821
f 5364/2115/791 5377/2121/791 5365/2116/791
f 5378/2122/792 5379/2116/792 5380/2121/792
f 5379/2116/793 5378/2122/793 5381/2117/793
f 5382/2122/795 5371/2118/795 5370/2117/795
f 5371/2118/794 5382/2122/794 5383/2123/794
f 5384/2123/796 5385/2119/796 5386/2118/796
f 5385/2119/797 5384/2123/797 5387/2124/797
s 1
f 5388/2125/822 5377/2121/823 5376/2120/823
s 0
f 5377/2121/774 5388/2125/774 5389/2126/774
f 5390/2126/798 5391/2122/798 5392/2121/798
f 5391/2122/799 5390/2126/799 5393/2127/799
f 5383/2123/777 5394/2127/777 5395/2128/777
f 5394/2127/777 5383/2123/824 5382/2122/824
f 5396/2129/802 5397/2124/802 5398/2123/802
f 5398/2123/804 5399/2128/804 5396/2129/804
f 5400/2130/825 5401/2108/825 5402/2105/825
f 5400/2130/825 5402/2105/825 5403/2131/825
s 1
f 5404/2132/826 5405/2110/827 5406/2108/827
f 5406/2108/827 5407/2130/826 5404/2132/826
s 0
f 5408/2132/828 5409/2112/828 5410/2110/828
f 5409/2112/828 5408/2132/828 5411/2133/828
s 1
f 5412/2113/829 5413/2133/830 5414/2134/830
f 5413/2133/830 5412/2113/829 5415/2112/829
s 0
f 5416/2135/831 5417/2130/831 5418/2131/831
f 5416/2135/831 5418/2131/831 5419/2136/831
s 1
f 5420/2135/832 5404/2132/826 5407/2130/826
f 5404/2132/826 5420/2135/832 5421/2137/833
s 0
f 5422/2137/834 5423/2133/834 5424/2132/834
f 5423/2133/834 5422/2137/834 5425/2138/834
s 1
f 5426/2139/835 5414/2134/830 5413/2133/830
f 5426/2139/835 5413/2133/830 5427/2138/836
f 5428/2140/837 5429/2135/838 5430/2136/838
f 5430/2136/838 5431/2141/837 5428/2140/837
f 5432/2140/839 5421/2137/833 5420/2135/832
f 5421/2137/833 5432/2140/839 5433/2142/839
f 5434/2142/840 5435/2138/841 5436/2137/841
f 5435/2138/841 5434/2142/840 5437/2143/840
f 5427/2138/836 5438/2143/842 5439/2144/842
f 5427/2138/836 5439/2144/842 5426/2139/835
f 5440/2145/843 5428/2140/837 5431/2141/837
f 5428/2140/837 5440/2145/843 5441/2146/844
f 5442/2147/845 5443/2142/846 5444/2140/846
f 5444/2140/846 5445/2146/847 5442/2147/845
f 5446/2148/848 5434/2142/840 5447/2147/849
f 5446/2148/848 5437/2143/840 5434/2142/840
f 5448/2148/850 5449/2144/851 5450/2143/851
f 5449/2144/851 5448/2148/850 5451/2149/852
s 0
f 5452/2150/853 5453/2146/853 5454/2145/853
f 5454/2145/853 5455/2151/853 5452/2150/853
s 1
f 5456/2150/854 5442/2147/845 5445/2146/847
f 5442/2147/845 5456/2150/854 5457/2152/854
s 0
f 5458/2152/855 5459/2148/855 5460/2147/855
f 5459/2148/855 5458/2152/855 5461/2153/855
s 1
f 5462/2154/856 5451/2149/852 5448/2148/850
f 5462/2154/856 5448/2148/850 5463/2153/856
s 0
f 5464/2150/857 5465/2155/857 5466/2156/857
f 5465/2155/857 5464/2150/857 5467/2151/857
s 1
f 5468/2156/858 5457/2152/854 5456/2150/854
f 5457/2152/854 5468/2156/858 5469/2157/858
s 0
f 5470/2158/859 5471/2153/859 5472/2152/859
f 5472/2152/859 5473/2157/859 5470/2158/859
s 1
f 5474/2159/860 5462/2154/856 5463/2153/856
f 5474/2159/860 5463/2153/856 5475/2158/860
s 0
f 5476/2156/861 5477/2125/861 5478/2126/861
f 5477/2125/861 5476/2156/861 5479/2155/861
s 1
f 5469/2157/858 5480/2126/831 5481/2127/831
f 5480/2126/831 5469/2157/858 5468/2156/858
s 0
f 5482/2128/862 5483/2157/862 5484/2127/862
f 5483/2157/862 5482/2128/862 5485/2158/862
s 1
f 5475/2158/860 5486/2128/834 5487/2129/834
f 5475/2158/860 5487/2129/834 5474/2159/860
s 0
f 5488/2105/777 5489/2105/777 5490/2105/777
f 5489/2105/777 5488/2105/777 5491/2105/777
f 5492/2105/775 5493/2105/775 5494/2105/775
f 5493/2105/775 5495/2105/775 5494/2105/775
o Line024_13_-_Brushed_Metal_#2_0
v -10.380890 9.897612 -2.235861
v -10.380892 6.897611 -7.435861
v -10.380890 6.897610 -2.235860
v -7.537587 9.897612 -2.235861
v -10.380890 6.897610 -2.235860
v -7.537587 6.897610 -2.235861
v -7.537587 7.824791 1.039367
v -7.537586 6.897609 5.668655
v -7.537587 7.824790 3.015111
v -1.536739 9.897611 5.668654
v -1.536739 6.897610 2.564142
v -1.536739 9.897611 2.564142
v 2.223072 9.897611 2.564141
v -1.536739 6.897610 2.564142
v 2.223072 6.897610 2.564141
v 2.223071 9.897612 -2.435863
v 2.223072 6.897610 2.564141
v 2.223071 6.897610 -2.435863
v -1.536740 9.897612 -2.435862
v 2.223071 6.897610 -2.435863
v -1.536740 6.897610 -2.435862
v 2.023071 9.897612 -2.235863
v -1.736741 6.897610 -2.235862
v 2.023071 6.897610 -2.235862
v 2.023072 9.897611 2.364141
v 2.023071 6.897610 -2.235862
v 2.023072 6.897610 2.364141
v 2.023072 9.897611 2.364141
v -1.736739 6.897610 2.364140
v -1.736739 9.897611 2.364140
v -1.736738 9.897611 5.468656
v -1.736739 6.897610 2.364140
v -1.736738 6.897609 5.468656
v -7.337586 6.897609 5.468657
v -7.337586 7.824791 1.039367
v -7.337586 7.824790 3.015111
v -10.180891 9.897612 -2.435861
v -7.337586 6.897610 -2.435860
v -10.180891 6.897610 -2.435860
v -10.180897 9.897613 -7.235861
v -10.180891 6.897610 -2.435860
v -10.180897 6.897611 -7.235861
v -1.736741 9.897613 -7.235864
v -10.380892 9.897613 -7.435862
v -10.180897 9.897613 -7.235861
v -6.225836 9.828001 -7.435862
v -6.225836 6.966774 -7.235862
v -6.225836 6.966774 -7.435862
v -1.536740 6.966774 -2.724649
v -1.736741 9.828001 -2.724650
v -1.536740 9.828001 -2.724650
v -1.736741 6.897611 -7.235864
v -10.380892 6.897611 -7.435861
v -1.536741 6.897611 -7.435863
v -1.736741 6.966774 -2.724649
v -1.736741 6.897611 -7.235864
v -1.736741 6.897610 -2.235862
v -10.380892 9.897613 -7.435862
v -8.662618 9.750195 -7.435862
v -9.541143 9.750195 -7.435862
v -6.225836 9.828001 -7.235863
v -1.736741 9.897613 -7.235864
v -10.180897 9.897613 -7.235861
v -8.341595 6.977689 -7.235862
v -6.225836 6.966774 -7.235862
v -7.463069 6.977689 -7.235862
v -1.736741 6.897611 -7.235864
v -1.736741 6.966774 -7.235864
v -1.536740 6.966774 -2.724649
v -1.536741 6.897611 -7.435863
v -1.536741 6.966774 -7.435863
v -1.736741 9.828001 -7.235864
v -1.536740 9.828001 -2.724650
v -1.736741 9.828001 -2.724650
v -1.736741 6.966774 -7.235864
v -1.536740 6.966774 -2.724649
v -1.536741 6.966774 -7.435863
v -1.736738 6.897609 5.468656
v -4.137093 7.824790 5.468657
v -2.161349 7.824790 5.468656
v -4.137093 7.824790 5.668655
v -1.536739 6.897609 5.668654
v -2.161349 7.824790 5.668654
v -4.137093 7.824790 5.668655
v -4.137093 9.070642 5.468657
v -4.137093 9.070642 5.668655
v -4.137093 7.824790 5.668655
v -2.161349 7.824790 5.468656
v -4.137093 7.824790 5.468657
v -2.161349 7.824790 5.668654
v -2.161349 9.070642 5.468656
v -2.161349 7.824790 5.468656
v -4.137093 9.070642 5.668655
v -2.161349 9.070642 5.468656
v -2.161349 9.070642 5.668654
v -4.809374 7.824790 5.668655
v -4.809374 9.070642 5.468657
v -4.809374 7.824790 5.468657
v -4.809374 9.070642 5.468657
v -6.785117 9.070642 5.668655
v -6.785117 9.070642 5.468657
v -6.785117 9.070642 5.468657
v -6.785117 7.824790 5.668655
v -6.785117 7.824790 5.468657
v -6.785117 7.824790 5.468657
v -4.809374 7.824790 5.668655
v -4.809374 7.824790 5.468657
v -8.662618 6.977689 -7.235861
v -8.662618 9.750195 -7.435862
v -8.662618 6.977689 -7.435861
v -8.662618 9.750195 -7.235862
v -9.541143 9.750195 -7.435862
v -8.662618 9.750195 -7.435862
v -9.541143 9.750195 -7.435862
v -9.541143 6.977689 -7.235861
v -9.541143 6.977689 -7.435861
v -9.541143 6.977689 -7.435861
v -8.662618 6.977689 -7.235861
v -8.662618 6.977689 -7.435861
v -7.463069 6.977689 -7.235862
v -7.463069 9.750195 -7.435862
v -7.463069 6.977689 -7.435862
v -7.463069 9.750195 -7.235862
v -8.341595 9.750195 -7.435862
v -7.463069 9.750195 -7.435862
v -8.341595 9.750195 -7.435862
v -8.341595 6.977689 -7.235862
v -8.341595 6.977689 -7.435862
v -8.341595 6.977689 -7.435862
v -7.463069 6.977689 -7.235862
v -7.463069 6.977689 -7.435862
v -7.537587 7.824791 1.039367
v -7.337586 7.824790 3.015111
v -7.337586 7.824791 1.039367
v -7.337586 7.824790 3.015111
v -7.537587 9.070642 3.015110
v -7.337586 9.070642 3.015110
v -7.337586 9.070642 3.015110
v -7.537587 9.070642 1.039367
v -7.337586 9.070642 1.039367
v -7.337586 7.824791 1.039367
v -7.537587 9.070642 1.039367
v -7.537587 7.824791 1.039367
v -7.537587 7.824791 -1.608659
v -7.337586 7.824791 0.367085
v -7.337586 7.824791 -1.608659
v -7.337586 7.824791 0.367085
v -7.537587 9.070642 0.367085
v -7.337586 9.070642 0.367085
v -7.337586 9.070642 0.367085
v -7.537587 9.070642 -1.608659
v -7.337586 9.070642 -1.608659
v -7.337586 7.824791 -1.608659
v -7.537587 9.070642 -1.608659
v -7.537587 7.824791 -1.608659
v -10.380892 9.897613 -7.435862
v -10.380890 9.897612 -2.235861
v -7.537587 6.897610 -2.235861
v -7.537587 9.070642 -1.608659
v -7.537587 9.897612 -2.235861
v -7.537587 7.824791 -1.608659
v -7.537586 9.897611 5.668655
v -7.537587 9.070642 0.367085
v -7.537587 9.070642 1.039367
v -7.537587 9.070642 3.015110
v -7.537587 7.824791 0.367085
v -1.536739 6.897609 5.668654
v -1.536739 9.897611 2.564142
v 2.223072 9.897611 2.564141
v 2.223071 9.897612 -2.435863
v -1.736741 9.897612 -2.235862
v 2.023071 9.897612 -2.235863
v 2.023072 6.897610 2.364141
v -1.736739 9.897611 2.364140
v -7.337586 9.897611 5.468657
v -7.337586 9.070642 -1.608659
v -7.337586 9.897612 -2.435861
v -7.337586 9.070642 0.367085
v -7.337586 9.070642 1.039367
v -7.337586 9.070642 3.015110
v -7.337586 6.897610 -2.435860
v -7.337586 7.824791 -1.608659
v -7.337586 7.824791 0.367085
v -7.337586 9.897612 -2.435861
v -10.180891 9.897612 -2.435861
v -10.380890 9.897612 -2.235861
v -10.180891 9.897612 -2.435861
v -7.537587 9.897612 -2.235861
v -7.337586 9.897612 -2.435861
v -7.337586 9.897611 5.468657
v -7.537586 9.897611 5.668655
v -1.536739 9.897611 5.668654
v -1.736738 9.897611 5.468656
v -1.536739 9.897611 2.564142
v -1.736739 9.897611 2.364140
v 2.023072 9.897611 2.364141
v 2.223072 9.897611 2.564141
v 2.223071 9.897612 -2.435863
v 2.023071 9.897612 -2.235863
v -1.536740 9.897612 -2.435862
v -1.736741 9.897612 -2.235862
v -1.536741 9.897613 -7.435863
v -6.225836 9.828001 -7.235863
v -1.736741 6.966774 -2.724649
v -10.180897 6.897611 -7.235861
v -10.380890 6.897610 -2.235860
v -10.180891 6.897610 -2.435860
v -7.537587 6.897610 -2.235861
v -7.337586 6.897610 -2.435860
v -7.337586 6.897609 5.468657
v -7.537586 6.897609 5.668655
v -1.536739 6.897609 5.668654
v -1.736738 6.897609 5.468656
v -1.536739 6.897610 2.564142
v -1.736739 6.897610 2.364140
v 2.023072 6.897610 2.364141
v 2.223072 6.897610 2.564141
v 2.223071 6.897610 -2.435863
v 2.023071 6.897610 -2.235862
v -1.536740 6.897610 -2.435862
v -1.736741 6.897610 -2.235862
v -1.736741 9.828001 -2.724650
v -1.736741 9.897613 -7.235864
v -1.736741 9.828001 -7.235864
v -1.736741 9.897612 -2.235862
v -1.736741 6.966774 -7.235864
v -9.541143 6.977689 -7.435861
v -1.536741 6.897611 -7.435863
v -10.380892 6.897611 -7.435861
v -8.662618 6.977689 -7.435861
v -8.341595 9.750195 -7.435862
v -8.341595 6.977689 -7.435862
v -7.463069 6.977689 -7.435862
v -6.225836 6.966774 -7.435862
v -1.536741 6.966774 -7.435863
v -6.225836 9.828001 -7.435862
v -7.463069 9.750195 -7.435862
v -1.536741 9.897613 -7.435863
v -1.536741 9.828001 -7.435863
v -1.736741 9.828001 -7.235864
v -9.541143 6.977689 -7.235861
v -10.180897 6.897611 -7.235861
v -8.662618 6.977689 -7.235861
v -9.541143 9.750195 -7.235861
v -8.662618 9.750195 -7.235862
v -8.341595 9.750195 -7.235862
v -7.463069 9.750195 -7.235862
v -1.536741 9.897613 -7.435863
v -1.536740 9.828001 -2.724650
v -1.536741 9.828001 -7.435863
v -1.536740 9.897612 -2.435862
v -1.536740 6.897610 -2.435862
v -6.225836 9.828001 -7.435862
v -6.225836 9.828001 -7.235863
v -1.536741 9.828001 -7.435863
v -6.225836 6.966774 -7.435862
v -6.225836 6.966774 -7.235862
v -1.736741 6.966774 -2.724649
v -2.161349 9.070642 5.468656
v -1.736738 9.897611 5.468656
v -7.337586 9.897611 5.468657
v -4.137093 9.070642 5.468657
v -4.809374 9.070642 5.468657
v -6.785117 9.070642 5.468657
v -7.337586 6.897609 5.468657
v -6.785117 7.824790 5.468657
v -4.809374 7.824790 5.468657
v -2.161349 9.070642 5.668654
v -1.536739 9.897611 5.668654
v -7.537586 9.897611 5.668655
v -4.137093 9.070642 5.668655
v -4.809374 9.070642 5.668655
v -6.785117 9.070642 5.668655
v -7.537586 6.897609 5.668655
v -6.785117 7.824790 5.668655
v -4.809374 7.824790 5.668655
v -4.137093 7.824790 5.468657
v -2.161349 7.824790 5.668654
v -2.161349 9.070642 5.668654
v -4.137093 9.070642 5.468657
v -4.809374 9.070642 5.668655
v -4.809374 9.070642 5.668655
v -6.785117 9.070642 5.668655
v -6.785117 7.824790 5.668655
v -8.662618 9.750195 -7.235862
v -9.541143 9.750195 -7.235861
v -9.541143 9.750195 -7.235861
v -9.541143 6.977689 -7.235861
v -7.463069 9.750195 -7.235862
v -8.341595 9.750195 -7.235862
v -8.341595 9.750195 -7.235862
v -8.341595 6.977689 -7.235862
v -7.537587 7.824790 3.015111
v -7.537587 7.824790 3.015111
v -7.537587 9.070642 3.015110
v -7.337586 9.070642 1.039367
v -7.537587 7.824791 0.367085
v -7.537587 7.824791 0.367085
v -7.537587 9.070642 0.367085
v -7.337586 9.070642 -1.608659
vn -1.0000 -0.0000 -0.0000
vn -0.0000 -0.0000 1.0000
vn 1.0000 -0.0000 -0.0000
vn -0.0000 -0.0000 -1.0000
vn -0.0000 1.0000 -0.0000
vn -0.0000 -1.0000 -0.0000
vn -0.0000 0.0001 1.0000
vt 0.364774 0.200000
vt -0.155226 0.800000
vt 0.364774 0.800000
vt -0.191736 0.200000
vt -0.760396 0.800000
vt -0.191736 0.800000
vt 0.692297 0.614564
vt 1.155226 0.800000
vt 0.889871 0.614564
vt -0.155226 0.200000
vt 0.155225 0.800000
vt 0.155225 0.200000
vt 1.760396 0.200000
vt 1.008434 0.800000
vt 1.760396 0.800000
vt 0.655226 0.200000
vt 0.155225 0.800000
vt 0.655226 0.800000
vt -0.008434 0.200000
vt -0.760396 0.800000
vt -0.008434 0.800000
vt 1.720396 0.200000
vt 0.968434 0.800000
vt 1.720396 0.800000
vt 0.824775 0.200000
vt 0.364774 0.800000
vt 0.824775 0.800000
vt -0.720396 0.200000
vt 0.031566 0.800000
vt 0.031566 0.200000
vt 1.135226 0.200000
vt 0.824774 0.800000
vt 1.135226 0.800000
vt -0.135226 0.800000
vt 0.307703 0.614564
vt 0.110129 0.614564
vt 1.151735 0.800000
vt 0.655226 0.800000
vt 0.031566 1.135226
vt 1.760396 1.155226
vt 1.720397 1.135226
vt 1.155226 0.213922
vt 1.135226 0.786167
vt 1.155226 0.786167
vt -0.008434 0.786167
vt 0.031566 0.213922
vt -0.008434 0.213922
vt 0.968434 1.135226
vt -0.760396 1.155226
vt 1.008434 1.155226
vt 0.315896 0.786167
vt -0.135226 0.800000
vt 0.364774 0.800000
vt 1.760396 0.200000
vt 1.416741 0.229484
vt 1.592446 0.229484
vt 0.070615 0.213922
vt 0.968434 0.200000
vt -0.720397 0.200000
vt -0.352537 0.783984
vt 0.070615 0.786167
vt -0.176831 0.783984
vt 0.968434 0.800000
vt 0.968434 0.786167
vt 0.684104 0.786167
vt 1.008434 0.684104
vt 0.968434 0.684104
vt -0.008434 0.684104
vt -0.008434 1.155226
vt 0.031566 0.800000
vt 0.511637 0.614564
vt 0.116489 0.614564
vt 0.488363 0.614564
vt 1.008433 0.800000
vt 0.883511 0.614564
vt -0.155226 0.614564
vt -0.135226 0.365394
vt -0.155226 0.365394
vt 0.511637 -0.155226
vt 0.116489 -0.135226
vt 0.511637 -0.135226
vt 1.155226 0.614564
vt 1.135226 0.365394
vt 1.135226 0.614564
vt 0.488363 -0.155226
vt 0.883511 -0.135226
vt 0.883511 -0.155226
vt 1.155226 0.614564
vt 0.353907 -0.135226
vt -0.041242 -0.155226
vt -0.041242 -0.135226
vt -0.155226 0.614564
vt -0.135226 0.614564
vt 1.041242 -0.135226
vt 0.646093 -0.155226
vt 0.646093 -0.135226
vt -0.135226 0.783984
vt -0.155226 0.229484
vt -0.155226 0.783984
vt -0.416741 1.135226
vt -0.592446 1.155226
vt -0.416741 1.155226
vt 1.155226 0.229484
vt 1.135226 0.783984
vt 1.155226 0.783984
vt 1.592446 1.155226
vt 1.416741 1.135226
vt 1.416741 1.155226
vt -0.135226 0.783984
vt -0.155226 0.229484
vt -0.155226 0.783984
vt -0.176831 1.135226
vt -0.352537 1.155226
vt -0.176831 1.155226
vt 1.352537 1.155226
vt 1.176831 1.135226
vt 1.176831 1.155226
vt 1.191736 0.307703
vt 1.151736 0.110129
vt 1.151735 0.307703
vt 1.151736 0.614564
vt 1.191736 0.365394
vt 1.151736 0.365394
vt -0.151736 0.110129
vt -0.191736 0.307703
vt -0.151735 0.307703
vt -0.151735 0.614564
vt -0.191736 0.365394
vt -0.191736 0.614564
vt 1.191736 0.572506
vt 1.151735 0.374931
vt 1.151735 0.572506
vt 1.151735 0.614564
vt 1.191736 0.365394
vt 1.151735 0.365394
vt -0.151735 0.374931
vt -0.191736 0.572506
vt -0.151735 0.572506
vt -0.151735 0.614564
vt -0.155226 0.200000
vt -0.760396 0.200000
vt 0.364774 0.800000
vt 0.427494 0.365394
vt 0.364774 0.200000
vt 0.427494 0.614564
vt 1.155226 0.200000
vt 0.625069 0.365394
vt 0.692297 0.365394
vt 0.889871 0.365394
vt 0.625069 0.614564
vt -0.155226 0.800000
vt 1.008434 0.200000
vt 0.155225 0.200000
vt -0.760396 0.200000
vt 0.968434 0.200000
vt 0.364774 0.200000
vt -0.720396 0.800000
vt 0.824774 0.200000
vt -0.135226 0.200000
vt 0.572506 0.365394
vt 0.655226 0.200000
vt 0.374931 0.365394
vt 0.307703 0.365394
vt 0.110129 0.365394
vt 0.655226 0.800000
vt 0.572506 0.614564
vt 0.374931 0.614564
vt 1.151735 0.200000
vt 0.655226 0.200000
vt 1.760396 0.635226
vt 1.720396 0.655226
vt 1.191736 0.635226
vt 1.151735 0.655226
vt 1.151736 -0.135226
vt 1.191736 -0.155226
vt -0.008433 -0.155226
vt 0.031566 -0.135226
vt -0.008434 0.155225
vt 0.031566 0.175226
vt -0.720396 0.175225
vt -0.760396 0.155225
vt -0.760396 0.655226
vt -0.720396 0.635226
vt -0.008434 0.655226
vt 0.031566 0.635226
vt 1.135226 0.213922
vt 0.031566 0.786167
vt -0.720397 1.135226
vt -0.760396 0.635226
vt -0.720396 0.655226
vt -0.191736 0.635226
vt -0.151735 0.655226
vt -0.151736 -0.135226
vt -0.191736 -0.155226
vt 1.008433 -0.155226
vt 0.968434 -0.135226
vt 1.008434 0.155225
vt 0.968434 0.175226
vt 1.720396 0.175225
vt 1.760396 0.155225
vt 1.760396 0.655226
vt 1.720396 0.635226
vt 1.008434 0.655226
vt 0.968434 0.635226
vt 0.315896 0.213922
vt -0.135226 0.200000
vt -0.135226 0.213922
vt 0.364774 0.200000
vt -0.135226 0.786167
vt 1.592446 0.783984
vt -0.008434 0.800000
vt 1.760396 0.800000
vt 1.416741 0.783984
vt 1.352537 0.229484
vt 1.352537 0.783984
vt 1.176831 0.783984
vt 0.929385 0.786167
vt -0.008434 0.786167
vt 0.929385 0.213922
vt 1.176831 0.229484
vt -0.008434 0.200000
vt -0.008434 0.213922
vt 0.968434 0.213922
vt -0.592446 0.783984
vt -0.720397 0.800000
vt -0.416741 0.783984
vt -0.592446 0.229484
vt -0.416741 0.229484
vt -0.352537 0.229484
vt -0.176831 0.229484
vt 0.684104 0.213922
vt 1.155226 0.213922
vt 0.655226 0.200000
vt 0.655226 0.800000
vt 0.070615 1.155226
vt 0.070615 1.135226
vt 0.929385 1.155226
vt 0.929385 1.135226
vt 0.031566 0.684104
vt 0.116489 0.365394
vt 0.031566 0.200000
vt 1.151736 0.200000
vt 0.511637 0.365394
vt 0.646093 0.365394
vt 1.041242 0.365394
vt 1.151736 0.800000
vt 1.041242 0.614564
vt 0.646093 0.614564
vt 0.883511 0.365394
vt 1.008433 0.200000
vt -0.191736 0.200000
vt 0.488363 0.365394
vt 0.353907 0.365394
vt -0.041242 0.365394
vt -0.191736 0.800000
vt -0.041242 0.614564
vt 0.353907 0.614564
vt 0.116489 -0.155226
vt 1.155226 0.365394
vt 0.488363 -0.135226
vt 1.155226 0.365394
vt 0.353907 -0.155226
vt -0.155226 0.365394
vt 1.041242 -0.155226
vt -0.135226 0.229484
vt -0.592446 1.135226
vt 1.135226 0.229484
vt 1.592446 1.135226
vt -0.135226 0.229484
vt -0.352537 1.135226
vt 1.352537 1.135226
vt 1.191736 0.110129
vt 1.191736 0.614564
vt -0.191736 0.110129
vt -0.151735 0.365394
vt 1.191736 0.374931
vt 1.191736 0.614564
vt -0.191736 0.374931
vt -0.151735 0.365394
s 0
f 5496/2160/863 5497/2161/863 5498/2162/863
f 5499/2163/864 5500/2164/864 5501/2165/864
f 5502/2166/863 5503/2167/863 5504/2168/863
f 5505/2169/865 5506/2170/865 5507/2171/865
f 5508/2172/864 5509/2173/864 5510/2174/864
f 5511/2175/865 5512/2176/865 5513/2177/865
f 5514/2178/866 5515/2179/866 5516/2180/866
f 5517/2181/864 5518/2182/864 5519/2183/864
f 5520/2184/863 5521/2185/863 5522/2186/863
f 5523/2187/866 5524/2188/866 5525/2189/866
f 5526/2190/863 5527/2191/863 5528/2192/863
f 5529/2193/865 5530/2194/865 5531/2195/865
f 5532/2181/866 5533/2196/866 5534/2183/866
f 5535/2190/865 5536/2197/865 5537/2192/865
f 5538/2198/867 5539/2199/867 5540/2200/867
f 5541/2201/865 5542/2202/865 5543/2203/865
f 5544/2204/866 5545/2205/866 5546/2206/866
f 5547/2207/868 5548/2208/868 5549/2209/868
f 5550/2210/863 5551/2211/863 5552/2212/863
f 5553/2213/866 5554/2214/866 5555/2215/866
f 5556/2216/864 5557/2217/864 5558/2218/864
f 5559/2219/864 5560/2220/864 5561/2221/864
f 5560/2220/864 5562/2222/864 5563/2223/864
f 5564/2224/865 5565/2167/865 5566/2203/865
f 5567/2207/868 5568/2225/868 5569/2226/868
f 5570/2198/867 5571/2227/867 5572/2228/867
f 5573/2229/866 5574/2230/866 5575/2231/866
f 5576/2232/864 5577/2233/864 5578/2234/864
f 5579/2235/865 5580/2236/865 5581/2237/865
f 5582/2238/867 5583/2239/867 5584/2240/867
f 5585/2241/863 5586/2242/863 5587/2243/863
f 5588/2244/868 5589/2245/868 5590/2246/868
f 5591/2247/863 5592/2242/863 5593/2243/863
f 5594/2248/868 5595/2249/868 5596/2250/868
f 5597/2236/865 5598/2251/865 5599/2252/865
f 5600/2253/867 5601/2254/867 5602/2255/867
f 5603/2256/863 5604/2257/863 5605/2258/863
f 5606/2259/868 5607/2260/868 5608/2261/868
f 5609/2262/865 5610/2263/865 5611/2264/865
f 5612/2265/867 5613/2266/867 5614/2267/867
f 5615/2268/863 5616/2269/863 5617/2270/863
f 5618/2271/868 5619/2272/868 5620/2273/868
f 5621/2262/865 5622/2263/865 5623/2264/865
f 5624/2274/867 5625/2275/867 5626/2276/867
f 5627/2277/867 5628/2278/867 5629/2279/867
f 5630/2280/866 5631/2281/866 5632/2282/866
f 5633/2283/868 5634/2284/868 5635/2285/868
f 5636/2286/864 5637/2287/864 5638/2288/864
f 5639/2289/867 5640/2290/867 5641/2291/867
f 5642/2292/866 5643/2293/866 5644/2294/866
f 5645/2295/868 5646/2296/868 5647/2297/868
f 5648/2298/864 5649/2287/864 5650/2288/864
f 5497/2161/863 5496/2160/863 5651/2299/863
f 5500/2164/864 5499/2163/864 5652/2300/864
f 5653/2301/863 5654/2302/863 5655/2303/863
f 5653/2301/863 5656/2304/863 5654/2302/863
f 5654/2302/863 5657/2305/863 5655/2303/863
f 5658/2306/863 5657/2305/863 5654/2302/863
f 5659/2307/863 5657/2305/863 5658/2306/863
f 5660/2308/863 5657/2305/863 5659/2307/863
f 5503/2167/863 5656/2304/863 5653/2301/863
f 5503/2167/863 5661/2309/863 5656/2304/863
f 5660/2308/863 5503/2167/863 5657/2305/863
f 5504/2168/863 5503/2167/863 5660/2308/863
f 5661/2309/863 5659/2307/863 5658/2306/863
f 5661/2309/863 5502/2166/863 5659/2307/863
f 5503/2167/863 5502/2166/863 5661/2309/863
f 5506/2170/865 5505/2169/865 5662/2310/865
f 5509/2173/864 5508/2172/864 5663/2311/864
f 5512/2176/865 5511/2175/865 5664/2312/865
f 5515/2179/866 5514/2178/866 5665/2313/866
f 5518/2182/864 5517/2181/864 5666/2314/864
f 5521/2185/863 5520/2184/863 5667/2315/863
f 5524/2188/866 5523/2187/866 5668/2316/866
f 5527/2191/863 5526/2190/863 5669/2317/863
f 5670/2318/865 5671/2319/865 5672/2320/865
f 5670/2318/865 5673/2321/865 5671/2319/865
f 5670/2318/865 5674/2322/865 5673/2321/865
f 5670/2318/865 5675/2323/865 5674/2322/865
f 5671/2319/865 5676/2324/865 5672/2320/865
f 5677/2325/865 5676/2324/865 5671/2319/865
f 5677/2325/865 5529/2193/865 5676/2324/865
f 5678/2326/865 5529/2193/865 5677/2325/865
f 5529/2193/865 5675/2323/865 5670/2318/865
f 5529/2193/865 5531/2195/865 5675/2323/865
f 5674/2322/865 5678/2326/865 5673/2321/865
f 5530/2194/865 5678/2326/865 5674/2322/865
f 5530/2194/865 5529/2193/865 5678/2326/865
f 5533/2196/866 5532/2181/866 5679/2327/866
f 5536/2197/865 5535/2190/865 5680/2328/865
f 5681/2329/867 5540/2200/867 5539/2199/867
f 5681/2329/867 5682/2330/867 5540/2200/867
f 5683/2331/867 5682/2330/867 5681/2329/867
f 5683/2331/867 5684/2332/867 5682/2330/867
f 5683/2331/867 5685/2333/867 5684/2332/867
f 5686/2334/867 5685/2333/867 5683/2331/867
f 5687/2335/867 5685/2333/867 5686/2334/867
f 5687/2335/867 5688/2336/867 5685/2333/867
f 5689/2337/867 5688/2336/867 5687/2335/867
f 5689/2337/867 5690/2338/867 5688/2336/867
f 5689/2337/867 5691/2339/867 5690/2338/867
f 5692/2340/867 5691/2339/867 5689/2337/867
f 5693/2341/867 5691/2339/867 5692/2340/867
f 5693/2341/867 5694/2342/867 5691/2339/867
f 5695/2343/867 5694/2342/867 5693/2341/867
f 5695/2343/867 5696/2344/867 5694/2342/867
f 5695/2343/867 5538/2198/867 5696/2344/867
f 5697/2228/867 5538/2198/867 5695/2343/867
f 5539/2199/867 5538/2198/867 5697/2228/867
f 5542/2202/865 5541/2201/865 5698/2345/865
f 5545/2205/866 5544/2204/866 5699/2346/866
f 5700/2347/868 5701/2348/868 5548/2208/868
f 5702/2349/868 5701/2348/868 5700/2347/868
f 5702/2349/868 5703/2350/868 5701/2348/868
f 5704/2351/868 5703/2350/868 5702/2349/868
f 5705/2352/868 5703/2350/868 5704/2351/868
f 5705/2352/868 5706/2353/868 5703/2350/868
f 5705/2352/868 5707/2354/868 5706/2353/868
f 5708/2355/868 5707/2354/868 5705/2352/868
f 5708/2355/868 5709/2356/868 5707/2354/868
f 5710/2357/868 5709/2356/868 5708/2355/868
f 5711/2358/868 5709/2356/868 5710/2357/868
f 5711/2358/868 5712/2359/868 5709/2356/868
f 5711/2358/868 5713/2360/868 5712/2359/868
f 5714/2361/868 5713/2360/868 5711/2358/868
f 5714/2361/868 5715/2362/868 5713/2360/868
f 5716/2363/868 5715/2362/868 5714/2361/868
f 5547/2207/868 5715/2362/868 5716/2363/868
f 5547/2207/868 5549/2209/868 5715/2362/868
f 5548/2208/868 5547/2207/868 5700/2347/868
f 5717/2364/863 5718/2365/863 5719/2366/863
f 5717/2364/863 5720/2367/863 5718/2365/863
f 5717/2364/863 5552/2212/863 5720/2367/863
f 5550/2210/863 5552/2212/863 5717/2364/863
f 5551/2211/863 5550/2210/863 5721/2368/863
f 5722/2369/866 5723/2370/866 5724/2371/866
f 5725/2372/866 5723/2370/866 5722/2369/866
f 5553/2213/866 5722/2369/866 5724/2371/866
f 5553/2213/866 5555/2215/866 5722/2369/866
f 5726/2373/866 5725/2372/866 5554/2214/866
f 5727/2374/866 5725/2372/866 5726/2373/866
f 5727/2374/866 5723/2370/866 5725/2372/866
f 5728/2375/866 5723/2370/866 5727/2374/866
f 5723/2370/866 5729/2376/866 5730/2377/866
f 5728/2375/866 5729/2376/866 5723/2370/866
f 5728/2375/866 5731/2378/866 5729/2376/866
f 5732/2379/866 5731/2378/866 5728/2375/866
f 5731/2378/866 5733/2380/866 5734/2381/866
f 5731/2378/866 5553/2213/866 5733/2380/866
f 5732/2379/866 5553/2213/866 5731/2378/866
f 5726/2373/866 5553/2213/866 5732/2379/866
f 5554/2214/866 5553/2213/866 5726/2373/866
f 5557/2217/864 5556/2216/864 5735/2382/864
f 5560/2220/864 5736/2383/864 5737/2384/864
f 5560/2220/869 5738/2385/869 5736/2383/869
f 5736/2383/864 5558/2218/864 5737/2384/864
f 5739/2386/864 5558/2218/864 5736/2383/864
f 5739/2386/864 5556/2216/864 5558/2218/864
f 5740/2387/864 5556/2216/864 5739/2386/864
f 5741/2388/864 5556/2216/864 5740/2387/864
f 5742/2389/864 5556/2216/864 5741/2388/864
f 5742/2389/864 5560/2220/864 5556/2216/864
f 5561/2221/864 5560/2220/864 5742/2389/864
f 5738/2385/864 5741/2388/864 5740/2387/864
f 5738/2385/864 5559/2219/864 5741/2388/864
f 5560/2220/864 5559/2219/864 5738/2385/864
f 5562/2222/864 5560/2220/864 5737/2384/864
f 5743/2305/865 5744/2390/865 5745/2391/865
f 5746/2392/865 5744/2390/865 5743/2305/865
f 5747/2393/865 5744/2390/865 5746/2392/865
f 5747/2393/865 5564/2224/865 5744/2390/865
f 5565/2167/865 5564/2224/865 5747/2393/865
f 5748/2394/868 5567/2207/868 5749/2395/868
f 5750/2209/868 5567/2207/868 5748/2394/868
f 5568/2225/868 5567/2207/868 5750/2209/868
f 5570/2198/867 5751/2396/867 5752/2397/867
f 5570/2198/867 5572/2228/867 5751/2396/867
f 5571/2227/867 5570/2198/867 5753/2398/867
f 5573/2229/866 5754/2399/866 5755/2400/866
f 5573/2229/866 5575/2231/866 5754/2399/866
f 5754/2399/866 5756/2401/866 5755/2400/866
f 5757/2402/866 5756/2401/866 5754/2399/866
f 5758/2403/866 5756/2401/866 5757/2402/866
f 5759/2404/866 5756/2401/866 5758/2403/866
f 5759/2404/866 5760/2405/866 5756/2401/866
f 5761/2406/866 5760/2405/866 5759/2404/866
f 5761/2406/866 5573/2229/866 5760/2405/866
f 5762/2407/866 5573/2229/866 5761/2406/866
f 5574/2230/866 5758/2403/866 5757/2402/866
f 5574/2230/866 5762/2407/866 5758/2403/866
f 5574/2230/866 5573/2229/866 5762/2407/866
f 5763/2408/864 5577/2233/864 5764/2409/864
f 5578/2234/864 5577/2233/864 5763/2408/864
f 5765/2410/864 5763/2408/864 5764/2409/864
f 5765/2410/864 5766/2411/864 5763/2408/864
f 5765/2410/864 5767/2412/864 5766/2411/864
f 5765/2410/864 5768/2413/864 5767/2412/864
f 5769/2414/864 5768/2413/864 5765/2410/864
f 5769/2414/864 5770/2415/864 5768/2413/864
f 5577/2233/864 5770/2415/864 5769/2414/864
f 5577/2233/864 5771/2416/864 5770/2415/864
f 5767/2412/864 5576/2232/864 5766/2411/864
f 5771/2416/864 5576/2232/864 5767/2412/864
f 5577/2233/864 5576/2232/864 5771/2416/864
f 5580/2236/865 5579/2235/865 5772/2252/865
f 5583/2239/867 5582/2238/867 5773/2417/867
f 5586/2242/863 5585/2241/863 5774/2418/863
f 5589/2245/868 5588/2244/868 5775/2419/868
f 5592/2242/863 5591/2247/863 5776/2420/863
f 5595/2249/868 5594/2248/868 5777/2421/868
f 5598/2251/865 5597/2236/865 5778/2422/865
f 5601/2254/867 5600/2253/867 5779/2423/867
f 5604/2257/863 5603/2256/863 5780/2424/863
f 5607/2260/868 5606/2259/868 5781/2425/868
f 5610/2263/865 5609/2262/865 5782/2426/865
f 5613/2266/867 5612/2265/867 5783/2427/867
f 5616/2269/863 5615/2268/863 5784/2428/863
f 5619/2272/868 5618/2271/868 5785/2429/868
f 5622/2263/865 5621/2262/865 5786/2426/865
f 5625/2275/867 5624/2274/867 5787/2430/867
f 5628/2278/867 5627/2277/867 5788/2431/867
f 5631/2281/866 5630/2280/866 5789/2432/866
f 5634/2284/868 5633/2283/868 5790/2433/868
f 5637/2287/864 5636/2286/864 5791/2434/864
f 5640/2290/867 5639/2289/867 5792/2435/867
f 5643/2293/866 5642/2292/866 5793/2436/866
f 5646/2296/868 5645/2295/868 5794/2437/868
f 5649/2287/864 5648/2298/864 5795/2438/864
o Box150_Ceramic_0
v -13.553920 -0.794389 5.135494
v -14.393217 -0.794389 5.135494
v -13.553920 -0.794389 4.318663
v -14.393217 -0.794389 4.318663
v -13.553920 7.070649 4.318662
v -14.393217 7.070649 4.318662
v -14.393217 7.070649 5.135493
v -13.553920 7.070649 5.135493
v -14.393217 7.070649 5.135493
v -14.393217 -0.794389 5.135494
v -13.553920 7.070649 5.135493
v -13.553920 -0.794389 5.135494
v -13.553920 7.070649 5.135493
v -13.553920 -0.794389 5.135494
v -13.553920 7.070649 4.318662
v -13.553920 -0.794389 4.318663
v -13.553920 7.070649 4.318662
v -13.553920 -0.794389 4.318663
v -14.393217 7.070649 4.318662
v -14.393217 -0.794389 4.318663
v -14.393217 7.070649 4.318662
v -14.393217 -0.794389 4.318663
v -14.393217 7.070649 5.135493
v -14.393217 -0.794389 5.135494
vn -0.0000 -1.0000 -0.0000
vn -0.0000 1.0000 -0.0000
vn -0.0000 -0.0000 1.0000
vn 1.0000 -0.0000 -0.0000
vn -0.0000 -0.0000 -1.0000
vn -1.0000 -0.0000 -0.0000
vt 1.454843 1.470240
vt 1.622703 1.470240
vt 1.454843 1.306874
vt 1.622702 1.306874
vt -0.454843 1.306874
vt -0.622702 1.306874
vt -0.622703 1.470240
vt -0.454843 1.470240
vt -0.622703 -0.255896
vt -0.622703 1.442212
vt -0.454843 -0.255896
vt -0.454843 1.442212
vt -0.470240 -0.255896
vt -0.470240 1.442212
vt -0.306874 -0.255896
vt -0.306874 1.442212
vt 1.454843 -0.255896
vt 1.454843 1.442212
vt 1.622702 -0.255896
vt 1.622702 1.442212
vt 1.306874 -0.255896
vt 1.306874 1.442212
vt 1.470240 -0.255896
vt 1.470240 1.442212
s 0
f 5796/2439/870 5797/2440/870 5798/2441/870
f 5797/2440/870 5799/2442/870 5798/2441/870
f 5800/2443/871 5801/2444/871 5802/2445/871
f 5800/2443/871 5802/2445/871 5803/2446/871
f 5804/2447/872 5805/2448/872 5806/2449/872
f 5806/2449/872 5805/2448/872 5807/2450/872
f 5808/2451/873 5809/2452/873 5810/2453/873
f 5810/2453/873 5809/2452/873 5811/2454/873
f 5812/2455/874 5813/2456/874 5814/2457/874
f 5814/2457/874 5813/2456/874 5815/2458/874
f 5816/2459/875 5817/2460/875 5818/2461/875
f 5818/2461/875 5817/2460/875 5819/2462/875
o Line027_15_-_Glossy_Plastic_0
v -1.536747 6.938789 -9.253941
v -1.536744 6.938790 -7.435856
v -1.536744 6.888790 -7.435856
v -1.536747 6.888789 -9.253941
v -6.536746 6.938789 -9.253941
v -1.536747 6.938789 -9.253941
v -1.536747 6.888789 -9.253941
v -6.536746 6.888789 -9.253941
v -6.536746 6.938789 -11.082769
v -6.536746 6.938789 -9.253941
v -6.536746 6.888789 -9.253941
v -6.536746 6.888789 -11.082769
v -13.107615 6.938789 -11.082769
v -6.536746 6.938789 -11.082769
v -6.536746 6.888789 -11.082769
v -13.107615 6.888789 -11.082769
v -13.107613 6.938790 -2.542723
v -13.107615 6.938789 -11.082769
v -13.107615 6.888789 -11.082769
v -13.107613 6.888790 -2.542723
v -14.816788 6.938790 -2.542720
v -13.107613 6.938790 -2.542723
v -13.107613 6.888790 -2.542723
v -14.816788 6.888790 -2.542720
v -14.816788 6.938791 5.896300
v -14.816788 6.938790 -2.542720
v -14.816788 6.888790 -2.542720
v -14.816788 6.888792 5.896300
v -7.536746 6.938791 5.896300
v -14.816788 6.938791 5.896300
v -14.816788 6.888792 5.896300
v -7.536746 6.888792 5.896300
v -7.536746 6.938792 8.949247
v -7.536746 6.938791 5.896300
v -7.536746 6.888792 5.896300
v -7.536746 6.888792 8.949247
v -1.536747 6.938792 8.949247
v -7.536746 6.938792 8.949247
v -7.536746 6.888792 8.949247
v -1.536747 6.888792 8.949247
v -1.536747 6.938791 5.583956
v -1.536747 6.938792 8.949247
v -1.536747 6.888792 8.949247
v -1.536747 6.888792 5.583956
v 2.223064 6.938791 5.583953
v -1.536747 6.938791 5.583956
v -1.536747 6.888792 5.583956
v 2.223064 6.888792 5.583953
v 2.223067 6.938791 2.564148
v 2.223064 6.938791 5.583953
v 2.223064 6.888792 5.583953
v 2.223067 6.888791 2.564148
v -1.811279 6.938791 2.564148
v 2.223067 6.938791 2.564148
v 2.223067 6.888791 2.564148
v -1.811279 6.888791 2.564148
v -1.811279 6.938791 5.468661
v -1.811279 6.938791 2.564148
v -1.811279 6.888791 2.564148
v -1.811279 6.888792 5.468661
v -7.337589 6.938791 5.468661
v -1.811279 6.938791 5.468661
v -1.811279 6.888792 5.468661
v -7.337589 6.888792 5.468661
v -7.539236 6.938791 5.468661
v -7.539236 6.888792 5.468661
v -7.537590 6.938790 -2.235855
v -7.539236 6.938791 5.468661
v -7.539236 6.888792 5.468661
v -7.537590 6.888790 -2.235855
v -10.380892 6.938790 -2.235855
v -7.537590 6.938790 -2.235855
v -7.537590 6.888790 -2.235855
v -10.380892 6.888790 -2.235855
v -10.380892 6.938790 -7.435856
v -10.380892 6.938790 -2.235855
v -10.380892 6.888790 -2.235855
v -10.380892 6.888790 -7.435856
v -1.536744 6.938790 -7.435856
v -10.380892 6.938790 -7.435856
v -10.380892 6.888790 -7.435856
v -1.536744 6.888790 -7.435856
v -1.536747 6.888789 -9.253941
v -1.536744 6.888790 -7.435856
v -10.380892 6.888790 -7.435856
v -6.536746 6.888789 -9.253941
v -6.536746 6.888789 -11.082769
v -13.107615 6.888789 -11.082769
v -13.107613 6.888790 -2.542723
v -10.380892 6.888790 -2.235855
v -14.816788 6.888790 -2.542720
v -14.816788 6.888792 5.896300
v -7.537590 6.888790 -2.235855
v -7.539236 6.888792 5.468661
v -7.536746 6.888792 5.896300
v -7.337589 6.888792 5.468661
v -7.536746 6.888792 8.949247
v -1.811279 6.888792 5.468661
v -1.811279 6.888791 2.564148
v 2.223067 6.888791 2.564148
v 2.223064 6.888792 5.583953
v -1.536747 6.888792 5.583956
v -1.536747 6.888792 8.949247
v -7.536746 6.938792 8.949247
v -1.536747 6.938792 8.949247
v -1.536747 6.938791 5.583956
v 2.223064 6.938791 5.583953
v 2.223067 6.938791 2.564148
v -1.811279 6.938791 2.564148
v -1.811279 6.938791 5.468661
v -7.337589 6.938791 5.468661
v -7.539236 6.938791 5.468661
v -7.537590 6.938790 -2.235855
v -10.380892 6.938790 -2.235855
v -10.380892 6.938790 -7.435856
v -1.536744 6.938790 -7.435856
v -1.536747 6.938789 -9.253941
v -6.536746 6.938789 -9.253941
v -6.536746 6.938789 -11.082769
v -13.107615 6.938789 -11.082769
v -13.107613 6.938790 -2.542723
v -14.816788 6.938790 -2.542720
v -14.816788 6.938791 5.896300
v -7.536746 6.938791 5.896300
vn 1.0000 -0.0000 -0.0000
vn -0.0000 -0.0000 -1.0000
vn -1.0000 -0.0000 -0.0000
vn -0.0000 -0.0000 1.0000
vn 1.0000 -0.0000 0.0002
vn -0.0000 -1.0000 -0.0000
vn -0.0000 1.0000 -0.0000
vt 1.452024 -1.137435
vt 1.452024 -0.773818
vt 0.452024 -1.137435
vt 0.452024 -1.503201
vt -0.862150 -1.503201
vt -0.862150 0.204808
vt -1.203985 0.204808
vt -1.203986 1.892612
vt 0.252023 1.892612
vt 0.252023 2.503201
vt 1.452023 2.503201
vt 1.452023 1.830143
vt 2.203985 1.830143
vt 2.203986 1.226182
vt 1.397116 1.226182
vt 1.397116 1.807084
vt 0.291854 1.807084
vt 0.251525 1.807084
vt 0.251855 0.266181
vt -0.316806 0.266181
vt -0.316806 -0.773818
s 0
f 5820/2463/876 5821/2464/876 5822/2464/876
f 5822/2464/876 5823/2463/876 5820/2463/876
f 5824/2465/877 5825/2463/877 5826/2463/877
f 5826/2463/877 5827/2465/877 5824/2465/877
f 5828/2466/876 5829/2465/876 5830/2465/876
f 5830/2465/876 5831/2466/876 5828/2466/876
f 5832/2467/877 5833/2466/877 5834/2466/877
f 5834/2466/877 5835/2467/877 5832/2467/877
f 5836/2468/878 5837/2467/878 5838/2467/878
f 5838/2467/878 5839/2468/878 5836/2468/878
f 5840/2469/877 5841/2468/877 5842/2468/877
f 5842/2468/877 5843/2469/877 5840/2469/877
f 5844/2470/878 5845/2469/878 5846/2469/878
f 5846/2469/878 5847/2470/878 5844/2470/878
f 5848/2471/879 5849/2470/879 5850/2470/879
f 5850/2470/879 5851/2471/879 5848/2471/879
f 5852/2472/878 5853/2471/878 5854/2471/878
f 5854/2471/878 5855/2472/878 5852/2472/878
f 5856/2473/879 5857/2472/879 5858/2472/879
f 5858/2472/879 5859/2473/879 5856/2473/879
f 5860/2474/876 5861/2473/876 5862/2473/876
f 5862/2473/876 5863/2474/876 5860/2474/876
f 5864/2475/879 5865/2474/879 5866/2474/879
f 5866/2474/879 5867/2475/879 5864/2475/879
f 5868/2476/876 5869/2475/876 5870/2475/876
f 5870/2475/876 5871/2476/876 5868/2476/876
f 5872/2477/877 5873/2476/877 5874/2476/877
f 5874/2476/877 5875/2477/877 5872/2477/877
f 5876/2478/878 5877/2477/878 5878/2477/878
f 5878/2477/878 5879/2478/878 5876/2478/878
f 5880/2479/877 5881/2478/877 5882/2478/877
f 5882/2478/877 5883/2479/877 5880/2479/877
f 5884/2480/877 5880/2479/877 5883/2479/877
f 5883/2479/877 5885/2480/877 5884/2480/877
f 5886/2481/880 5887/2480/880 5888/2480/880
f 5888/2480/880 5889/2481/880 5886/2481/880
f 5890/2482/877 5891/2481/877 5892/2481/877
f 5892/2481/877 5893/2482/877 5890/2482/877
f 5894/2483/876 5895/2482/876 5896/2482/876
f 5896/2482/876 5897/2483/876 5894/2483/876
f 5898/2464/879 5899/2483/879 5900/2483/879
f 5900/2483/879 5901/2464/879 5898/2464/879
f 5902/2463/881 5903/2464/881 5904/2483/881
f 5905/2465/881 5902/2463/881 5904/2483/881
f 5906/2466/881 5905/2465/881 5904/2483/881
f 5907/2467/881 5906/2466/881 5904/2483/881
f 5908/2468/881 5907/2467/881 5904/2483/881
f 5908/2468/881 5904/2483/881 5909/2482/881
f 5910/2469/881 5908/2468/881 5909/2482/881
f 5911/2470/881 5910/2469/881 5909/2482/881
f 5909/2482/881 5912/2481/881 5913/2480/881
f 5911/2470/881 5909/2482/881 5913/2480/881
f 5914/2471/881 5911/2470/881 5913/2480/881
f 5914/2471/881 5913/2480/881 5915/2479/881
f 5916/2472/881 5914/2471/881 5915/2479/881
f 5916/2472/881 5915/2479/881 5917/2478/881
f 5918/2477/881 5919/2476/881 5920/2475/881
f 5918/2477/881 5920/2475/881 5921/2474/881
f 5917/2478/881 5918/2477/881 5921/2474/881
f 5916/2472/881 5917/2478/881 5921/2474/881
f 5916/2472/881 5921/2474/881 5922/2473/881
f 5923/2472/882 5924/2473/882 5925/2474/882
f 5926/2475/882 5927/2476/882 5928/2477/882
f 5925/2474/882 5926/2475/882 5928/2477/882
f 5925/2474/882 5928/2477/882 5929/2478/882
f 5923/2472/882 5925/2474/882 5929/2478/882
f 5923/2472/882 5929/2478/882 5930/2479/882
f 5931/2480/882 5932/2481/882 5933/2482/882
f 5934/2483/882 5935/2464/882 5936/2463/882
f 5934/2483/882 5936/2463/882 5937/2465/882
f 5934/2483/882 5937/2465/882 5938/2466/882
f 5934/2483/882 5938/2466/882 5939/2467/882
f 5934/2483/882 5939/2467/882 5940/2468/882
f 5933/2482/882 5934/2483/882 5940/2468/882
f 5933/2482/882 5940/2468/882 5941/2469/882
f 5933/2482/882 5941/2469/882 5942/2470/882
f 5931/2480/882 5933/2482/882 5942/2470/882
f 5931/2480/882 5942/2470/882 5943/2471/882
f 5930/2479/882 5931/2480/882 5943/2471/882
f 5923/2472/882 5930/2479/882 5943/2471/882
o Box047_22_-_Default_0
v -8.715490 10.065536 -6.049307
v -4.717838 10.065536 -3.804353
v -8.715490 10.065536 -3.804353
v -4.717838 10.065536 -6.049307
v -8.715490 12.872693 -6.049308
v -4.717838 12.872693 -3.804353
v -4.717838 12.872693 -6.049308
v -8.715490 12.872693 -3.804353
v -8.715490 12.872693 -3.804353
v -4.717838 10.065536 -3.804353
v -4.717838 12.872693 -3.804353
v -8.715490 10.065536 -3.804353
v -4.717838 12.872693 -3.804353
v -4.717838 10.065536 -6.049307
v -4.717838 12.872693 -6.049308
v -4.717838 10.065536 -3.804353
v -8.715490 12.872693 -6.049308
v -4.717838 12.872693 -6.049308
v -4.717838 10.065536 -6.049307
v -8.715490 10.065536 -6.049307
v -8.715490 12.872693 -3.804353
v -8.715490 12.872693 -6.049308
v -8.715490 10.065536 -6.049307
v -8.715490 10.065536 -3.804353
v -4.833308 10.181006 -5.933837
v -8.600020 10.181006 -5.933837
v -8.600020 10.181006 -3.919823
v -4.833308 10.181006 -3.919823
v -8.600020 12.757223 -3.919823
v -4.833308 12.757223 -5.933838
v -4.833308 12.757223 -3.919823
v -8.600020 12.757223 -5.933838
v -8.600020 12.757223 -3.919823
v -4.833308 12.757223 -3.919823
v -8.600020 10.181006 -3.919823
v -4.833308 10.181006 -3.919823
v -4.833308 12.757223 -3.919823
v -4.833308 12.757223 -5.933838
v -4.833308 10.181006 -3.919823
v -4.833308 10.181006 -5.933837
v -4.833308 12.757223 -5.933838
v -8.600020 12.757223 -5.933838
v -4.833308 10.181006 -5.933837
v -8.600020 10.181006 -5.933837
v -8.600020 12.757223 -5.933838
v -8.600020 12.757223 -3.919823
v -8.600020 10.181006 -5.933837
v -8.600020 10.181006 -3.919823
vn -0.0000 -1.0000 -0.0000
vn -0.0000 1.0000 -0.0000
vn -0.0000 -0.0000 1.0000
vn 1.0000 -0.0000 -0.0000
vn -0.0000 -0.0000 -1.0000
vn -1.0000 -0.0000 -0.0000
vt 0.899765 0.219381
vt 0.100235 0.780619
vt 0.899765 0.780619
vt 0.100235 0.219381
vt 0.100235 0.219381
vt 0.899765 0.780619
vt 0.899765 0.219381
vt 0.100235 0.780619
vt 0.100235 -0.435719
vt 0.899765 1.435718
vt 0.899765 -0.435719
vt 0.100235 1.435718
vt 0.219381 -0.435719
vt 0.780619 1.435718
vt 0.780619 -0.435719
vt 0.219381 1.435718
vt 0.899765 -0.435719
vt 0.100235 -0.435719
vt 0.100235 1.435718
vt 0.899765 1.435718
vt 0.876671 0.248248
vt 0.123329 0.248248
vt 0.123329 0.751752
vt 0.876671 0.751752
vt 0.876671 0.751752
vt 0.123329 0.248248
vt 0.123329 0.751752
vt 0.876671 0.248248
vt 0.876671 -0.358739
vt 0.123329 -0.358739
vt 0.876671 1.358738
vt 0.123329 1.358738
vt 0.751752 -0.358739
vt 0.248248 -0.358739
vt 0.751752 1.358738
vt 0.248248 1.358738
vt 0.876671 -0.358739
vt 0.123329 -0.358739
vt 0.876671 1.358738
vt 0.123329 1.358738
vt 0.248248 -0.358739
vt 0.248248 1.358738
s 0
f 5944/2484/883 5945/2485/883 5946/2486/883
f 5945/2485/883 5944/2484/883 5947/2487/883
f 5948/2488/884 5949/2489/884 5950/2490/884
f 5949/2489/884 5948/2488/884 5951/2491/884
f 5952/2492/885 5953/2493/885 5954/2494/885
f 5953/2493/885 5952/2492/885 5955/2495/885
f 5956/2496/886 5957/2497/886 5958/2498/886
f 5957/2497/886 5956/2496/886 5959/2499/886
f 5960/2500/887 5961/2501/887 5962/2502/887
f 5960/2500/887 5962/2502/887 5963/2503/887
f 5964/2498/888 5965/2496/888 5966/2499/888
f 5964/2498/888 5966/2499/888 5967/2497/888
f 5968/2504/884 5969/2505/884 5970/2506/884
f 5968/2504/884 5970/2506/884 5971/2507/884
f 5972/2508/883 5973/2509/883 5974/2510/883
f 5973/2509/883 5972/2508/883 5975/2511/883
f 5976/2512/887 5977/2513/887 5978/2514/887
f 5977/2513/887 5979/2515/887 5978/2514/887
f 5980/2516/888 5981/2517/888 5982/2518/888
f 5981/2517/888 5983/2519/888 5982/2518/888
f 5984/2520/885 5985/2521/885 5986/2522/885
f 5985/2521/885 5987/2523/885 5986/2522/885
f 5988/2516/886 5989/2524/886 5990/2518/886
f 5989/2524/886 5991/2525/886 5990/2518/886
o Box048_14_-_Polished_Aluminum_0
v -5.188509 10.120562 -3.678112
v -5.188509 10.120562 -4.731579
v -5.049597 10.120562 -3.678112
v -5.049597 10.120562 -4.731579
v -5.188509 13.145697 -4.731579
v -5.188509 13.145697 -3.678112
v -5.049597 13.145697 -3.678112
v -5.049597 13.145697 -4.731579
v -5.049597 13.145697 -3.678112
v -5.049597 10.120562 -3.678112
v -5.049597 13.145697 -4.731579
v -5.049597 10.120562 -4.731579
v -5.049597 13.145697 -4.731579
v -5.049597 10.120562 -4.731579
v -5.188509 13.145697 -4.731579
v -5.188509 10.120562 -4.731579
v -5.188509 13.145697 -4.731579
v -5.188509 10.120562 -4.731579
v -5.188509 13.145697 -3.678112
v -5.188509 10.120562 -3.678112
v -5.188509 13.145697 -3.678112
v -5.188509 10.120562 -3.678112
v -5.049597 13.145697 -3.678112
v -5.049597 10.120562 -3.678112
vn -0.0000 -1.0000 -0.0000
vn -0.0000 1.0000 -0.0000
vn 1.0000 -0.0000 -0.0000
vn -0.0000 -0.0000 -1.0000
vn -1.0000 -0.0000 -0.0000
vn -0.0000 -0.0000 1.0000
vt 0.723190 0.002729
vt 0.723190 -0.207965
vt 0.688462 0.002729
vt 0.688462 -0.207965
vt 0.276810 -0.207965
vt 0.276810 0.002729
vt 0.311538 0.002729
vt 0.311538 -0.207965
vt 0.997271 -0.831156
vt 0.997271 -0.074872
vt 1.207965 -0.831156
vt 1.207965 -0.074872
vt 0.688462 -0.831156
vt 0.688462 -0.074872
vt 0.723190 -0.831156
vt 0.723190 -0.074872
vt -0.207965 -0.831156
vt -0.207965 -0.074872
vt 0.002729 -0.831156
vt 0.002729 -0.074872
vt 0.276810 -0.831156
vt 0.276810 -0.074872
vt 0.311538 -0.831156
vt 0.311538 -0.074872
s 0
f 5992/2526/889 5993/2527/889 5994/2528/889
f 5995/2529/889 5994/2528/889 5993/2527/889
f 5996/2530/890 5997/2531/890 5998/2532/890
f 5996/2530/890 5998/2532/890 5999/2533/890
f 6000/2534/891 6001/2535/891 6002/2536/891
f 6002/2536/891 6001/2535/891 6003/2537/891
f 6004/2538/892 6005/2539/892 6006/2540/892
f 6006/2540/892 6005/2539/892 6007/2541/892
f 6008/2542/893 6009/2543/893 6010/2544/893
f 6010/2544/893 6009/2543/893 6011/2545/893
f 6012/2546/894 6013/2547/894 6014/2548/894
f 6014/2548/894 6013/2547/894 6015/2549/894
o Box049_14_-_Polished_Aluminum_0
v -5.492838 10.120562 -3.678112
v -5.492838 10.120562 -4.731579
v -5.353926 10.120562 -3.678112
v -5.353926 10.120562 -4.731579
v -5.492838 13.145697 -4.731579
v -5.492838 13.145697 -3.678112
v -5.353926 13.145697 -3.678112
v -5.353926 13.145697 -4.731579
v -5.353926 13.145697 -3.678112
v -5.353926 10.120562 -3.678112
v -5.353926 13.145697 -4.731579
v -5.353926 10.120562 -4.731579
v -5.353926 13.145697 -4.731579
v -5.353926 10.120562 -4.731579
v -5.492838 13.145697 -4.731579
v -5.492838 10.120562 -4.731579
v -5.492838 13.145697 -4.731579
v -5.492838 10.120562 -4.731579
v -5.492838 13.145697 -3.678112
v -5.492838 10.120562 -3.678112
v -5.492838 13.145697 -3.678112
v -5.492838 10.120562 -3.678112
v -5.353926 13.145697 -3.678112
v -5.353926 10.120562 -3.678112
vn -0.0000 -1.0000 -0.0000
vn -0.0000 1.0000 -0.0000
vn 1.0000 -0.0000 -0.0000
vn -0.0000 -0.0000 -1.0000
vn -1.0000 -0.0000 -0.0000
vn -0.0000 -0.0000 1.0000
vt 0.799272 0.002729
vt 0.799272 -0.207965
vt 0.764544 0.002729
vt 0.764544 -0.207965
vt 0.200728 -0.207965
vt 0.200728 0.002729
vt 0.235456 0.002729
vt 0.235456 -0.207965
vt 0.997271 -0.831156
vt 0.997271 -0.074872
vt 1.207965 -0.831156
vt 1.207965 -0.074872
vt 0.764544 -0.831156
vt 0.764544 -0.074872
vt 0.799272 -0.831156
vt 0.799272 -0.074872
vt -0.207965 -0.831156
vt -0.207965 -0.074872
vt 0.002729 -0.831156
vt 0.002729 -0.074872
vt 0.200728 -0.831156
vt 0.200728 -0.074872
vt 0.235456 -0.831156
vt 0.235456 -0.074872
s 0
f 6016/2550/895 6017/2551/895 6018/2552/895
f 6019/2553/895 6018/2552/895 6017/2551/895
f 6020/2554/896 6021/2555/896 6022/2556/896
f 6020/2554/896 6022/2556/896 6023/2557/896
f 6024/2558/897 6025/2559/897 6026/2560/897
f 6026/2560/897 6025/2559/897 6027/2561/897
f 6028/2562/898 6029/2563/898 6030/2564/898
f 6030/2564/898 6029/2563/898 6031/2565/898
f 6032/2566/899 6033/2567/899 6034/2568/899
f 6034/2568/899 6033/2567/899 6035/2569/899
f 6036/2570/900 6037/2571/900 6038/2572/900
f 6038/2572/900 6037/2571/900 6039/2573/900
o Box050_14_-_Polished_Aluminum_0
v -5.797167 10.120562 -3.678112
v -5.797167 10.120562 -4.731579
v -5.658255 10.120562 -3.678112
v -5.658255 10.120562 -4.731579
v -5.797167 13.145697 -4.731579
v -5.797167 13.145697 -3.678112
v -5.658255 13.145697 -3.678112
v -5.658255 13.145697 -4.731579
v -5.658255 13.145697 -3.678112
v -5.658255 10.120562 -3.678112
v -5.658255 13.145697 -4.731579
v -5.658255 10.120562 -4.731579
v -5.658255 13.145697 -4.731579
v -5.658255 10.120562 -4.731579
v -5.797167 13.145697 -4.731579
v -5.797167 10.120562 -4.731579
v -5.797167 13.145697 -4.731579
v -5.797167 10.120562 -4.731579
v -5.797167 13.145697 -3.678112
v -5.797167 10.120562 -3.678112
v -5.797167 13.145697 -3.678112
v -5.797167 10.120562 -3.678112
v -5.658255 13.145697 -3.678112
v -5.658255 10.120562 -3.678112
vn -0.0000 -1.0000 -0.0000
vn -0.0000 1.0000 -0.0000
vn 1.0000 -0.0000 -0.0000
vn -0.0000 -0.0000 -1.0000
vn -1.0000 -0.0000 -0.0000
vn -0.0000 -0.0000 1.0000
vt 0.875354 0.002729
vt 0.875354 -0.207965
vt 0.840626 0.002729
vt 0.840626 -0.207965
vt 0.124646 -0.207965
vt 0.124646 0.002729
vt 0.159374 0.002729
vt 0.159374 -0.207965
vt 0.997271 -0.831156
vt 0.997271 -0.074872
vt 1.207965 -0.831156
vt 1.207965 -0.074872
vt 0.840626 -0.831156
vt 0.840626 -0.074872
vt 0.875354 -0.831156
vt 0.875354 -0.074872
vt -0.207965 -0.831156
vt -0.207965 -0.074872
vt 0.002729 -0.831156
vt 0.002729 -0.074872
vt 0.124646 -0.831156
vt 0.124646 -0.074872
vt 0.159374 -0.831156
vt 0.159374 -0.074872
s 0
f 6040/2574/901 6041/2575/901 6042/2576/901
f 6043/2577/901 6042/2576/901 6041/2575/901
f 6044/2578/902 6045/2579/902 6046/2580/902
f 6044/2578/902 6046/2580/902 6047/2581/902
f 6048/2582/903 6049/2583/903 6050/2584/903
f 6050/2584/903 6049/2583/903 6051/2585/903
f 6052/2586/904 6053/2587/904 6054/2588/904
f 6054/2588/904 6053/2587/904 6055/2589/904
f 6056/2590/905 6057/2591/905 6058/2592/905
f 6058/2592/905 6057/2591/905 6059/2593/905
f 6060/2594/906 6061/2595/906 6062/2596/906
f 6062/2596/906 6061/2595/906 6063/2597/906
o Box051_14_-_Polished_Aluminum_0
v -6.101496 10.120562 -3.678112
v -6.101496 10.120562 -4.731579
v -5.962584 10.120562 -3.678112
v -5.962584 10.120562 -4.731579
v -6.101496 13.145697 -4.731579
v -6.101496 13.145697 -3.678112
v -5.962584 13.145697 -3.678112
v -5.962584 13.145697 -4.731579
v -5.962584 13.145697 -3.678112
v -5.962584 10.120562 -3.678112
v -5.962584 13.145697 -4.731579
v -5.962584 10.120562 -4.731579
v -5.962584 13.145697 -4.731579
v -5.962584 10.120562 -4.731579
v -6.101496 13.145697 -4.731579
v -6.101496 10.120562 -4.731579
v -6.101496 13.145697 -4.731579
v -6.101496 10.120562 -4.731579
v -6.101496 13.145697 -3.678112
v -6.101496 10.120562 -3.678112
v -6.101496 13.145697 -3.678112
v -6.101496 10.120562 -3.678112
v -5.962584 13.145697 -3.678112
v -5.962584 10.120562 -3.678112
vn -0.0000 -1.0000 -0.0000
vn -0.0000 1.0000 -0.0000
vn 1.0000 -0.0000 -0.0000
vn -0.0000 -0.0000 -1.0000
vn -1.0000 -0.0000 -0.0000
vn -0.0000 -0.0000 1.0000
vt 0.951436 0.002729
vt 0.951436 -0.207965
vt 0.916708 0.002729
vt 0.916708 -0.207965
vt 0.048564 -0.207965
vt 0.048564 0.002729
vt 0.083292 0.002729
vt 0.083292 -0.207965
vt 0.997271 -0.831156
vt 0.997271 -0.074872
vt 1.207965 -0.831156
vt 1.207965 -0.074872
vt 0.916708 -0.831156
vt 0.916708 -0.074872
vt 0.951436 -0.831156
vt 0.951436 -0.074872
vt -0.207965 -0.831156
vt -0.207965 -0.074872
vt 0.002729 -0.831156
vt 0.002729 -0.074872
vt 0.048564 -0.831156
vt 0.048564 -0.074872
vt 0.083292 -0.831156
vt 0.083292 -0.074872
s 0
f 6064/2598/907 6065/2599/907 6066/2600/907
f 6067/2601/907 6066/2600/907 6065/2599/907
f 6068/2602/908 6069/2603/908 6070/2604/908
f 6068/2602/908 6070/2604/908 6071/2605/908
f 6072/2606/909 6073/2607/909 6074/2608/909
f 6074/2608/909 6073/2607/909 6075/2609/909
f 6076/2610/910 6077/2611/910 6078/2612/910
f 6078/2612/910 6077/2611/910 6079/2613/910
f 6080/2614/911 6081/2615/911 6082/2616/911
f 6082/2616/911 6081/2615/911 6083/2617/911
f 6084/2618/912 6085/2619/912 6086/2620/912
f 6086/2620/912 6085/2619/912 6087/2621/912
o Line020_04_-_Default_0
v -11.371542 11.037210 -1.597056
v -11.371542 11.037210 -1.546362
v -11.351542 11.037210 -1.597056
v -11.351542 11.037210 -1.546362
v -11.371542 10.237209 -1.546362
v -11.371542 11.037210 -1.546362
v -11.371542 11.037210 -1.597056
v -11.371542 10.237209 -1.597056
v -11.371542 10.237209 -1.546362
v -11.351542 10.237209 -1.597056
v -11.351542 10.237209 -1.546362
v -11.371542 10.237209 -1.597056
v -7.650428 11.037210 -1.546363
v -7.650428 10.237210 -1.597057
v -7.650429 11.037210 -1.597057
v -7.650428 10.237210 -1.546363
v -7.571253 11.037211 -7.440052
v -11.371542 11.037210 -7.440219
v -11.351542 11.037210 -7.420219
v -7.551252 11.037207 -7.420053
v -11.371542 11.037210 -7.440219
v -7.571253 11.037211 -7.440052
v -7.571310 10.237211 -7.440386
v -11.371542 10.237209 -7.440219
v -11.351542 10.237209 -7.420219
v -7.571310 10.237211 -7.440386
v -7.551310 10.237206 -7.420386
v -11.371542 10.237209 -7.440219
v -11.351542 11.037210 -7.420219
v -7.551310 10.237206 -7.420386
v -7.551252 11.037207 -7.420053
v -11.351542 10.237209 -7.420219
v -7.551224 11.037204 -9.330375
v -7.571224 11.037214 -9.350375
v -7.571224 11.037214 -9.350375
v -7.571310 10.237211 -7.440386
v -7.571253 11.037211 -7.440052
v -7.571338 10.237214 -9.351042
v -7.551338 10.237204 -9.331041
v -7.571338 10.237214 -9.351042
v -7.551224 11.037204 -9.330375
v -7.551252 11.037207 -7.420053
v -7.551310 10.237206 -7.420386
v -7.551338 10.237204 -9.331041
v -1.831447 11.037204 -9.330650
v -1.811447 11.037214 -9.350651
v -1.811447 11.037214 -9.350651
v -7.571338 10.237214 -9.351042
v -7.571224 11.037214 -9.350375
v -1.810780 10.237214 -9.350765
v -1.810780 10.237214 -9.350765
v -1.830780 10.237204 -9.330765
v -1.831447 11.037204 -9.330650
v -7.551224 11.037204 -9.330375
v -7.551338 10.237204 -9.331041
v -1.830780 10.237204 -9.330765
v -1.811476 11.037217 -2.190273
v -1.831475 11.037203 -2.170273
v -1.811447 11.037214 -9.350651
v -1.811476 11.037217 -2.190273
v -1.810752 10.237217 -2.190721
v -1.810780 10.237214 -9.350765
v -1.810752 10.237217 -2.190721
v -1.830752 10.237203 -2.170721
v -1.831447 11.037204 -9.330650
v -1.830752 10.237203 -2.170721
v -1.831475 11.037203 -2.170273
v -1.830780 10.237204 -9.330765
v 3.722026 11.037200 -2.170106
v 3.742026 11.037220 -2.190106
v 3.742026 11.037220 -2.190106
v -1.810752 10.237217 -2.190721
v -1.811476 11.037217 -2.190273
v 3.742808 10.237220 -2.190888
v 3.722808 10.237200 -2.170888
v 3.742808 10.237220 -2.190888
v 3.722026 11.037200 -2.170106
v -1.831475 11.037203 -2.170273
v -1.830752 10.237203 -2.170721
v 3.722808 10.237200 -2.170888
v 3.742026 11.037220 -1.597056
v 3.722026 11.037200 -1.597056
v 3.742026 11.037220 -2.190106
v 3.742808 10.237220 -1.597055
v 3.742808 10.237220 -2.190888
v 3.742026 11.037220 -1.597056
v 3.742808 10.237220 -1.597055
v 3.722808 10.237200 -1.597055
v 3.722026 11.037200 -2.170106
v 3.722808 10.237200 -1.597055
v 3.722026 11.037200 -1.597056
v 3.722808 10.237200 -2.170888
v 3.722026 11.037202 8.185828
v -7.634737 11.037202 8.185828
v -7.654737 11.037221 8.205829
v 3.742026 11.037221 8.205829
v 3.742026 11.037221 8.205829
v -7.654737 11.037221 8.205829
v -7.655518 10.237221 8.206611
v 3.742808 10.237221 8.206611
v -7.655518 10.237221 8.206611
v 3.722808 10.237202 8.186610
v 3.742808 10.237221 8.206611
v -7.635518 10.237202 8.186610
v -7.634737 11.037202 8.185828
v 3.722026 11.037202 8.185828
v 3.722808 10.237202 8.186610
v -7.635518 10.237202 8.186610
v -7.654737 11.037220 -1.597056
v -7.634737 11.037200 -1.597056
v -7.655518 10.237220 -1.597056
v -7.654737 11.037221 8.205829
v -7.654737 11.037220 -1.597056
v -7.655518 10.237221 8.206611
v -7.655518 10.237220 -1.597056
v -7.635518 10.237200 -1.597056
v -7.634737 11.037202 8.185828
v -7.635518 10.237200 -1.597056
v -7.634737 11.037200 -1.597056
v -7.635518 10.237202 8.186610
v -11.371542 11.037210 -1.546362
v -11.371542 10.237209 -1.546362
v -11.351542 11.037210 -1.546362
v -11.351542 10.237209 -1.546362
v -7.654737 11.037220 -1.632766
v -7.635518 10.237200 -1.632766
v -7.655518 10.237220 -1.632766
v -7.634737 11.037200 -1.632766
v -11.371542 10.237209 -7.440219
v -11.371542 11.037210 -7.440219
v -11.351542 11.037210 -1.597056
v -11.351542 10.237209 -7.420219
v -11.351542 11.037210 -7.420219
v -11.351542 10.237209 -1.597056
v 3.742808 10.237221 8.206611
v 3.742026 11.037221 8.205829
v 3.722026 11.037202 8.185828
v 3.722808 10.237202 8.186610
v -7.654737 11.037220 -1.632766
v -7.634737 11.037200 -1.632766
v -7.654737 11.037220 -1.632766
v -7.655518 10.237220 -1.632766
v -7.635518 10.237200 -1.632766
v -7.655518 10.237220 -1.632766
v -7.635518 10.237200 -1.632766
v -7.634737 11.037200 -1.632766
v -11.351542 11.037210 -1.546362
v -7.650429 11.037210 -1.597057
v -11.351542 11.037210 -1.597056
v -7.650428 11.037210 -1.546363
v -11.351542 10.237209 -1.546362
v -7.650428 10.237210 -1.546363
v -11.351542 11.037210 -1.546362
v -7.650428 11.037210 -1.546363
v -11.351542 10.237209 -1.597056
v -7.650428 10.237210 -1.546363
v -11.351542 10.237209 -1.546362
v -7.650428 10.237210 -1.597057
v -7.650429 11.037210 -1.597057
v -11.351542 10.237209 -1.597056
v -11.351542 11.037210 -1.597056
v -7.650428 10.237210 -1.597057
vn -0.0000 1.0000 -0.0000
vn -1.0000 -0.0000 -0.0000
vn -0.0000 -1.0000 -0.0000
vn 1.0000 -0.0000 -0.0000
vn -0.0000 1.0000 0.0002
vn -0.0000 0.0004 -1.0000
vn -0.0000 -0.0000 -1.0000
vn -0.0000 -1.0000 0.0001
vn -0.0002 -1.0000 -0.0000
vn -0.0003 -1.0000 -0.0001
vn -0.0000 -0.0004 1.0000
vn -0.0000 -0.0000 1.0000
vn 0.0002 1.0000 -0.0000
vn 0.0005 1.0000 -0.0000
vn -1.0000 0.0001 -0.0000
vn -0.0002 -1.0000 -0.0003
vn -0.0005 -1.0000 -0.0000
vn 1.0000 -0.0001 -0.0000
vn -0.0000 1.0000 0.0005
vn -0.0004 1.0000 0.0002
vn -0.0003 1.0000 0.0003
vn -0.0000 0.0008 -1.0000
vn -0.0000 0.0001 -1.0000
vn 0.0004 -1.0000 -0.0001
vn -0.0002 -1.0000 -0.0002
vn -0.0000 -0.0008 1.0000
vn -0.0000 -0.0001 1.0000
vn -0.0004 1.0000 0.0003
vn -0.0005 1.0000 -0.0000
vn -0.0002 1.0000 0.0003
vn -0.0004 1.0000 0.0004
vn 1.0000 0.0009 -0.0000
vn 1.0000 0.0008 -0.0000
vn 0.0003 -1.0000 -0.0004
vn 0.0003 -1.0000 -0.0003
vn 0.0003 -1.0000 -0.0002
vn 0.0004 -1.0000 -0.0004
vn -1.0000 -0.0009 -0.0000
vn -1.0000 -0.0008 -0.0000
vn -0.0005 1.0000 0.0005
vn -0.0000 0.0009 -1.0000
vn -0.0000 0.0010 -1.0000
vn -0.0000 0.0006 -1.0000
vn 0.0005 -1.0000 -0.0005
vn -0.0000 -0.0010 1.0000
vn -0.0000 -0.0009 1.0000
vn -0.0010 1.0000 -0.0000
vn 1.0000 0.0010 -0.0000
vn 0.0010 -1.0000 -0.0000
vn -1.0000 -0.0010 -0.0000
vn -0.0005 1.0000 -0.0005
vn 0.0005 1.0000 -0.0005
vn -0.0000 0.0010 1.0000
vn -0.0005 -1.0000 0.0005
vn 0.0005 -1.0000 0.0005
vn -0.0000 -0.0010 -1.0000
vn 0.0010 1.0000 -0.0000
vn -1.0000 0.0010 -0.0000
vn -0.0010 -1.0000 -0.0000
vn 1.0000 -0.0010 -0.0000
vn 0.0007 -1.0000 0.0002
vt 0.250000 0.999231
vt 0.250000 1.000000
vt 0.000000 0.999228
vt 0.000000 1.000000
vt 0.500000 1.000000
vt 0.500000 0.999231
vt 0.750000 0.999228
vt 0.750000 1.000000
vt 1.000000 1.000000
vt 1.000000 0.999228
vt 0.250000 0.865968
vt 0.250000 0.927741
vt 0.000000 0.927741
vt 0.000000 0.865968
vt 0.500000 0.865968
vt 0.500000 0.927741
vt 0.750000 0.927741
vt 0.750000 0.865968
vt 1.000000 0.927741
vt 1.000000 0.865968
vt 0.000000 0.816558
vt 0.250000 0.816558
vt 0.500000 0.816558
vt 0.750000 0.816558
vt 1.000000 0.816558
vt 0.000000 0.723251
vt 0.250000 0.723251
vt 0.500000 0.723251
vt 0.750000 0.723251
vt 1.000000 0.723251
vt 0.250000 0.606862
vt 0.000000 0.606862
vt 0.500000 0.606862
vt 0.750000 0.606862
vt 1.000000 0.606862
vt 0.000000 0.516589
vt 0.250000 0.516589
vt 0.500000 0.516589
vt 0.750000 0.516589
vt 1.000000 0.516589
vt 0.250000 0.506967
vt 0.000000 0.507256
vt 0.500000 0.506956
vt 0.750000 0.507244
vt 1.000000 0.507256
vt 0.000000 0.347916
vt 0.000000 0.162974
vt 0.250000 0.162974
vt 0.250000 0.347916
vt 0.500000 0.162974
vt 0.500000 0.347916
vt 0.750000 0.347916
vt 0.750000 0.162974
vt 1.000000 0.162974
vt 1.000000 0.347916
vt 0.250000 0.003780
vt 0.000000 0.003788
vt 0.500000 0.003780
vt 0.750000 0.003788
vt 1.000000 0.003788
vt 0.250000 0.000000
vt 0.000000 0.000000
vt 0.500000 0.000000
vt 0.750000 0.000000
vt 1.000000 0.000000
s 0
f 6088/2622/913 6089/2623/913 6090/2624/913
f 6090/2624/913 6089/2623/913 6091/2625/913
f 6092/2626/914 6093/2623/914 6094/2622/914
f 6094/2622/914 6095/2627/914 6092/2626/914
f 6096/2626/915 6097/2628/915 6098/2629/915
f 6097/2628/915 6096/2626/915 6099/2627/915
f 6100/2630/916 6101/2628/916 6102/2631/916
f 6101/2628/916 6100/2630/916 6103/2629/916
f 6104/2632/913 6105/2633/913 6106/2634/913
f 6106/2634/917 6107/2635/917 6104/2632/917
f 6108/2633/918 6109/2632/918 6110/2636/918
f 6108/2633/919 6110/2636/919 6111/2637/919
f 6112/2638/920 6113/2636/921 6114/2639/921
f 6113/2636/922 6112/2638/915 6115/2637/915
f 6116/2640/923 6117/2639/923 6118/2641/923
f 6117/2639/924 6116/2640/924 6119/2638/924
f 6120/2642/925 6104/2632/925 6107/2635/925
f 6104/2632/926 6120/2642/926 6121/2643/926
f 6122/2643/927 6123/2636/927 6124/2632/927
f 6123/2636/927 6122/2643/927 6125/2644/927
f 6126/2645/928 6114/2639/921 6113/2636/921
f 6113/2636/929 6127/2644/929 6126/2645/929
f 6128/2646/930 6129/2641/930 6130/2639/930
f 6128/2646/930 6130/2639/930 6131/2645/930
f 6121/2643/931 6132/2647/932 6133/2648/933
f 6132/2647/932 6121/2643/931 6120/2642/931
f 6134/2648/934 6135/2644/934 6136/2643/934
f 6135/2644/935 6134/2648/935 6137/2649/935
s 1
f 6138/2649/936 6126/2645/937 6127/2644/922
s 0
f 6126/2645/937 6138/2649/936 6139/2650/936
f 6140/2651/938 6141/2646/938 6142/2645/938
f 6140/2651/939 6142/2645/939 6143/2650/939
f 6144/2652/940 6133/2648/941 6132/2647/933
s 1
f 6132/2647/942 6145/2653/943 6144/2652/943
s 0
f 6146/2648/944 6147/2652/944 6148/2654/944
f 6146/2648/945 6148/2654/945 6149/2649/945
f 6150/2654/946 6139/2650/947 6138/2649/947
s 1
f 6139/2650/948 6150/2654/949 6151/2655/949
s 0
f 6152/2651/950 6153/2655/950 6154/2656/950
f 6153/2655/951 6152/2651/951 6155/2650/951
s 1
f 6144/2652/943 6156/2657/952 6157/2658/952
f 6156/2657/952 6144/2652/943 6145/2653/943
f 6158/2658/953 6159/2654/954 6160/2652/953
s 0
f 6159/2654/955 6158/2658/954 6161/2659/955
s 1
f 6162/2660/956 6151/2655/949 6150/2654/949
f 6150/2654/949 6163/2659/956 6162/2660/956
f 6164/2661/957 6165/2656/957 6166/2655/958
s 0
f 6164/2661/957 6166/2655/957 6167/2660/957
s 1
f 6168/2662/959 6157/2658/952 6156/2657/952
f 6156/2657/952 6169/2663/959 6168/2662/959
s 0
f 6170/2658/960 6171/2664/960 6172/2659/960
f 6171/2664/960 6170/2658/960 6173/2662/960
s 1
f 6162/2660/956 6174/2664/961 6175/2665/961
f 6163/2659/956 6174/2664/961 6162/2660/956
s 0
f 6176/2661/962 6177/2665/962 6178/2666/962
f 6177/2665/962 6176/2661/962 6179/2660/962
s 1
f 6180/2667/963 6181/2668/964 6182/2669/964
f 6180/2667/963 6182/2669/964 6183/2670/963
s 0
f 6184/2670/965 6185/2669/965 6186/2671/965
f 6184/2670/965 6186/2671/965 6187/2672/965
s 1
f 6188/2671/966 6189/2673/967 6190/2672/967
f 6189/2673/967 6188/2671/966 6191/2674/966
s 0
f 6192/2675/968 6193/2676/968 6194/2673/968
f 6192/2675/968 6194/2673/968 6195/2674/968
s 1
f 6196/2677/969 6181/2668/964 6197/2678/969
f 6181/2668/964 6196/2677/969 6182/2669/964
s 0
f 6198/2679/970 6199/2669/970 6200/2677/970
f 6199/2669/970 6198/2679/970 6201/2671/970
s 1
f 6188/2671/966 6202/2679/971 6191/2674/966
f 6191/2674/966 6202/2679/971 6203/2680/971
s 0
f 6204/2675/972 6205/2680/972 6206/2681/972
f 6205/2680/972 6204/2675/972 6207/2674/972
f 6208/2625/924 6209/2625/924 6210/2625/924
f 6210/2625/924 6209/2625/924 6211/2625/924
f 6212/2625/919 6213/2625/919 6214/2625/919
f 6213/2625/919 6212/2625/919 6215/2625/919
f 6105/2633/913 6088/2622/913 6106/2634/913
f 6106/2634/913 6088/2622/913 6090/2624/913
f 6216/2637/914 6095/2627/914 6217/2633/914
f 6094/2622/914 6217/2633/914 6095/2627/914
f 6099/2627/915 6112/2638/915 6097/2628/915
f 6112/2638/915 6099/2627/915 6115/2637/915
f 6218/2631/916 6219/2638/916 6220/2640/916
f 6219/2638/916 6218/2631/916 6221/2628/916
s 1
f 6169/2663/959 6180/2667/963 6168/2662/959
f 6168/2662/959 6180/2667/963 6183/2670/963
s 0
f 6222/2672/960 6171/2664/960 6223/2670/960
f 6173/2662/960 6223/2670/960 6171/2664/960
f 6174/2664/961 6189/2673/973 6175/2665/961
s 1
f 6189/2673/967 6174/2664/961 6190/2672/967
s 0
f 6224/2676/962 6177/2665/962 6225/2673/962
f 6177/2665/962 6224/2676/962 6178/2666/962
f 6226/2682/969 6197/2678/969 6227/2683/969
f 6197/2678/969 6226/2682/969 6196/2677/969
f 6198/2679/970 6200/2677/970 6228/2682/970
f 6228/2682/970 6229/2684/970 6198/2679/970
f 6202/2679/971 6230/2685/971 6203/2680/971
f 6230/2685/971 6202/2679/971 6231/2684/971
f 6206/2681/972 6232/2685/972 6233/2686/972
f 6232/2685/972 6206/2681/972 6205/2680/972
f 6234/2630/913 6235/2631/913 6236/2631/913
f 6235/2631/913 6234/2630/913 6237/2630/913
f 6238/2629/924 6239/2629/924 6240/2630/924
f 6241/2630/924 6240/2630/924 6239/2629/924
f 6242/2628/915 6243/2629/915 6244/2629/915
f 6243/2629/915 6242/2628/915 6245/2628/915
f 6246/2631/919 6247/2628/919 6248/2631/919
f 6247/2628/919 6246/2631/919 6249/2628/919
o Box088_05_-_Default_0
v -6.028644 10.249835 -9.314053
v -6.080347 10.249835 -9.314053
v -6.028644 10.249835 -9.366926
v -6.080347 10.249835 -9.366926
v -6.028644 11.069847 -9.366926
v -6.080347 11.069847 -9.366926
v -6.080347 11.069847 -9.314053
v -6.028644 11.069847 -9.314053
v -6.080347 11.069847 -9.314053
v -6.080347 10.249835 -9.314053
v -6.028644 11.069847 -9.314053
v -6.028644 10.249835 -9.314053
v -6.028644 11.069847 -9.314053
v -6.028644 10.249835 -9.314053
v -6.028644 11.069847 -9.366926
v -6.028644 10.249835 -9.366926
v -6.028644 11.069847 -9.366926
v -6.028644 10.249835 -9.366926
v -6.080347 11.069847 -9.366926
v -6.080347 10.249835 -9.366926
v -6.080347 11.069847 -9.366926
v -6.080347 10.249835 -9.366926
v -6.080347 11.069847 -9.314053
v -6.080347 10.249835 -9.314053
vn -0.0000 -1.0000 -0.0000
vn -0.0000 1.0000 -0.0000
vn -0.0000 -0.0000 1.0000
vn 1.0000 -0.0000 -0.0000
vn -0.0000 -0.0000 -1.0000
vn -1.0000 -0.0000 -0.0000
vt 0.000000 1.000000
vt 1.000000 1.000000
vt 0.000000 0.000000
vt 1.000000 0.000000
s 0
f 6250/2687/974 6251/2688/974 6252/2689/974
f 6251/2688/974 6253/2690/974 6252/2689/974
f 6254/2690/975 6255/2689/975 6256/2687/975
f 6254/2690/975 6256/2687/975 6257/2688/975
f 6258/2689/976 6259/2687/976 6260/2690/976
f 6260/2690/976 6259/2687/976 6261/2688/976
f 6262/2689/977 6263/2687/977 6264/2690/977
f 6264/2690/977 6263/2687/977 6265/2688/977
f 6266/2689/978 6267/2687/978 6268/2690/978
f 6268/2690/978 6267/2687/978 6269/2688/978
f 6270/2689/979 6271/2687/979 6272/2690/979
f 6272/2690/979 6271/2687/979 6273/2688/979
o Box089_05_-_Default_0
v -4.517940 10.249835 -9.314053
v -4.569642 10.249835 -9.314053
v -4.517940 10.249835 -9.366926
v -4.569642 10.249835 -9.366926
v -4.517940 11.069847 -9.366926
v -4.569642 11.069847 -9.366926
v -4.569642 11.069847 -9.314053
v -4.517940 11.069847 -9.314053
v -4.569642 11.069847 -9.314053
v -4.569642 10.249835 -9.314053
v -4.517940 11.069847 -9.314053
v -4.517940 10.249835 -9.314053
v -4.517940 11.069847 -9.314053
v -4.517940 10.249835 -9.314053
v -4.517940 11.069847 -9.366926
v -4.517940 10.249835 -9.366926
v -4.517940 11.069847 -9.366926
v -4.517940 10.249835 -9.366926
v -4.569642 11.069847 -9.366926
v -4.569642 10.249835 -9.366926
v -4.569642 11.069847 -9.366926
v -4.569642 10.249835 -9.366926
v -4.569642 11.069847 -9.314053
v -4.569642 10.249835 -9.314053
vn -0.0000 -1.0000 -0.0000
vn -0.0000 1.0000 -0.0000
vn -0.0000 -0.0000 1.0000
vn 1.0000 -0.0000 -0.0000
vn -0.0000 -0.0000 -1.0000
vn -1.0000 -0.0000 -0.0000
vt 0.000000 1.000000
vt 1.000000 1.000000
vt 0.000000 0.000000
vt 1.000000 0.000000
s 0
f 6274/2691/980 6275/2692/980 6276/2693/980
f 6275/2692/980 6277/2694/980 6276/2693/980
f 6278/2694/981 6279/2693/981 6280/2691/981
f 6278/2694/981 6280/2691/981 6281/2692/981
f 6282/2693/982 6283/2691/982 6284/2694/982
f 6284/2694/982 6283/2691/982 6285/2692/982
f 6286/2693/983 6287/2691/983 6288/2694/983
f 6288/2694/983 6287/2691/983 6289/2692/983
f 6290/2693/984 6291/2691/984 6292/2694/984
f 6292/2694/984 6291/2691/984 6293/2692/984
f 6294/2693/985 6295/2691/985 6296/2694/985
f 6296/2694/985 6295/2691/985 6297/2692/985
o Box090_05_-_Default_0
v -3.007241 10.249835 -9.314053
v -3.058944 10.249835 -9.314053
v -3.007241 10.249835 -9.366926
v -3.058944 10.249835 -9.366926
v -3.007241 11.069847 -9.366926
v -3.058944 11.069847 -9.366926
v -3.058944 11.069847 -9.314053
v -3.007241 11.069847 -9.314053
v -3.058944 11.069847 -9.314053
v -3.058944 10.249835 -9.314053
v -3.007241 11.069847 -9.314053
v -3.007241 10.249835 -9.314053
v -3.007241 11.069847 -9.314053
v -3.007241 10.249835 -9.314053
v -3.007241 11.069847 -9.366926
v -3.007241 10.249835 -9.366926
v -3.007241 11.069847 -9.366926
v -3.007241 10.249835 -9.366926
v -3.058944 11.069847 -9.366926
v -3.058944 10.249835 -9.366926
v -3.058944 11.069847 -9.366926
v -3.058944 10.249835 -9.366926
v -3.058944 11.069847 -9.314053
v -3.058944 10.249835 -9.314053
vn -0.0000 -1.0000 -0.0000
vn -0.0000 1.0000 -0.0000
vn -0.0000 -0.0000 1.0000
vn 1.0000 -0.0000 -0.0000
vn -0.0000 -0.0000 -1.0000
vn -1.0000 -0.0000 -0.0000
vt 0.000000 1.000000
vt 1.000000 1.000000
vt 0.000000 0.000000
vt 1.000000 0.000000
s 0
f 6298/2695/986 6299/2696/986 6300/2697/986
f 6299/2696/986 6301/2698/986 6300/2697/986
f 6302/2698/987 6303/2697/987 6304/2695/987
f 6302/2698/987 6304/2695/987 6305/2696/987
f 6306/2697/988 6307/2695/988 6308/2698/988
f 6308/2698/988 6307/2695/988 6309/2696/988
f 6310/2697/989 6311/2695/989 6312/2698/989
f 6312/2698/989 6311/2695/989 6313/2696/989
f 6314/2697/990 6315/2695/990 6316/2698/990
f 6316/2698/990 6315/2695/990 6317/2696/990
f 6318/2697/991 6319/2695/991 6320/2698/991
f 6320/2698/991 6319/2695/991 6321/2696/991
o Box091_05_-_Default_0
v -1.801752 10.249835 -9.314053
v -1.853454 10.249835 -9.314053
v -1.801752 10.249835 -9.366926
v -1.853454 10.249835 -9.366926
v -1.801752 11.069847 -9.366926
v -1.853454 11.069847 -9.366926
v -1.853454 11.069847 -9.314053
v -1.801752 11.069847 -9.314053
v -1.853454 11.069847 -9.314053
v -1.853454 10.249835 -9.314053
v -1.801752 11.069847 -9.314053
v -1.801752 10.249835 -9.314053
v -1.801752 11.069847 -9.314053
v -1.801752 10.249835 -9.314053
v -1.801752 11.069847 -9.366926
v -1.801752 10.249835 -9.366926
v -1.801752 11.069847 -9.366926
v -1.801752 10.249835 -9.366926
v -1.853454 11.069847 -9.366926
v -1.853454 10.249835 -9.366926
v -1.853454 11.069847 -9.366926
v -1.853454 10.249835 -9.366926
v -1.853454 11.069847 -9.314053
v -1.853454 10.249835 -9.314053
vn -0.0000 -1.0000 -0.0000
vn -0.0000 1.0000 -0.0000
vn -0.0000 -0.0000 1.0000
vn 1.0000 -0.0000 -0.0000
vn -0.0000 -0.0000 -1.0000
vn -1.0000 -0.0000 -0.0000
vt 0.000000 1.000000
vt 1.000000 1.000000
vt 0.000000 0.000000
vt 1.000000 0.000000
s 0
f 6322/2699/992 6323/2700/992 6324/2701/992
f 6323/2700/992 6325/2702/992 6324/2701/992
f 6326/2702/993 6327/2701/993 6328/2699/993
f 6326/2702/993 6328/2699/993 6329/2700/993
f 6330/2701/994 6331/2699/994 6332/2702/994
f 6332/2702/994 6331/2699/994 6333/2700/994
f 6334/2701/995 6335/2699/995 6336/2702/995
f 6336/2702/995 6335/2699/995 6337/2700/995
f 6338/2701/996 6339/2699/996 6340/2702/996
f 6340/2702/996 6339/2699/996 6341/2700/996
f 6342/2701/997 6343/2699/997 6344/2702/997
f 6344/2702/997 6343/2699/997 6345/2700/997
o Box092_05_-_Default_0
v -1.801752 10.249835 -7.723142
v -1.853454 10.249835 -7.723142
v -1.801752 10.249835 -7.776016
v -1.853454 10.249835 -7.776016
v -1.801752 11.069847 -7.776016
v -1.853454 11.069847 -7.776016
v -1.853454 11.069847 -7.723142
v -1.801752 11.069847 -7.723142
v -1.853454 11.069847 -7.723142
v -1.853454 10.249835 -7.723142
v -1.801752 11.069847 -7.723142
v -1.801752 10.249835 -7.723142
v -1.801752 11.069847 -7.723142
v -1.801752 10.249835 -7.723142
v -1.801752 11.069847 -7.776016
v -1.801752 10.249835 -7.776016
v -1.801752 11.069847 -7.776016
v -1.801752 10.249835 -7.776016
v -1.853454 11.069847 -7.776016
v -1.853454 10.249835 -7.776016
v -1.853454 11.069847 -7.776016
v -1.853454 10.249835 -7.776016
v -1.853454 11.069847 -7.723142
v -1.853454 10.249835 -7.723142
vn -0.0000 -1.0000 -0.0000
vn -0.0000 1.0000 -0.0000
vn -0.0000 -0.0000 1.0000
vn 1.0000 -0.0000 -0.0000
vn -0.0000 -0.0000 -1.0000
vn -1.0000 -0.0000 -0.0000
vt 0.000000 1.000000
vt 1.000000 1.000000
vt 0.000000 0.000000
vt 1.000000 0.000000
s 0
f 6346/2703/998 6347/2704/998 6348/2705/998
f 6347/2704/998 6349/2706/998 6348/2705/998
f 6350/2706/999 6351/2705/999 6352/2703/999
f 6350/2706/999 6352/2703/999 6353/2704/999
f 6354/2705/1000 6355/2703/1000 6356/2706/1000
f 6356/2706/1000 6355/2703/1000 6357/2704/1000
f 6358/2705/1001 6359/2703/1001 6360/2706/1001
f 6360/2706/1001 6359/2703/1001 6361/2704/1001
f 6362/2705/1002 6363/2703/1002 6364/2706/1002
f 6364/2706/1002 6363/2703/1002 6365/2704/1002
f 6366/2705/1003 6367/2703/1003 6368/2706/1003
f 6368/2706/1003 6367/2703/1003 6369/2704/1003
o Box093_05_-_Default_0
v -1.801752 10.249835 -6.132236
v -1.853454 10.249835 -6.132236
v -1.801752 10.249835 -6.185111
v -1.853454 10.249835 -6.185111
v -1.801752 11.069847 -6.185111
v -1.853454 11.069847 -6.185111
v -1.853454 11.069847 -6.132236
v -1.801752 11.069847 -6.132236
v -1.853454 11.069847 -6.132236
v -1.853454 10.249835 -6.132236
v -1.801752 11.069847 -6.132236
v -1.801752 10.249835 -6.132236
v -1.801752 11.069847 -6.132236
v -1.801752 10.249835 -6.132236
v -1.801752 11.069847 -6.185111
v -1.801752 10.249835 -6.185111
v -1.801752 11.069847 -6.185111
v -1.801752 10.249835 -6.185111
v -1.853454 11.069847 -6.185111
v -1.853454 10.249835 -6.185111
v -1.853454 11.069847 -6.185111
v -1.853454 10.249835 -6.185111
v -1.853454 11.069847 -6.132236
v -1.853454 10.249835 -6.132236
vn -0.0000 -1.0000 -0.0000
vn -0.0000 1.0000 -0.0000
vn -0.0000 -0.0000 1.0000
vn 1.0000 -0.0000 -0.0000
vn -0.0000 -0.0000 -1.0000
vn -1.0000 -0.0000 -0.0000
vt 0.000000 1.000000
vt 1.000000 1.000000
vt 0.000000 0.000000
vt 1.000000 0.000000
s 0
f 6370/2707/1004 6371/2708/1004 6372/2709/1004
f 6371/2708/1004 6373/2710/1004 6372/2709/1004
f 6374/2710/1005 6375/2709/1005 6376/2707/1005
f 6374/2710/1005 6376/2707/1005 6377/2708/1005
f 6378/2709/1006 6379/2707/1006 6380/2710/1006
f 6380/2710/1006 6379/2707/1006 6381/2708/1006
f 6382/2709/1007 6383/2707/1007 6384/2710/1007
f 6384/2710/1007 6383/2707/1007 6385/2708/1007
f 6386/2709/1008 6387/2707/1008 6388/2710/1008
f 6388/2710/1008 6387/2707/1008 6389/2708/1008
f 6390/2709/1009 6391/2707/1009 6392/2710/1009
f 6392/2710/1009 6391/2707/1009 6393/2708/1009
o Box094_05_-_Default_0
v -1.801752 10.249835 -4.541332
v -1.853454 10.249835 -4.541332
v -1.801752 10.249835 -4.594206
v -1.853454 10.249835 -4.594206
v -1.801752 11.069847 -4.594206
v -1.853454 11.069847 -4.594206
v -1.853454 11.069847 -4.541332
v -1.801752 11.069847 -4.541332
v -1.853454 11.069847 -4.541332
v -1.853454 10.249835 -4.541332
v -1.801752 11.069847 -4.541332
v -1.801752 10.249835 -4.541332
v -1.801752 11.069847 -4.541332
v -1.801752 10.249835 -4.541332
v -1.801752 11.069847 -4.594206
v -1.801752 10.249835 -4.594206
v -1.801752 11.069847 -4.594206
v -1.801752 10.249835 -4.594206
v -1.853454 11.069847 -4.594206
v -1.853454 10.249835 -4.594206
v -1.853454 11.069847 -4.594206
v -1.853454 10.249835 -4.594206
v -1.853454 11.069847 -4.541332
v -1.853454 10.249835 -4.541332
vn -0.0000 -1.0000 -0.0000
vn -0.0000 1.0000 -0.0000
vn -0.0000 -0.0000 1.0000
vn 1.0000 -0.0000 -0.0000
vn -0.0000 -0.0000 -1.0000
vn -1.0000 -0.0000 -0.0000
vt 0.000000 1.000000
vt 1.000000 1.000000
vt 0.000000 0.000000
vt 1.000000 0.000000
s 0
f 6394/2711/1010 6395/2712/1010 6396/2713/1010
f 6395/2712/1010 6397/2714/1010 6396/2713/1010
f 6398/2714/1011 6399/2713/1011 6400/2711/1011
f 6398/2714/1011 6400/2711/1011 6401/2712/1011
f 6402/2713/1012 6403/2711/1012 6404/2714/1012
f 6404/2714/1012 6403/2711/1012 6405/2712/1012
f 6406/2713/1013 6407/2711/1013 6408/2714/1013
f 6408/2714/1013 6407/2711/1013 6409/2712/1013
f 6410/2713/1014 6411/2711/1014 6412/2714/1014
f 6412/2714/1014 6411/2711/1014 6413/2712/1014
f 6414/2713/1015 6415/2711/1015 6416/2714/1015
f 6416/2714/1015 6415/2711/1015 6417/2712/1015
o Box095_05_-_Default_0
v -1.801752 10.249835 -2.154054
v -1.853454 10.249835 -2.154054
v -1.801752 10.249835 -2.206928
v -1.853454 10.249835 -2.206928
v -1.801752 11.069847 -2.206928
v -1.853454 11.069847 -2.206928
v -1.853454 11.069847 -2.154054
v -1.801752 11.069847 -2.154054
v -1.853454 11.069847 -2.154054
v -1.853454 10.249835 -2.154054
v -1.801752 11.069847 -2.154054
v -1.801752 10.249835 -2.154054
v -1.801752 11.069847 -2.154054
v -1.801752 10.249835 -2.154054
v -1.801752 11.069847 -2.206928
v -1.801752 10.249835 -2.206928
v -1.801752 11.069847 -2.206928
v -1.801752 10.249835 -2.206928
v -1.853454 11.069847 -2.206928
v -1.853454 10.249835 -2.206928
v -1.853454 11.069847 -2.206928
v -1.853454 10.249835 -2.206928
v -1.853454 11.069847 -2.154054
v -1.853454 10.249835 -2.154054
vn -0.0000 -1.0000 -0.0000
vn -0.0000 1.0000 -0.0000
vn -0.0000 -0.0000 1.0000
vn 1.0000 -0.0000 -0.0000
vn -0.0000 -0.0000 -1.0000
vn -1.0000 -0.0000 -0.0000
vt 0.000000 1.000000
vt 1.000000 1.000000
vt 0.000000 0.000000
vt 1.000000 0.000000
s 0
f 6418/2715/1016 6419/2716/1016 6420/2717/1016
f 6419/2716/1016 6421/2718/1016 6420/2717/1016
f 6422/2718/1017 6423/2717/1017 6424/2715/1017
f 6422/2718/1017 6424/2715/1017 6425/2716/1017
f 6426/2717/1018 6427/2715/1018 6428/2718/1018
f 6428/2718/1018 6427/2715/1018 6429/2716/1018
f 6430/2717/1019 6431/2715/1019 6432/2718/1019
f 6432/2718/1019 6431/2715/1019 6433/2716/1019
f 6434/2717/1020 6435/2715/1020 6436/2718/1020
f 6436/2718/1020 6435/2715/1020 6437/2716/1020
f 6438/2717/1021 6439/2715/1021 6440/2718/1021
f 6440/2718/1021 6439/2715/1021 6441/2716/1021
o Box096_05_-_Default_0
v -0.094681 10.249835 -2.154054
v -0.146383 10.249835 -2.154054
v -0.094681 10.249835 -2.206928
v -0.146383 10.249835 -2.206928
v -0.094681 11.069847 -2.206928
v -0.146383 11.069847 -2.206928
v -0.146383 11.069847 -2.154054
v -0.094681 11.069847 -2.154054
v -0.146383 11.069847 -2.154054
v -0.146383 10.249835 -2.154054
v -0.094681 11.069847 -2.154054
v -0.094681 10.249835 -2.154054
v -0.094681 11.069847 -2.154054
v -0.094681 10.249835 -2.154054
v -0.094681 11.069847 -2.206928
v -0.094681 10.249835 -2.206928
v -0.094681 11.069847 -2.206928
v -0.094681 10.249835 -2.206928
v -0.146383 11.069847 -2.206928
v -0.146383 10.249835 -2.206928
v -0.146383 11.069847 -2.206928
v -0.146383 10.249835 -2.206928
v -0.146383 11.069847 -2.154054
v -0.146383 10.249835 -2.154054
vn -0.0000 -1.0000 -0.0000
vn -0.0000 1.0000 -0.0000
vn -0.0000 -0.0000 1.0000
vn 1.0000 -0.0000 -0.0000
vn -0.0000 -0.0000 -1.0000
vn -1.0000 -0.0000 -0.0000
vt 0.000000 1.000000
vt 1.000000 1.000000
vt 0.000000 0.000000
vt 1.000000 0.000000
s 0
f 6442/2719/1022 6443/2720/1022 6444/2721/1022
f 6443/2720/1022 6445/2722/1022 6444/2721/1022
f 6446/2722/1023 6447/2721/1023 6448/2719/1023
f 6446/2722/1023 6448/2719/1023 6449/2720/1023
f 6450/2721/1024 6451/2719/1024 6452/2722/1024
f 6452/2722/1024 6451/2719/1024 6453/2720/1024
f 6454/2721/1025 6455/2719/1025 6456/2722/1025
f 6456/2722/1025 6455/2719/1025 6457/2720/1025
f 6458/2721/1026 6459/2719/1026 6460/2722/1026
f 6460/2722/1026 6459/2719/1026 6461/2720/1026
f 6462/2721/1027 6463/2719/1027 6464/2722/1027
f 6464/2722/1027 6463/2719/1027 6465/2720/1027
o Box097_05_-_Default_0
v 1.612390 10.249835 -2.154054
v 1.560688 10.249835 -2.154054
v 1.612390 10.249835 -2.206928
v 1.560688 10.249835 -2.206928
v 1.612390 11.069847 -2.206928
v 1.560688 11.069847 -2.206928
v 1.560688 11.069847 -2.154054
v 1.612390 11.069847 -2.154054
v 1.560688 11.069847 -2.154054
v 1.560688 10.249835 -2.154054
v 1.612390 11.069847 -2.154054
v 1.612390 10.249835 -2.154054
v 1.612390 11.069847 -2.154054
v 1.612390 10.249835 -2.154054
v 1.612390 11.069847 -2.206928
v 1.612390 10.249835 -2.206928
v 1.612390 11.069847 -2.206928
v 1.612390 10.249835 -2.206928
v 1.560688 11.069847 -2.206928
v 1.560688 10.249835 -2.206928
v 1.560688 11.069847 -2.206928
v 1.560688 10.249835 -2.206928
v 1.560688 11.069847 -2.154054
v 1.560688 10.249835 -2.154054
vn -0.0000 -1.0000 -0.0000
vn -0.0000 1.0000 -0.0000
vn -0.0000 -0.0000 1.0000
vn 1.0000 -0.0000 -0.0000
vn -0.0000 -0.0000 -1.0000
vn -1.0000 -0.0000 -0.0000
vt 0.000000 1.000000
vt 1.000000 1.000000
vt 0.000000 0.000000
vt 1.000000 0.000000
s 0
f 6466/2723/1028 6467/2724/1028 6468/2725/1028
f 6467/2724/1028 6469/2726/1028 6468/2725/1028
f 6470/2726/1029 6471/2725/1029 6472/2723/1029
f 6470/2726/1029 6472/2723/1029 6473/2724/1029
f 6474/2725/1030 6475/2723/1030 6476/2726/1030
f 6476/2726/1030 6475/2723/1030 6477/2724/1030
f 6478/2725/1031 6479/2723/1031 6480/2726/1031
f 6480/2726/1031 6479/2723/1031 6481/2724/1031
f 6482/2725/1032 6483/2723/1032 6484/2726/1032
f 6484/2726/1032 6483/2723/1032 6485/2724/1032
f 6486/2725/1033 6487/2723/1033 6488/2726/1033
f 6488/2726/1033 6487/2723/1033 6489/2724/1033
o Box098_05_-_Default_0
v 3.751670 10.249835 -2.154054
v 3.699968 10.249835 -2.154054
v 3.751670 10.249835 -2.206928
v 3.699968 10.249835 -2.206928
v 3.751670 11.069847 -2.206928
v 3.699968 11.069847 -2.206928
v 3.699968 11.069847 -2.154054
v 3.751670 11.069847 -2.154054
v 3.699968 11.069847 -2.154054
v 3.699968 10.249835 -2.154054
v 3.751670 11.069847 -2.154054
v 3.751670 10.249835 -2.154054
v 3.751670 11.069847 -2.154054
v 3.751670 10.249835 -2.154054
v 3.751670 11.069847 -2.206928
v 3.751670 10.249835 -2.206928
v 3.751670 11.069847 -2.206928
v 3.751670 10.249835 -2.206928
v 3.699968 11.069847 -2.206928
v 3.699968 10.249835 -2.206928
v 3.699968 11.069847 -2.206928
v 3.699968 10.249835 -2.206928
v 3.699968 11.069847 -2.154054
v 3.699968 10.249835 -2.154054
vn -0.0000 -1.0000 -0.0000
vn -0.0000 1.0000 -0.0000
vn -0.0000 -0.0000 1.0000
vn 1.0000 -0.0000 -0.0000
vn -0.0000 -0.0000 -1.0000
vn -1.0000 -0.0000 -0.0000
vt 0.000000 1.000000
vt 1.000000 1.000000
vt 0.000000 0.000000
vt 1.000000 0.000000
s 0
f 6490/2727/1034 6491/2728/1034 6492/2729/1034
f 6491/2728/1034 6493/2730/1034 6492/2729/1034
f 6494/2730/1035 6495/2729/1035 6496/2727/1035
f 6494/2730/1035 6496/2727/1035 6497/2728/1035
f 6498/2729/1036 6499/2727/1036 6500/2730/1036
f 6500/2730/1036 6499/2727/1036 6501/2728/1036
f 6502/2729/1037 6503/2727/1037 6504/2730/1037
f 6504/2730/1037 6503/2727/1037 6505/2728/1037
f 6506/2729/1038 6507/2727/1038 6508/2730/1038
f 6508/2730/1038 6507/2727/1038 6509/2728/1038
f 6510/2729/1039 6511/2727/1039 6512/2730/1039
f 6512/2730/1039 6511/2727/1039 6513/2728/1039
o Box099_05_-_Default_0
v 3.751670 10.249835 -0.182930
v 3.699968 10.249835 -0.182930
v 3.751670 10.249835 -0.235804
v 3.699968 10.249835 -0.235804
v 3.751670 11.069847 -0.235804
v 3.699968 11.069847 -0.235804
v 3.699968 11.069847 -0.182930
v 3.751670 11.069847 -0.182930
v 3.699968 11.069847 -0.182930
v 3.699968 10.249835 -0.182930
v 3.751670 11.069847 -0.182930
v 3.751670 10.249835 -0.182930
v 3.751670 11.069847 -0.182930
v 3.751670 10.249835 -0.182930
v 3.751670 11.069847 -0.235804
v 3.751670 10.249835 -0.235804
v 3.751670 11.069847 -0.235804
v 3.751670 10.249835 -0.235804
v 3.699968 11.069847 -0.235804
v 3.699968 10.249835 -0.235804
v 3.699968 11.069847 -0.235804
v 3.699968 10.249835 -0.235804
v 3.699968 11.069847 -0.182930
v 3.699968 10.249835 -0.182930
vn -0.0000 -1.0000 -0.0000
vn -0.0000 1.0000 -0.0000
vn -0.0000 -0.0000 1.0000
vn 1.0000 -0.0000 -0.0000
vn -0.0000 -0.0000 -1.0000
vn -1.0000 -0.0000 -0.0000
vt 0.000000 1.000000
vt 1.000000 1.000000
vt 0.000000 0.000000
vt 1.000000 0.000000
s 0
f 6514/2731/1040 6515/2732/1040 6516/2733/1040
f 6515/2732/1040 6517/2734/1040 6516/2733/1040
f 6518/2734/1041 6519/2733/1041 6520/2731/1041
f 6518/2734/1041 6520/2731/1041 6521/2732/1041
f 6522/2733/1042 6523/2731/1042 6524/2734/1042
f 6524/2734/1042 6523/2731/1042 6525/2732/1042
f 6526/2733/1043 6527/2731/1043 6528/2734/1043
f 6528/2734/1043 6527/2731/1043 6529/2732/1043
f 6530/2733/1044 6531/2731/1044 6532/2734/1044
f 6532/2734/1044 6531/2731/1044 6533/2732/1044
f 6534/2733/1045 6535/2731/1045 6536/2734/1045
f 6536/2734/1045 6535/2731/1045 6537/2732/1045
o Box100_05_-_Default_0
v 3.751670 10.249835 1.788194
v 3.699968 10.249835 1.788194
v 3.751670 10.249835 1.735319
v 3.699968 10.249835 1.735319
v 3.751670 11.069847 1.735319
v 3.699968 11.069847 1.735319
v 3.699968 11.069847 1.788194
v 3.751670 11.069847 1.788194
v 3.699968 11.069847 1.788194
v 3.699968 10.249835 1.788194
v 3.751670 11.069847 1.788194
v 3.751670 10.249835 1.788194
v 3.751670 11.069847 1.788194
v 3.751670 10.249835 1.788194
v 3.751670 11.069847 1.735319
v 3.751670 10.249835 1.735319
v 3.751670 11.069847 1.735319
v 3.751670 10.249835 1.735319
v 3.699968 11.069847 1.735319
v 3.699968 10.249835 1.735319
v 3.699968 11.069847 1.735319
v 3.699968 10.249835 1.735319
v 3.699968 11.069847 1.788194
v 3.699968 10.249835 1.788194
vn -0.0000 -1.0000 -0.0000
vn -0.0000 1.0000 -0.0000
vn -0.0000 -0.0000 1.0000
vn 1.0000 -0.0000 -0.0000
vn -0.0000 -0.0000 -1.0000
vn -1.0000 -0.0000 -0.0000
vt 0.000000 1.000000
vt 1.000000 1.000000
vt 0.000000 0.000000
vt 1.000000 0.000000
s 0
f 6538/2735/1046 6539/2736/1046 6540/2737/1046
f 6539/2736/1046 6541/2738/1046 6540/2737/1046
f 6542/2738/1047 6543/2737/1047 6544/2735/1047
f 6542/2738/1047 6544/2735/1047 6545/2736/1047
f 6546/2737/1048 6547/2735/1048 6548/2738/1048
f 6548/2738/1048 6547/2735/1048 6549/2736/1048
f 6550/2737/1049 6551/2735/1049 6552/2738/1049
f 6552/2738/1049 6551/2735/1049 6553/2736/1049
f 6554/2737/1050 6555/2735/1050 6556/2738/1050
f 6556/2738/1050 6555/2735/1050 6557/2736/1050
f 6558/2737/1051 6559/2735/1051 6560/2738/1051
f 6560/2738/1051 6559/2735/1051 6561/2736/1051
o Box101_05_-_Default_0
v 3.751670 10.249835 3.759317
v 3.699968 10.249835 3.759317
v 3.751670 10.249835 3.706443
v 3.699968 10.249835 3.706443
v 3.751670 11.069847 3.706443
v 3.699968 11.069847 3.706443
v 3.699968 11.069847 3.759317
v 3.751670 11.069847 3.759317
v 3.699968 11.069847 3.759317
v 3.699968 10.249835 3.759317
v 3.751670 11.069847 3.759317
v 3.751670 10.249835 3.759317
v 3.751670 11.069847 3.759317
v 3.751670 10.249835 3.759317
v 3.751670 11.069847 3.706443
v 3.751670 10.249835 3.706443
v 3.751670 11.069847 3.706443
v 3.751670 10.249835 3.706443
v 3.699968 11.069847 3.706443
v 3.699968 10.249835 3.706443
v 3.699968 11.069847 3.706443
v 3.699968 10.249835 3.706443
v 3.699968 11.069847 3.759317
v 3.699968 10.249835 3.759317
vn -0.0000 -1.0000 -0.0000
vn -0.0000 1.0000 -0.0000
vn -0.0000 -0.0000 1.0000
vn 1.0000 -0.0000 -0.0000
vn -0.0000 -0.0000 -1.0000
vn -1.0000 -0.0000 -0.0000
vt 0.000000 1.000000
vt 1.000000 1.000000
vt 0.000000 0.000000
vt 1.000000 0.000000
s 0
f 6562/2739/1052 6563/2740/1052 6564/2741/1052
f 6563/2740/1052 6565/2742/1052 6564/2741/1052
f 6566/2742/1053 6567/2741/1053 6568/2739/1053
f 6566/2742/1053 6568/2739/1053 6569/2740/1053
f 6570/2741/1054 6571/2739/1054 6572/2742/1054
f 6572/2742/1054 6571/2739/1054 6573/2740/1054
f 6574/2741/1055 6575/2739/1055 6576/2742/1055
f 6576/2742/1055 6575/2739/1055 6577/2740/1055
f 6578/2741/1056 6579/2739/1056 6580/2742/1056
f 6580/2742/1056 6579/2739/1056 6581/2740/1056
f 6582/2741/1057 6583/2739/1057 6584/2742/1057
f 6584/2742/1057 6583/2739/1057 6585/2740/1057
o Box102_05_-_Default_0
v 3.751670 10.249835 5.448164
v 3.699968 10.249835 5.448164
v 3.751670 10.249835 5.395289
v 3.699968 10.249835 5.395289
v 3.751670 11.069847 5.395289
v 3.699968 11.069847 5.395289
v 3.699968 11.069847 5.448164
v 3.751670 11.069847 5.448164
v 3.699968 11.069847 5.448164
v 3.699968 10.249835 5.448164
v 3.751670 11.069847 5.448164
v 3.751670 10.249835 5.448164
v 3.751670 11.069847 5.448164
v 3.751670 10.249835 5.448164
v 3.751670 11.069847 5.395289
v 3.751670 10.249835 5.395289
v 3.751670 11.069847 5.395289
v 3.751670 10.249835 5.395289
v 3.699968 11.069847 5.395289
v 3.699968 10.249835 5.395289
v 3.699968 11.069847 5.395289
v 3.699968 10.249835 5.395289
v 3.699968 11.069847 5.448164
v 3.699968 10.249835 5.448164
vn -0.0000 -1.0000 -0.0000
vn -0.0000 1.0000 -0.0000
vn -0.0000 -0.0000 1.0000
vn 1.0000 -0.0000 -0.0000
vn -0.0000 -0.0000 -1.0000
vn -1.0000 -0.0000 -0.0000
vt 0.000000 1.000000
vt 1.000000 1.000000
vt 0.000000 0.000000
vt 1.000000 0.000000
s 0
f 6586/2743/1058 6587/2744/1058 6588/2745/1058
f 6587/2744/1058 6589/2746/1058 6588/2745/1058
f 6590/2746/1059 6591/2745/1059 6592/2743/1059
f 6590/2746/1059 6592/2743/1059 6593/2744/1059
f 6594/2745/1060 6595/2743/1060 6596/2746/1060
f 6596/2746/1060 6595/2743/1060 6597/2744/1060
f 6598/2745/1061 6599/2743/1061 6600/2746/1061
f 6600/2746/1061 6599/2743/1061 6601/2744/1061
f 6602/2745/1062 6603/2743/1062 6604/2746/1062
f 6604/2746/1062 6603/2743/1062 6605/2744/1062
f 6606/2745/1063 6607/2743/1063 6608/2746/1063
f 6608/2746/1063 6607/2743/1063 6609/2744/1063
o Box103_05_-_Default_0
v 3.751670 10.249835 7.137004
v 3.699968 10.249835 7.137004
v 3.751670 10.249835 7.084129
v 3.699968 10.249835 7.084129
v 3.751670 11.069847 7.084129
v 3.699968 11.069847 7.084129
v 3.699968 11.069847 7.137004
v 3.751670 11.069847 7.137004
v 3.699968 11.069847 7.137004
v 3.699968 10.249835 7.137004
v 3.751670 11.069847 7.137004
v 3.751670 10.249835 7.137004
v 3.751670 11.069847 7.137004
v 3.751670 10.249835 7.137004
v 3.751670 11.069847 7.084129
v 3.751670 10.249835 7.084129
v 3.751670 11.069847 7.084129
v 3.751670 10.249835 7.084129
v 3.699968 11.069847 7.084129
v 3.699968 10.249835 7.084129
v 3.699968 11.069847 7.084129
v 3.699968 10.249835 7.084129
v 3.699968 11.069847 7.137004
v 3.699968 10.249835 7.137004
vn -0.0000 -1.0000 -0.0000
vn -0.0000 1.0000 -0.0000
vn -0.0000 -0.0000 1.0000
vn 1.0000 -0.0000 -0.0000
vn -0.0000 -0.0000 -1.0000
vn -1.0000 -0.0000 -0.0000
vt 0.000000 1.000000
vt 1.000000 1.000000
vt 0.000000 0.000000
vt 1.000000 0.000000
s 0
f 6610/2747/1064 6611/2748/1064 6612/2749/1064
f 6611/2748/1064 6613/2750/1064 6612/2749/1064
f 6614/2750/1065 6615/2749/1065 6616/2747/1065
f 6614/2750/1065 6616/2747/1065 6617/2748/1065
f 6618/2749/1066 6619/2747/1066 6620/2750/1066
f 6620/2750/1066 6619/2747/1066 6621/2748/1066
f 6622/2749/1067 6623/2747/1067 6624/2750/1067
f 6624/2750/1067 6623/2747/1067 6625/2748/1067
f 6626/2749/1068 6627/2747/1068 6628/2750/1068
f 6628/2750/1068 6627/2747/1068 6629/2748/1068
f 6630/2749/1069 6631/2747/1069 6632/2750/1069
f 6632/2750/1069 6631/2747/1069 6633/2748/1069
o Box104_05_-_Default_0
v 3.751670 10.249835 8.214953
v 3.699968 10.249835 8.214953
v 3.751670 10.249835 8.162080
v 3.699968 10.249835 8.162080
v 3.751670 11.069847 8.162080
v 3.699968 11.069847 8.162080
v 3.699968 11.069847 8.214953
v 3.751670 11.069847 8.214953
v 3.699968 11.069847 8.214953
v 3.699968 10.249835 8.214953
v 3.751670 11.069847 8.214953
v 3.751670 10.249835 8.214953
v 3.751670 11.069847 8.214953
v 3.751670 10.249835 8.214953
v 3.751670 11.069847 8.162080
v 3.751670 10.249835 8.162080
v 3.751670 11.069847 8.162080
v 3.751670 10.249835 8.162080
v 3.699968 11.069847 8.162080
v 3.699968 10.249835 8.162080
v 3.699968 11.069847 8.162080
v 3.699968 10.249835 8.162080
v 3.699968 11.069847 8.214953
v 3.699968 10.249835 8.214953
vn -0.0000 -1.0000 -0.0000
vn -0.0000 1.0000 -0.0000
vn -0.0000 -0.0000 1.0000
vn 1.0000 -0.0000 -0.0000
vn -0.0000 -0.0000 -1.0000
vn -1.0000 -0.0000 -0.0000
vt 0.000000 1.000000
vt 1.000000 1.000000
vt 0.000000 0.000000
vt 1.000000 0.000000
s 0
f 6634/2751/1070 6635/2752/1070 6636/2753/1070
f 6635/2752/1070 6637/2754/1070 6636/2753/1070
f 6638/2754/1071 6639/2753/1071 6640/2751/1071
f 6638/2754/1071 6640/2751/1071 6641/2752/1071
f 6642/2753/1072 6643/2751/1072 6644/2754/1072
f 6644/2754/1072 6643/2751/1072 6645/2752/1072
f 6646/2753/1073 6647/2751/1073 6648/2754/1073
f 6648/2754/1073 6647/2751/1073 6649/2752/1073
f 6650/2753/1074 6651/2751/1074 6652/2754/1074
f 6652/2754/1074 6651/2751/1074 6653/2752/1074
f 6654/2753/1075 6655/2751/1075 6656/2754/1075
f 6656/2754/1075 6655/2751/1075 6657/2752/1075
o Box105_05_-_Default_0
v 1.588329 10.249835 8.214953
v 1.536627 10.249835 8.214953
v 1.588329 10.249835 8.162080
v 1.536627 10.249835 8.162080
v 1.588329 11.069847 8.162080
v 1.536627 11.069847 8.162080
v 1.536627 11.069847 8.214953
v 1.588329 11.069847 8.214953
v 1.536627 11.069847 8.214953
v 1.536627 10.249835 8.214953
v 1.588329 11.069847 8.214953
v 1.588329 10.249835 8.214953
v 1.588329 11.069847 8.214953
v 1.588329 10.249835 8.214953
v 1.588329 11.069847 8.162080
v 1.588329 10.249835 8.162080
v 1.588329 11.069847 8.162080
v 1.588329 10.249835 8.162080
v 1.536627 11.069847 8.162080
v 1.536627 10.249835 8.162080
v 1.536627 11.069847 8.162080
v 1.536627 10.249835 8.162080
v 1.536627 11.069847 8.214953
v 1.536627 10.249835 8.214953
vn -0.0000 -1.0000 -0.0000
vn -0.0000 1.0000 -0.0000
vn -0.0000 -0.0000 1.0000
vn 1.0000 -0.0000 -0.0000
vn -0.0000 -0.0000 -1.0000
vn -1.0000 -0.0000 -0.0000
vt 0.000000 1.000000
vt 1.000000 1.000000
vt 0.000000 0.000000
vt 1.000000 0.000000
s 0
f 6658/2755/1076 6659/2756/1076 6660/2757/1076
f 6659/2756/1076 6661/2758/1076 6660/2757/1076
f 6662/2758/1077 6663/2757/1077 6664/2755/1077
f 6662/2758/1077 6664/2755/1077 6665/2756/1077
f 6666/2757/1078 6667/2755/1078 6668/2758/1078
f 6668/2758/1078 6667/2755/1078 6669/2756/1078
f 6670/2757/1079 6671/2755/1079 6672/2758/1079
f 6672/2758/1079 6671/2755/1079 6673/2756/1079
f 6674/2757/1080 6675/2755/1080 6676/2758/1080
f 6676/2758/1080 6675/2755/1080 6677/2756/1080
f 6678/2757/1081 6679/2755/1081 6680/2758/1081
f 6680/2758/1081 6679/2755/1081 6681/2756/1081
o Box106_05_-_Default_0
v -0.575011 10.249835 8.214953
v -0.626714 10.249835 8.214953
v -0.575011 10.249835 8.162080
v -0.626714 10.249835 8.162080
v -0.575011 11.069847 8.162080
v -0.626714 11.069847 8.162080
v -0.626714 11.069847 8.214953
v -0.575011 11.069847 8.214953
v -0.626714 11.069847 8.214953
v -0.626714 10.249835 8.214953
v -0.575011 11.069847 8.214953
v -0.575011 10.249835 8.214953
v -0.575011 11.069847 8.214953
v -0.575011 10.249835 8.214953
v -0.575011 11.069847 8.162080
v -0.575011 10.249835 8.162080
v -0.575011 11.069847 8.162080
v -0.575011 10.249835 8.162080
v -0.626714 11.069847 8.162080
v -0.626714 10.249835 8.162080
v -0.626714 11.069847 8.162080
v -0.626714 10.249835 8.162080
v -0.626714 11.069847 8.214953
v -0.626714 10.249835 8.214953
vn -0.0000 -1.0000 -0.0000
vn -0.0000 1.0000 -0.0000
vn -0.0000 -0.0000 1.0000
vn 1.0000 -0.0000 -0.0000
vn -0.0000 -0.0000 -1.0000
vn -1.0000 -0.0000 -0.0000
vt 0.000000 1.000000
vt 1.000000 1.000000
vt 0.000000 0.000000
vt 1.000000 0.000000
s 0
f 6682/2759/1082 6683/2760/1082 6684/2761/1082
f 6683/2760/1082 6685/2762/1082 6684/2761/1082
f 6686/2762/1083 6687/2761/1083 6688/2759/1083
f 6686/2762/1083 6688/2759/1083 6689/2760/1083
f 6690/2761/1084 6691/2759/1084 6692/2762/1084
f 6692/2762/1084 6691/2759/1084 6693/2760/1084
f 6694/2761/1085 6695/2759/1085 6696/2762/1085
f 6696/2762/1085 6695/2759/1085 6697/2760/1085
f 6698/2761/1086 6699/2759/1086 6700/2762/1086
f 6700/2762/1086 6699/2759/1086 6701/2760/1086
f 6702/2761/1087 6703/2759/1087 6704/2762/1087
f 6704/2762/1087 6703/2759/1087 6705/2760/1087
o Box107_05_-_Default_0
v -2.738352 10.249835 8.214953
v -2.790055 10.249835 8.214953
v -2.738352 10.249835 8.162080
v -2.790055 10.249835 8.162080
v -2.738352 11.069847 8.162080
v -2.790055 11.069847 8.162080
v -2.790055 11.069847 8.214953
v -2.738352 11.069847 8.214953
v -2.790055 11.069847 8.214953
v -2.790055 10.249835 8.214953
v -2.738352 11.069847 8.214953
v -2.738352 10.249835 8.214953
v -2.738352 11.069847 8.214953
v -2.738352 10.249835 8.214953
v -2.738352 11.069847 8.162080
v -2.738352 10.249835 8.162080
v -2.738352 11.069847 8.162080
v -2.738352 10.249835 8.162080
v -2.790055 11.069847 8.162080
v -2.790055 10.249835 8.162080
v -2.790055 11.069847 8.162080
v -2.790055 10.249835 8.162080
v -2.790055 11.069847 8.214953
v -2.790055 10.249835 8.214953
vn -0.0000 -1.0000 -0.0000
vn -0.0000 1.0000 -0.0000
vn -0.0000 -0.0000 1.0000
vn 1.0000 -0.0000 -0.0000
vn -0.0000 -0.0000 -1.0000
vn -1.0000 -0.0000 -0.0000
vt 0.000000 1.000000
vt 1.000000 1.000000
vt 0.000000 0.000000
vt 1.000000 0.000000
s 0
f 6706/2763/1088 6707/2764/1088 6708/2765/1088
f 6707/2764/1088 6709/2766/1088 6708/2765/1088
f 6710/2766/1089 6711/2765/1089 6712/2763/1089
f 6710/2766/1089 6712/2763/1089 6713/2764/1089
f 6714/2765/1090 6715/2763/1090 6716/2766/1090
f 6716/2766/1090 6715/2763/1090 6717/2764/1090
f 6718/2765/1091 6719/2763/1091 6720/2766/1091
f 6720/2766/1091 6719/2763/1091 6721/2764/1091
f 6722/2765/1092 6723/2763/1092 6724/2766/1092
f 6724/2766/1092 6723/2763/1092 6725/2764/1092
f 6726/2765/1093 6727/2763/1093 6728/2766/1093
f 6728/2766/1093 6727/2763/1093 6729/2764/1093
o Box108_05_-_Default_0
v -4.901693 10.249835 8.214953
v -4.953395 10.249835 8.214953
v -4.901693 10.249835 8.162080
v -4.953395 10.249835 8.162080
v -4.901693 11.069847 8.162080
v -4.953395 11.069847 8.162080
v -4.953395 11.069847 8.214953
v -4.901693 11.069847 8.214953
v -4.953395 11.069847 8.214953
v -4.953395 10.249835 8.214953
v -4.901693 11.069847 8.214953
v -4.901693 10.249835 8.214953
v -4.901693 11.069847 8.214953
v -4.901693 10.249835 8.214953
v -4.901693 11.069847 8.162080
v -4.901693 10.249835 8.162080
v -4.901693 11.069847 8.162080
v -4.901693 10.249835 8.162080
v -4.953395 11.069847 8.162080
v -4.953395 10.249835 8.162080
v -4.953395 11.069847 8.162080
v -4.953395 10.249835 8.162080
v -4.953395 11.069847 8.214953
v -4.953395 10.249835 8.214953
vn -0.0000 -1.0000 -0.0000
vn -0.0000 1.0000 -0.0000
vn -0.0000 -0.0000 1.0000
vn 1.0000 -0.0000 -0.0000
vn -0.0000 -0.0000 -1.0000
vn -1.0000 -0.0000 -0.0000
vt 0.000000 1.000000
vt 1.000000 1.000000
vt 0.000000 0.000000
vt 1.000000 0.000000
s 0
f 6730/2767/1094 6731/2768/1094 6732/2769/1094
f 6731/2768/1094 6733/2770/1094 6732/2769/1094
f 6734/2770/1095 6735/2769/1095 6736/2767/1095
f 6734/2770/1095 6736/2767/1095 6737/2768/1095
f 6738/2769/1096 6739/2767/1096 6740/2770/1096
f 6740/2770/1096 6739/2767/1096 6741/2768/1096
f 6742/2769/1097 6743/2767/1097 6744/2770/1097
f 6744/2770/1097 6743/2767/1097 6745/2768/1097
f 6746/2769/1098 6747/2767/1098 6748/2770/1098
f 6748/2770/1098 6747/2767/1098 6749/2768/1098
f 6750/2769/1099 6751/2767/1099 6752/2770/1099
f 6752/2770/1099 6751/2767/1099 6753/2768/1099
o Box052_14_-_Polished_Aluminum_0
v -6.405824 10.120562 -3.678112
v -6.405824 10.120562 -4.731579
v -6.266912 10.120562 -3.678112
v -6.266912 10.120562 -4.731579
v -6.405824 13.145697 -4.731579
v -6.405824 13.145697 -3.678112
v -6.266912 13.145697 -3.678112
v -6.266912 13.145697 -4.731579
v -6.266912 13.145697 -3.678112
v -6.266912 10.120562 -3.678112
v -6.266912 13.145697 -4.731579
v -6.266912 10.120562 -4.731579
v -6.266912 13.145697 -4.731579
v -6.266912 10.120562 -4.731579
v -6.405824 13.145697 -4.731579
v -6.405824 10.120562 -4.731579
v -6.405824 13.145697 -4.731579
v -6.405824 10.120562 -4.731579
v -6.405824 13.145697 -3.678112
v -6.405824 10.120562 -3.678112
v -6.405824 13.145697 -3.678112
v -6.405824 10.120562 -3.678112
v -6.266912 13.145697 -3.678112
v -6.266912 10.120562 -3.678112
vn -0.0000 -1.0000 -0.0000
vn -0.0000 1.0000 -0.0000
vn 1.0000 -0.0000 -0.0000
vn -0.0000 -0.0000 -1.0000
vn -1.0000 -0.0000 -0.0000
vn -0.0000 -0.0000 1.0000
vt 1.027519 0.002729
vt 1.027518 -0.207965
vt 0.992790 0.002729
vt 0.992790 -0.207965
vt -0.027518 -0.207965
vt -0.027518 0.002729
vt 0.007210 0.002729
vt 0.007210 -0.207965
vt 0.997271 -0.831156
vt 0.997271 -0.074872
vt 1.207965 -0.831156
vt 1.207965 -0.074872
vt 0.992790 -0.831156
vt 0.992790 -0.074872
vt 1.027518 -0.831156
vt 1.027518 -0.074872
vt -0.207965 -0.831156
vt -0.207965 -0.074872
vt 0.002729 -0.831156
vt 0.002729 -0.074872
vt -0.027518 -0.831156
vt -0.027518 -0.074872
vt 0.007210 -0.831156
vt 0.007210 -0.074872
s 0
f 6754/2771/1100 6755/2772/1100 6756/2773/1100
f 6757/2774/1100 6756/2773/1100 6755/2772/1100
f 6758/2775/1101 6759/2776/1101 6760/2777/1101
f 6758/2775/1101 6760/2777/1101 6761/2778/1101
f 6762/2779/1102 6763/2780/1102 6764/2781/1102
f 6764/2781/1102 6763/2780/1102 6765/2782/1102
f 6766/2783/1103 6767/2784/1103 6768/2785/1103
f 6768/2785/1103 6767/2784/1103 6769/2786/1103
f 6770/2787/1104 6771/2788/1104 6772/2789/1104
f 6772/2789/1104 6771/2788/1104 6773/2790/1104
f 6774/2791/1105 6775/2792/1105 6776/2793/1105
f 6776/2793/1105 6775/2792/1105 6777/2794/1105
o Box053_14_-_Polished_Aluminum_0
v -6.710153 10.120562 -3.678112
v -6.710153 10.120562 -4.731579
v -6.571241 10.120562 -3.678112
v -6.571241 10.120562 -4.731579
v -6.710153 13.145697 -4.731579
v -6.710153 13.145697 -3.678112
v -6.571241 13.145697 -3.678112
v -6.571241 13.145697 -4.731579
v -6.571241 13.145697 -3.678112
v -6.571241 10.120562 -3.678112
v -6.571241 13.145697 -4.731579
v -6.571241 10.120562 -4.731579
v -6.571241 13.145697 -4.731579
v -6.571241 10.120562 -4.731579
v -6.710153 13.145697 -4.731579
v -6.710153 10.120562 -4.731579
v -6.710153 13.145697 -4.731579
v -6.710153 10.120562 -4.731579
v -6.710153 13.145697 -3.678112
v -6.710153 10.120562 -3.678112
v -6.710153 13.145697 -3.678112
v -6.710153 10.120562 -3.678112
v -6.571241 13.145697 -3.678112
v -6.571241 10.120562 -3.678112
vn -0.0000 -1.0000 -0.0000
vn -0.0000 1.0000 -0.0000
vn 1.0000 -0.0000 -0.0000
vn -0.0000 -0.0000 -1.0000
vn -1.0000 -0.0000 -0.0000
vn -0.0000 -0.0000 1.0000
vt 1.103601 0.002728
vt 1.103601 -0.207965
vt 1.068872 0.002728
vt 1.068872 -0.207965
vt -0.103601 -0.207965
vt -0.103601 0.002728
vt -0.068873 0.002728
vt -0.068872 -0.207965
vt 0.997272 -0.831156
vt 0.997272 -0.074872
vt 1.207965 -0.831156
vt 1.207965 -0.074872
vt 1.068872 -0.831156
vt 1.068872 -0.074872
vt 1.103601 -0.831156
vt 1.103601 -0.074872
vt -0.207965 -0.831156
vt -0.207965 -0.074872
vt 0.002728 -0.831156
vt 0.002728 -0.074872
vt -0.103601 -0.831156
vt -0.103601 -0.074872
vt -0.068873 -0.831156
vt -0.068873 -0.074872
s 0
f 6778/2795/1106 6779/2796/1106 6780/2797/1106
f 6781/2798/1106 6780/2797/1106 6779/2796/1106
f 6782/2799/1107 6783/2800/1107 6784/2801/1107
f 6782/2799/1107 6784/2801/1107 6785/2802/1107
f 6786/2803/1108 6787/2804/1108 6788/2805/1108
f 6788/2805/1108 6787/2804/1108 6789/2806/1108
f 6790/2807/1109 6791/2808/1109 6792/2809/1109
f 6792/2809/1109 6791/2808/1109 6793/2810/1109
f 6794/2811/1110 6795/2812/1110 6796/2813/1110
f 6796/2813/1110 6795/2812/1110 6797/2814/1110
f 6798/2815/1111 6799/2816/1111 6800/2817/1111
f 6800/2817/1111 6799/2816/1111 6801/2818/1111
o Box054_14_-_Polished_Aluminum_0
v -7.014482 10.120562 -3.678112
v -7.014482 10.120562 -4.731579
v -6.875569 10.120562 -3.678112
v -6.875569 10.120562 -4.731579
v -7.014482 13.145697 -4.731579
v -7.014482 13.145697 -3.678112
v -6.875569 13.145697 -3.678112
v -6.875569 13.145697 -4.731579
v -6.875569 13.145697 -3.678112
v -6.875569 10.120562 -3.678112
v -6.875569 13.145697 -4.731579
v -6.875569 10.120562 -4.731579
v -6.875569 13.145697 -4.731579
v -6.875569 10.120562 -4.731579
v -7.014482 13.145697 -4.731579
v -7.014482 10.120562 -4.731579
v -7.014482 13.145697 -4.731579
v -7.014482 10.120562 -4.731579
v -7.014482 13.145697 -3.678112
v -7.014482 10.120562 -3.678112
v -7.014482 13.145697 -3.678112
v -7.014482 10.120562 -3.678112
v -6.875569 13.145697 -3.678112
v -6.875569 10.120562 -3.678112
vn -0.0000 -1.0000 -0.0000
vn -0.0000 1.0000 -0.0000
vn 1.0000 -0.0000 -0.0000
vn -0.0000 -0.0000 -1.0000
vn -1.0000 -0.0000 -0.0000
vn -0.0000 -0.0000 1.0000
vt 1.179683 0.002728
vt 1.179683 -0.207965
vt 1.144955 0.002728
vt 1.144955 -0.207965
vt -0.179683 -0.207965
vt -0.179683 0.002728
vt -0.144955 0.002728
vt -0.144955 -0.207965
vt 0.997272 -0.831156
vt 0.997272 -0.074872
vt 1.207965 -0.831156
vt 1.207965 -0.074872
vt 1.144955 -0.831156
vt 1.144955 -0.074872
vt 1.179683 -0.831156
vt 1.179683 -0.074872
vt -0.207965 -0.831156
vt -0.207965 -0.074872
vt 0.002728 -0.831156
vt 0.002728 -0.074872
vt -0.179683 -0.831156
vt -0.179683 -0.074872
vt -0.144955 -0.831156
vt -0.144955 -0.074872
s 0
f 6802/2819/1112 6803/2820/1112 6804/2821/1112
f 6805/2822/1112 6804/2821/1112 6803/2820/1112
f 6806/2823/1113 6807/2824/1113 6808/2825/1113
f 6806/2823/1113 6808/2825/1113 6809/2826/1113
f 6810/2827/1114 6811/2828/1114 6812/2829/1114
f 6812/2829/1114 6811/2828/1114 6813/2830/1114
f 6814/2831/1115 6815/2832/1115 6816/2833/1115
f 6816/2833/1115 6815/2832/1115 6817/2834/1115
f 6818/2835/1116 6819/2836/1116 6820/2837/1116
f 6820/2837/1116 6819/2836/1116 6821/2838/1116
f 6822/2839/1117 6823/2840/1117 6824/2841/1117
f 6824/2841/1117 6823/2840/1117 6825/2842/1117
o Box055_14_-_Polished_Aluminum_0
v -7.318810 10.120562 -3.678112
v -7.318810 10.120562 -4.731579
v -7.179898 10.120562 -3.678112
v -7.179898 10.120562 -4.731579
v -7.318810 13.145697 -4.731579
v -7.318810 13.145697 -3.678112
v -7.179898 13.145697 -3.678112
v -7.179898 13.145697 -4.731579
v -7.179898 13.145697 -3.678112
v -7.179898 10.120562 -3.678112
v -7.179898 13.145697 -4.731579
v -7.179898 10.120562 -4.731579
v -7.179898 13.145697 -4.731579
v -7.179898 10.120562 -4.731579
v -7.318810 13.145697 -4.731579
v -7.318810 10.120562 -4.731579
v -7.318810 13.145697 -4.731579
v -7.318810 10.120562 -4.731579
v -7.318810 13.145697 -3.678112
v -7.318810 10.120562 -3.678112
v -7.318810 13.145697 -3.678112
v -7.318810 10.120562 -3.678112
v -7.179898 13.145697 -3.678112
v -7.179898 10.120562 -3.678112
vn -0.0000 -1.0000 -0.0000
vn -0.0000 1.0000 -0.0000
vn 1.0000 -0.0000 -0.0000
vn -0.0000 -0.0000 -1.0000
vn -1.0000 -0.0000 -0.0000
vn -0.0000 -0.0000 1.0000
vt 1.255765 0.002728
vt 1.255765 -0.207965
vt 1.221037 0.002728
vt 1.221037 -0.207965
vt -0.255765 -0.207965
vt -0.255765 0.002728
vt -0.221037 0.002728
vt -0.221037 -0.207965
vt 0.997272 -0.831156
vt 0.997272 -0.074872
vt 1.207965 -0.831156
vt 1.207965 -0.074872
vt 1.221037 -0.831156
vt 1.221037 -0.074872
vt 1.255765 -0.831156
vt 1.255765 -0.074872
vt -0.207965 -0.831156
vt -0.207965 -0.074872
vt 0.002728 -0.831156
vt 0.002728 -0.074872
vt -0.255765 -0.831156
vt -0.255765 -0.074872
vt -0.221037 -0.831156
vt -0.221037 -0.074872
s 0
f 6826/2843/1118 6827/2844/1118 6828/2845/1118
f 6829/2846/1118 6828/2845/1118 6827/2844/1118
f 6830/2847/1119 6831/2848/1119 6832/2849/1119
f 6830/2847/1119 6832/2849/1119 6833/2850/1119
f 6834/2851/1120 6835/2852/1120 6836/2853/1120
f 6836/2853/1120 6835/2852/1120 6837/2854/1120
f 6838/2855/1121 6839/2856/1121 6840/2857/1121
f 6840/2857/1121 6839/2856/1121 6841/2858/1121
f 6842/2859/1122 6843/2860/1122 6844/2861/1122
f 6844/2861/1122 6843/2860/1122 6845/2862/1122
f 6846/2863/1123 6847/2864/1123 6848/2865/1123
f 6848/2865/1123 6847/2864/1123 6849/2866/1123
o Box056_14_-_Polished_Aluminum_0
v -7.623139 10.120562 -3.678112
v -7.623139 10.120562 -4.731579
v -7.484227 10.120562 -3.678112
v -7.484227 10.120562 -4.731579
v -7.623139 13.145697 -4.731579
v -7.623139 13.145697 -3.678112
v -7.484227 13.145697 -3.678112
v -7.484227 13.145697 -4.731579
v -7.484227 13.145697 -3.678112
v -7.484227 10.120562 -3.678112
v -7.484227 13.145697 -4.731579
v -7.484227 10.120562 -4.731579
v -7.484227 13.145697 -4.731579
v -7.484227 10.120562 -4.731579
v -7.623139 13.145697 -4.731579
v -7.623139 10.120562 -4.731579
v -7.623139 13.145697 -4.731579
v -7.623139 10.120562 -4.731579
v -7.623139 13.145697 -3.678112
v -7.623139 10.120562 -3.678112
v -7.623139 13.145697 -3.678112
v -7.623139 10.120562 -3.678112
v -7.484227 13.145697 -3.678112
v -7.484227 10.120562 -3.678112
vn -0.0000 -1.0000 -0.0000
vn -0.0000 1.0000 -0.0000
vn 1.0000 -0.0000 -0.0000
vn -0.0000 -0.0000 -1.0000
vn -1.0000 -0.0000 -0.0000
vn -0.0000 -0.0000 1.0000
vt 1.331847 0.002728
vt 1.331847 -0.207965
vt 1.297119 0.002728
vt 1.297119 -0.207965
vt -0.331847 -0.207965
vt -0.331847 0.002728
vt -0.297119 0.002728
vt -0.297119 -0.207965
vt 0.997272 -0.831156
vt 0.997272 -0.074872
vt 1.207965 -0.831156
vt 1.207965 -0.074872
vt 1.297119 -0.831156
vt 1.297119 -0.074872
vt 1.331847 -0.831156
vt 1.331847 -0.074872
vt -0.207965 -0.831156
vt -0.207965 -0.074872
vt 0.002728 -0.831156
vt 0.002728 -0.074872
vt -0.331847 -0.831156
vt -0.331847 -0.074872
vt -0.297119 -0.831156
vt -0.297119 -0.074872
s 0
f 6850/2867/1124 6851/2868/1124 6852/2869/1124
f 6853/2870/1124 6852/2869/1124 6851/2868/1124
f 6854/2871/1125 6855/2872/1125 6856/2873/1125
f 6854/2871/1125 6856/2873/1125 6857/2874/1125
f 6858/2875/1126 6859/2876/1126 6860/2877/1126
f 6860/2877/1126 6859/2876/1126 6861/2878/1126
f 6862/2879/1127 6863/2880/1127 6864/2881/1127
f 6864/2881/1127 6863/2880/1127 6865/2882/1127
f 6866/2883/1128 6867/2884/1128 6868/2885/1128
f 6868/2885/1128 6867/2884/1128 6869/2886/1128
f 6870/2887/1129 6871/2888/1129 6872/2889/1129
f 6872/2889/1129 6871/2888/1129 6873/2890/1129
o Box057_14_-_Polished_Aluminum_0
v -7.927468 10.120562 -3.678112
v -7.927468 10.120562 -4.731579
v -7.788556 10.120562 -3.678112
v -7.788556 10.120562 -4.731579
v -7.927468 13.145697 -4.731579
v -7.927468 13.145697 -3.678112
v -7.788556 13.145697 -3.678112
v -7.788556 13.145697 -4.731579
v -7.788556 13.145697 -3.678112
v -7.788556 10.120562 -3.678112
v -7.788556 13.145697 -4.731579
v -7.788556 10.120562 -4.731579
v -7.788556 13.145697 -4.731579
v -7.788556 10.120562 -4.731579
v -7.927468 13.145697 -4.731579
v -7.927468 10.120562 -4.731579
v -7.927468 13.145697 -4.731579
v -7.927468 10.120562 -4.731579
v -7.927468 13.145697 -3.678112
v -7.927468 10.120562 -3.678112
v -7.927468 13.145697 -3.678112
v -7.927468 10.120562 -3.678112
v -7.788556 13.145697 -3.678112
v -7.788556 10.120562 -3.678112
vn -0.0000 -1.0000 -0.0000
vn -0.0000 1.0000 -0.0000
vn 1.0000 -0.0000 -0.0000
vn -0.0000 -0.0000 -1.0000
vn -1.0000 -0.0000 -0.0000
vn -0.0000 -0.0000 1.0000
vt 1.407929 0.002728
vt 1.407929 -0.207965
vt 1.373201 0.002728
vt 1.373201 -0.207965
vt -0.407929 -0.207965
vt -0.407929 0.002728
vt -0.373201 0.002728
vt -0.373201 -0.207965
vt 0.997272 -0.831156
vt 0.997272 -0.074872
vt 1.207965 -0.831156
vt 1.207965 -0.074872
vt 1.373201 -0.831156
vt 1.373201 -0.074872
vt 1.407929 -0.831156
vt 1.407929 -0.074872
vt -0.207965 -0.831156
vt -0.207965 -0.074872
vt 0.002728 -0.831156
vt 0.002728 -0.074872
vt -0.407929 -0.831156
vt -0.407929 -0.074872
vt -0.373201 -0.831156
vt -0.373201 -0.074872
s 0
f 6874/2891/1130 6875/2892/1130 6876/2893/1130
f 6877/2894/1130 6876/2893/1130 6875/2892/1130
f 6878/2895/1131 6879/2896/1131 6880/2897/1131
f 6878/2895/1131 6880/2897/1131 6881/2898/1131
f 6882/2899/1132 6883/2900/1132 6884/2901/1132
f 6884/2901/1132 6883/2900/1132 6885/2902/1132
f 6886/2903/1133 6887/2904/1133 6888/2905/1133
f 6888/2905/1133 6887/2904/1133 6889/2906/1133
f 6890/2907/1134 6891/2908/1134 6892/2909/1134
f 6892/2909/1134 6891/2908/1134 6893/2910/1134
f 6894/2911/1135 6895/2912/1135 6896/2913/1135
f 6896/2913/1135 6895/2912/1135 6897/2914/1135
o Box058_14_-_Polished_Aluminum_0
v -8.231797 10.120562 -3.678112
v -8.231797 10.120562 -4.731579
v -8.092884 10.120562 -3.678112
v -8.092884 10.120562 -4.731579
v -8.231797 13.145697 -4.731579
v -8.231797 13.145697 -3.678112
v -8.092884 13.145697 -3.678112
v -8.092884 13.145697 -4.731579
v -8.092884 13.145697 -3.678112
v -8.092884 10.120562 -3.678112
v -8.092884 13.145697 -4.731579
v -8.092884 10.120562 -4.731579
v -8.092884 13.145697 -4.731579
v -8.092884 10.120562 -4.731579
v -8.231797 13.145697 -4.731579
v -8.231797 10.120562 -4.731579
v -8.231797 13.145697 -4.731579
v -8.231797 10.120562 -4.731579
v -8.231797 13.145697 -3.678112
v -8.231797 10.120562 -3.678112
v -8.231797 13.145697 -3.678112
v -8.231797 10.120562 -3.678112
v -8.092884 13.145697 -3.678112
v -8.092884 10.120562 -3.678112
vn -0.0000 -1.0000 -0.0000
vn -0.0000 1.0000 -0.0000
vn 1.0000 -0.0000 -0.0000
vn -0.0000 -0.0000 -1.0000
vn -1.0000 -0.0000 -0.0000
vn -0.0000 -0.0000 1.0000
vt 1.484012 0.002728
vt 1.484012 -0.207965
vt 1.449283 0.002728
vt 1.449283 -0.207965
vt -0.484012 -0.207965
vt -0.484012 0.002728
vt -0.449283 0.002728
vt -0.449283 -0.207965
vt 0.997272 -0.831156
vt 0.997272 -0.074872
vt 1.207965 -0.831156
vt 1.207965 -0.074872
vt 1.449283 -0.831156
vt 1.449283 -0.074872
vt 1.484012 -0.831156
vt 1.484012 -0.074872
vt -0.207965 -0.831156
vt -0.207965 -0.074872
vt 0.002728 -0.831156
vt 0.002728 -0.074872
vt -0.484012 -0.831156
vt -0.484012 -0.074872
vt -0.449283 -0.831156
vt -0.449283 -0.074872
s 0
f 6898/2915/1136 6899/2916/1136 6900/2917/1136
f 6901/2918/1136 6900/2917/1136 6899/2916/1136
f 6902/2919/1137 6903/2920/1137 6904/2921/1137
f 6902/2919/1137 6904/2921/1137 6905/2922/1137
f 6906/2923/1138 6907/2924/1138 6908/2925/1138
f 6908/2925/1138 6907/2924/1138 6909/2926/1138
f 6910/2927/1139 6911/2928/1139 6912/2929/1139
f 6912/2929/1139 6911/2928/1139 6913/2930/1139
f 6914/2931/1140 6915/2932/1140 6916/2933/1140
f 6916/2933/1140 6915/2932/1140 6917/2934/1140
f 6918/2935/1141 6919/2936/1141 6920/2937/1141
f 6920/2937/1141 6919/2936/1141 6921/2938/1141
o Box059_21_-_Default_0
v -8.856839 12.730007 -5.916704
v -8.856839 10.113617 -5.916704
v -8.856839 10.113617 -4.717645
v -8.856839 12.730007 -4.717645
v -8.189868 12.730007 -4.717645
v -8.189868 10.113617 -4.717645
v -8.189868 12.730007 -5.916705
v -8.189868 10.113617 -5.916705
v -8.189868 10.113617 -5.916705
v -8.189868 10.113617 -4.717645
v -8.856839 10.113617 -4.717645
v -8.856839 10.113617 -5.916704
v -8.189868 12.730007 -5.916705
v -8.189868 10.113617 -5.916705
v -8.856839 10.113617 -5.916704
v -8.856839 12.730007 -5.916704
v -8.189868 12.730007 -5.916705
v -8.856839 12.730007 -4.717645
v -8.189868 12.730007 -4.717645
v -8.856839 12.730007 -5.916704
v -8.189868 12.730007 -4.717645
v -8.856839 10.113617 -4.717645
v -8.189868 10.113617 -4.717645
v -8.856839 12.730007 -4.717645
vn -1.0000 -0.0000 -0.0000
vn 1.0000 -0.0000 -0.0000
vn -0.0000 -1.0000 -0.0000
vn -0.0000 -0.0000 -1.0000
vn -0.0000 1.0000 -0.0000
vn -0.0000 -0.0000 1.0000
vt 0.000000 0.000000
vt 0.000001 1.056589
vt 1.000000 1.056589
vt 1.000000 0.000000
vt 0.000000 0.000000
vt -0.000000 1.056589
vt 1.000000 0.000000
vt 0.999999 1.056589
vt 0.999999 0.000000
vt -0.000000 0.000000
vt -0.000000 1.000000
vt 0.999999 1.000000
vt 1.000000 0.000000
vt -0.056589 0.000000
vt -0.056589 1.000000
vt 1.000000 1.000000
vt 1.000000 1.000000
vt 1.000000 0.000000
vt 0.000000 1.000000
vt 1.056589 1.000000
vt 1.056589 0.000000
vt 0.000000 1.000000
s 0
f 6922/2939/1142 6923/2940/1142 6924/2941/1142
f 6924/2941/1142 6925/2942/1142 6922/2939/1142
f 6926/2943/1143 6927/2944/1143 6928/2945/1143
f 6928/2945/1143 6927/2944/1143 6929/2946/1143
f 6930/2947/1144 6931/2948/1144 6932/2949/1144
f 6930/2947/1144 6932/2949/1144 6933/2950/1144
f 6934/2951/1145 6935/2952/1145 6936/2953/1145
f 6934/2951/1145 6936/2953/1145 6937/2954/1145
f 6938/2939/1146 6939/2955/1146 6940/2956/1146
f 6939/2955/1146 6938/2939/1146 6941/2957/1146
f 6942/2939/1147 6943/2958/1147 6944/2959/1147
f 6943/2958/1147 6942/2939/1147 6945/2960/1147
o Box141__0
v -9.104022 12.772852 -6.185553
v -4.523642 12.772852 -6.185553
v -9.104022 12.772852 -3.732221
v -4.523642 12.772852 -3.732221
v -4.523642 13.037867 -6.185553
v -9.104022 13.037867 -6.185553
v -9.104022 13.037867 -3.732221
v -4.523642 13.037867 -3.732221
v -4.523642 13.037867 -3.732221
v -9.104022 13.037867 -3.732221
v -9.104022 12.772852 -3.732221
v -4.523642 12.772852 -3.732221
v -4.523642 13.037867 -6.185553
v -4.523642 13.037867 -3.732221
v -4.523642 12.772852 -3.732221
v -4.523642 12.772852 -6.185553
v -9.104022 13.037867 -6.185553
v -4.523642 13.037867 -6.185553
v -4.523642 12.772852 -6.185553
v -9.104022 12.772852 -6.185553
v -9.104022 13.037867 -3.732221
v -9.104022 13.037867 -6.185553
v -9.104022 12.772852 -6.185553
v -9.104022 12.772852 -3.732221
v -4.639112 12.888321 -6.070083
v -8.988552 12.888321 -6.070083
v -8.988552 12.888321 -3.847691
v -4.639112 12.888321 -3.847691
v -8.988552 12.922398 -3.847691
v -4.639112 12.922398 -6.070083
v -4.639112 12.922398 -3.847691
v -8.988552 12.922398 -6.070083
v -4.639112 12.888321 -3.847691
v -8.988552 12.888321 -3.847691
v -4.639112 12.922398 -3.847691
v -8.988552 12.922398 -3.847691
v -4.639112 12.888321 -6.070083
v -4.639112 12.888321 -3.847691
v -4.639112 12.922398 -6.070083
v -4.639112 12.922398 -3.847691
v -8.988552 12.888321 -6.070083
v -4.639112 12.888321 -6.070083
v -8.988552 12.922398 -6.070083
v -4.639112 12.922398 -6.070083
v -8.988552 12.888321 -3.847691
v -8.988552 12.888321 -6.070083
v -8.988552 12.922398 -3.847691
v -8.988552 12.922398 -6.070083
vn -0.0000 -1.0000 -0.0000
vn -0.0000 1.0000 -0.0000
vn -0.0000 -0.0000 1.0000
vn 1.0000 -0.0000 -0.0000
vn -0.0000 -0.0000 -1.0000
vn -1.0000 -0.0000 -0.0000
vt 1.000000 0.000000
vt 0.000000 0.000000
vt 1.000000 1.000000
vt 0.000000 1.000000
s 0
f 6946/2961/1148 6947/2962/1148 6948/2963/1148
f 6949/2964/1148 6948/2963/1148 6947/2962/1148
f 6950/2961/1149 6951/2962/1149 6952/2964/1149
f 6950/2961/1149 6952/2964/1149 6953/2963/1149
f 6954/2961/1150 6955/2962/1150 6956/2964/1150
f 6954/2961/1150 6956/2964/1150 6957/2963/1150
f 6958/2961/1151 6959/2962/1151 6960/2964/1151
f 6958/2961/1151 6960/2964/1151 6961/2963/1151
f 6962/2961/1152 6963/2962/1152 6964/2964/1152
f 6962/2961/1152 6964/2964/1152 6965/2963/1152
f 6966/2961/1153 6967/2962/1153 6968/2964/1153
f 6966/2961/1153 6968/2964/1153 6969/2963/1153
f 6970/2962/1149 6971/2961/1149 6972/2963/1149
f 6970/2962/1149 6972/2963/1149 6973/2964/1149
f 6974/2964/1148 6975/2961/1148 6976/2963/1148
f 6975/2961/1148 6974/2964/1148 6977/2962/1148
f 6978/2963/1152 6979/2964/1152 6980/2961/1152
f 6981/2962/1152 6980/2961/1152 6979/2964/1152
f 6982/2963/1153 6983/2964/1153 6984/2961/1153
f 6985/2962/1153 6984/2961/1153 6983/2964/1153
f 6986/2963/1150 6987/2964/1150 6988/2961/1150
f 6989/2962/1150 6988/2961/1150 6987/2964/1150
f 6990/2963/1151 6991/2964/1151 6992/2961/1151
f 6993/2962/1151 6992/2961/1151 6991/2964/1151
o Line021_15_-_Glossy_Plastic_0
v -11.447583 10.261493 -7.569045
v -7.687772 10.261493 -7.569045
v -7.687772 10.192718 -7.569045
v -11.447583 10.192718 -7.569045
v -11.447583 10.261494 -1.443103
v -11.447583 10.261493 -7.569045
v -11.447583 10.192718 -7.569045
v -11.447583 10.192719 -1.443103
v -7.687772 10.261494 -1.443103
v -11.447583 10.261494 -1.443103
v -11.447583 10.192719 -1.443103
v -7.687772 10.192719 -1.443103
v -7.687772 10.261494 -1.443103
v -7.687772 10.192719 -1.443103
v -7.687772 10.192719 8.321085
v -7.687772 10.261496 8.321085
v 3.885067 10.261496 8.321085
v -7.687772 10.261496 8.321085
v -7.687772 10.192719 8.321085
v 3.885067 10.192719 8.321085
v 3.885067 10.261494 -2.355817
v 3.885067 10.261496 8.321085
v 3.885067 10.192719 8.321085
v 3.885067 10.192719 -2.355817
v 3.885067 10.261494 -2.355817
v 3.885067 10.192719 -2.355817
v -1.686926 10.192719 -2.355817
v -1.686926 10.261494 -2.355817
v -1.686926 10.261493 -9.547619
v -1.686926 10.261494 -2.355817
v -1.686926 10.192719 -2.355817
v -1.686926 10.192718 -9.547619
v -7.687772 10.261493 -9.547619
v -1.686926 10.261493 -9.547619
v -1.686926 10.192718 -9.547619
v -7.687772 10.192718 -9.547619
v -7.687772 10.261493 -7.569045
v -7.687772 10.261493 -9.547619
v -7.687772 10.192718 -9.547619
v -7.687772 10.192718 -7.569045
v 1.995178 10.192719 3.568680
v 1.411689 10.192719 3.568679
v 1.411677 10.261495 3.568691
v 2.743361 10.261495 3.568694
v 3.488860 10.261495 3.568693
v 3.488844 10.192719 3.568676
v 1.411680 10.192719 0.073920
v 1.411684 10.192719 -1.291159
v 1.411680 10.261494 -1.291163
v 1.411672 10.261495 1.824419
v 1.411677 10.261495 3.568691
v 1.411689 10.192719 3.568679
v 2.905416 10.192719 -1.291163
v 3.488853 10.192719 -1.291162
v 3.488853 10.261494 -1.291161
v 2.157234 10.261494 -1.291165
v 1.411680 10.261494 -1.291163
v 1.411684 10.192719 -1.291159
v 3.488837 10.192719 2.203552
v 3.488844 10.192719 3.568676
v 3.488860 10.261495 3.568693
v 3.488846 10.261494 0.453140
v 3.488853 10.192719 -1.291162
v 3.488853 10.261494 -1.291161
v -7.687772 10.192718 -7.569045
v -7.687772 10.192718 -9.547619
v -1.686926 10.192718 -9.547619
v -1.686926 10.192719 -2.355817
v -7.687772 10.192719 -1.443103
v 1.411684 10.192719 -1.291159
v 1.411680 10.192719 0.073920
v 1.411689 10.192719 3.568679
v -7.687772 10.192719 8.321085
v 1.995178 10.192719 3.568680
v 3.488844 10.192719 3.568676
v 3.885067 10.192719 8.321085
v 3.488837 10.192719 2.203552
v 3.488853 10.192719 -1.291162
v 3.885067 10.192719 -2.355817
v 2.905416 10.192719 -1.291163
v 1.411684 10.192719 -1.291159
v -7.687772 10.192719 -1.443103
v -11.447583 10.192718 -7.569045
v -11.447583 10.192719 -1.443103
v 1.411672 10.261495 1.824419
v 1.411680 10.261494 -1.291163
v -7.687772 10.261494 -1.443103
v 1.411677 10.261495 3.568691
v -7.687772 10.261496 8.321085
v 2.743361 10.261495 3.568694
v 3.488860 10.261495 3.568693
v 3.885067 10.261496 8.321085
v 3.488846 10.261494 0.453140
v 3.488853 10.261494 -1.291161
v 3.885067 10.261494 -2.355817
v -1.686926 10.261494 -2.355817
v 2.157234 10.261494 -1.291165
v 1.411680 10.261494 -1.291163
v -7.687772 10.261494 -1.443103
v -1.686926 10.261493 -9.547619
v -7.687772 10.261493 -9.547619
v -7.687772 10.261493 -7.569045
v -11.447583 10.261494 -1.443103
v -11.447583 10.261493 -7.569045
vn -0.0000 -0.0000 -1.0000
vn -1.0000 -0.0000 -0.0000
vn -0.0000 -0.0000 1.0000
vn 1.0000 -0.0000 -0.0000
vn -0.0000 0.0002 -1.0000
vn 1.0000 0.0004 -0.0000
vn 1.0000 0.0002 -0.0000
vn -0.0000 0.0001 1.0000
vn -1.0000 0.0002 -0.0000
vn -1.0000 0.0003 -0.0000
vn -0.0000 -1.0000 -0.0000
vn -0.0000 1.0000 -0.0000
vt 2.033265 0.000000
vt 1.281303 0.000000
vt 1.281303 1.000000
vt 2.033265 1.000000
vt 0.334032 0.000000
vt -0.891155 0.000000
vt -0.891155 1.000000
vt 0.334032 1.000000
vt -0.281303 0.000000
vt -1.033265 0.000000
vt -1.033265 1.000000
vt -0.281303 1.000000
vt 0.334033 0.000000
vt 0.334033 1.000000
vt 2.286870 1.000000
vt 2.286870 0.000000
vt 2.033264 0.000000
vt -0.281303 0.000000
vt -0.281303 1.000000
vt 2.033264 1.000000
vt 0.848509 0.000000
vt -1.286870 0.000000
vt -1.286870 1.000000
vt 0.848509 1.000000
vt 0.081134 1.000000
vt 0.081134 0.000000
vt 0.848510 0.000000
vt 0.848510 1.000000
vt 1.281302 0.000000
vt 0.081133 0.000000
vt 0.081133 1.000000
vt 1.281302 1.000000
vt -0.891155 0.000000
vt -0.891155 1.000000
vt -0.655287 1.000000
vt -0.538589 1.000000
vt -0.538587 0.000000
vt -0.804924 0.000000
vt -0.954023 0.000000
vt -0.954020 1.000000
vt 0.362562 1.000000
vt 0.635578 1.000000
vt 0.635579 0.000000
vt 0.012463 0.000000
vt -0.336391 0.000000
vt -0.336389 1.000000
vt 1.837335 1.000000
vt 1.954022 1.000000
vt 1.954022 0.000000
vt 1.687698 0.000000
vt 1.538588 0.000000
vt 1.538588 1.000000
vt 1.063364 1.000000
vt 1.336389 1.000000
vt 1.336392 0.000000
vt 0.713282 0.000000
vt 0.364421 1.000000
vt 0.364421 0.000000
vt 1.281303 -0.891155
vt 1.281302 -1.286870
vt 0.081133 -1.286870
vt 0.081134 0.151490
vt 1.281303 0.334033
vt -0.538588 0.364422
vt -0.538588 0.637438
vt -0.538589 1.336389
vt 1.281303 2.286870
vt -0.655287 1.336389
vt -0.954020 1.336389
vt -1.033264 2.286870
vt -0.954019 1.063364
vt -0.954022 0.364421
vt -1.033265 0.151491
vt -0.837335 0.364421
vt 2.033265 -0.891155
vt 2.033265 0.334032
vt 1.538586 0.987537
vt 1.538588 0.364421
vt -0.281303 0.334033
vt 1.538587 1.336391
vt -0.281303 2.286870
vt 1.804924 1.336392
vt 1.954023 1.336392
vt 2.033264 2.286870
vt 1.954021 0.713282
vt 1.954022 0.364421
vt 2.033265 0.151491
vt 0.918866 0.151490
vt 1.687698 0.364421
vt 0.918867 -1.286870
vt -0.281303 -1.286870
vt -0.281303 -0.891155
vt -1.033265 0.334032
vt -1.033265 -0.891155
s 0
f 6994/2965/1154 6995/2966/1154 6996/2967/1154
f 6996/2967/1154 6997/2968/1154 6994/2965/1154
f 6998/2969/1155 6999/2970/1155 7000/2971/1155
f 7000/2971/1155 7001/2972/1155 6998/2969/1155
f 7002/2973/1156 7003/2974/1156 7004/2975/1156
f 7004/2975/1156 7005/2976/1156 7002/2973/1156
f 7006/2977/1155 7007/2978/1155 7008/2979/1155
f 7008/2979/1155 7009/2980/1155 7006/2977/1155
f 7010/2981/1156 7011/2982/1156 7012/2983/1156
f 7012/2983/1156 7013/2984/1156 7010/2981/1156
f 7014/2985/1157 7015/2986/1157 7016/2987/1157
f 7016/2987/1157 7017/2988/1157 7014/2985/1157
f 7018/2974/1154 7019/2975/1154 7020/2989/1154
f 7020/2989/1154 7021/2990/1154 7018/2974/1154
f 7022/2980/1157 7023/2991/1157 7024/2992/1157
f 7024/2992/1157 7025/2979/1157 7022/2980/1157
f 7026/2993/1154 7027/2994/1154 7028/2995/1154
f 7028/2995/1154 7029/2996/1154 7026/2993/1154
f 7030/2997/1155 7031/2986/1155 7032/2987/1155
f 7032/2987/1155 7033/2998/1155 7030/2997/1155
f 7034/2999/1158 7035/3000/1158 7036/3001/1158
f 7034/2999/1158 7036/3001/1158 7037/3002/1158
f 7037/3002/1158 7038/3003/1158 7039/3004/1158
f 7034/2999/1158 7037/3002/1158 7039/3004/1158
f 7040/3005/1157 7041/3006/1157 7042/3007/1157
f 7040/3005/1157 7042/3007/1157 7043/3008/1159
f 7043/3008/1160 7044/3009/1160 7045/3010/1160
f 7040/3005/1160 7043/3008/1160 7045/3010/1160
f 7046/3011/1156 7047/3012/1156 7048/3013/1156
f 7046/3011/1156 7048/3013/1156 7049/3014/1156
f 7049/3014/1161 7050/3015/1161 7051/3016/1161
f 7046/3011/1161 7049/3014/1161 7051/3016/1161
f 7052/3017/1162 7053/3018/1162 7054/3019/1162
f 7052/3017/1162 7054/3019/1162 7055/3020/1162
f 7056/3021/1155 7052/3017/1163 7055/3020/1155
f 7056/3021/1155 7055/3020/1155 7057/3022/1155
f 7058/3023/1164 7059/3024/1164 7060/3025/1164
f 7058/3023/1164 7060/3025/1164 7061/3026/1164
f 7062/3027/1164 7063/3028/1164 7064/3029/1164
f 7062/3027/1164 7064/3029/1164 7065/3030/1164
f 7066/3031/1164 7062/3027/1164 7065/3030/1164
f 7066/3031/1164 7065/3030/1164 7067/3032/1164
f 7066/3031/1164 7067/3032/1164 7068/3033/1164
f 7069/3034/1164 7066/3031/1164 7068/3033/1164
f 7069/3034/1164 7068/3033/1164 7070/3035/1164
f 7069/3034/1164 7070/3035/1164 7071/3036/1164
f 7072/3037/1164 7069/3034/1164 7071/3036/1164
f 7061/3026/1164 7072/3037/1164 7071/3036/1164
f 7061/3026/1164 7071/3036/1164 7073/3038/1164
f 7061/3026/1164 7073/3038/1164 7074/3028/1164
f 7061/3026/1164 7074/3028/1164 7075/3027/1164
f 7058/3023/1164 7061/3026/1164 7075/3027/1164
f 7076/3039/1164 7058/3023/1164 7075/3027/1164
f 7076/3039/1164 7075/3027/1164 7077/3040/1164
f 7078/3041/1165 7079/3042/1165 7080/3043/1165
f 7081/3044/1165 7078/3041/1165 7080/3043/1165
f 7081/3044/1165 7080/3043/1165 7082/3045/1165
f 7083/3046/1165 7081/3044/1165 7082/3045/1165
f 7084/3047/1165 7083/3046/1165 7082/3045/1165
f 7084/3047/1165 7082/3045/1165 7085/3048/1165
f 7086/3049/1165 7084/3047/1165 7085/3048/1165
f 7087/3050/1165 7086/3049/1165 7085/3048/1165
f 7087/3050/1165 7085/3048/1165 7088/3051/1165
f 7087/3050/1165 7088/3051/1165 7089/3052/1165
f 7090/3053/1165 7087/3050/1165 7089/3052/1165
f 7091/3042/1165 7090/3053/1165 7089/3052/1165
f 7092/3043/1165 7091/3042/1165 7089/3052/1165
f 7093/3054/1165 7094/3055/1165 7095/3056/1165
f 7089/3052/1165 7093/3054/1165 7095/3056/1165
f 7092/3043/1165 7089/3052/1165 7095/3056/1165
f 7096/3057/1165 7092/3043/1165 7095/3056/1165
f 7096/3057/1165 7095/3056/1165 7097/3058/1165
o Box036_14_-_Polished_Aluminum_0
v 1.321405 9.734333 -1.087307
v 3.532324 9.734333 -1.087307
v 1.321405 9.734333 -0.873559
v 3.532324 9.734333 -0.873559
v 3.532324 10.289761 -1.087307
v 1.321405 10.289761 -1.087307
v 1.321405 10.289761 -0.873559
v 3.532324 10.289761 -0.873559
v 3.532324 10.289761 -0.873559
v 1.321405 10.289761 -0.873559
v 1.321405 9.734333 -0.873559
v 3.532324 9.734333 -0.873559
v 3.532324 10.289761 -0.873559
v 3.532324 9.734333 -0.873559
v 3.532324 10.289761 -1.087307
v 3.532324 9.734333 -1.087307
v 1.321405 10.289761 -1.087307
v 3.532324 10.289761 -1.087307
v 3.532324 9.734333 -1.087307
v 1.321405 9.734333 -1.087307
v 1.321405 10.289761 -1.087307
v 1.321405 9.734333 -1.087307
v 1.321405 10.289761 -0.873559
v 1.321405 9.734333 -0.873559
vn -0.0000 -1.0000 -0.0000
vn -0.0000 1.0000 -0.0000
vn -0.0000 -0.0000 1.0000
vn 1.0000 -0.0000 -0.0000
vn -0.0000 -0.0000 -1.0000
vn -1.0000 -0.0000 -0.0000
vt -0.904289 0.520888
vt -1.457018 0.520888
vt -0.904289 0.563638
vt -1.457018 0.563638
vt 2.457018 0.520888
vt 1.904289 0.520888
vt 1.904289 0.563638
vt 2.457018 0.563638
vt 2.457018 -0.117172
vt 1.904289 -0.117172
vt 1.904289 0.021685
vt 2.457018 0.021685
vt 0.436362 -0.117172
vt 0.436362 0.021685
vt 0.479112 -0.117172
vt 0.479112 0.021685
vt -0.904289 -0.117172
vt -1.457018 -0.117172
vt -1.457018 0.021685
vt -0.904289 0.021685
vt 0.520888 -0.117172
vt 0.520888 0.021685
vt 0.563638 -0.117172
vt 0.563638 0.021685
s 0
f 7098/3059/1166 7099/3060/1166 7100/3061/1166
f 7101/3062/1166 7100/3061/1166 7099/3060/1166
f 7102/3063/1167 7103/3064/1167 7104/3065/1167
f 7102/3063/1167 7104/3065/1167 7105/3066/1167
f 7106/3067/1168 7107/3068/1168 7108/3069/1168
f 7106/3067/1168 7108/3069/1168 7109/3070/1168
f 7110/3071/1169 7111/3072/1169 7112/3073/1169
f 7112/3073/1169 7111/3072/1169 7113/3074/1169
f 7114/3075/1170 7115/3076/1170 7116/3077/1170
f 7114/3075/1170 7116/3077/1170 7117/3078/1170
f 7118/3079/1171 7119/3080/1171 7120/3081/1171
f 7120/3081/1171 7119/3080/1171 7121/3082/1171
o Box037_14_-_Polished_Aluminum_0
v 1.321405 9.734333 -0.659792
v 3.532324 9.734333 -0.659792
v 1.321405 9.734333 -0.446044
v 3.532324 9.734333 -0.446044
v 3.532324 10.289761 -0.659792
v 1.321405 10.289761 -0.659792
v 1.321405 10.289761 -0.446044
v 3.532324 10.289761 -0.446044
v 3.532324 10.289761 -0.446044
v 1.321405 10.289761 -0.446044
v 1.321405 9.734333 -0.446044
v 3.532324 9.734333 -0.446044
v 3.532324 10.289761 -0.446044
v 3.532324 9.734333 -0.446044
v 3.532324 10.289761 -0.659792
v 3.532324 9.734333 -0.659792
v 1.321405 10.289761 -0.659792
v 3.532324 10.289761 -0.659792
v 3.532324 9.734333 -0.659792
v 1.321405 9.734333 -0.659792
v 1.321405 10.289761 -0.659792
v 1.321405 9.734333 -0.659792
v 1.321405 10.289761 -0.446044
v 1.321405 9.734333 -0.446044
vn -0.0000 -1.0000 -0.0000
vn -0.0000 1.0000 -0.0000
vn -0.0000 -0.0000 1.0000
vn 1.0000 -0.0000 -0.0000
vn -0.0000 -0.0000 -1.0000
vn -1.0000 -0.0000 -0.0000
vt -0.904289 0.606392
vt -1.457018 0.606392
vt -0.904289 0.649141
vt -1.457018 0.649141
vt 2.457018 0.606392
vt 1.904289 0.606392
vt 1.904289 0.649141
vt 2.457018 0.649141
vt 2.457018 -0.117172
vt 1.904289 -0.117172
vt 1.904289 0.021685
vt 2.457018 0.021685
vt 0.350859 -0.117172
vt 0.350859 0.021685
vt 0.393608 -0.117172
vt 0.393608 0.021685
vt -0.904289 -0.117172
vt -1.457018 -0.117172
vt -1.457018 0.021685
vt -0.904289 0.021685
vt 0.606392 -0.117172
vt 0.606392 0.021685
vt 0.649141 -0.117172
vt 0.649141 0.021685
s 0
f 7122/3083/1172 7123/3084/1172 7124/3085/1172
f 7125/3086/1172 7124/3085/1172 7123/3084/1172
f 7126/3087/1173 7127/3088/1173 7128/3089/1173
f 7126/3087/1173 7128/3089/1173 7129/3090/1173
f 7130/3091/1174 7131/3092/1174 7132/3093/1174
f 7130/3091/1174 7132/3093/1174 7133/3094/1174
f 7134/3095/1175 7135/3096/1175 7136/3097/1175
f 7136/3097/1175 7135/3096/1175 7137/3098/1175
f 7138/3099/1176 7139/3100/1176 7140/3101/1176
f 7138/3099/1176 7140/3101/1176 7141/3102/1176
f 7142/3103/1177 7143/3104/1177 7144/3105/1177
f 7144/3105/1177 7143/3104/1177 7145/3106/1177
o Box038_14_-_Polished_Aluminum_0
v 1.321405 9.734333 -0.232271
v 3.532324 9.734333 -0.232271
v 1.321405 9.734333 -0.018522
v 3.532324 9.734333 -0.018522
v 3.532324 10.289761 -0.232271
v 1.321405 10.289761 -0.232271
v 1.321405 10.289761 -0.018522
v 3.532324 10.289761 -0.018522
v 3.532324 10.289761 -0.018522
v 1.321405 10.289761 -0.018522
v 1.321405 9.734333 -0.018522
v 3.532324 9.734333 -0.018522
v 3.532324 10.289761 -0.018522
v 3.532324 9.734333 -0.018522
v 3.532324 10.289761 -0.232271
v 3.532324 9.734333 -0.232271
v 1.321405 10.289761 -0.232271
v 3.532324 10.289761 -0.232271
v 3.532324 9.734333 -0.232271
v 1.321405 9.734333 -0.232271
v 1.321405 10.289761 -0.232271
v 1.321405 9.734333 -0.232271
v 1.321405 10.289761 -0.018522
v 1.321405 9.734333 -0.018522
vn -0.0000 -1.0000 -0.0000
vn -0.0000 1.0000 -0.0000
vn -0.0000 -0.0000 1.0000
vn 1.0000 -0.0000 -0.0000
vn -0.0000 -0.0000 -1.0000
vn -1.0000 -0.0000 -0.0000
vt -0.904289 0.691895
vt -1.457018 0.691895
vt -0.904289 0.734645
vt -1.457018 0.734645
vt 2.457018 0.691895
vt 1.904289 0.691895
vt 1.904289 0.734645
vt 2.457018 0.734645
vt 2.457018 -0.117172
vt 1.904289 -0.117172
vt 1.904289 0.021685
vt 2.457018 0.021685
vt 0.265355 -0.117172
vt 0.265355 0.021685
vt 0.308105 -0.117172
vt 0.308105 0.021685
vt -0.904289 -0.117172
vt -1.457018 -0.117172
vt -1.457018 0.021685
vt -0.904289 0.021685
vt 0.691895 -0.117172
vt 0.691895 0.021685
vt 0.734645 -0.117172
vt 0.734645 0.021685
s 0
f 7146/3107/1178 7147/3108/1178 7148/3109/1178
f 7149/3110/1178 7148/3109/1178 7147/3108/1178
f 7150/3111/1179 7151/3112/1179 7152/3113/1179
f 7150/3111/1179 7152/3113/1179 7153/3114/1179
f 7154/3115/1180 7155/3116/1180 7156/3117/1180
f 7154/3115/1180 7156/3117/1180 7157/3118/1180
f 7158/3119/1181 7159/3120/1181 7160/3121/1181
f 7160/3121/1181 7159/3120/1181 7161/3122/1181
f 7162/3123/1182 7163/3124/1182 7164/3125/1182
f 7162/3123/1182 7164/3125/1182 7165/3126/1182
f 7166/3127/1183 7167/3128/1183 7168/3129/1183
f 7168/3129/1183 7167/3128/1183 7169/3130/1183
o Box039_14_-_Polished_Aluminum_0
v 1.321405 9.734333 0.195251
v 3.532324 9.734333 0.195251
v 1.321405 9.734333 0.408999
v 3.532324 9.734333 0.408999
v 3.532324 10.289761 0.195251
v 1.321405 10.289761 0.195251
v 1.321405 10.289761 0.408999
v 3.532324 10.289761 0.408999
v 3.532324 10.289761 0.408999
v 1.321405 10.289761 0.408999
v 1.321405 9.734333 0.408999
v 3.532324 9.734333 0.408999
v 3.532324 10.289761 0.408999
v 3.532324 9.734333 0.408999
v 3.532324 10.289761 0.195251
v 3.532324 9.734333 0.195251
v 1.321405 10.289761 0.195251
v 3.532324 10.289761 0.195251
v 3.532324 9.734333 0.195251
v 1.321405 9.734333 0.195251
v 1.321405 10.289761 0.195251
v 1.321405 9.734333 0.195251
v 1.321405 10.289761 0.408999
v 1.321405 9.734333 0.408999
vn -0.0000 -1.0000 -0.0000
vn -0.0000 1.0000 -0.0000
vn -0.0000 -0.0000 1.0000
vn 1.0000 -0.0000 -0.0000
vn -0.0000 -0.0000 -1.0000
vn -1.0000 -0.0000 -0.0000
vt -0.904289 0.777399
vt -1.457018 0.777399
vt -0.904289 0.820149
vt -1.457018 0.820149
vt 2.457018 0.777399
vt 1.904289 0.777399
vt 1.904289 0.820149
vt 2.457018 0.820149
vt 2.457018 -0.117172
vt 1.904289 -0.117172
vt 1.904289 0.021685
vt 2.457018 0.021685
vt 0.179851 -0.117172
vt 0.179851 0.021685
vt 0.222601 -0.117172
vt 0.222601 0.021685
vt -0.904289 -0.117172
vt -1.457018 -0.117172
vt -1.457018 0.021685
vt -0.904289 0.021685
vt 0.777399 -0.117172
vt 0.777399 0.021685
vt 0.820149 -0.117172
vt 0.820149 0.021685
s 0
f 7170/3131/1184 7171/3132/1184 7172/3133/1184
f 7173/3134/1184 7172/3133/1184 7171/3132/1184
f 7174/3135/1185 7175/3136/1185 7176/3137/1185
f 7174/3135/1185 7176/3137/1185 7177/3138/1185
f 7178/3139/1186 7179/3140/1186 7180/3141/1186
f 7178/3139/1186 7180/3141/1186 7181/3142/1186
f 7182/3143/1187 7183/3144/1187 7184/3145/1187
f 7184/3145/1187 7183/3144/1187 7185/3146/1187
f 7186/3147/1188 7187/3148/1188 7188/3149/1188
f 7186/3147/1188 7188/3149/1188 7189/3150/1188
f 7190/3151/1189 7191/3152/1189 7192/3153/1189
f 7192/3153/1189 7191/3152/1189 7193/3154/1189
o Box040_14_-_Polished_Aluminum_0
v 1.321405 9.734333 0.622766
v 3.532324 9.734333 0.622766
v 1.321405 9.734333 0.836514
v 3.532324 9.734333 0.836514
v 3.532324 10.289761 0.622766
v 1.321405 10.289761 0.622766
v 1.321405 10.289761 0.836514
v 3.532324 10.289761 0.836514
v 3.532324 10.289761 0.836514
v 1.321405 10.289761 0.836514
v 1.321405 9.734333 0.836514
v 3.532324 9.734333 0.836514
v 3.532324 10.289761 0.836514
v 3.532324 9.734333 0.836514
v 3.532324 10.289761 0.622766
v 3.532324 9.734333 0.622766
v 1.321405 10.289761 0.622766
v 3.532324 10.289761 0.622766
v 3.532324 9.734333 0.622766
v 1.321405 9.734333 0.622766
v 1.321405 10.289761 0.622766
v 1.321405 9.734333 0.622766
v 1.321405 10.289761 0.836514
v 1.321405 9.734333 0.836514
vn -0.0000 -1.0000 -0.0000
vn -0.0000 1.0000 -0.0000
vn -0.0000 -0.0000 1.0000
vn 1.0000 -0.0000 -0.0000
vn -0.0000 -0.0000 -1.0000
vn -1.0000 -0.0000 -0.0000
vt -0.904289 0.862903
vt -1.457018 0.862903
vt -0.904289 0.905652
vt -1.457018 0.905652
vt 2.457018 0.862903
vt 1.904289 0.862903
vt 1.904289 0.905652
vt 2.457018 0.905652
vt 2.457018 -0.117172
vt 1.904289 -0.117172
vt 1.904289 0.021685
vt 2.457018 0.021685
vt 0.094348 -0.117172
vt 0.094348 0.021685
vt 0.137097 -0.117172
vt 0.137097 0.021685
vt -0.904289 -0.117172
vt -1.457018 -0.117172
vt -1.457018 0.021685
vt -0.904289 0.021685
vt 0.862903 -0.117172
vt 0.862903 0.021685
vt 0.905652 -0.117172
vt 0.905652 0.021685
s 0
f 7194/3155/1190 7195/3156/1190 7196/3157/1190
f 7197/3158/1190 7196/3157/1190 7195/3156/1190
f 7198/3159/1191 7199/3160/1191 7200/3161/1191
f 7198/3159/1191 7200/3161/1191 7201/3162/1191
f 7202/3163/1192 7203/3164/1192 7204/3165/1192
f 7202/3163/1192 7204/3165/1192 7205/3166/1192
f 7206/3167/1193 7207/3168/1193 7208/3169/1193
f 7208/3169/1193 7207/3168/1193 7209/3170/1193
f 7210/3171/1194 7211/3172/1194 7212/3173/1194
f 7210/3171/1194 7212/3173/1194 7213/3174/1194
f 7214/3175/1195 7215/3176/1195 7216/3177/1195
f 7216/3177/1195 7215/3176/1195 7217/3178/1195
o Box041_14_-_Polished_Aluminum_0
v 1.321405 9.734333 1.050281
v 3.532324 9.734333 1.050281
v 1.321405 9.734333 1.264029
v 3.532324 9.734333 1.264029
v 3.532324 10.289761 1.050281
v 1.321405 10.289761 1.050281
v 1.321405 10.289761 1.264029
v 3.532324 10.289761 1.264029
v 3.532324 10.289761 1.264029
v 1.321405 10.289761 1.264029
v 1.321405 9.734333 1.264029
v 3.532324 9.734333 1.264029
v 3.532324 10.289761 1.264029
v 3.532324 9.734333 1.264029
v 3.532324 10.289761 1.050281
v 3.532324 9.734333 1.050281
v 1.321405 10.289761 1.050281
v 3.532324 10.289761 1.050281
v 3.532324 9.734333 1.050281
v 1.321405 9.734333 1.050281
v 1.321405 10.289761 1.050281
v 1.321405 9.734333 1.050281
v 1.321405 10.289761 1.264029
v 1.321405 9.734333 1.264029
vn -0.0000 -1.0000 -0.0000
vn -0.0000 1.0000 -0.0000
vn -0.0000 -0.0000 1.0000
vn 1.0000 -0.0000 -0.0000
vn -0.0000 -0.0000 -1.0000
vn -1.0000 -0.0000 -0.0000
vt -0.904289 0.948406
vt -1.457018 0.948406
vt -0.904289 0.991156
vt -1.457018 0.991156
vt 2.457018 0.948406
vt 1.904289 0.948406
vt 1.904289 0.991156
vt 2.457018 0.991156
vt 2.457018 -0.117172
vt 1.904289 -0.117172
vt 1.904289 0.021685
vt 2.457018 0.021685
vt 0.008844 -0.117172
vt 0.008844 0.021685
vt 0.051594 -0.117172
vt 0.051594 0.021685
vt -0.904289 -0.117172
vt -1.457018 -0.117172
vt -1.457018 0.021685
vt -0.904289 0.021685
vt 0.948406 -0.117172
vt 0.948406 0.021685
vt 0.991156 -0.117172
vt 0.991156 0.021685
s 0
f 7218/3179/1196 7219/3180/1196 7220/3181/1196
f 7221/3182/1196 7220/3181/1196 7219/3180/1196
f 7222/3183/1197 7223/3184/1197 7224/3185/1197
f 7222/3183/1197 7224/3185/1197 7225/3186/1197
f 7226/3187/1198 7227/3188/1198 7228/3189/1198
f 7226/3187/1198 7228/3189/1198 7229/3190/1198
f 7230/3191/1199 7231/3192/1199 7232/3193/1199
f 7232/3193/1199 7231/3192/1199 7233/3194/1199
f 7234/3195/1200 7235/3196/1200 7236/3197/1200
f 7234/3195/1200 7236/3197/1200 7237/3198/1200
f 7238/3199/1201 7239/3200/1201 7240/3201/1201
f 7240/3201/1201 7239/3200/1201 7241/3202/1201
o Box042_14_-_Polished_Aluminum_0
v 1.321405 9.734333 1.477802
v 3.532324 9.734333 1.477802
v 1.321405 9.734333 1.691550
v 3.532324 9.734333 1.691550
v 3.532324 10.289761 1.477802
v 1.321405 10.289761 1.477802
v 1.321405 10.289761 1.691550
v 3.532324 10.289761 1.691550
v 3.532324 10.289761 1.691550
v 1.321405 10.289761 1.691550
v 1.321405 9.734333 1.691550
v 3.532324 9.734333 1.691550
v 3.532324 10.289761 1.691550
v 3.532324 9.734333 1.691550
v 3.532324 10.289761 1.477802
v 3.532324 9.734333 1.477802
v 1.321405 10.289761 1.477802
v 3.532324 10.289761 1.477802
v 3.532324 9.734333 1.477802
v 1.321405 9.734333 1.477802
v 1.321405 10.289761 1.477802
v 1.321405 9.734333 1.477802
v 1.321405 10.289761 1.691550
v 1.321405 9.734333 1.691550
vn -0.0000 -1.0000 -0.0000
vn -0.0000 1.0000 -0.0000
vn -0.0000 -0.0000 1.0000
vn 1.0000 -0.0000 -0.0000
vn -0.0000 -0.0000 -1.0000
vn -1.0000 -0.0000 -0.0000
vt -0.904289 1.033910
vt -1.457018 1.033910
vt -0.904289 1.076659
vt -1.457018 1.076659
vt 2.457018 1.033910
vt 1.904289 1.033910
vt 1.904289 1.076659
vt 2.457018 1.076659
vt 2.457018 -0.117172
vt 1.904289 -0.117172
vt 1.904289 0.021685
vt 2.457018 0.021685
vt -0.076660 -0.117172
vt -0.076660 0.021685
vt -0.033910 -0.117172
vt -0.033910 0.021685
vt -0.904289 -0.117172
vt -1.457018 -0.117172
vt -1.457018 0.021685
vt -0.904289 0.021685
vt 1.033910 -0.117172
vt 1.033910 0.021685
vt 1.076659 -0.117172
vt 1.076659 0.021685
s 0
f 7242/3203/1202 7243/3204/1202 7244/3205/1202
f 7245/3206/1202 7244/3205/1202 7243/3204/1202
f 7246/3207/1203 7247/3208/1203 7248/3209/1203
f 7246/3207/1203 7248/3209/1203 7249/3210/1203
f 7250/3211/1204 7251/3212/1204 7252/3213/1204
f 7250/3211/1204 7252/3213/1204 7253/3214/1204
f 7254/3215/1205 7255/3216/1205 7256/3217/1205
f 7256/3217/1205 7255/3216/1205 7257/3218/1205
f 7258/3219/1206 7259/3220/1206 7260/3221/1206
f 7258/3219/1206 7260/3221/1206 7261/3222/1206
f 7262/3223/1207 7263/3224/1207 7264/3225/1207
f 7264/3225/1207 7263/3224/1207 7265/3226/1207
o Box043_14_-_Polished_Aluminum_0
v 1.321405 9.734333 1.905324
v 3.532324 9.734333 1.905324
v 1.321405 9.734333 2.119072
v 3.532324 9.734333 2.119072
v 3.532324 10.289761 1.905324
v 1.321405 10.289761 1.905324
v 1.321405 10.289761 2.119072
v 3.532324 10.289761 2.119072
v 3.532324 10.289761 2.119072
v 1.321405 10.289761 2.119072
v 1.321405 9.734333 2.119072
v 3.532324 9.734333 2.119072
v 3.532324 10.289761 2.119072
v 3.532324 9.734333 2.119072
v 3.532324 10.289761 1.905324
v 3.532324 9.734333 1.905324
v 1.321405 10.289761 1.905324
v 3.532324 10.289761 1.905324
v 3.532324 9.734333 1.905324
v 1.321405 9.734333 1.905324
v 1.321405 10.289761 1.905324
v 1.321405 9.734333 1.905324
v 1.321405 10.289761 2.119072
v 1.321405 9.734333 2.119072
vn -0.0000 -1.0000 -0.0000
vn -0.0000 1.0000 -0.0000
vn -0.0000 -0.0000 1.0000
vn 1.0000 -0.0000 -0.0000
vn -0.0000 -0.0000 -1.0000
vn -1.0000 -0.0000 -0.0000
vt -0.904288 1.119413
vt -1.457018 1.119413
vt -0.904288 1.162163
vt -1.457018 1.162163
vt 2.457018 1.119413
vt 1.904288 1.119413
vt 1.904288 1.162163
vt 2.457018 1.162163
vt 2.457018 -0.117172
vt 1.904288 -0.117172
vt 1.904288 0.021685
vt 2.457018 0.021685
vt -0.162163 -0.117172
vt -0.162163 0.021685
vt -0.119413 -0.117172
vt -0.119413 0.021685
vt -0.904288 -0.117172
vt -1.457018 -0.117172
vt -1.457018 0.021685
vt -0.904288 0.021685
vt 1.119413 -0.117172
vt 1.119413 0.021685
vt 1.162163 -0.117172
vt 1.162163 0.021685
s 0
f 7266/3227/1208 7267/3228/1208 7268/3229/1208
f 7269/3230/1208 7268/3229/1208 7267/3228/1208
f 7270/3231/1209 7271/3232/1209 7272/3233/1209
f 7270/3231/1209 7272/3233/1209 7273/3234/1209
f 7274/3235/1210 7275/3236/1210 7276/3237/1210
f 7274/3235/1210 7276/3237/1210 7277/3238/1210
f 7278/3239/1211 7279/3240/1211 7280/3241/1211
f 7280/3241/1211 7279/3240/1211 7281/3242/1211
f 7282/3243/1212 7283/3244/1212 7284/3245/1212
f 7282/3243/1212 7284/3245/1212 7285/3246/1212
f 7286/3247/1213 7287/3248/1213 7288/3249/1213
f 7288/3249/1213 7287/3248/1213 7289/3250/1213
o Box044_14_-_Polished_Aluminum_0
v 1.321405 9.734333 2.332839
v 3.532324 9.734333 2.332839
v 1.321405 9.734333 2.546587
v 3.532324 9.734333 2.546587
v 3.532324 10.289761 2.332839
v 1.321405 10.289761 2.332839
v 1.321405 10.289761 2.546587
v 3.532324 10.289761 2.546587
v 3.532324 10.289761 2.546587
v 1.321405 10.289761 2.546587
v 1.321405 9.734333 2.546587
v 3.532324 9.734333 2.546587
v 3.532324 10.289761 2.546587
v 3.532324 9.734333 2.546587
v 3.532324 10.289761 2.332839
v 3.532324 9.734333 2.332839
v 1.321405 10.289761 2.332839
v 3.532324 10.289761 2.332839
v 3.532324 9.734333 2.332839
v 1.321405 9.734333 2.332839
v 1.321405 10.289761 2.332839
v 1.321405 9.734333 2.332839
v 1.321405 10.289761 2.546587
v 1.321405 9.734333 2.546587
vn -0.0000 -1.0000 -0.0000
vn -0.0000 1.0000 -0.0000
vn -0.0000 -0.0000 1.0000
vn 1.0000 -0.0000 -0.0000
vn -0.0000 -0.0000 -1.0000
vn -1.0000 -0.0000 -0.0000
vt -0.904288 1.204917
vt -1.457018 1.204917
vt -0.904288 1.247667
vt -1.457018 1.247667
vt 2.457018 1.204917
vt 1.904288 1.204917
vt 1.904288 1.247667
vt 2.457018 1.247667
vt 2.457018 -0.117172
vt 1.904288 -0.117172
vt 1.904288 0.021685
vt 2.457018 0.021685
vt -0.247667 -0.117172
vt -0.247667 0.021685
vt -0.204917 -0.117172
vt -0.204917 0.021685
vt -0.904288 -0.117172
vt -1.457018 -0.117172
vt -1.457018 0.021685
vt -0.904288 0.021685
vt 1.204917 -0.117172
vt 1.204917 0.021685
vt 1.247667 -0.117172
vt 1.247667 0.021685
s 0
f 7290/3251/1214 7291/3252/1214 7292/3253/1214
f 7293/3254/1214 7292/3253/1214 7291/3252/1214
f 7294/3255/1215 7295/3256/1215 7296/3257/1215
f 7294/3255/1215 7296/3257/1215 7297/3258/1215
f 7298/3259/1216 7299/3260/1216 7300/3261/1216
f 7298/3259/1216 7300/3261/1216 7301/3262/1216
f 7302/3263/1217 7303/3264/1217 7304/3265/1217
f 7304/3265/1217 7303/3264/1217 7305/3266/1217
f 7306/3267/1218 7307/3268/1218 7308/3269/1218
f 7306/3267/1218 7308/3269/1218 7309/3270/1218
f 7310/3271/1219 7311/3272/1219 7312/3273/1219
f 7312/3273/1219 7311/3272/1219 7313/3274/1219
o Box045_14_-_Polished_Aluminum_0
v 1.321405 9.734333 2.760354
v 3.532324 9.734333 2.760354
v 1.321405 9.734333 2.974102
v 3.532324 9.734333 2.974102
v 3.532324 10.289761 2.760354
v 1.321405 10.289761 2.760354
v 1.321405 10.289761 2.974102
v 3.532324 10.289761 2.974102
v 3.532324 10.289761 2.974102
v 1.321405 10.289761 2.974102
v 1.321405 9.734333 2.974102
v 3.532324 9.734333 2.974102
v 3.532324 10.289761 2.974102
v 3.532324 9.734333 2.974102
v 3.532324 10.289761 2.760354
v 3.532324 9.734333 2.760354
v 1.321405 10.289761 2.760354
v 3.532324 10.289761 2.760354
v 3.532324 9.734333 2.760354
v 1.321405 9.734333 2.760354
v 1.321405 10.289761 2.760354
v 1.321405 9.734333 2.760354
v 1.321405 10.289761 2.974102
v 1.321405 9.734333 2.974102
vn -0.0000 -1.0000 -0.0000
vn -0.0000 1.0000 -0.0000
vn -0.0000 -0.0000 1.0000
vn 1.0000 -0.0000 -0.0000
vn -0.0000 -0.0000 -1.0000
vn -1.0000 -0.0000 -0.0000
vt -0.904288 1.290421
vt -1.457018 1.290421
vt -0.904288 1.333170
vt -1.457018 1.333170
vt 2.457018 1.290421
vt 1.904288 1.290421
vt 1.904288 1.333170
vt 2.457018 1.333170
vt 2.457018 -0.117172
vt 1.904288 -0.117172
vt 1.904288 0.021685
vt 2.457018 0.021685
vt -0.333170 -0.117172
vt -0.333170 0.021685
vt -0.290421 -0.117172
vt -0.290421 0.021685
vt -0.904288 -0.117172
vt -1.457018 -0.117172
vt -1.457018 0.021685
vt -0.904288 0.021685
vt 1.290421 -0.117172
vt 1.290421 0.021685
vt 1.333170 -0.117172
vt 1.333170 0.021685
s 0
f 7314/3275/1220 7315/3276/1220 7316/3277/1220
f 7317/3278/1220 7316/3277/1220 7315/3276/1220
f 7318/3279/1221 7319/3280/1221 7320/3281/1221
f 7318/3279/1221 7320/3281/1221 7321/3282/1221
f 7322/3283/1222 7323/3284/1222 7324/3285/1222
f 7322/3283/1222 7324/3285/1222 7325/3286/1222
f 7326/3287/1223 7327/3288/1223 7328/3289/1223
f 7328/3289/1223 7327/3288/1223 7329/3290/1223
f 7330/3291/1224 7331/3292/1224 7332/3293/1224
f 7330/3291/1224 7332/3293/1224 7333/3294/1224
f 7334/3295/1225 7335/3296/1225 7336/3297/1225
f 7336/3297/1225 7335/3296/1225 7337/3298/1225
o Box046_14_-_Polished_Aluminum_0
v 1.321405 9.734333 3.187875
v 3.532324 9.734333 3.187875
v 1.321405 9.734333 3.401623
v 3.532324 9.734333 3.401623
v 3.532324 10.289761 3.187875
v 1.321405 10.289761 3.187875
v 1.321405 10.289761 3.401623
v 3.532324 10.289761 3.401623
v 3.532324 10.289761 3.401623
v 1.321405 10.289761 3.401623
v 1.321405 9.734333 3.401623
v 3.532324 9.734333 3.401623
v 3.532324 10.289761 3.401623
v 3.532324 9.734333 3.401623
v 3.532324 10.289761 3.187875
v 3.532324 9.734333 3.187875
v 1.321405 10.289761 3.187875
v 3.532324 10.289761 3.187875
v 3.532324 9.734333 3.187875
v 1.321405 9.734333 3.187875
v 1.321405 10.289761 3.187875
v 1.321405 9.734333 3.187875
v 1.321405 10.289761 3.401623
v 1.321405 9.734333 3.401623
vn -0.0000 -1.0000 -0.0000
vn -0.0000 1.0000 -0.0000
vn -0.0000 -0.0000 1.0000
vn 1.0000 -0.0000 -0.0000
vn -0.0000 -0.0000 -1.0000
vn -1.0000 -0.0000 -0.0000
vt -0.904288 1.375924
vt -1.457018 1.375924
vt -0.904288 1.418674
vt -1.457018 1.418674
vt 2.457018 1.375924
vt 1.904288 1.375924
vt 1.904288 1.418674
vt 2.457018 1.418674
vt 2.457018 -0.117172
vt 1.904288 -0.117172
vt 1.904288 0.021685
vt 2.457018 0.021685
vt -0.418674 -0.117172
vt -0.418674 0.021685
vt -0.375924 -0.117172
vt -0.375924 0.021685
vt -0.904288 -0.117172
vt -1.457018 -0.117172
vt -1.457018 0.021685
vt -0.904288 0.021685
vt 1.375924 -0.117172
vt 1.375924 0.021685
vt 1.418674 -0.117172
vt 1.418674 0.021685
s 0
f 7338/3299/1226 7339/3300/1226 7340/3301/1226
f 7341/3302/1226 7340/3301/1226 7339/3300/1226
f 7342/3303/1227 7343/3304/1227 7344/3305/1227
f 7342/3303/1227 7344/3305/1227 7345/3306/1227
f 7346/3307/1228 7347/3308/1228 7348/3309/1228
f 7346/3307/1228 7348/3309/1228 7349/3310/1228
f 7350/3311/1229 7351/3312/1229 7352/3313/1229
f 7352/3313/1229 7351/3312/1229 7353/3314/1229
f 7354/3315/1230 7355/3316/1230 7356/3317/1230
f 7354/3315/1230 7356/3317/1230 7357/3318/1230
f 7358/3319/1231 7359/3320/1231 7360/3321/1231
f 7360/3321/1231 7359/3320/1231 7361/3322/1231
o Box087_05_-_Default_0
v -7.539349 10.249835 -9.314053
v -7.591052 10.249835 -9.314053
v -7.539349 10.249835 -9.366926
v -7.591052 10.249835 -9.366926
v -7.539349 11.069847 -9.366926
v -7.591052 11.069847 -9.366926
v -7.591052 11.069847 -9.314053
v -7.539349 11.069847 -9.314053
v -7.591052 11.069847 -9.314053
v -7.591052 10.249835 -9.314053
v -7.539349 11.069847 -9.314053
v -7.539349 10.249835 -9.314053
v -7.539349 11.069847 -9.314053
v -7.539349 10.249835 -9.314053
v -7.539349 11.069847 -9.366926
v -7.539349 10.249835 -9.366926
v -7.539349 11.069847 -9.366926
v -7.539349 10.249835 -9.366926
v -7.591052 11.069847 -9.366926
v -7.591052 10.249835 -9.366926
v -7.591052 11.069847 -9.366926
v -7.591052 10.249835 -9.366926
v -7.591052 11.069847 -9.314053
v -7.591052 10.249835 -9.314053
vn -0.0000 -1.0000 -0.0000
vn -0.0000 1.0000 -0.0000
vn -0.0000 -0.0000 1.0000
vn 1.0000 -0.0000 -0.0000
vn -0.0000 -0.0000 -1.0000
vn -1.0000 -0.0000 -0.0000
vt 0.000000 1.000000
vt 1.000000 1.000000
vt 0.000000 0.000000
vt 1.000000 0.000000
s 0
f 7362/3323/1232 7363/3324/1232 7364/3325/1232
f 7363/3324/1232 7365/3326/1232 7364/3325/1232
f 7366/3326/1233 7367/3325/1233 7368/3323/1233
f 7366/3326/1233 7368/3323/1233 7369/3324/1233
f 7370/3325/1234 7371/3323/1234 7372/3326/1234
f 7372/3326/1234 7371/3323/1234 7373/3324/1234
f 7374/3325/1235 7375/3323/1235 7376/3326/1235
f 7376/3326/1235 7375/3323/1235 7377/3324/1235
f 7378/3325/1236 7379/3323/1236 7380/3326/1236
f 7380/3326/1236 7379/3323/1236 7381/3324/1236
f 7382/3325/1237 7383/3323/1237 7384/3326/1237
f 7384/3326/1237 7383/3323/1237 7385/3324/1237
o Box086_05_-_Default_0
v -7.539349 10.249835 -7.815588
v -7.591052 10.249835 -7.815588
v -7.539349 10.249835 -7.868463
v -7.591052 10.249835 -7.868463
v -7.539349 11.069847 -7.868463
v -7.591052 11.069847 -7.868463
v -7.591052 11.069847 -7.815588
v -7.539349 11.069847 -7.815588
v -7.591052 11.069847 -7.815588
v -7.591052 10.249835 -7.815588
v -7.539349 11.069847 -7.815588
v -7.539349 10.249835 -7.815588
v -7.539349 11.069847 -7.815588
v -7.539349 10.249835 -7.815588
v -7.539349 11.069847 -7.868463
v -7.539349 10.249835 -7.868463
v -7.539349 11.069847 -7.868463
v -7.539349 10.249835 -7.868463
v -7.591052 11.069847 -7.868463
v -7.591052 10.249835 -7.868463
v -7.591052 11.069847 -7.868463
v -7.591052 10.249835 -7.868463
v -7.591052 11.069847 -7.815588
v -7.591052 10.249835 -7.815588
vn -0.0000 -1.0000 -0.0000
vn -0.0000 1.0000 -0.0000
vn -0.0000 -0.0000 1.0000
vn 1.0000 -0.0000 -0.0000
vn -0.0000 -0.0000 -1.0000
vn -1.0000 -0.0000 -0.0000
vt 0.000000 1.000000
vt 1.000000 1.000000
vt 0.000000 0.000000
vt 1.000000 0.000000
s 0
f 7386/3327/1238 7387/3328/1238 7388/3329/1238
f 7387/3328/1238 7389/3330/1238 7388/3329/1238
f 7390/3330/1239 7391/3329/1239 7392/3327/1239
f 7390/3330/1239 7392/3327/1239 7393/3328/1239
f 7394/3329/1240 7395/3327/1240 7396/3330/1240
f 7396/3330/1240 7395/3327/1240 7397/3328/1240
f 7398/3329/1241 7399/3327/1241 7400/3330/1241
f 7400/3330/1241 7399/3327/1241 7401/3328/1241
f 7402/3329/1242 7403/3327/1242 7404/3330/1242
f 7404/3330/1242 7403/3327/1242 7405/3328/1242
f 7406/3329/1243 7407/3327/1243 7408/3330/1243
f 7408/3330/1243 7407/3327/1243 7409/3328/1243
o Box085_05_-_Default_0
v -11.325294 10.249835 -7.395974
v -11.376997 10.249835 -7.395974
v -11.325294 10.249835 -7.448848
v -11.376997 10.249835 -7.448848
v -11.325294 11.069847 -7.448848
v -11.376997 11.069847 -7.448848
v -11.376997 11.069847 -7.395974
v -11.325294 11.069847 -7.395974
v -11.376997 11.069847 -7.395974
v -11.376997 10.249835 -7.395974
v -11.325294 11.069847 -7.395974
v -11.325294 10.249835 -7.395974
v -11.325294 11.069847 -7.395974
v -11.325294 10.249835 -7.395974
v -11.325294 11.069847 -7.448848
v -11.325294 10.249835 -7.448848
v -11.325294 11.069847 -7.448848
v -11.325294 10.249835 -7.448848
v -11.376997 11.069847 -7.448848
v -11.376997 10.249835 -7.448848
v -11.376997 11.069847 -7.448848
v -11.376997 10.249835 -7.448848
v -11.376997 11.069847 -7.395974
v -11.376997 10.249835 -7.395974
vn -0.0000 -1.0000 -0.0000
vn -0.0000 1.0000 -0.0000
vn -0.0000 -0.0000 1.0000
vn 1.0000 -0.0000 -0.0000
vn -0.0000 -0.0000 -1.0000
vn -1.0000 -0.0000 -0.0000
vt 0.000000 1.000000
vt 1.000000 1.000000
vt 0.000000 0.000000
vt 1.000000 0.000000
s 0
f 7410/3331/1244 7411/3332/1244 7412/3333/1244
f 7411/3332/1244 7413/3334/1244 7412/3333/1244
f 7414/3334/1245 7415/3333/1245 7416/3331/1245
f 7414/3334/1245 7416/3331/1245 7417/3332/1245
f 7418/3333/1246 7419/3331/1246 7420/3334/1246
f 7420/3334/1246 7419/3331/1246 7421/3332/1246
f 7422/3333/1247 7423/3331/1247 7424/3334/1247
f 7424/3334/1247 7423/3331/1247 7425/3332/1247
f 7426/3333/1248 7427/3331/1248 7428/3334/1248
f 7428/3334/1248 7427/3331/1248 7429/3332/1248
f 7430/3333/1249 7431/3331/1249 7432/3334/1249
f 7432/3334/1249 7431/3331/1249 7433/3332/1249
o Box084_05_-_Default_0
v -7.616219 10.249835 -1.604834
v -7.667921 10.249835 -1.604834
v -7.616219 10.249835 -1.657709
v -7.667921 10.249835 -1.657709
v -7.616219 11.069847 -1.657709
v -7.667921 11.069847 -1.657709
v -7.667921 11.069847 -1.604834
v -7.616219 11.069847 -1.604834
v -7.667921 11.069847 -1.604834
v -7.667921 10.249835 -1.604834
v -7.616219 11.069847 -1.604834
v -7.616219 10.249835 -1.604834
v -7.616219 11.069847 -1.604834
v -7.616219 10.249835 -1.604834
v -7.616219 11.069847 -1.657709
v -7.616219 10.249835 -1.657709
v -7.616219 11.069847 -1.657709
v -7.616219 10.249835 -1.657709
v -7.667921 11.069847 -1.657709
v -7.667921 10.249835 -1.657709
v -7.667921 11.069847 -1.657709
v -7.667921 10.249835 -1.657709
v -7.667921 11.069847 -1.604834
v -7.667921 10.249835 -1.604834
vn -0.0000 -1.0000 -0.0000
vn -0.0000 1.0000 -0.0000
vn -0.0000 -0.0000 1.0000
vn 1.0000 -0.0000 -0.0000
vn -0.0000 -0.0000 -1.0000
vn -1.0000 -0.0000 -0.0000
vt 0.000000 1.000000
vt 1.000000 1.000000
vt 0.000000 0.000000
vt 1.000000 0.000000
s 0
f 7434/3335/1250 7435/3336/1250 7436/3337/1250
f 7435/3336/1250 7437/3338/1250 7436/3337/1250
f 7438/3338/1251 7439/3337/1251 7440/3335/1251
f 7438/3338/1251 7440/3335/1251 7441/3336/1251
f 7442/3337/1252 7443/3335/1252 7444/3338/1252
f 7444/3338/1252 7443/3335/1252 7445/3336/1252
f 7446/3337/1253 7447/3335/1253 7448/3338/1253
f 7448/3338/1253 7447/3335/1253 7449/3336/1253
f 7450/3337/1254 7451/3335/1254 7452/3338/1254
f 7452/3338/1254 7451/3335/1254 7453/3336/1254
f 7454/3337/1255 7455/3335/1255 7456/3338/1255
f 7456/3338/1255 7455/3335/1255 7457/3336/1255
o Box083_05_-_Default_0
v -7.616219 10.249835 0.125653
v -7.667921 10.249835 0.125653
v -7.616219 10.249835 0.072779
v -7.667921 10.249835 0.072779
v -7.616219 11.069847 0.072778
v -7.667921 11.069847 0.072778
v -7.667921 11.069847 0.125653
v -7.616219 11.069847 0.125653
v -7.667921 11.069847 0.125653
v -7.667921 10.249835 0.125653
v -7.616219 11.069847 0.125653
v -7.616219 10.249835 0.125653
v -7.616219 11.069847 0.125653
v -7.616219 10.249835 0.125653
v -7.616219 11.069847 0.072778
v -7.616219 10.249835 0.072779
v -7.616219 11.069847 0.072778
v -7.616219 10.249835 0.072779
v -7.667921 11.069847 0.072778
v -7.667921 10.249835 0.072779
v -7.667921 11.069847 0.072778
v -7.667921 10.249835 0.072779
v -7.667921 11.069847 0.125653
v -7.667921 10.249835 0.125653
vn -0.0000 -1.0000 -0.0000
vn -0.0000 1.0000 -0.0000
vn -0.0000 -0.0000 1.0000
vn 1.0000 -0.0000 -0.0000
vn -0.0000 -0.0000 -1.0000
vn -1.0000 -0.0000 -0.0000
vt 0.000000 1.000000
vt 1.000000 1.000000
vt 0.000000 0.000000
vt 1.000000 0.000000
s 0
f 7458/3339/1256 7459/3340/1256 7460/3341/1256
f 7459/3340/1256 7461/3342/1256 7460/3341/1256
f 7462/3342/1257 7463/3341/1257 7464/3339/1257
f 7462/3342/1257 7464/3339/1257 7465/3340/1257
f 7466/3341/1258 7467/3339/1258 7468/3342/1258
f 7468/3342/1258 7467/3339/1258 7469/3340/1258
f 7470/3341/1259 7471/3339/1259 7472/3342/1259
f 7472/3342/1259 7471/3339/1259 7473/3340/1259
f 7474/3341/1260 7475/3339/1260 7476/3342/1260
f 7476/3342/1260 7475/3339/1260 7477/3340/1260
f 7478/3341/1261 7479/3339/1261 7480/3342/1261
f 7480/3342/1261 7479/3339/1261 7481/3340/1261
o Box082_05_-_Default_0
v -7.616219 10.249835 2.823380
v -7.667921 10.249835 2.823380
v -7.616219 10.249835 2.770506
v -7.667921 10.249835 2.770506
v -7.616219 11.069847 2.770506
v -7.667921 11.069847 2.770506
v -7.667921 11.069847 2.823380
v -7.616219 11.069847 2.823380
v -7.667921 11.069847 2.823380
v -7.667921 10.249835 2.823380
v -7.616219 11.069847 2.823380
v -7.616219 10.249835 2.823380
v -7.616219 11.069847 2.823380
v -7.616219 10.249835 2.823380
v -7.616219 11.069847 2.770506
v -7.616219 10.249835 2.770506
v -7.616219 11.069847 2.770506
v -7.616219 10.249835 2.770506
v -7.667921 11.069847 2.770506
v -7.667921 10.249835 2.770506
v -7.667921 11.069847 2.770506
v -7.667921 10.249835 2.770506
v -7.667921 11.069847 2.823380
v -7.667921 10.249835 2.823380
vn -0.0000 -1.0000 -0.0000
vn -0.0000 1.0000 -0.0000
vn -0.0000 -0.0000 1.0000
vn 1.0000 -0.0000 -0.0000
vn -0.0000 -0.0000 -1.0000
vn -1.0000 -0.0000 -0.0000
vt 0.000000 1.000000
vt 1.000000 1.000000
vt 0.000000 0.000000
vt 1.000000 0.000000
s 0
f 7482/3343/1262 7483/3344/1262 7484/3345/1262
f 7483/3344/1262 7485/3346/1262 7484/3345/1262
f 7486/3346/1263 7487/3345/1263 7488/3343/1263
f 7486/3346/1263 7488/3343/1263 7489/3344/1263
f 7490/3345/1264 7491/3343/1264 7492/3346/1264
f 7492/3346/1264 7491/3343/1264 7493/3344/1264
f 7494/3345/1265 7495/3343/1265 7496/3346/1265
f 7496/3346/1265 7495/3343/1265 7497/3344/1265
f 7498/3345/1266 7499/3343/1266 7500/3346/1266
f 7500/3346/1266 7499/3343/1266 7501/3344/1266
f 7502/3345/1267 7503/3343/1267 7504/3346/1267
f 7504/3346/1267 7503/3343/1267 7505/3344/1267
o Box081_05_-_Default_0
v -7.616219 10.249835 5.521114
v -7.667921 10.249835 5.521114
v -7.616219 10.249835 5.468240
v -7.667921 10.249835 5.468240
v -7.616219 11.069847 5.468240
v -7.667921 11.069847 5.468240
v -7.667921 11.069847 5.521114
v -7.616219 11.069847 5.521114
v -7.667921 11.069847 5.521114
v -7.667921 10.249835 5.521114
v -7.616219 11.069847 5.521114
v -7.616219 10.249835 5.521114
v -7.616219 11.069847 5.521114
v -7.616219 10.249835 5.521114
v -7.616219 11.069847 5.468240
v -7.616219 10.249835 5.468240
v -7.616219 11.069847 5.468240
v -7.616219 10.249835 5.468240
v -7.667921 11.069847 5.468240
v -7.667921 10.249835 5.468240
v -7.667921 11.069847 5.468240
v -7.667921 10.249835 5.468240
v -7.667921 11.069847 5.521114
v -7.667921 10.249835 5.521114
vn -0.0000 -1.0000 -0.0000
vn -0.0000 1.0000 -0.0000
vn -0.0000 -0.0000 1.0000
vn 1.0000 -0.0000 -0.0000
vn -0.0000 -0.0000 -1.0000
vn -1.0000 -0.0000 -0.0000
vt 0.000000 1.000000
vt 1.000000 1.000000
vt 0.000000 0.000000
vt 1.000000 0.000000
s 0
f 7506/3347/1268 7507/3348/1268 7508/3349/1268
f 7507/3348/1268 7509/3350/1268 7508/3349/1268
f 7510/3350/1269 7511/3349/1269 7512/3347/1269
f 7510/3350/1269 7512/3347/1269 7513/3348/1269
f 7514/3349/1270 7515/3347/1270 7516/3350/1270
f 7516/3350/1270 7515/3347/1270 7517/3348/1270
f 7518/3349/1271 7519/3347/1271 7520/3350/1271
f 7520/3350/1271 7519/3347/1271 7521/3348/1271
f 7522/3349/1272 7523/3347/1272 7524/3350/1272
f 7524/3350/1272 7523/3347/1272 7525/3348/1272
f 7526/3349/1273 7527/3347/1273 7528/3350/1273
f 7528/3350/1273 7527/3347/1273 7529/3348/1273
o Box080_05_-_Default_0
v -7.616219 10.249835 8.218847
v -7.667921 10.249835 8.218847
v -7.616219 10.249835 8.165974
v -7.667921 10.249835 8.165974
v -7.616219 11.069847 8.165974
v -7.667921 11.069847 8.165974
v -7.667921 11.069847 8.218847
v -7.616219 11.069847 8.218847
v -7.667921 11.069847 8.218847
v -7.667921 10.249835 8.218847
v -7.616219 11.069847 8.218847
v -7.616219 10.249835 8.218847
v -7.616219 11.069847 8.218847
v -7.616219 10.249835 8.218847
v -7.616219 11.069847 8.165974
v -7.616219 10.249835 8.165974
v -7.616219 11.069847 8.165974
v -7.616219 10.249835 8.165974
v -7.667921 11.069847 8.165974
v -7.667921 10.249835 8.165974
v -7.667921 11.069847 8.165974
v -7.667921 10.249835 8.165974
v -7.667921 11.069847 8.218847
v -7.667921 10.249835 8.218847
vn -0.0000 -1.0000 -0.0000
vn -0.0000 1.0000 -0.0000
vn -0.0000 -0.0000 1.0000
vn 1.0000 -0.0000 -0.0000
vn -0.0000 -0.0000 -1.0000
vn -1.0000 -0.0000 -0.0000
vt 0.000000 1.000000
vt 1.000000 1.000000
vt 0.000000 0.000000
vt 1.000000 0.000000
s 0
f 7530/3351/1274 7531/3352/1274 7532/3353/1274
f 7531/3352/1274 7533/3354/1274 7532/3353/1274
f 7534/3354/1275 7535/3353/1275 7536/3351/1275
f 7534/3354/1275 7536/3351/1275 7537/3352/1275
f 7538/3353/1276 7539/3351/1276 7540/3354/1276
f 7540/3354/1276 7539/3351/1276 7541/3352/1276
f 7542/3353/1277 7543/3351/1277 7544/3354/1277
f 7544/3354/1277 7543/3351/1277 7545/3352/1277
f 7546/3353/1278 7547/3351/1278 7548/3354/1278
f 7548/3354/1278 7547/3351/1278 7549/3352/1278
f 7550/3353/1279 7551/3351/1279 7552/3354/1279
f 7552/3354/1279 7551/3351/1279 7553/3352/1279
o Line005_16_-_Matte_Plastic_0
v -11.447583 10.190836 -7.566019
v -7.687772 10.190836 -7.566019
v -7.687772 9.890836 -7.566019
v -11.447583 9.890836 -7.566019
v -11.447583 10.190837 -1.443103
v -11.447583 10.190836 -7.566019
v -11.447583 9.890836 -7.566019
v -11.447583 9.890837 -1.443103
v -7.687772 10.190837 -1.443103
v -11.447583 10.190837 -1.443103
v -11.447583 9.890837 -1.443103
v -7.687772 9.890837 -1.443103
v -7.687772 10.190837 -1.443103
v -7.687772 9.890837 -1.443103
v -7.687772 9.890839 8.321085
v -7.687772 10.190839 8.321085
v 3.885067 10.190839 8.321085
v -7.687772 10.190839 8.321085
v -7.687772 9.890839 8.321085
v 3.885067 9.890839 8.321085
v 3.885067 10.190837 -2.355817
v 3.885067 10.190839 8.321085
v 3.885067 9.890839 8.321085
v 3.885067 9.890837 -2.355816
v 3.885067 10.190837 -2.355817
v 3.885067 9.890837 -2.355816
v -1.686926 9.890837 -2.355816
v -1.686926 10.190837 -2.355817
v -1.686926 10.190836 -9.547619
v -1.686926 10.190837 -2.355817
v -1.686926 9.890837 -2.355816
v -1.686926 9.890836 -9.547619
v -7.687772 10.190836 -9.547619
v -1.686926 10.190836 -9.547619
v -1.686926 9.890836 -9.547619
v -7.687772 9.890836 -9.547619
v -7.687772 10.190836 -7.566019
v -7.687772 10.190836 -9.547619
v -7.687772 9.890836 -9.547619
v -7.687772 9.890836 -7.566019
v 1.995178 9.890838 3.568680
v 1.411689 9.890838 3.568679
v 1.411677 10.190838 3.568691
v 2.743361 10.190838 3.568694
v 3.488860 10.190838 3.568693
v 3.488844 9.890838 3.568676
v 1.411680 9.890837 0.073920
v 1.411684 9.890837 -1.291159
v 1.411680 10.190837 -1.291163
v 1.411672 10.190838 1.824419
v 1.411677 10.190838 3.568691
v 1.411689 9.890838 3.568679
v 2.905416 9.890837 -1.291163
v 3.488853 9.890837 -1.291162
v 3.488853 10.190837 -1.291161
v 2.157234 10.190837 -1.291165
v 1.411680 10.190837 -1.291163
v 1.411684 9.890837 -1.291159
v 3.488837 9.890838 2.203552
v 3.488844 9.890838 3.568676
v 3.488860 10.190838 3.568693
v 3.488846 10.190837 0.453140
v 3.488853 9.890837 -1.291162
v 3.488853 10.190837 -1.291161
v -7.687772 9.890836 -7.566019
v -7.687772 9.890836 -9.547619
v -1.686926 9.890836 -9.547619
v -1.686926 9.890837 -2.355816
v -7.687772 9.890837 -1.443103
v 1.411684 9.890837 -1.291159
v 1.411680 9.890837 0.073920
v 1.411689 9.890838 3.568679
v -7.687772 9.890839 8.321085
v 1.995178 9.890838 3.568680
v 3.488844 9.890838 3.568676
v 3.885067 9.890839 8.321085
v 3.488837 9.890838 2.203552
v 3.488853 9.890837 -1.291162
v 3.885067 9.890837 -2.355816
v 2.905416 9.890837 -1.291163
v 1.411684 9.890837 -1.291159
v -7.687772 9.890837 -1.443103
v -11.447583 9.890836 -7.566019
v -11.447583 9.890837 -1.443103
v 1.411672 10.190838 1.824419
v 1.411680 10.190837 -1.291163
v -7.687772 10.190837 -1.443103
v 1.411677 10.190838 3.568691
v -7.687772 10.190839 8.321085
v 2.743361 10.190838 3.568694
v 3.488860 10.190838 3.568693
v 3.885067 10.190839 8.321085
v 3.488846 10.190837 0.453140
v 3.488853 10.190837 -1.291161
v 3.885067 10.190837 -2.355817
v -1.686926 10.190837 -2.355817
v 2.157234 10.190837 -1.291165
v 1.411680 10.190837 -1.291163
v -7.687772 10.190837 -1.443103
v -1.686926 10.190836 -9.547619
v -7.687772 10.190836 -9.547619
v -7.687772 10.190836 -7.566019
v -11.447583 10.190837 -1.443103
v -11.447583 10.190836 -7.566019
vn -0.0000 -0.0000 -1.0000
vn -1.0000 -0.0000 -0.0000
vn -0.0000 -0.0000 1.0000
vn 1.0000 -0.0000 -0.0000
vn -0.0000 0.0001 -1.0000
vn -1.0000 0.0001 -0.0000
vn -0.0000 -1.0000 -0.0000
vn -0.0000 1.0000 -0.0000
vt 2.475981 -1.300000
vt 1.724019 -1.300000
vt 1.724019 -1.000000
vt 2.475981 -1.000000
vt 0.512973 -1.300000
vt -0.487027 -1.300000
vt -0.487027 -1.000000
vt 0.512973 -1.000000
vt -0.724019 -1.300000
vt -1.475981 -1.300000
vt -1.475981 -1.000000
vt -0.724019 -1.000000
vt 0.512973 -1.300000
vt 0.512973 -1.000000
vt 2.465810 -1.000000
vt 2.465810 -1.300000
vt 1.590548 -1.300000
vt -0.724019 -1.300000
vt -0.724019 -1.000000
vt 1.590548 -1.000000
vt 0.669569 -1.300000
vt -1.465811 -1.300000
vt -1.465811 -1.000000
vt 0.669569 -1.000000
vt -0.590549 -1.300000
vt -0.590549 -1.000000
vt 0.523850 -1.000000
vt 0.523850 -1.300000
vt 2.107929 -1.300000
vt 0.669569 -1.300000
vt 0.669569 -1.000000
vt 2.107929 -1.000000
vt 1.724019 -1.300000
vt 0.523849 -1.300000
vt 0.523849 -1.000000
vt 1.724019 -1.000000
vt -0.487027 -1.300000
vt -1.107929 -1.300000
vt -1.107929 -1.000000
vt -0.487027 -1.000000
vt -0.212571 -1.000000
vt -0.095873 -1.000000
vt -0.095871 -1.300000
vt -0.362207 -1.300000
vt -0.511307 -1.300000
vt -0.511304 -1.000000
vt 0.183622 -1.000000
vt 0.456638 -1.000000
vt 0.456638 -1.300000
vt -0.166478 -1.300000
vt -0.515332 -1.300000
vt -0.515330 -1.000000
vt 1.394619 -1.000000
vt 1.511306 -1.000000
vt 1.511306 -1.300000
vt 1.244982 -1.300000
vt 1.095871 -1.300000
vt 1.095872 -1.000000
vt 1.242304 -1.000000
vt 1.515329 -1.000000
vt 1.515332 -1.300000
vt 0.892222 -1.300000
vt 0.543362 -1.000000
vt 0.543362 -1.300000
vt 1.724019 -0.487027
vt 1.724019 -1.107929
vt 0.523849 -1.107929
vt 0.523850 0.330431
vt 1.724019 0.512973
vt -0.095872 0.543362
vt -0.095871 0.816378
vt -0.095873 1.515330
vt 1.724019 2.465810
vt -0.212571 1.515330
vt -0.511304 1.515329
vt -0.590548 2.465811
vt -0.511303 1.242304
vt -0.511306 0.543362
vt -0.590549 0.330431
vt -0.394619 0.543362
vt 2.475981 -0.487027
vt 2.475981 0.512973
vt 1.095870 1.166478
vt 1.095871 0.543362
vt -0.724019 0.512973
vt 1.095871 1.515332
vt -0.724019 2.465810
vt 1.362207 1.515333
vt 1.511307 1.515332
vt 1.590548 2.465811
vt 1.511305 0.892222
vt 1.511306 0.543362
vt 1.590549 0.330431
vt 0.476150 0.330431
vt 1.244982 0.543361
vt 0.476151 -1.107929
vt -0.724019 -1.107929
vt -0.724019 -0.487027
vt -1.475981 0.512973
vt -1.475981 -0.487027
s 0
f 7554/3355/1280 7555/3356/1280 7556/3357/1280
f 7556/3357/1280 7557/3358/1280 7554/3355/1280
f 7558/3359/1281 7559/3360/1281 7560/3361/1281
f 7560/3361/1281 7561/3362/1281 7558/3359/1281
f 7562/3363/1282 7563/3364/1282 7564/3365/1282
f 7564/3365/1282 7565/3366/1282 7562/3363/1282
f 7566/3367/1281 7567/3368/1281 7568/3369/1281
f 7568/3369/1281 7569/3370/1281 7566/3367/1281
f 7570/3371/1282 7571/3372/1282 7572/3373/1282
f 7572/3373/1282 7573/3374/1282 7570/3371/1282
f 7574/3375/1283 7575/3376/1283 7576/3377/1283
f 7576/3377/1283 7577/3378/1283 7574/3375/1283
f 7578/3379/1280 7579/3380/1280 7580/3381/1280
f 7580/3381/1280 7581/3382/1280 7578/3379/1280
f 7582/3383/1283 7583/3384/1283 7584/3385/1283
f 7584/3385/1283 7585/3386/1283 7582/3383/1283
f 7586/3387/1280 7587/3388/1280 7588/3389/1280
f 7588/3389/1280 7589/3390/1280 7586/3387/1280
f 7590/3391/1281 7591/3392/1281 7592/3393/1281
f 7592/3393/1281 7593/3394/1281 7590/3391/1281
f 7594/3395/1280 7595/3396/1280 7596/3397/1280
f 7594/3395/1280 7596/3397/1280 7597/3398/1280
f 7597/3398/1284 7598/3399/1284 7599/3400/1284
f 7594/3395/1284 7597/3398/1284 7599/3400/1284
f 7600/3401/1283 7601/3402/1283 7602/3403/1283
f 7600/3401/1283 7602/3403/1283 7603/3404/1283
f 7603/3404/1283 7604/3405/1283 7605/3406/1283
f 7600/3401/1283 7603/3404/1283 7605/3406/1283
f 7606/3407/1282 7607/3408/1282 7608/3409/1282
f 7606/3407/1282 7608/3409/1282 7609/3410/1282
f 7609/3410/1282 7610/3411/1282 7611/3412/1282
f 7606/3407/1282 7609/3410/1282 7611/3412/1282
f 7612/3413/1285 7613/3414/1285 7614/3415/1285
f 7612/3413/1285 7614/3415/1285 7615/3416/1285
f 7616/3417/1281 7612/3413/1281 7615/3416/1281
f 7616/3417/1281 7615/3416/1281 7617/3418/1281
f 7618/3419/1286 7619/3420/1286 7620/3421/1286
f 7618/3419/1286 7620/3421/1286 7621/3422/1286
f 7622/3423/1286 7623/3424/1286 7624/3425/1286
f 7622/3423/1286 7624/3425/1286 7625/3426/1286
f 7626/3427/1286 7622/3423/1286 7625/3426/1286
f 7626/3427/1286 7625/3426/1286 7627/3428/1286
f 7626/3427/1286 7627/3428/1286 7628/3429/1286
f 7629/3430/1286 7626/3427/1286 7628/3429/1286
f 7629/3430/1286 7628/3429/1286 7630/3431/1286
f 7629/3430/1286 7630/3431/1286 7631/3432/1286
f 7632/3433/1286 7629/3430/1286 7631/3432/1286
f 7621/3422/1286 7632/3433/1286 7631/3432/1286
f 7621/3422/1286 7631/3432/1286 7633/3434/1286
f 7621/3422/1286 7633/3434/1286 7634/3424/1286
f 7621/3422/1286 7634/3424/1286 7635/3423/1286
f 7618/3419/1286 7621/3422/1286 7635/3423/1286
f 7636/3435/1286 7618/3419/1286 7635/3423/1286
f 7636/3435/1286 7635/3423/1286 7637/3436/1286
f 7638/3437/1287 7639/3438/1287 7640/3439/1287
f 7641/3440/1287 7638/3437/1287 7640/3439/1287
f 7641/3440/1287 7640/3439/1287 7642/3441/1287
f 7643/3442/1287 7641/3440/1287 7642/3441/1287
f 7644/3443/1287 7643/3442/1287 7642/3441/1287
f 7644/3443/1287 7642/3441/1287 7645/3444/1287
f 7646/3445/1287 7644/3443/1287 7645/3444/1287
f 7647/3446/1287 7646/3445/1287 7645/3444/1287
f 7647/3446/1287 7645/3444/1287 7648/3447/1287
f 7647/3446/1287 7648/3447/1287 7649/3448/1287
f 7650/3449/1287 7647/3446/1287 7649/3448/1287
f 7651/3438/1287 7650/3449/1287 7649/3448/1287
f 7652/3439/1287 7651/3438/1287 7649/3448/1287
f 7653/3450/1287 7654/3451/1287 7655/3452/1287
f 7649/3448/1287 7653/3450/1287 7655/3452/1287
f 7652/3439/1287 7649/3448/1287 7655/3452/1287
f 7656/3453/1287 7652/3439/1287 7655/3452/1287
f 7656/3453/1287 7655/3452/1287 7657/3454/1287
o Line028__0
v -1.598097 7.784638 -7.587934
v -1.598097 7.784638 -9.137480
v -1.648898 7.784638 -9.086679
v -1.648898 7.784638 -7.587934
v -1.648898 7.784638 -7.587934
v -1.648898 7.784638 -9.086679
v -1.648898 6.984637 -9.086679
v -1.648898 6.984638 -7.587934
v -1.598097 6.984638 -7.587934
v -1.648898 6.984637 -9.086679
v -1.598097 6.984637 -9.137480
v -1.648898 6.984638 -7.587934
v -1.598097 7.784638 -9.137480
v -1.598097 7.784638 -7.587934
v -1.598097 6.984638 -7.587934
v -1.598097 6.984637 -9.137480
v -6.653058 7.784644 -9.137313
v -6.703858 7.784632 -9.086514
v -6.703801 6.984631 -9.086846
v -1.648898 7.784638 -9.086679
v -6.703858 7.784632 -9.086514
v -1.648898 6.984637 -9.086679
v -6.703801 6.984631 -9.086846
v -6.653001 6.984643 -9.137647
v -1.598097 7.784638 -9.137480
v -6.653001 6.984643 -9.137647
v -6.653058 7.784644 -9.137313
v -1.598097 6.984637 -9.137480
v -6.703887 7.784625 -10.912713
v -6.653087 7.784650 -10.963513
v -6.703887 7.784625 -10.912713
v -6.703801 6.984631 -9.086846
v -6.703858 7.784632 -9.086514
v -6.703772 6.984625 -10.913380
v -6.703772 6.984625 -10.913380
v -6.652972 6.984650 -10.964180
v -6.653087 7.784650 -10.963513
v -6.653058 7.784644 -9.137313
v -6.653001 6.984643 -9.137647
v -6.652972 6.984650 -10.964180
v -12.978870 7.784650 -10.963789
v -12.928071 7.784625 -10.912990
v -12.928071 7.784625 -10.912990
v -6.703772 6.984625 -10.913380
v -6.703887 7.784625 -10.912713
v -12.928738 6.984625 -10.913104
v -12.928738 6.984625 -10.913104
v -12.979538 6.984650 -10.963904
v -12.978870 7.784650 -10.963789
v -6.653087 7.784650 -10.963513
v -6.652972 6.984650 -10.964180
v -12.979538 6.984650 -10.963904
v -12.978842 7.784657 -2.472206
v -12.928042 7.784620 -2.421406
v -12.928071 7.784625 -10.912990
v -12.928042 7.784620 -2.421406
v -12.928766 6.984620 -2.421854
v -12.928738 6.984625 -10.913104
v -12.979567 6.984657 -2.472654
v -12.928766 6.984620 -2.421854
v -12.978870 7.784650 -10.963789
v -12.979567 6.984657 -2.472654
v -12.978842 7.784657 -2.472206
v -12.979538 6.984650 -10.963904
v -14.719790 7.784663 -2.472039
v -14.668989 7.784614 -2.421239
v -14.668989 7.784614 -2.421239
v -12.928766 6.984620 -2.421854
v -12.928042 7.784620 -2.421406
v -14.669771 6.984614 -2.422020
v -14.669771 6.984614 -2.422020
v -14.720571 6.984663 -2.472821
v -14.719790 7.784663 -2.472039
v -12.978842 7.784657 -2.472206
v -12.979567 6.984657 -2.472654
v -14.720571 6.984663 -2.472821
v -14.719790 7.784665 5.784375
v -14.668989 7.784615 5.733575
v -14.669771 6.984615 5.734357
v -14.668989 7.784614 -2.421239
v -14.668989 7.784615 5.733575
v -14.669771 6.984614 -2.422020
v -14.720571 6.984664 5.785156
v -14.669771 6.984615 5.734357
v -14.719790 7.784665 5.784375
v -14.719790 7.784663 -2.472039
v -14.720571 6.984663 -2.472821
v -14.720571 6.984664 5.785156
v -7.346783 7.784658 5.784542
v -7.295983 7.784621 5.733742
v -14.668989 7.784615 5.733575
v -7.295983 7.784621 5.733742
v -7.296707 6.984621 5.734190
v -14.669771 6.984615 5.734357
v -7.347507 6.984658 5.784989
v -7.296707 6.984621 5.734190
v -14.719790 7.784665 5.784375
v -7.347507 6.984658 5.784989
v -7.346783 7.784658 5.784542
v -14.720571 6.984664 5.785156
v -7.296011 7.784628 8.756839
v -7.346812 7.784653 8.807638
v -7.296011 7.784628 8.756839
v -7.296707 6.984621 5.734190
v -7.295983 7.784621 5.733742
v -7.296679 6.984628 8.756953
v -7.296679 6.984628 8.756953
v -7.347478 6.984653 8.807754
v -7.346812 7.784653 8.807638
v -7.346783 7.784658 5.784542
v -7.347507 6.984658 5.784989
v -7.347478 6.984653 8.807754
v -1.648223 7.784653 8.807363
v -1.699023 7.784628 8.756562
v -7.296011 7.784628 8.756839
v -1.699023 7.784628 8.756562
v -1.698908 6.984628 8.757229
v -7.296679 6.984628 8.756953
v -1.698908 6.984628 8.757229
v -1.648108 6.984653 8.808029
v -7.346812 7.784653 8.807638
v -1.648108 6.984653 8.808029
v -1.648223 7.784653 8.807363
v -7.347478 6.984653 8.807754
v -1.648194 7.784646 5.471725
v -1.698995 7.784634 5.420925
v -1.699023 7.784628 8.756562
v -1.698995 7.784634 5.420925
v -1.698937 6.984633 5.421258
v -1.698908 6.984628 8.757229
v -1.648137 6.984646 5.472058
v -1.698937 6.984633 5.421258
v -1.648223 7.784653 8.807363
v -1.648137 6.984646 5.472058
v -1.648194 7.784646 5.471725
v -1.648108 6.984653 8.808029
v 2.030915 7.784640 5.421092
v 2.081715 7.784640 5.471891
v 2.030915 7.784640 5.421092
v -1.698937 6.984633 5.421258
v -1.698995 7.784634 5.420925
v 2.030915 6.984640 5.421092
v 2.030915 6.984640 5.421092
v 2.081715 6.984640 5.471891
v 2.081715 7.784640 5.471891
v -1.648194 7.784646 5.471725
v -1.648137 6.984646 5.472058
v 2.081715 6.984640 5.471891
v 2.081715 7.784639 2.683878
v 2.030915 7.784639 2.683878
v 2.030915 7.784640 5.421092
v 2.030915 7.784639 2.683878
v 2.030915 6.984639 2.683878
v 2.030915 6.984640 5.421092
v 2.081715 6.984639 2.683878
v 2.030915 6.984639 2.683878
v 2.081715 7.784639 2.683878
v 2.081715 7.784640 5.471891
v 2.081715 6.984640 5.471891
v 2.081715 6.984639 2.683878
v -1.648898 7.784638 -7.587934
v -1.648898 6.984638 -7.587934
v -1.598097 7.784638 -7.587934
v -1.598097 6.984638 -7.587934
v 2.081715 7.784639 2.683878
v 2.030915 6.984639 2.683878
v 2.030915 7.784639 2.683878
v 2.081715 6.984639 2.683878
vn -0.0000 1.0000 -0.0000
vn -1.0000 -0.0000 -0.0000
vn -0.0000 -1.0000 -0.0000
vn 1.0000 -0.0000 -0.0000
vn -0.0003 1.0000 0.0001
vn -0.0000 1.0000 -0.0001
vn -0.0002 1.0000 -0.0000
vn -0.0000 0.0001 1.0000
vn -0.0000 -0.0000 1.0000
vn -0.0000 -1.0000 0.0001
vn 0.0002 -1.0000 -0.0000
vn 0.0003 -1.0000 -0.0001
vn -0.0000 0.0001 -1.0000
vn -0.0000 -0.0000 -1.0000
vn -0.0005 1.0000 -0.0000
vn -1.0000 -0.0001 -0.0000
vn 0.0002 -1.0000 -0.0001
vn 0.0002 -1.0000 -0.0002
vn 0.0001 -1.0000 -0.0003
vn 1.0000 0.0001 -0.0000
vn -0.0000 1.0000 0.0005
vn -0.0002 1.0000 0.0002
vn 0.0004 1.0000 0.0002
vn -0.0000 -0.0008 1.0000
vn -0.0000 -0.0001 1.0000
vn -0.0000 -0.0005 1.0000
vn -0.0000 -1.0000 -0.0005
vn -0.0003 -1.0000 -0.0003
vn -0.0000 0.0008 -1.0000
vn -0.0000 0.0005 -1.0000
vn 0.0004 1.0000 0.0003
vn 0.0003 1.0000 0.0004
vn 0.0005 1.0000 -0.0000
vn 1.0000 -0.0009 -0.0000
vn 1.0000 -0.0008 -0.0000
vn -0.0004 -1.0000 -0.0003
vn -0.0005 -1.0000 -0.0000
vn -0.0007 -1.0000 -0.0000
vn -0.0004 -1.0000 -0.0004
vn -1.0000 0.0009 -0.0000
vn -1.0000 0.0008 -0.0000
vn 0.0002 1.0000 0.0006
vn 0.0005 1.0000 0.0005
vn 0.0002 1.0000 0.0005
vn 0.0005 1.0000 0.0004
vn -0.0001 -0.0010 1.0000
vn -0.0005 -1.0000 -0.0005
vn -0.0000 0.0009 -1.0000
vn -0.0001 0.0006 -1.0000
vn 0.0001 0.0010 -1.0000
vn 0.0005 1.0000 -0.0005
vn 1.0000 -0.0010 -0.0000
vn -0.0005 -1.0000 0.0005
vn -1.0000 0.0010 -0.0000
vn 0.0004 1.0000 -0.0004
vn -0.0000 -0.0006 -1.0000
vn -0.0000 -0.0010 -1.0000
vn -0.0003 -1.0000 0.0004
vn -0.0004 -1.0000 0.0003
vn -0.0000 0.0006 1.0000
vn -0.0000 0.0010 1.0000
vn 0.0003 1.0000 -0.0002
vn 0.0004 1.0000 -0.0003
vn 0.0003 1.0000 -0.0003
vn -0.0005 -1.0000 0.0002
vn -0.0003 -1.0000 0.0003
vn -0.0002 1.0000 -0.0002
vn 0.0004 1.0000 -0.0002
vn -0.0000 1.0000 -0.0005
vn 0.0004 1.0000 -0.0001
vn -0.0003 1.0000 -0.0001
vn -0.0000 -0.0005 -1.0000
vn -0.0000 -0.0008 -1.0000
vn -0.0000 -0.0001 -1.0000
vn -0.0000 -1.0000 0.0005
vn -0.0004 -1.0000 0.0002
vn -0.0000 0.0008 1.0000
vn -0.0000 0.0005 1.0000
vn -0.0001 1.0000 -0.0005
vn 0.0002 -1.0000 0.0001
vn 0.0001 -1.0000 0.0003
vn 0.0002 -1.0000 0.0002
vn -0.0000 1.0000 -0.0002
vn -0.0000 -1.0000 0.0002
vn -0.0000 0.0004 1.0000
s 0
f 7658//1288 7659//1288 7660//1288
f 7658//1288 7660//1288 7661//1288
f 7662//1289 7663//1289 7664//1289
f 7662//1289 7664//1289 7665//1289
f 7666//1290 7667//1290 7668//1290
f 7667//1290 7666//1290 7669//1290
f 7670//1291 7671//1291 7672//1291
f 7670//1291 7672//1291 7673//1291
f 7674//1292 7660//1288 7659//1288
f 7660//1293 7674//1294 7675//1294
s 1
f 7676//1295 7677//1295 7678//1295
s 0
f 7677//1296 7676//1296 7679//1296
f 7667//1297 7680//1298 7681//1298
f 7667//1290 7681//1299 7668//1290
f 7682//1300 7683//1300 7684//1300
f 7683//1301 7682//1301 7685//1301
f 7686//1294 7675//1294 7674//1294
f 7674//1302 7687//1302 7686//1302
f 7688//1303 7689//1303 7690//1303
f 7689//1303 7688//1303 7691//1303
s 1
f 7681//1304 7692//1305 7693//1306
s 0
f 7692//1298 7681//1298 7680//1298
f 7694//1307 7695//1307 7696//1307
f 7694//1307 7696//1307 7697//1307
f 7687//1308 7698//1308 7699//1308
s 1
f 7687//1309 7699//1310 7686//1309
s 0
f 7700//1311 7701//1311 7702//1311
f 7701//1312 7700//1313 7703//1312
f 7692//1314 7704//1314 7705//1315
f 7692//1314 7705//1314 7693//1314
f 7706//1316 7707//1317 7708//1316
f 7706//1317 7708//1317 7709//1317
s 1
f 7699//1310 7710//1318 7711//1319
s 0
f 7710//1318 7699//1320 7698//1320
f 7712//1321 7713//1321 7714//1321
f 7712//1322 7714//1322 7715//1322
f 7716//1323 7705//1324 7704//1324
s 1
f 7704//1325 7717//1326 7716//1326
s 0
f 7718//1327 7719//1327 7720//1327
f 7719//1328 7718//1328 7721//1328
s 1
f 7710//1329 7722//1330 7723//1330
s 0
f 7710//1331 7723//1332 7711//1319
s 1
f 7724//1333 7725//1333 7726//1333
s 0
f 7725//1333 7724//1333 7727//1333
s 1
f 7728//1334 7716//1326 7717//1326
f 7716//1326 7728//1334 7729//1334
s 0
f 7730//1335 7731//1336 7732//1336
f 7730//1337 7732//1337 7733//1337
s 1
f 7722//1330 7734//1338 7735//1338
f 7722//1330 7735//1338 7723//1330
s 0
f 7736//1339 7737//1339 7738//1339
f 7737//1339 7736//1339 7739//1339
s 1
f 7740//1340 7728//1334 7741//1340
f 7740//1340 7729//1334 7728//1334
s 0
f 7742//1341 7743//1341 7744//1341
f 7742//1341 7744//1341 7745//1341
s 1
f 7735//1338 7746//1342 7747//1342
f 7746//1342 7735//1338 7734//1338
s 0
f 7748//1343 7749//1343 7750//1343
f 7748//1344 7750//1344 7751//1344
s 1
f 7752//1345 7740//1340 7741//1340
f 7741//1340 7753//1346 7752//1345
s 0
f 7754//1347 7755//1347 7756//1347
f 7755//1348 7754//1348 7757//1348
s 1
f 7758//1349 7747//1342 7746//1342
s 0
f 7746//1350 7759//1320 7758//1351
f 7760//1321 7761//1321 7762//1321
f 7761//1322 7760//1322 7763//1322
f 7764//1325 7752//1352 7753//1346
f 7752//1346 7764//1324 7765//1353
f 7766//1327 7767//1327 7768//1327
f 7766//1328 7768//1328 7769//1328
f 7770//1354 7758//1355 7759//1356
s 1
f 7758//1357 7770//1358 7771//1358
s 0
f 7772//1359 7773//1360 7774//1360
f 7772//1359 7774//1361 7775//1359
f 7765//1353 7776//1362 7777//1362
f 7776//1362 7765//1363 7764//1362
f 7778//1364 7779//1364 7780//1364
f 7779//1295 7778//1365 7781//1365
f 7782//1302 7771//1354 7770//1354
s 1
f 7771//1366 7782//1294 7783//1294
s 0
f 7784//1303 7785//1303 7786//1303
f 7784//1303 7786//1303 7787//1303
s 1
f 7788//1367 7777//1368 7776//1369
s 0
f 7776//1298 7789//1298 7788//1298
f 7790//1307 7791//1307 7792//1307
f 7791//1307 7790//1307 7793//1307
f 7794//1370 7783//1370 7782//1370
f 7782//1288 7795//1288 7794//1288
f 7796//1361 7797//1361 7798//1361
f 7797//1301 7796//1301 7799//1301
f 7788//1290 7800//1290 7801//1290
f 7800//1371 7788//1371 7789//1371
f 7802//1372 7803//1372 7804//1372
f 7802//1296 7804//1296 7805//1296
f 7806//1288 7794//1288 7795//1288
f 7794//1288 7806//1288 7807//1288
f 7808//1289 7809//1289 7810//1289
f 7808//1289 7810//1289 7811//1289
f 7812//1290 7801//1290 7800//1290
f 7800//1290 7813//1290 7812//1290
f 7814//1291 7815//1291 7816//1291
f 7814//1291 7816//1291 7817//1291
f 7818//1296 7819//1296 7820//1296
f 7820//1296 7819//1296 7821//1296
f 7822//1301 7823//1301 7824//1301
f 7823//1301 7822//1301 7825//1301
o Box151_05_-_Default_0
v -1.639191 6.918930 8.816073
v -1.690894 6.918930 8.816073
v -1.639191 6.918930 8.763200
v -1.690894 6.918930 8.763200
v -1.639191 7.821532 8.763200
v -1.690894 7.821532 8.763200
v -1.690894 7.821532 8.816073
v -1.639191 7.821532 8.816073
v -1.690894 7.821532 8.816073
v -1.690894 6.918930 8.816073
v -1.639191 7.821532 8.816073
v -1.639191 6.918930 8.816073
v -1.639191 7.821532 8.816073
v -1.639191 6.918930 8.816073
v -1.639191 7.821532 8.763200
v -1.639191 6.918930 8.763200
v -1.639191 7.821532 8.763200
v -1.639191 6.918930 8.763200
v -1.690894 7.821532 8.763200
v -1.690894 6.918930 8.763200
v -1.690894 7.821532 8.763200
v -1.690894 6.918930 8.763200
v -1.690894 7.821532 8.816073
v -1.690894 6.918930 8.816073
vn -0.0000 -1.0000 -0.0000
vn -0.0000 1.0000 -0.0000
vn -0.0000 -0.0000 1.0000
vn 1.0000 -0.0000 -0.0000
vn -0.0000 -0.0000 -1.0000
vn -1.0000 -0.0000 -0.0000
vt 0.000000 1.000000
vt 1.000000 1.000000
vt 0.000000 0.000000
vt 1.000000 0.000000
s 0
f 7826/3455/1373 7827/3456/1373 7828/3457/1373
f 7827/3456/1373 7829/3458/1373 7828/3457/1373
f 7830/3458/1374 7831/3457/1374 7832/3455/1374
f 7830/3458/1374 7832/3455/1374 7833/3456/1374
f 7834/3457/1375 7835/3455/1375 7836/3458/1375
f 7836/3458/1375 7835/3455/1375 7837/3456/1375
f 7838/3457/1376 7839/3455/1376 7840/3458/1376
f 7840/3458/1376 7839/3455/1376 7841/3456/1376
f 7842/3457/1377 7843/3455/1377 7844/3458/1377
f 7844/3458/1377 7843/3455/1377 7845/3456/1377
f 7846/3457/1378 7847/3455/1378 7848/3458/1378
f 7848/3458/1378 7847/3455/1378 7849/3456/1378
o Box152_05_-_Default_0
v -4.541213 6.918930 8.816073
v -4.592915 6.918930 8.816073
v -4.541213 6.918930 8.763200
v -4.592915 6.918930 8.763200
v -4.541213 7.821532 8.763200
v -4.592915 7.821532 8.763200
v -4.592915 7.821532 8.816073
v -4.541213 7.821532 8.816073
v -4.592915 7.821532 8.816073
v -4.592915 6.918930 8.816073
v -4.541213 7.821532 8.816073
v -4.541213 6.918930 8.816073
v -4.541213 7.821532 8.816073
v -4.541213 6.918930 8.816073
v -4.541213 7.821532 8.763200
v -4.541213 6.918930 8.763200
v -4.541213 7.821532 8.763200
v -4.541213 6.918930 8.763200
v -4.592915 7.821532 8.763200
v -4.592915 6.918930 8.763200
v -4.592915 7.821532 8.763200
v -4.592915 6.918930 8.763200
v -4.592915 7.821532 8.816073
v -4.592915 6.918930 8.816073
vn -0.0000 -1.0000 -0.0000
vn -0.0000 1.0000 -0.0000
vn -0.0000 -0.0000 1.0000
vn 1.0000 -0.0000 -0.0000
vn -0.0000 -0.0000 -1.0000
vn -1.0000 -0.0000 -0.0000
vt 0.000000 1.000000
vt 1.000000 1.000000
vt 0.000000 0.000000
vt 1.000000 0.000000
s 0
f 7850/3459/1379 7851/3460/1379 7852/3461/1379
f 7851/3460/1379 7853/3462/1379 7852/3461/1379
f 7854/3462/1380 7855/3461/1380 7856/3459/1380
f 7854/3462/1380 7856/3459/1380 7857/3460/1380
f 7858/3461/1381 7859/3459/1381 7860/3462/1381
f 7860/3462/1381 7859/3459/1381 7861/3460/1381
f 7862/3461/1382 7863/3459/1382 7864/3462/1382
f 7864/3462/1382 7863/3459/1382 7865/3460/1382
f 7866/3461/1383 7867/3459/1383 7868/3462/1383
f 7868/3462/1383 7867/3459/1383 7869/3460/1383
f 7870/3461/1384 7871/3459/1384 7872/3462/1384
f 7872/3462/1384 7871/3459/1384 7873/3460/1384
o Box153_05_-_Default_0
v -7.289566 6.918930 8.816073
v -7.341268 6.918930 8.816073
v -7.289566 6.918930 8.763200
v -7.341268 6.918930 8.763200
v -7.289566 7.821532 8.763200
v -7.341268 7.821532 8.763200
v -7.341268 7.821532 8.816073
v -7.289566 7.821532 8.816073
v -7.341268 7.821532 8.816073
v -7.341268 6.918930 8.816073
v -7.289566 7.821532 8.816073
v -7.289566 6.918930 8.816073
v -7.289566 7.821532 8.816073
v -7.289566 6.918930 8.816073
v -7.289566 7.821532 8.763200
v -7.289566 6.918930 8.763200
v -7.289566 7.821532 8.763200
v -7.289566 6.918930 8.763200
v -7.341268 7.821532 8.763200
v -7.341268 6.918930 8.763200
v -7.341268 7.821532 8.763200
v -7.341268 6.918930 8.763200
v -7.341268 7.821532 8.816073
v -7.341268 6.918930 8.816073
vn -0.0000 -1.0000 -0.0000
vn -0.0000 1.0000 -0.0000
vn -0.0000 -0.0000 1.0000
vn 1.0000 -0.0000 -0.0000
vn -0.0000 -0.0000 -1.0000
vn -1.0000 -0.0000 -0.0000
vt 0.000000 1.000000
vt 1.000000 1.000000
vt 0.000000 0.000000
vt 1.000000 0.000000
s 0
f 7874/3463/1385 7875/3464/1385 7876/3465/1385
f 7875/3464/1385 7877/3466/1385 7876/3465/1385
f 7878/3466/1386 7879/3465/1386 7880/3463/1386
f 7878/3466/1386 7880/3463/1386 7881/3464/1386
f 7882/3465/1387 7883/3463/1387 7884/3466/1387
f 7884/3466/1387 7883/3463/1387 7885/3464/1387
f 7886/3465/1388 7887/3463/1388 7888/3466/1388
f 7888/3466/1388 7887/3463/1388 7889/3464/1388
f 7890/3465/1389 7891/3463/1389 7892/3466/1389
f 7892/3466/1389 7891/3463/1389 7893/3464/1389
f 7894/3465/1390 7895/3463/1390 7896/3466/1390
f 7896/3466/1390 7895/3463/1390 7897/3464/1390
o Box154_05_-_Default_0
v -7.289566 6.918930 7.487141
v -7.341268 6.918930 7.487141
v -7.289566 6.918930 7.434266
v -7.341268 6.918930 7.434266
v -7.289566 7.821532 7.434266
v -7.341268 7.821532 7.434266
v -7.341268 7.821532 7.487140
v -7.289566 7.821532 7.487140
v -7.341268 7.821532 7.487140
v -7.341268 6.918930 7.487141
v -7.289566 7.821532 7.487140
v -7.289566 6.918930 7.487141
v -7.289566 7.821532 7.487140
v -7.289566 6.918930 7.487141
v -7.289566 7.821532 7.434266
v -7.289566 6.918930 7.434266
v -7.289566 7.821532 7.434266
v -7.289566 6.918930 7.434266
v -7.341268 7.821532 7.434266
v -7.341268 6.918930 7.434266
v -7.341268 7.821532 7.434266
v -7.341268 6.918930 7.434266
v -7.341268 7.821532 7.487140
v -7.341268 6.918930 7.487141
vn -0.0000 -1.0000 -0.0000
vn -0.0000 1.0000 -0.0000
vn -0.0000 -0.0000 1.0000
vn 1.0000 -0.0000 -0.0000
vn -0.0000 -0.0000 -1.0000
vn -1.0000 -0.0000 -0.0000
vt 0.000000 1.000000
vt 1.000000 1.000000
vt 0.000000 0.000000
vt 1.000000 0.000000
s 0
f 7898/3467/1391 7899/3468/1391 7900/3469/1391
f 7899/3468/1391 7901/3470/1391 7900/3469/1391
f 7902/3470/1392 7903/3469/1392 7904/3467/1392
f 7902/3470/1392 7904/3467/1392 7905/3468/1392
f 7906/3469/1393 7907/3467/1393 7908/3470/1393
f 7908/3470/1393 7907/3467/1393 7909/3468/1393
f 7910/3469/1394 7911/3467/1394 7912/3470/1394
f 7912/3470/1394 7911/3467/1394 7913/3468/1394
f 7914/3469/1395 7915/3467/1395 7916/3470/1395
f 7916/3470/1395 7915/3467/1395 7917/3468/1395
f 7918/3469/1396 7919/3467/1396 7920/3470/1396
f 7920/3470/1396 7919/3467/1396 7921/3468/1396
o Box155_05_-_Default_0
v -7.309958 6.918930 5.795435
v -7.361661 6.918930 5.795435
v -7.309958 6.918930 5.742561
v -7.361661 6.918930 5.742561
v -7.309958 7.821532 5.742561
v -7.361661 7.821532 5.742561
v -7.361661 7.821532 5.795435
v -7.309958 7.821532 5.795435
v -7.361661 7.821532 5.795435
v -7.361661 6.918930 5.795435
v -7.309958 7.821532 5.795435
v -7.309958 6.918930 5.795435
v -7.309958 7.821532 5.795435
v -7.309958 6.918930 5.795435
v -7.309958 7.821532 5.742561
v -7.309958 6.918930 5.742561
v -7.309958 7.821532 5.742561
v -7.309958 6.918930 5.742561
v -7.361661 7.821532 5.742561
v -7.361661 6.918930 5.742561
v -7.361661 7.821532 5.742561
v -7.361661 6.918930 5.742561
v -7.361661 7.821532 5.795435
v -7.361661 6.918930 5.795435
vn -0.0000 -1.0000 -0.0000
vn -0.0000 1.0000 -0.0000
vn -0.0000 -0.0000 1.0000
vn 1.0000 -0.0000 -0.0000
vn -0.0000 -0.0000 -1.0000
vn -1.0000 -0.0000 -0.0000
vt 0.000000 1.000000
vt 1.000000 1.000000
vt 0.000000 0.000000
vt 1.000000 0.000000
s 0
f 7922/3471/1397 7923/3472/1397 7924/3473/1397
f 7923/3472/1397 7925/3474/1397 7924/3473/1397
f 7926/3474/1398 7927/3473/1398 7928/3471/1398
f 7926/3474/1398 7928/3471/1398 7929/3472/1398
f 7930/3473/1399 7931/3471/1399 7932/3474/1399
f 7932/3474/1399 7931/3471/1399 7933/3472/1399
f 7934/3473/1400 7935/3471/1400 7936/3474/1400
f 7936/3474/1400 7935/3471/1400 7937/3472/1400
f 7938/3473/1401 7939/3471/1401 7940/3474/1401
f 7940/3474/1401 7939/3471/1401 7941/3472/1401
f 7942/3473/1402 7943/3471/1402 7944/3474/1402
f 7944/3474/1402 7943/3471/1402 7945/3472/1402
o Box156_05_-_Default_0
v -10.662601 6.918930 5.795435
v -10.714303 6.918930 5.795435
v -10.662601 6.918930 5.742561
v -10.714303 6.918930 5.742561
v -10.662601 7.821532 5.742561
v -10.714303 7.821532 5.742561
v -10.714303 7.821532 5.795435
v -10.662601 7.821532 5.795435
v -10.714303 7.821532 5.795435
v -10.714303 6.918930 5.795435
v -10.662601 7.821532 5.795435
v -10.662601 6.918930 5.795435
v -10.662601 7.821532 5.795435
v -10.662601 6.918930 5.795435
v -10.662601 7.821532 5.742561
v -10.662601 6.918930 5.742561
v -10.662601 7.821532 5.742561
v -10.662601 6.918930 5.742561
v -10.714303 7.821532 5.742561
v -10.714303 6.918930 5.742561
v -10.714303 7.821532 5.742561
v -10.714303 6.918930 5.742561
v -10.714303 7.821532 5.795435
v -10.714303 6.918930 5.795435
vn -0.0000 -1.0000 -0.0000
vn -0.0000 1.0000 -0.0000
vn -0.0000 -0.0000 1.0000
vn 1.0000 -0.0000 -0.0000
vn -0.0000 -0.0000 -1.0000
vn -1.0000 -0.0000 -0.0000
vt 0.000000 1.000000
vt 1.000000 1.000000
vt 0.000000 0.000000
vt 1.000000 0.000000
s 0
f 7946/3475/1403 7947/3476/1403 7948/3477/1403
f 7947/3476/1403 7949/3478/1403 7948/3477/1403
f 7950/3478/1404 7951/3477/1404 7952/3475/1404
f 7950/3478/1404 7952/3475/1404 7953/3476/1404
f 7954/3477/1405 7955/3475/1405 7956/3478/1405
f 7956/3478/1405 7955/3475/1405 7957/3476/1405
f 7958/3477/1406 7959/3475/1406 7960/3478/1406
f 7960/3478/1406 7959/3475/1406 7961/3476/1406
f 7962/3477/1407 7963/3475/1407 7964/3478/1407
f 7964/3478/1407 7963/3475/1407 7965/3476/1407
f 7966/3477/1408 7967/3475/1408 7968/3478/1408
f 7968/3478/1408 7967/3475/1408 7969/3476/1408
o Box157_05_-_Default_0
v -14.681639 6.918930 5.795435
v -14.733341 6.918930 5.795435
v -14.681639 6.918930 5.742561
v -14.733341 6.918930 5.742561
v -14.681639 7.821532 5.742561
v -14.733341 7.821532 5.742561
v -14.733341 7.821532 5.795435
v -14.681639 7.821532 5.795435
v -14.733341 7.821532 5.795435
v -14.733341 6.918930 5.795435
v -14.681639 7.821532 5.795435
v -14.681639 6.918930 5.795435
v -14.681639 7.821532 5.795435
v -14.681639 6.918930 5.795435
v -14.681639 7.821532 5.742561
v -14.681639 6.918930 5.742561
v -14.681639 7.821532 5.742561
v -14.681639 6.918930 5.742561
v -14.733341 7.821532 5.742561
v -14.733341 6.918930 5.742561
v -14.733341 7.821532 5.742561
v -14.733341 6.918930 5.742561
v -14.733341 7.821532 5.795435
v -14.733341 6.918930 5.795435
vn -0.0000 -1.0000 -0.0000
vn -0.0000 1.0000 -0.0000
vn -0.0000 -0.0000 1.0000
vn 1.0000 -0.0000 -0.0000
vn -0.0000 -0.0000 -1.0000
vn -1.0000 -0.0000 -0.0000
vt 0.000000 1.000000
vt 1.000000 1.000000
vt 0.000000 0.000000
vt 1.000000 0.000000
s 0
f 7970/3479/1409 7971/3480/1409 7972/3481/1409
f 7971/3480/1409 7973/3482/1409 7972/3481/1409
f 7974/3482/1410 7975/3481/1410 7976/3479/1410
f 7974/3482/1410 7976/3479/1410 7977/3480/1410
f 7978/3481/1411 7979/3479/1411 7980/3482/1411
f 7980/3482/1411 7979/3479/1411 7981/3480/1411
f 7982/3481/1412 7983/3479/1412 7984/3482/1412
f 7984/3482/1412 7983/3479/1412 7985/3480/1412
f 7986/3481/1413 7987/3479/1413 7988/3482/1413
f 7988/3482/1413 7987/3479/1413 7989/3480/1413
f 7990/3481/1414 7991/3479/1414 7992/3482/1414
f 7992/3482/1414 7991/3479/1414 7993/3480/1414
o Box158_05_-_Default_0
v -14.681639 6.918930 1.841381
v -14.733341 6.918930 1.841381
v -14.681639 6.918930 1.788507
v -14.733341 6.918930 1.788507
v -14.681639 7.821532 1.788507
v -14.733341 7.821532 1.788507
v -14.733341 7.821532 1.841381
v -14.681639 7.821532 1.841381
v -14.733341 7.821532 1.841381
v -14.733341 6.918930 1.841381
v -14.681639 7.821532 1.841381
v -14.681639 6.918930 1.841381
v -14.681639 7.821532 1.841381
v -14.681639 6.918930 1.841381
v -14.681639 7.821532 1.788507
v -14.681639 6.918930 1.788507
v -14.681639 7.821532 1.788507
v -14.681639 6.918930 1.788507
v -14.733341 7.821532 1.788507
v -14.733341 6.918930 1.788507
v -14.733341 7.821532 1.788507
v -14.733341 6.918930 1.788507
v -14.733341 7.821532 1.841381
v -14.733341 6.918930 1.841381
vn -0.0000 -1.0000 -0.0000
vn -0.0000 1.0000 -0.0000
vn -0.0000 -0.0000 1.0000
vn 1.0000 -0.0000 -0.0000
vn -0.0000 -0.0000 -1.0000
vn -1.0000 -0.0000 -0.0000
vt 0.000000 1.000000
vt 1.000000 1.000000
vt 0.000000 0.000000
vt 1.000000 0.000000
s 0
f 7994/3483/1415 7995/3484/1415 7996/3485/1415
f 7995/3484/1415 7997/3486/1415 7996/3485/1415
f 7998/3486/1416 7999/3485/1416 8000/3483/1416
f 7998/3486/1416 8000/3483/1416 8001/3484/1416
f 8002/3485/1417 8003/3483/1417 8004/3486/1417
f 8004/3486/1417 8003/3483/1417 8005/3484/1417
f 8006/3485/1418 8007/3483/1418 8008/3486/1418
f 8008/3486/1418 8007/3483/1418 8009/3484/1418
f 8010/3485/1419 8011/3483/1419 8012/3486/1419
f 8012/3486/1419 8011/3483/1419 8013/3484/1419
f 8014/3485/1420 8015/3483/1420 8016/3486/1420
f 8016/3486/1420 8015/3483/1420 8017/3484/1420
o Box159_05_-_Default_0
v -14.681639 6.918930 -2.432893
v -14.733341 6.918930 -2.432893
v -14.681639 6.918930 -2.485767
v -14.733341 6.918930 -2.485767
v -14.681639 7.821532 -2.485767
v -14.733341 7.821532 -2.485767
v -14.733341 7.821532 -2.432893
v -14.681639 7.821532 -2.432893
v -14.733341 7.821532 -2.432893
v -14.733341 6.918930 -2.432893
v -14.681639 7.821532 -2.432893
v -14.681639 6.918930 -2.432893
v -14.681639 7.821532 -2.432893
v -14.681639 6.918930 -2.432893
v -14.681639 7.821532 -2.485767
v -14.681639 6.918930 -2.485767
v -14.681639 7.821532 -2.485767
v -14.681639 6.918930 -2.485767
v -14.733341 7.821532 -2.485767
v -14.733341 6.918930 -2.485767
v -14.733341 7.821532 -2.485767
v -14.733341 6.918930 -2.485767
v -14.733341 7.821532 -2.432893
v -14.733341 6.918930 -2.432893
vn -0.0000 -1.0000 -0.0000
vn -0.0000 1.0000 -0.0000
vn -0.0000 -0.0000 1.0000
vn 1.0000 -0.0000 -0.0000
vn -0.0000 -0.0000 -1.0000
vn -1.0000 -0.0000 -0.0000
vt 0.000000 1.000000
vt 1.000000 1.000000
vt 0.000000 0.000000
vt 1.000000 0.000000
s 0
f 8018/3487/1421 8019/3488/1421 8020/3489/1421
f 8019/3488/1421 8021/3490/1421 8020/3489/1421
f 8022/3490/1422 8023/3489/1422 8024/3487/1422
f 8022/3490/1422 8024/3487/1422 8025/3488/1422
f 8026/3489/1423 8027/3487/1423 8028/3490/1423
f 8028/3490/1423 8027/3487/1423 8029/3488/1423
f 8030/3489/1424 8031/3487/1424 8032/3490/1424
f 8032/3490/1424 8031/3487/1424 8033/3488/1424
f 8034/3489/1425 8035/3487/1425 8036/3490/1425
f 8036/3490/1425 8035/3487/1425 8037/3488/1425
f 8038/3489/1426 8039/3487/1426 8040/3490/1426
f 8040/3490/1426 8039/3487/1426 8041/3488/1426
o Box160_05_-_Default_0
v -12.944538 6.918930 -2.432893
v -12.996241 6.918930 -2.432893
v -12.944538 6.918930 -2.485767
v -12.996241 6.918930 -2.485767
v -12.944538 7.821532 -2.485767
v -12.996241 7.821532 -2.485767
v -12.996241 7.821532 -2.432893
v -12.944538 7.821532 -2.432893
v -12.996241 7.821532 -2.432893
v -12.996241 6.918930 -2.432893
v -12.944538 7.821532 -2.432893
v -12.944538 6.918930 -2.432893
v -12.944538 7.821532 -2.432893
v -12.944538 6.918930 -2.432893
v -12.944538 7.821532 -2.485767
v -12.944538 6.918930 -2.485767
v -12.944538 7.821532 -2.485767
v -12.944538 6.918930 -2.485767
v -12.996241 7.821532 -2.485767
v -12.996241 6.918930 -2.485767
v -12.996241 7.821532 -2.485767
v -12.996241 6.918930 -2.485767
v -12.996241 7.821532 -2.432893
v -12.996241 6.918930 -2.432893
vn -0.0000 -1.0000 -0.0000
vn -0.0000 1.0000 -0.0000
vn -0.0000 -0.0000 1.0000
vn 1.0000 -0.0000 -0.0000
vn -0.0000 -0.0000 -1.0000
vn -1.0000 -0.0000 -0.0000
vt 0.000000 1.000000
vt 1.000000 1.000000
vt 0.000000 0.000000
vt 1.000000 0.000000
s 0
f 8042/3491/1427 8043/3492/1427 8044/3493/1427
f 8043/3492/1427 8045/3494/1427 8044/3493/1427
f 8046/3494/1428 8047/3493/1428 8048/3491/1428
f 8046/3494/1428 8048/3491/1428 8049/3492/1428
f 8050/3493/1429 8051/3491/1429 8052/3494/1429
f 8052/3494/1429 8051/3491/1429 8053/3492/1429
f 8054/3493/1430 8055/3491/1430 8056/3494/1430
f 8056/3494/1430 8055/3491/1430 8057/3492/1430
f 8058/3493/1431 8059/3491/1431 8060/3494/1431
f 8060/3494/1431 8059/3491/1431 8061/3492/1431
f 8062/3493/1432 8063/3491/1432 8064/3494/1432
f 8064/3494/1432 8063/3491/1432 8065/3492/1432
o Box161_05_-_Default_0
v -12.944538 6.918930 -4.959120
v -12.996241 6.918930 -4.959120
v -12.944538 6.918930 -5.011995
v -12.996241 6.918930 -5.011995
v -12.944538 7.821532 -5.011995
v -12.996241 7.821532 -5.011995
v -12.996241 7.821532 -4.959121
v -12.944538 7.821532 -4.959121
v -12.996241 7.821532 -4.959121
v -12.996241 6.918930 -4.959120
v -12.944538 7.821532 -4.959121
v -12.944538 6.918930 -4.959120
v -12.944538 7.821532 -4.959121
v -12.944538 6.918930 -4.959120
v -12.944538 7.821532 -5.011995
v -12.944538 6.918930 -5.011995
v -12.944538 7.821532 -5.011995
v -12.944538 6.918930 -5.011995
v -12.996241 7.821532 -5.011995
v -12.996241 6.918930 -5.011995
v -12.996241 7.821532 -5.011995
v -12.996241 6.918930 -5.011995
v -12.996241 7.821532 -4.959121
v -12.996241 6.918930 -4.959120
vn -0.0000 -1.0000 -0.0000
vn -0.0000 1.0000 -0.0000
vn -0.0000 -0.0000 1.0000
vn 1.0000 -0.0000 -0.0000
vn -0.0000 -0.0000 -1.0000
vn -1.0000 -0.0000 -0.0000
vt 0.000000 1.000000
vt 1.000000 1.000000
vt 0.000000 0.000000
vt 1.000000 0.000000
s 0
f 8066/3495/1433 8067/3496/1433 8068/3497/1433
f 8067/3496/1433 8069/3498/1433 8068/3497/1433
f 8070/3498/1434 8071/3497/1434 8072/3495/1434
f 8070/3498/1434 8072/3495/1434 8073/3496/1434
f 8074/3497/1435 8075/3495/1435 8076/3498/1435
f 8076/3498/1435 8075/3495/1435 8077/3496/1435
f 8078/3497/1436 8079/3495/1436 8080/3498/1436
f 8080/3498/1436 8079/3495/1436 8081/3496/1436
f 8082/3497/1437 8083/3495/1437 8084/3498/1437
f 8084/3498/1437 8083/3495/1437 8085/3496/1437
f 8086/3497/1438 8087/3495/1438 8088/3498/1438
f 8088/3498/1438 8087/3495/1438 8089/3496/1438
o Box162_05_-_Default_0
v -12.944538 6.918930 -7.485348
v -12.996241 6.918930 -7.485348
v -12.944538 6.918930 -7.538223
v -12.996241 6.918930 -7.538223
v -12.944538 7.821532 -7.538223
v -12.996241 7.821532 -7.538223
v -12.996241 7.821532 -7.485349
v -12.944538 7.821532 -7.485349
v -12.996241 7.821532 -7.485349
v -12.996241 6.918930 -7.485348
v -12.944538 7.821532 -7.485349
v -12.944538 6.918930 -7.485348
v -12.944538 7.821532 -7.485349
v -12.944538 6.918930 -7.485348
v -12.944538 7.821532 -7.538223
v -12.944538 6.918930 -7.538223
v -12.944538 7.821532 -7.538223
v -12.944538 6.918930 -7.538223
v -12.996241 7.821532 -7.538223
v -12.996241 6.918930 -7.538223
v -12.996241 7.821532 -7.538223
v -12.996241 6.918930 -7.538223
v -12.996241 7.821532 -7.485349
v -12.996241 6.918930 -7.485348
vn -0.0000 -1.0000 -0.0000
vn -0.0000 1.0000 -0.0000
vn -0.0000 -0.0000 1.0000
vn 1.0000 -0.0000 -0.0000
vn -0.0000 -0.0000 -1.0000
vn -1.0000 -0.0000 -0.0000
vt 0.000000 1.000000
vt 1.000000 1.000000
vt 0.000000 0.000000
vt 1.000000 0.000000
s 0
f 8090/3499/1439 8091/3500/1439 8092/3501/1439
f 8091/3500/1439 8093/3502/1439 8092/3501/1439
f 8094/3502/1440 8095/3501/1440 8096/3499/1440
f 8094/3502/1440 8096/3499/1440 8097/3500/1440
f 8098/3501/1441 8099/3499/1441 8100/3502/1441
f 8100/3502/1441 8099/3499/1441 8101/3500/1441
f 8102/3501/1442 8103/3499/1442 8104/3502/1442
f 8104/3502/1442 8103/3499/1442 8105/3500/1442
f 8106/3501/1443 8107/3499/1443 8108/3502/1443
f 8108/3502/1443 8107/3499/1443 8109/3500/1443
f 8110/3501/1444 8111/3499/1444 8112/3502/1444
f 8112/3502/1444 8111/3499/1444 8113/3500/1444
o Box163_05_-_Default_0
v -12.944538 6.918930 -10.925859
v -12.996241 6.918930 -10.925859
v -12.944538 6.918930 -10.978733
v -12.996241 6.918930 -10.978733
v -12.944538 7.821532 -10.978733
v -12.996241 7.821532 -10.978733
v -12.996241 7.821532 -10.925859
v -12.944538 7.821532 -10.925859
v -12.996241 7.821532 -10.925859
v -12.996241 6.918930 -10.925859
v -12.944538 7.821532 -10.925859
v -12.944538 6.918930 -10.925859
v -12.944538 7.821532 -10.925859
v -12.944538 6.918930 -10.925859
v -12.944538 7.821532 -10.978733
v -12.944538 6.918930 -10.978733
v -12.944538 7.821532 -10.978733
v -12.944538 6.918930 -10.978733
v -12.996241 7.821532 -10.978733
v -12.996241 6.918930 -10.978733
v -12.996241 7.821532 -10.978733
v -12.996241 6.918930 -10.978733
v -12.996241 7.821532 -10.925859
v -12.996241 6.918930 -10.925859
vn -0.0000 -1.0000 -0.0000
vn -0.0000 1.0000 -0.0000
vn -0.0000 -0.0000 1.0000
vn 1.0000 -0.0000 -0.0000
vn -0.0000 -0.0000 -1.0000
vn -1.0000 -0.0000 -0.0000
vt 0.000000 1.000000
vt 1.000000 1.000000
vt 0.000000 0.000000
vt 1.000000 0.000000
s 0
f 8114/3503/1445 8115/3504/1445 8116/3505/1445
f 8115/3504/1445 8117/3506/1445 8116/3505/1445
f 8118/3506/1446 8119/3505/1446 8120/3503/1446
f 8118/3506/1446 8120/3503/1446 8121/3504/1446
f 8122/3505/1447 8123/3503/1447 8124/3506/1447
f 8124/3506/1447 8123/3503/1447 8125/3504/1447
f 8126/3505/1448 8127/3503/1448 8128/3506/1448
f 8128/3506/1448 8127/3503/1448 8129/3504/1448
f 8130/3505/1449 8131/3503/1449 8132/3506/1449
f 8132/3506/1449 8131/3503/1449 8133/3504/1449
f 8134/3505/1450 8135/3503/1450 8136/3506/1450
f 8136/3506/1450 8135/3503/1450 8137/3504/1450
o Box164_05_-_Default_0
v -10.777703 6.918930 -10.925859
v -10.829406 6.918930 -10.925859
v -10.777703 6.918930 -10.978733
v -10.829406 6.918930 -10.978733
v -10.777703 7.821532 -10.978733
v -10.829406 7.821532 -10.978733
v -10.829406 7.821532 -10.925859
v -10.777703 7.821532 -10.925859
v -10.829406 7.821532 -10.925859
v -10.829406 6.918930 -10.925859
v -10.777703 7.821532 -10.925859
v -10.777703 6.918930 -10.925859
v -10.777703 7.821532 -10.925859
v -10.777703 6.918930 -10.925859
v -10.777703 7.821532 -10.978733
v -10.777703 6.918930 -10.978733
v -10.777703 7.821532 -10.978733
v -10.777703 6.918930 -10.978733
v -10.829406 7.821532 -10.978733
v -10.829406 6.918930 -10.978733
v -10.829406 7.821532 -10.978733
v -10.829406 6.918930 -10.978733
v -10.829406 7.821532 -10.925859
v -10.829406 6.918930 -10.925859
vn -0.0000 -1.0000 -0.0000
vn -0.0000 1.0000 -0.0000
vn -0.0000 -0.0000 1.0000
vn 1.0000 -0.0000 -0.0000
vn -0.0000 -0.0000 -1.0000
vn -1.0000 -0.0000 -0.0000
vt 0.000000 1.000000
vt 1.000000 1.000000
vt 0.000000 0.000000
vt 1.000000 0.000000
s 0
f 8138/3507/1451 8139/3508/1451 8140/3509/1451
f 8139/3508/1451 8141/3510/1451 8140/3509/1451
f 8142/3510/1452 8143/3509/1452 8144/3507/1452
f 8142/3510/1452 8144/3507/1452 8145/3508/1452
f 8146/3509/1453 8147/3507/1453 8148/3510/1453
f 8148/3510/1453 8147/3507/1453 8149/3508/1453
f 8150/3509/1454 8151/3507/1454 8152/3510/1454
f 8152/3510/1454 8151/3507/1454 8153/3508/1454
f 8154/3509/1455 8155/3507/1455 8156/3510/1455
f 8156/3510/1455 8155/3507/1455 8157/3508/1455
f 8158/3509/1456 8159/3507/1456 8160/3510/1456
f 8160/3510/1456 8159/3507/1456 8161/3508/1456
o Box165_05_-_Default_0
v -8.610868 6.918930 -10.925859
v -8.662571 6.918930 -10.925859
v -8.610868 6.918930 -10.978733
v -8.662571 6.918930 -10.978733
v -8.610868 7.821532 -10.978733
v -8.662571 7.821532 -10.978733
v -8.662571 7.821532 -10.925859
v -8.610868 7.821532 -10.925859
v -8.662571 7.821532 -10.925859
v -8.662571 6.918930 -10.925859
v -8.610868 7.821532 -10.925859
v -8.610868 6.918930 -10.925859
v -8.610868 7.821532 -10.925859
v -8.610868 6.918930 -10.925859
v -8.610868 7.821532 -10.978733
v -8.610868 6.918930 -10.978733
v -8.610868 7.821532 -10.978733
v -8.610868 6.918930 -10.978733
v -8.662571 7.821532 -10.978733
v -8.662571 6.918930 -10.978733
v -8.662571 7.821532 -10.978733
v -8.662571 6.918930 -10.978733
v -8.662571 7.821532 -10.925859
v -8.662571 6.918930 -10.925859
vn -0.0000 -1.0000 -0.0000
vn -0.0000 1.0000 -0.0000
vn -0.0000 -0.0000 1.0000
vn 1.0000 -0.0000 -0.0000
vn -0.0000 -0.0000 -1.0000
vn -1.0000 -0.0000 -0.0000
vt 0.000000 1.000000
vt 1.000000 1.000000
vt 0.000000 0.000000
vt 1.000000 0.000000
s 0
f 8162/3511/1457 8163/3512/1457 8164/3513/1457
f 8163/3512/1457 8165/3514/1457 8164/3513/1457
f 8166/3514/1458 8167/3513/1458 8168/3511/1458
f 8166/3514/1458 8168/3511/1458 8169/3512/1458
f 8170/3513/1459 8171/3511/1459 8172/3514/1459
f 8172/3514/1459 8171/3511/1459 8173/3512/1459
f 8174/3513/1460 8175/3511/1460 8176/3514/1460
f 8176/3514/1460 8175/3511/1460 8177/3512/1460
f 8178/3513/1461 8179/3511/1461 8180/3514/1461
f 8180/3514/1461 8179/3511/1461 8181/3512/1461
f 8182/3513/1462 8183/3511/1462 8184/3514/1462
f 8184/3514/1462 8183/3511/1462 8185/3512/1462
o Box166_05_-_Default_0
v -6.650181 6.918930 -10.925859
v -6.701884 6.918930 -10.925859
v -6.650181 6.918930 -10.978733
v -6.701884 6.918930 -10.978733
v -6.650181 7.821532 -10.978733
v -6.701884 7.821532 -10.978733
v -6.701884 7.821532 -10.925859
v -6.650181 7.821532 -10.925859
v -6.701884 7.821532 -10.925859
v -6.701884 6.918930 -10.925859
v -6.650181 7.821532 -10.925859
v -6.650181 6.918930 -10.925859
v -6.650181 7.821532 -10.925859
v -6.650181 6.918930 -10.925859
v -6.650181 7.821532 -10.978733
v -6.650181 6.918930 -10.978733
v -6.650181 7.821532 -10.978733
v -6.650181 6.918930 -10.978733
v -6.701884 7.821532 -10.978733
v -6.701884 6.918930 -10.978733
v -6.701884 7.821532 -10.978733
v -6.701884 6.918930 -10.978733
v -6.701884 7.821532 -10.925859
v -6.701884 6.918930 -10.925859
vn -0.0000 -1.0000 -0.0000
vn -0.0000 1.0000 -0.0000
vn -0.0000 -0.0000 1.0000
vn 1.0000 -0.0000 -0.0000
vn -0.0000 -0.0000 -1.0000
vn -1.0000 -0.0000 -0.0000
vt 0.000000 1.000000
vt 1.000000 1.000000
vt 0.000000 0.000000
vt 1.000000 0.000000
s 0
f 8186/3515/1463 8187/3516/1463 8188/3517/1463
f 8187/3516/1463 8189/3518/1463 8188/3517/1463
f 8190/3518/1464 8191/3517/1464 8192/3515/1464
f 8190/3518/1464 8192/3515/1464 8193/3516/1464
f 8194/3517/1465 8195/3515/1465 8196/3518/1465
f 8196/3518/1465 8195/3515/1465 8197/3516/1465
f 8198/3517/1466 8199/3515/1466 8200/3518/1466
f 8200/3518/1466 8199/3515/1466 8201/3516/1466
f 8202/3517/1467 8203/3515/1467 8204/3518/1467
f 8204/3518/1467 8203/3515/1467 8205/3516/1467
f 8206/3517/1468 8207/3515/1468 8208/3518/1468
f 8208/3518/1468 8207/3515/1468 8209/3516/1468
o Box167_05_-_Default_0
v -6.650181 6.918930 -9.093319
v -6.701884 6.918930 -9.093319
v -6.650181 6.918930 -9.146193
v -6.701884 6.918930 -9.146193
v -6.650181 7.821532 -9.146193
v -6.701884 7.821532 -9.146193
v -6.701884 7.821532 -9.093319
v -6.650181 7.821532 -9.093319
v -6.701884 7.821532 -9.093319
v -6.701884 6.918930 -9.093319
v -6.650181 7.821532 -9.093319
v -6.650181 6.918930 -9.093319
v -6.650181 7.821532 -9.093319
v -6.650181 6.918930 -9.093319
v -6.650181 7.821532 -9.146193
v -6.650181 6.918930 -9.146193
v -6.650181 7.821532 -9.146193
v -6.650181 6.918930 -9.146193
v -6.701884 7.821532 -9.146193
v -6.701884 6.918930 -9.146193
v -6.701884 7.821532 -9.146193
v -6.701884 6.918930 -9.146193
v -6.701884 7.821532 -9.093319
v -6.701884 6.918930 -9.093319
vn -0.0000 -1.0000 -0.0000
vn -0.0000 1.0000 -0.0000
vn -0.0000 -0.0000 1.0000
vn 1.0000 -0.0000 -0.0000
vn -0.0000 -0.0000 -1.0000
vn -1.0000 -0.0000 -0.0000
vt 0.000000 1.000000
vt 1.000000 1.000000
vt 0.000000 0.000000
vt 1.000000 0.000000
s 0
f 8210/3519/1469 8211/3520/1469 8212/3521/1469
f 8211/3520/1469 8213/3522/1469 8212/3521/1469
f 8214/3522/1470 8215/3521/1470 8216/3519/1470
f 8214/3522/1470 8216/3519/1470 8217/3520/1470
f 8218/3521/1471 8219/3519/1471 8220/3522/1471
f 8220/3522/1471 8219/3519/1471 8221/3520/1471
f 8222/3521/1472 8223/3519/1472 8224/3522/1472
f 8224/3522/1472 8223/3519/1472 8225/3520/1472
f 8226/3521/1473 8227/3519/1473 8228/3522/1473
f 8228/3522/1473 8227/3519/1473 8229/3520/1473
f 8230/3521/1474 8231/3519/1474 8232/3522/1474
f 8232/3522/1474 8231/3519/1474 8233/3520/1474
o Box168_05_-_Default_0
v -4.127070 6.918930 -9.093319
v -4.178773 6.918930 -9.093319
v -4.127070 6.918930 -9.146193
v -4.178773 6.918930 -9.146193
v -4.127070 7.821532 -9.146193
v -4.178773 7.821532 -9.146193
v -4.178773 7.821532 -9.093319
v -4.127070 7.821532 -9.093319
v -4.178773 7.821532 -9.093319
v -4.178773 6.918930 -9.093319
v -4.127070 7.821532 -9.093319
v -4.127070 6.918930 -9.093319
v -4.127070 7.821532 -9.093319
v -4.127070 6.918930 -9.093319
v -4.127070 7.821532 -9.146193
v -4.127070 6.918930 -9.146193
v -4.127070 7.821532 -9.146193
v -4.127070 6.918930 -9.146193
v -4.178773 7.821532 -9.146193
v -4.178773 6.918930 -9.146193
v -4.178773 7.821532 -9.146193
v -4.178773 6.918930 -9.146193
v -4.178773 7.821532 -9.093319
v -4.178773 6.918930 -9.093319
vn -0.0000 -1.0000 -0.0000
vn -0.0000 1.0000 -0.0000
vn -0.0000 -0.0000 1.0000
vn 1.0000 -0.0000 -0.0000
vn -0.0000 -0.0000 -1.0000
vn -1.0000 -0.0000 -0.0000
vt 0.000000 1.000000
vt 1.000000 1.000000
vt 0.000000 0.000000
vt 1.000000 0.000000
s 0
f 8234/3523/1475 8235/3524/1475 8236/3525/1475
f 8235/3524/1475 8237/3526/1475 8236/3525/1475
f 8238/3526/1476 8239/3525/1476 8240/3523/1476
f 8238/3526/1476 8240/3523/1476 8241/3524/1476
f 8242/3525/1477 8243/3523/1477 8244/3526/1477
f 8244/3526/1477 8243/3523/1477 8245/3524/1477
f 8246/3525/1478 8247/3523/1478 8248/3526/1478
f 8248/3526/1478 8247/3523/1478 8249/3524/1478
f 8250/3525/1479 8251/3523/1479 8252/3526/1479
f 8252/3526/1479 8251/3523/1479 8253/3524/1479
f 8254/3525/1480 8255/3523/1480 8256/3526/1480
f 8256/3526/1480 8255/3523/1480 8257/3524/1480
o Box169_05_-_Default_0
v -1.593662 6.918930 -9.093319
v -1.645365 6.918930 -9.093319
v -1.593662 6.918930 -9.146193
v -1.645365 6.918930 -9.146193
v -1.593662 7.821532 -9.146193
v -1.645365 7.821532 -9.146193
v -1.645365 7.821532 -9.093319
v -1.593662 7.821532 -9.093319
v -1.645365 7.821532 -9.093319
v -1.645365 6.918930 -9.093319
v -1.593662 7.821532 -9.093319
v -1.593662 6.918930 -9.093319
v -1.593662 7.821532 -9.093319
v -1.593662 6.918930 -9.093319
v -1.593662 7.821532 -9.146193
v -1.593662 6.918930 -9.146193
v -1.593662 7.821532 -9.146193
v -1.593662 6.918930 -9.146193
v -1.645365 7.821532 -9.146193
v -1.645365 6.918930 -9.146193
v -1.645365 7.821532 -9.146193
v -1.645365 6.918930 -9.146193
v -1.645365 7.821532 -9.093319
v -1.645365 6.918930 -9.093319
vn -0.0000 -1.0000 -0.0000
vn -0.0000 1.0000 -0.0000
vn -0.0000 -0.0000 1.0000
vn 1.0000 -0.0000 -0.0000
vn -0.0000 -0.0000 -1.0000
vn -1.0000 -0.0000 -0.0000
vt 0.000000 1.000000
vt 1.000000 1.000000
vt 0.000000 0.000000
vt 1.000000 0.000000
s 0
f 8258/3527/1481 8259/3528/1481 8260/3529/1481
f 8259/3528/1481 8261/3530/1481 8260/3529/1481
f 8262/3530/1482 8263/3529/1482 8264/3527/1482
f 8262/3530/1482 8264/3527/1482 8265/3528/1482
f 8266/3529/1483 8267/3527/1483 8268/3530/1483
f 8268/3530/1483 8267/3527/1483 8269/3528/1483
f 8270/3529/1484 8271/3527/1484 8272/3530/1484
f 8272/3530/1484 8271/3527/1484 8273/3528/1484
f 8274/3529/1485 8275/3527/1485 8276/3530/1485
f 8276/3530/1485 8275/3527/1485 8277/3528/1485
f 8278/3529/1486 8279/3527/1486 8280/3530/1486
f 8280/3530/1486 8279/3527/1486 8281/3528/1486
o Box170_05_-_Default_0
v -1.593662 6.918930 -7.619892
v -1.645365 6.918930 -7.619892
v -1.593662 6.918930 -7.672767
v -1.645365 6.918930 -7.672767
v -1.593662 7.821532 -7.672767
v -1.645365 7.821532 -7.672767
v -1.645365 7.821532 -7.619893
v -1.593662 7.821532 -7.619893
v -1.645365 7.821532 -7.619893
v -1.645365 6.918930 -7.619892
v -1.593662 7.821532 -7.619893
v -1.593662 6.918930 -7.619892
v -1.593662 7.821532 -7.619893
v -1.593662 6.918930 -7.619892
v -1.593662 7.821532 -7.672767
v -1.593662 6.918930 -7.672767
v -1.593662 7.821532 -7.672767
v -1.593662 6.918930 -7.672767
v -1.645365 7.821532 -7.672767
v -1.645365 6.918930 -7.672767
v -1.645365 7.821532 -7.672767
v -1.645365 6.918930 -7.672767
v -1.645365 7.821532 -7.619893
v -1.645365 6.918930 -7.619892
vn -0.0000 -1.0000 -0.0000
vn -0.0000 1.0000 -0.0000
vn -0.0000 -0.0000 1.0000
vn 1.0000 -0.0000 -0.0000
vn -0.0000 -0.0000 -1.0000
vn -1.0000 -0.0000 -0.0000
vt 0.000000 1.000000
vt 1.000000 1.000000
vt 0.000000 0.000000
vt 1.000000 0.000000
s 0
f 8282/3531/1487 8283/3532/1487 8284/3533/1487
f 8283/3532/1487 8285/3534/1487 8284/3533/1487
f 8286/3534/1488 8287/3533/1488 8288/3531/1488
f 8286/3534/1488 8288/3531/1488 8289/3532/1488
f 8290/3533/1489 8291/3531/1489 8292/3534/1489
f 8292/3534/1489 8291/3531/1489 8293/3532/1489
f 8294/3533/1490 8295/3531/1490 8296/3534/1490
f 8296/3534/1490 8295/3531/1490 8297/3532/1490
f 8298/3533/1491 8299/3531/1491 8300/3534/1491
f 8300/3534/1491 8299/3531/1491 8301/3532/1491
f 8302/3533/1492 8303/3531/1492 8304/3534/1492
f 8304/3534/1492 8303/3531/1492 8305/3532/1492
o Box171_05_-_Default_0
v 2.098751 6.918930 2.787252
v 2.047049 6.918930 2.787252
v 2.098751 6.918930 2.734378
v 2.047049 6.918930 2.734378
v 2.098751 7.821532 2.734378
v 2.047049 7.821532 2.734378
v 2.047049 7.821532 2.787252
v 2.098751 7.821532 2.787252
v 2.047049 7.821532 2.787252
v 2.047049 6.918930 2.787252
v 2.098751 7.821532 2.787252
v 2.098751 6.918930 2.787252
v 2.098751 7.821532 2.787252
v 2.098751 6.918930 2.787252
v 2.098751 7.821532 2.734378
v 2.098751 6.918930 2.734378
v 2.098751 7.821532 2.734378
v 2.098751 6.918930 2.734378
v 2.047049 7.821532 2.734378
v 2.047049 6.918930 2.734378
v 2.047049 7.821532 2.734378
v 2.047049 6.918930 2.734378
v 2.047049 7.821532 2.787252
v 2.047049 6.918930 2.787252
vn -0.0000 -1.0000 -0.0000
vn -0.0000 1.0000 -0.0000
vn -0.0000 -0.0000 1.0000
vn 1.0000 -0.0000 -0.0000
vn -0.0000 -0.0000 -1.0000
vn -1.0000 -0.0000 -0.0000
vt 0.000000 1.000000
vt 1.000000 1.000000
vt 0.000000 0.000000
vt 1.000000 0.000000
s 0
f 8306/3535/1493 8307/3536/1493 8308/3537/1493
f 8307/3536/1493 8309/3538/1493 8308/3537/1493
f 8310/3538/1494 8311/3537/1494 8312/3535/1494
f 8310/3538/1494 8312/3535/1494 8313/3536/1494
f 8314/3537/1495 8315/3535/1495 8316/3538/1495
f 8316/3538/1495 8315/3535/1495 8317/3536/1495
f 8318/3537/1496 8319/3535/1496 8320/3538/1496
f 8320/3538/1496 8319/3535/1496 8321/3536/1496
f 8322/3537/1497 8323/3535/1497 8324/3538/1497
f 8324/3538/1497 8323/3535/1497 8325/3536/1497
f 8326/3537/1498 8327/3535/1498 8328/3538/1498
f 8328/3538/1498 8327/3535/1498 8329/3536/1498
o Box172_05_-_Default_0
v 2.092355 6.918930 5.479495
v 2.040652 6.918930 5.479495
v 2.092355 6.918930 5.426620
v 2.040652 6.918930 5.426620
v 2.092355 7.821532 5.426620
v 2.040652 7.821532 5.426620
v 2.040652 7.821532 5.479495
v 2.092355 7.821532 5.479495
v 2.040652 7.821532 5.479495
v 2.040652 6.918930 5.479495
v 2.092355 7.821532 5.479495
v 2.092355 6.918930 5.479495
v 2.092355 7.821532 5.479495
v 2.092355 6.918930 5.479495
v 2.092355 7.821532 5.426620
v 2.092355 6.918930 5.426620
v 2.092355 7.821532 5.426620
v 2.092355 6.918930 5.426620
v 2.040652 7.821532 5.426620
v 2.040652 6.918930 5.426620
v 2.040652 7.821532 5.426620
v 2.040652 6.918930 5.426620
v 2.040652 7.821532 5.479495
v 2.040652 6.918930 5.479495
vn -0.0000 -1.0000 -0.0000
vn -0.0000 1.0000 -0.0000
vn -0.0000 -0.0000 1.0000
vn 1.0000 -0.0000 -0.0000
vn -0.0000 -0.0000 -1.0000
vn -1.0000 -0.0000 -0.0000
vt 0.000000 1.000000
vt 1.000000 1.000000
vt 0.000000 0.000000
vt 1.000000 0.000000
s 0
f 8330/3539/1499 8331/3540/1499 8332/3541/1499
f 8331/3540/1499 8333/3542/1499 8332/3541/1499
f 8334/3542/1500 8335/3541/1500 8336/3539/1500
f 8334/3542/1500 8336/3539/1500 8337/3540/1500
f 8338/3541/1501 8339/3539/1501 8340/3542/1501
f 8340/3542/1501 8339/3539/1501 8341/3540/1501
f 8342/3541/1502 8343/3539/1502 8344/3542/1502
f 8344/3542/1502 8343/3539/1502 8345/3540/1502
f 8346/3541/1503 8347/3539/1503 8348/3542/1503
f 8348/3542/1503 8347/3539/1503 8349/3540/1503
f 8350/3541/1504 8351/3539/1504 8352/3542/1504
f 8352/3542/1504 8351/3539/1504 8353/3540/1504
o Box173_05_-_Default_0
v -1.621217 6.918930 5.495652
v -1.672920 6.918930 5.495652
v -1.621217 6.918930 5.442778
v -1.672920 6.918930 5.442778
v -1.621217 7.821532 5.442778
v -1.672920 7.821532 5.442778
v -1.672920 7.821532 5.495652
v -1.621217 7.821532 5.495652
v -1.672920 7.821532 5.495652
v -1.672920 6.918930 5.495652
v -1.621217 7.821532 5.495652
v -1.621217 6.918930 5.495652
v -1.621217 7.821532 5.495652
v -1.621217 6.918930 5.495652
v -1.621217 7.821532 5.442778
v -1.621217 6.918930 5.442778
v -1.621217 7.821532 5.442778
v -1.621217 6.918930 5.442778
v -1.672920 7.821532 5.442778
v -1.672920 6.918930 5.442778
v -1.672920 7.821532 5.442778
v -1.672920 6.918930 5.442778
v -1.672920 7.821532 5.495652
v -1.672920 6.918930 5.495652
vn -0.0000 -1.0000 -0.0000
vn -0.0000 1.0000 -0.0000
vn -0.0000 -0.0000 1.0000
vn 1.0000 -0.0000 -0.0000
vn -0.0000 -0.0000 -1.0000
vn -1.0000 -0.0000 -0.0000
vt 0.000000 1.000000
vt 1.000000 1.000000
vt 0.000000 0.000000
vt 1.000000 0.000000
s 0
f 8354/3543/1505 8355/3544/1505 8356/3545/1505
f 8355/3544/1505 8357/3546/1505 8356/3545/1505
f 8358/3546/1506 8359/3545/1506 8360/3543/1506
f 8358/3546/1506 8360/3543/1506 8361/3544/1506
f 8362/3545/1507 8363/3543/1507 8364/3546/1507
f 8364/3546/1507 8363/3543/1507 8365/3544/1507
f 8366/3545/1508 8367/3543/1508 8368/3546/1508
f 8368/3546/1508 8367/3543/1508 8369/3544/1508
f 8370/3545/1509 8371/3543/1509 8372/3546/1509
f 8372/3546/1509 8371/3543/1509 8373/3544/1509
f 8374/3545/1510 8375/3543/1510 8376/3546/1510
f 8376/3546/1510 8375/3543/1510 8377/3544/1510
o Box174_05_-_Default_0
v -1.621217 6.918930 7.114016
v -1.672920 6.918930 7.114016
v -1.621217 6.918930 7.061141
v -1.672920 6.918930 7.061141
v -1.621217 7.821532 7.061141
v -1.672920 7.821532 7.061141
v -1.672920 7.821532 7.114016
v -1.621217 7.821532 7.114016
v -1.672920 7.821532 7.114016
v -1.672920 6.918930 7.114016
v -1.621217 7.821532 7.114016
v -1.621217 6.918930 7.114016
v -1.621217 7.821532 7.114016
v -1.621217 6.918930 7.114016
v -1.621217 7.821532 7.061141
v -1.621217 6.918930 7.061141
v -1.621217 7.821532 7.061141
v -1.621217 6.918930 7.061141
v -1.672920 7.821532 7.061141
v -1.672920 6.918930 7.061141
v -1.672920 7.821532 7.061141
v -1.672920 6.918930 7.061141
v -1.672920 7.821532 7.114016
v -1.672920 6.918930 7.114016
vn -0.0000 -1.0000 -0.0000
vn -0.0000 1.0000 -0.0000
vn -0.0000 -0.0000 1.0000
vn 1.0000 -0.0000 -0.0000
vn -0.0000 -0.0000 -1.0000
vn -1.0000 -0.0000 -0.0000
vt 0.000000 1.000000
vt 1.000000 1.000000
vt 0.000000 0.000000
vt 1.000000 0.000000
s 0
f 8378/3547/1511 8379/3548/1511 8380/3549/1511
f 8379/3548/1511 8381/3550/1511 8380/3549/1511
f 8382/3550/1512 8383/3549/1512 8384/3547/1512
f 8382/3550/1512 8384/3547/1512 8385/3548/1512
f 8386/3549/1513 8387/3547/1513 8388/3550/1513
f 8388/3550/1513 8387/3547/1513 8389/3548/1513
f 8390/3549/1514 8391/3547/1514 8392/3550/1514
f 8392/3550/1514 8391/3547/1514 8393/3548/1514
f 8394/3549/1515 8395/3547/1515 8396/3550/1515
f 8396/3550/1515 8395/3547/1515 8397/3548/1515
f 8398/3549/1516 8399/3547/1516 8400/3550/1516
f 8400/3550/1516 8399/3547/1516 8401/3548/1516
o Box175_Ceramic_0
v -11.852380 -0.794389 -9.736412
v -12.691677 -0.794389 -9.736412
v -11.852380 -0.794389 -10.553243
v -12.691677 -0.794389 -10.553243
v -11.852380 7.070649 -10.553244
v -12.691677 7.070649 -10.553244
v -12.691677 7.070649 -9.736413
v -11.852380 7.070649 -9.736413
v -12.691677 7.070649 -9.736413
v -12.691677 -0.794389 -9.736412
v -11.852380 7.070649 -9.736413
v -11.852380 -0.794389 -9.736412
v -11.852380 7.070649 -9.736413
v -11.852380 -0.794389 -9.736412
v -11.852380 7.070649 -10.553244
v -11.852380 -0.794389 -10.553243
v -11.852380 7.070649 -10.553244
v -11.852380 -0.794389 -10.553243
v -12.691677 7.070649 -10.553244
v -12.691677 -0.794389 -10.553243
v -12.691677 7.070649 -10.553244
v -12.691677 -0.794389 -10.553243
v -12.691677 7.070649 -9.736413
v -12.691677 -0.794389 -9.736412
vn -0.0000 -1.0000 -0.0000
vn -0.0000 1.0000 -0.0000
vn -0.0000 -0.0000 1.0000
vn 1.0000 -0.0000 -0.0000
vn -0.0000 -0.0000 -1.0000
vn -1.0000 -0.0000 -0.0000
vt 1.454843 1.470240
vt 1.622703 1.470240
vt 1.454843 1.306874
vt 1.622702 1.306874
vt -0.454843 1.306874
vt -0.622702 1.306874
vt -0.622703 1.470240
vt -0.454843 1.470240
vt -0.622703 -0.255896
vt -0.622703 1.442212
vt -0.454843 -0.255896
vt -0.454843 1.442212
vt -0.470240 -0.255896
vt -0.470240 1.442212
vt -0.306874 -0.255896
vt -0.306874 1.442212
vt 1.454843 -0.255896
vt 1.454843 1.442212
vt 1.622702 -0.255896
vt 1.622702 1.442212
vt 1.306874 -0.255896
vt 1.306874 1.442212
vt 1.470240 -0.255896
vt 1.470240 1.442212
s 0
f 8402/3551/1517 8403/3552/1517 8404/3553/1517
f 8403/3552/1517 8405/3554/1517 8404/3553/1517
f 8406/3555/1518 8407/3556/1518 8408/3557/1518
f 8406/3555/1518 8408/3557/1518 8409/3558/1518
f 8410/3559/1519 8411/3560/1519 8412/3561/1519
f 8412/3561/1519 8411/3560/1519 8413/3562/1519
f 8414/3563/1520 8415/3564/1520 8416/3565/1520
f 8416/3565/1520 8415/3564/1520 8417/3566/1520
f 8418/3567/1521 8419/3568/1521 8420/3569/1521
f 8420/3569/1521 8419/3568/1521 8421/3570/1521
f 8422/3571/1522 8423/3572/1522 8424/3573/1522
f 8424/3573/1522 8423/3572/1522 8425/3574/1522
o Box176_Ceramic_0
v -6.699734 -0.794389 -9.736412
v -7.539032 -0.794389 -9.736412
v -6.699734 -0.794389 -10.553243
v -7.539032 -0.794389 -10.553243
v -6.699734 7.070649 -10.553244
v -7.539032 7.070649 -10.553244
v -7.539032 7.070649 -9.736413
v -6.699734 7.070649 -9.736413
v -7.539032 7.070649 -9.736413
v -7.539032 -0.794389 -9.736412
v -6.699734 7.070649 -9.736413
v -6.699734 -0.794389 -9.736412
v -6.699734 7.070649 -9.736413
v -6.699734 -0.794389 -9.736412
v -6.699734 7.070649 -10.553244
v -6.699734 -0.794389 -10.553243
v -6.699734 7.070649 -10.553244
v -6.699734 -0.794389 -10.553243
v -7.539032 7.070649 -10.553244
v -7.539032 -0.794389 -10.553243
v -7.539032 7.070649 -10.553244
v -7.539032 -0.794389 -10.553243
v -7.539032 7.070649 -9.736413
v -7.539032 -0.794389 -9.736412
vn -0.0000 -1.0000 -0.0000
vn -0.0000 1.0000 -0.0000
vn -0.0000 -0.0000 1.0000
vn 1.0000 -0.0000 -0.0000
vn -0.0000 -0.0000 -1.0000
vn -1.0000 -0.0000 -0.0000
vt 1.454843 1.470240
vt 1.622703 1.470240
vt 1.454843 1.306874
vt 1.622702 1.306874
vt -0.454843 1.306874
vt -0.622702 1.306874
vt -0.622703 1.470240
vt -0.454843 1.470240
vt -0.622703 -0.255896
vt -0.622703 1.442212
vt -0.454843 -0.255896
vt -0.454843 1.442212
vt -0.470240 -0.255896
vt -0.470240 1.442212
vt -0.306874 -0.255896
vt -0.306874 1.442212
vt 1.454843 -0.255896
vt 1.454843 1.442212
vt 1.622702 -0.255896
vt 1.622702 1.442212
vt 1.306874 -0.255896
vt 1.306874 1.442212
vt 1.470240 -0.255896
vt 1.470240 1.442212
s 0
f 8426/3575/1523 8427/3576/1523 8428/3577/1523
f 8427/3576/1523 8429/3578/1523 8428/3577/1523
f 8430/3579/1524 8431/3580/1524 8432/3581/1524
f 8430/3579/1524 8432/3581/1524 8433/3582/1524
f 8434/3583/1525 8435/3584/1525 8436/3585/1525
f 8436/3585/1525 8435/3584/1525 8437/3586/1525
f 8438/3587/1526 8439/3588/1526 8440/3589/1526
f 8440/3589/1526 8439/3588/1526 8441/3590/1526
f 8442/3591/1527 8443/3592/1527 8444/3593/1527
f 8444/3593/1527 8443/3592/1527 8445/3594/1527
f 8446/3595/1528 8447/3596/1528 8448/3597/1528
f 8448/3597/1528 8447/3596/1528 8449/3598/1528
