# Blender 4.4.0
# www.blender.org
o LPHouse_MHousRoof_0
v -1.636403 3.879620 2.948856
v -2.947010 3.242166 -3.647518
v -2.945502 3.242904 4.363291
v 2.947025 3.242159 -3.647593
v 1.636459 3.872763 2.945810
v 2.911838 3.245655 4.382431
v 2.926310 3.198358 -3.647521
v 2.900662 3.194703 4.369697
v 1.623566 3.835244 2.942097
v -1.623763 3.835238 2.942032
v -2.934279 3.194713 4.351977
v -2.926346 3.198345 -3.647434
v 0.018777 4.629910 2.940681
v -0.018777 4.629910 2.940681
v 0.000000 4.627814 2.950454
v 0.018688 4.629718 -3.648069
v 0.000000 4.615684 -3.671661
v -0.018688 4.629718 -3.648005
v 0.000000 4.595816 2.950462
v -0.018783 4.576409 2.940698
v 0.018784 4.576412 2.940698
v 0.018686 4.576200 -3.648054
v -0.018686 4.576200 -3.647990
v 0.000000 4.607952 -3.671659
v -1.636403 3.879620 2.948856
v -0.214959 4.528637 2.950462
v -0.219369 4.537355 2.940681
v 1.636459 3.872763 2.945810
v 0.188563 4.551569 2.940681
v 0.184189 4.542833 2.950462
v -1.623763 3.835238 2.942032
v -0.198785 4.493504 2.940735
v -0.202678 4.502474 2.950495
v 1.623566 3.835244 2.942097
v 0.171908 4.516671 2.950494
v 0.167979 4.507718 2.940733
v 1.627038 3.895671 2.950451
v 1.402426 4.030614 2.724565
v 1.336936 4.060906 2.950452
v 1.646319 3.896598 2.610854
v 1.562765 3.943045 2.603517
v 1.639361 3.889138 2.936617
v 1.326146 4.050304 2.951573
v 1.326265 4.057241 2.938144
v 1.321104 4.040906 2.947109
v 1.320830 4.047471 2.933815
v 1.323009 4.035898 2.939386
v -1.627038 3.895671 2.950451
v -1.336936 4.060906 2.950452
v -1.402426 4.030614 2.724565
v -1.646319 3.896598 2.610854
v -1.639361 3.889138 2.936617
v -1.562765 3.943045 2.603517
v -1.326146 4.050304 2.951573
v -1.326265 4.057241 2.938144
v -1.321104 4.040906 2.947109
v -1.323009 4.035898 2.939386
v -1.320830 4.047471 2.933815
v -0.506780 4.434080 -3.693926
v -0.506780 4.434080 2.951106
v -0.037878 4.646804 2.951106
v -0.037878 4.646804 -3.693926
v 0.037654 4.646599 2.951106
v 0.037552 4.646378 -3.693926
v 0.529718 4.416362 -3.693926
v 0.529718 4.420146 2.951106
v -0.495343 4.408872 -3.693926
v -0.031948 4.619097 -3.693926
v -0.031948 4.619097 2.951106
v -0.495343 4.408872 2.951106
v 0.031493 4.618943 2.951110
v 0.031390 4.618722 -3.693922
v 0.518072 4.391250 -3.693918
v 0.518072 4.395034 2.951113
v -0.506780 4.434080 2.951106
v -0.506780 4.434080 -3.693926
v -0.495343 4.408872 -3.693926
v -0.495343 4.408872 2.951106
v 0.529718 4.416362 -3.693926
v 0.529718 4.420146 2.951106
v 0.518072 4.395034 2.951113
v 0.518072 4.391250 -3.693918
v 0.037654 4.646599 2.951106
v -0.037878 4.646804 2.951106
v -0.031948 4.619097 2.951106
v 0.031493 4.618943 2.951110
v -0.037878 4.646804 -3.693926
v 0.037552 4.646378 -3.693926
v 0.031390 4.618722 -3.693922
v -0.031948 4.619097 -3.693926
v 0.529718 4.416362 -3.693926
v 0.518072 4.391250 -3.693918
v 0.529718 4.420146 2.951106
v 0.518072 4.395034 2.951113
v -0.506780 4.434080 -3.693926
v -0.495343 4.408872 -3.693926
v -0.506780 4.434080 2.951106
v -0.495343 4.408872 2.951106
v 1.636459 3.872763 2.945810
v 1.636459 3.872763 2.945810
v -0.000035 3.849001 2.951684
v 0.000088 3.200130 4.400127
v 2.911838 3.245655 4.382431
v 0.000000 4.627814 2.950454
v 0.000000 4.595816 2.950462
v -0.393966 4.451897 -3.647886
v 0.330394 4.459122 -3.671643
v 2.942945 3.221129 -3.671636
v 2.939914 3.214728 -3.671626
v 0.327388 4.452719 -3.671635
v -1.636403 3.879620 2.948856
v -1.108166 3.882350 2.742252
v -1.108166 3.833908 2.742252
v -1.623763 3.835238 2.942032
v 0.338643 4.478111 -3.647952
v -1.623763 3.835238 2.942032
v 1.623566 3.835244 2.942097
v 2.900662 3.194703 4.369697
v 0.000038 3.162691 4.383590
v 0.000020 3.797807 2.940192
v -0.373382 4.408046 -3.647829
v -0.018686 4.576200 -3.647990
v -0.018783 4.576409 2.940698
v 0.000020 3.797807 2.940192
v -1.623763 3.835238 2.942032
v -1.108166 3.833908 2.742252
v 0.000000 3.797807 2.742252
v -1.623763 3.835238 2.942032
v 0.000038 3.162691 4.383590
v -2.934279 3.194713 4.351977
v 0.318059 4.434259 -3.647898
v 2.942945 3.221129 -3.671636
v 2.913325 3.219680 4.383276
v 2.911486 3.211764 4.381385
v 2.939914 3.214728 -3.671626
v 0.018688 4.629718 -3.648069
v 0.188563 4.551569 2.940681
v -0.000035 3.849001 2.951684
v 1.636459 3.872763 2.945810
v 1.108166 3.882350 2.742252
v 0.000000 3.846250 2.742252
v 0.000000 3.846250 2.742252
v 1.108166 3.882350 2.742252
v 1.108166 3.833908 2.742252
v 0.000000 3.797807 2.742252
v 2.913325 3.219680 4.383276
v 0.000016 3.184834 4.402243
v 0.000022 3.178328 4.399357
v 2.911486 3.211764 4.381385
v -0.018777 4.629910 2.940681
v -0.018688 4.629718 -3.648005
v -1.108166 3.882350 2.742252
v -1.636403 3.879620 2.948856
v -2.947110 3.219671 4.365361
v -2.945275 3.211781 4.363506
v 1.108166 3.833908 2.742252
v 1.623566 3.835244 2.942097
v -0.385807 4.432862 -3.671643
v 0.000000 4.615684 -3.671661
v 0.000000 4.607952 -3.671659
v -0.382802 4.426463 -3.671635
v -2.942965 3.221116 -3.671630
v -2.939946 3.214722 -3.671618
v -2.947110 3.219671 4.365361
v -2.942965 3.221116 -3.671630
v -2.939946 3.214722 -3.671618
v -2.945275 3.211781 4.363506
v -1.636403 3.879620 2.948856
v -2.945502 3.242904 4.363291
v 0.000000 4.627814 2.950454
v -0.018688 4.629718 -3.648005
v -2.926346 3.198345 -3.647434
v -2.934279 3.194713 4.351977
v 0.000038 3.162691 4.383590
v 2.900662 3.194703 4.369697
v 2.900662 3.194703 4.369697
v 2.926310 3.198358 -3.647521
v -2.934279 3.194713 4.351977
v 0.000038 3.162691 4.383590
v 1.636459 3.872763 2.945810
v 1.623566 3.835244 2.942097
v 1.627011 3.891748 2.953236
v 1.627038 3.895671 2.950451
v 1.406066 3.846161 3.074442
v 2.952042 3.229621 4.426939
v 2.633757 3.230118 4.425424
v 2.633641 3.220948 4.421467
v 2.949648 3.219443 4.424368
v 1.627011 3.891748 2.953236
v 1.641809 3.887800 2.937708
v 1.627038 3.895671 2.950451
v 1.642262 3.889086 2.600507
v 1.637439 3.880344 2.600204
v 1.551386 3.928175 2.592771
v 1.556232 3.936905 2.593064
v 1.562765 3.943045 2.603517
v 1.395583 3.829511 3.066136
v 1.400831 3.823675 3.056920
v 1.844514 3.767294 2.819944
v 2.959226 3.221689 4.066295
v 2.947426 3.217619 4.068264
v 1.835696 3.761718 2.825215
v 1.678806 3.828735 3.019220
v 2.936246 3.214463 4.414119
v 2.636310 3.216411 4.409919
v 1.461406 3.789936 3.123993
v 1.549457 3.918739 2.602679
v 1.633035 3.872280 2.609993
v 1.628828 3.862068 2.929684
v 1.625555 3.863857 2.930212
v 1.619326 3.867256 2.934972
v 1.616623 3.868482 2.943354
v 1.388922 4.006421 2.723732
v 1.788451 3.816023 2.759134
v 1.848278 3.786420 2.825720
v 2.959564 3.242493 4.068328
v 2.963617 3.230659 4.066295
v 1.849049 3.776193 2.820091
v 1.775839 3.791334 2.758609
v 1.633035 3.872280 2.609993
v 1.784531 3.796973 2.753201
v 1.709647 3.854274 3.009396
v 2.960252 3.242156 4.400459
v 1.391098 4.027094 2.717691
v 1.386158 4.018419 2.717422
v 1.397461 3.837605 3.072574
v 2.966211 3.229640 4.412755
v 2.943053 3.241801 4.420830
v 1.689315 3.855794 3.026422
v 2.963573 3.219463 4.410395
v 2.953338 3.214867 4.393634
v 1.699487 3.827106 3.002537
v 1.457949 3.803811 3.139748
v 1.456218 3.795692 3.133376
v 1.466238 3.812517 3.141362
v 2.636860 3.241843 4.420849
v -1.642262 3.889086 2.600507
v -1.789005 3.805908 2.753280
v -1.788376 3.816066 2.759056
v 1.616487 3.864701 2.946030
v 1.562765 3.943045 2.603517
v 1.646319 3.896598 2.610854
v 1.551386 3.928175 2.592771
v 1.637439 3.880344 2.600204
v 1.789076 3.805867 2.753355
v 1.631448 3.860644 2.930846
v 1.628828 3.862068 2.929684
v -1.627012 3.891878 2.953144
v -1.439640 3.829051 3.111337
v -2.952042 3.229621 4.426939
v -2.949648 3.219443 4.424368
v -2.633641 3.220948 4.421467
v -2.633757 3.230118 4.425424
v -1.627012 3.891878 2.953144
v -1.627038 3.895671 2.950451
v -1.641695 3.887863 2.937657
v -1.556232 3.936905 2.593064
v -1.551386 3.928175 2.592771
v -1.637439 3.880344 2.600204
v -1.562765 3.943045 2.603517
v -1.429375 3.812276 3.103264
v -1.434575 3.806462 3.093990
v -1.699477 3.827112 3.002527
v -2.953338 3.214867 4.393634
v -2.947426 3.217619 4.068264
v -1.835688 3.761722 2.825206
v -1.678793 3.828741 3.019207
v -1.493941 3.774055 3.159602
v -2.636310 3.216411 4.409919
v -2.936246 3.214463 4.414119
v -1.549457 3.918739 2.602679
v -1.625555 3.863857 2.930212
v -1.628828 3.862068 2.929684
v -1.633035 3.872280 2.609993
v -1.619326 3.867256 2.934972
v -1.388922 4.006421 2.723732
v -1.616623 3.868482 2.943354
v -1.849041 3.776197 2.820083
v -1.844506 3.767298 2.819935
v -2.959226 3.221689 4.066295
v -2.963617 3.230659 4.066295
v -1.775756 3.791381 2.758523
v -1.784457 3.797015 2.753124
v -1.633035 3.872280 2.609993
v -1.709638 3.854279 3.009386
v -1.848270 3.786424 2.825712
v -2.959564 3.242493 4.068328
v -2.960252 3.242156 4.400459
v -1.386158 4.018419 2.717422
v -1.391098 4.027094 2.717691
v -1.431191 3.820404 3.109634
v -2.966211 3.229640 4.412755
v -2.943053 3.241801 4.420830
v -1.689303 3.855799 3.026410
v -2.963573 3.219463 4.410395
v -1.488823 3.779777 3.169046
v -1.490509 3.787925 3.175350
v -2.636860 3.241843 4.420849
v -1.498654 3.796715 3.176793
v -1.628828 3.862068 2.929684
v -1.631315 3.860717 2.930788
v -1.616493 3.864859 2.945919
v -1.646319 3.896598 2.610854
v -1.562765 3.943045 2.603517
v -1.551386 3.928175 2.592771
v -1.637439 3.880344 2.600204
v 1.641809 3.887800 2.937708
v 1.627011 3.891748 2.953236
v 1.616487 3.864701 2.946030
v 1.631448 3.860644 2.930846
v -1.627012 3.891878 2.953144
v -1.641695 3.887863 2.937657
v -1.631315 3.860717 2.930788
v -1.616493 3.864859 2.945919
v 1.616487 3.864701 2.946030
v 1.616623 3.868482 2.943354
v 1.619326 3.867256 2.934972
v 1.625555 3.863857 2.930212
v -1.625555 3.863857 2.930212
v -1.619326 3.867256 2.934972
v -1.616623 3.868482 2.943354
v -1.616493 3.864859 2.945919
vn -0.4299 0.9029 -0.0018
vn -0.8291 0.4946 -0.2606
vn -0.9234 0.3837 -0.0004
vn 0.8308 0.4922 -0.2598
vn 0.4399 0.8981 0.0015
vn 0.9255 0.3788 0.0039
vn -0.3995 -0.8415 -0.3637
vn -0.4467 -0.8947 -0.0018
vn -0.4343 -0.9008 0.0012
vn 0.4391 -0.8984 -0.0000
vn 0.3992 -0.8422 -0.3623
vn 0.2494 0.9106 0.3295
vn -0.0000 0.9988 0.0500
vn -0.0000 0.9778 0.2097
vn -0.0009 0.8597 -0.5107
vn 0.1246 0.5856 -0.8010
vn -0.0394 -0.2561 0.9659
vn -0.0000 -0.9311 0.3647
vn -0.2438 -0.8609 0.4465
vn -0.2392 -0.8800 -0.4104
vn -0.0007 -0.9275 -0.3738
vn -0.0755 -0.3123 -0.9470
vn 0.0588 -0.1311 0.9896
vn -0.1611 0.3469 0.9240
vn -0.3879 0.8394 0.3808
vn 0.4245 0.9054 0.0012
vn 0.3910 0.8355 0.3862
vn 0.1618 0.3476 0.9236
vn 0.4194 -0.9078 0.0083
vn 0.3875 -0.8381 0.3841
vn 0.1583 -0.3463 0.9247
vn -0.0365 -0.0899 0.9953
vn -0.1591 -0.3464 0.9245
vn -0.3875 -0.8381 0.3840
vn 0.4937 0.8692 0.0272
vn 0.1724 0.9608 -0.2170
vn -0.0515 0.8908 0.4515
vn 0.6707 0.6952 -0.2584
vn 0.4836 0.8748 0.0304
vn 0.4785 0.8737 0.0876
vn -0.6825 0.4326 0.5891
vn -0.6214 0.7833 -0.0186
vn -0.9648 0.0160 0.2624
vn -0.9720 0.1901 -0.1379
vn -0.8560 -0.4780 -0.1971
vn -0.3878 0.6809 0.6213
vn 0.0606 0.9016 0.4284
vn -0.1724 0.9608 -0.2170
vn -0.6707 0.6952 -0.2584
vn -0.4786 0.8738 0.0857
vn -0.4836 0.8748 0.0304
vn 0.6956 0.4323 0.5738
vn 0.6214 0.7833 -0.0186
vn 0.9627 -0.0118 0.2703
vn 0.8477 -0.5040 -0.1657
vn 0.9720 0.1901 -0.1379
vn -0.4131 0.9107 -0.0000
vn -0.2100 0.9777 -0.0000
vn -0.2086 0.9780 -0.0000
vn 0.2155 0.9765 -0.0003
vn 0.2196 0.9756 -0.0000
vn 0.4231 0.9061 -0.0001
vn 0.4181 0.9084 -0.0005
vn 0.4131 -0.9107 -0.0000
vn 0.2085 -0.9780 -0.0000
vn 0.2102 -0.9777 -0.0000
vn -0.2153 -0.9765 0.0003
vn -0.2198 -0.9756 -0.0000
vn -0.4231 -0.9061 0.0001
vn -0.4180 -0.9084 0.0005
vn -0.9107 -0.4131 -0.0000
vn -0.9107 -0.4132 -0.0000
vn 0.9072 -0.4207 0.0002
vn -0.0000 -0.0000 1.0000
vn -0.0001 0.0002 1.0000
vn 0.0001 -0.0003 1.0000
vn -0.0000 -0.0002 -1.0000
vn 0.0001 -0.0000 -1.0000
vn -0.0001 -0.0003 -1.0000
vn -0.0001 -0.0001 -1.0000
vn 0.0001 0.0001 1.0000
vn 0.0001 0.0002 1.0000
vn -0.0000 -0.0000 -1.0000
vn -0.0345 -0.0856 0.9957
vn -0.0118 0.9125 0.4088
vn 0.0023 0.9126 0.4088
vn -0.0018 0.5948 0.8039
vn -0.0004 0.4042 0.9147
vn -0.1223 0.2653 0.9564
vn 0.0623 -0.1350 0.9889
vn -0.4010 0.8463 -0.3508
vn 0.1770 0.3732 -0.9107
vn 0.1680 0.3544 -0.9199
vn -0.1695 -0.3576 -0.9184
vn -0.1776 -0.3749 -0.9099
vn -0.3612 0.0377 -0.9317
vn -0.1870 -0.0000 -0.9824
vn -0.1832 0.0010 -0.9831
vn -0.3609 0.0405 -0.9317
vn 0.8308 0.4922 -0.2597
vn 0.4009 0.8461 -0.3514
vn 0.0596 -0.1331 0.9893
vn 0.0127 -0.9115 -0.4110
vn 0.0080 -0.9096 -0.4153
vn 0.0149 -0.9125 -0.4089
vn -0.0000 -0.9153 -0.4027
vn 0.4011 -0.8466 -0.3499
vn 0.3888 -0.8202 -0.4195
vn 0.3678 -0.7980 0.4774
vn -0.0000 -1.0000 -0.0060
vn -0.0231 -0.9983 -0.0529
vn -0.0237 -0.9985 -0.0495
vn -0.0000 -1.0000 -0.0000
vn -0.0109 -0.9108 -0.4127
vn -0.0137 -0.9120 -0.4101
vn -0.0054 -0.9085 -0.4178
vn -0.4010 -0.8463 -0.3506
vn 0.9345 -0.3560 0.0032
vn 0.9971 -0.0762 0.0040
vn 0.9383 -0.3459 0.0033
vn 0.8678 -0.4968 0.0028
vn 0.2769 0.9221 -0.2704
vn 0.3882 0.8413 0.3762
vn 0.0003 1.0000 -0.0031
vn -0.0142 0.9964 0.0837
vn -0.0154 0.9969 0.0772
vn -0.0000 0.9999 -0.0131
vn 0.1848 -0.0007 -0.9828
vn 0.1819 -0.0000 -0.9833
vn 0.0074 -0.0929 0.9956
vn -0.0031 -0.1413 0.9900
vn -0.0020 -0.5677 0.8233
vn 0.0094 -0.3663 0.9304
vn -0.3715 0.8047 0.4630
vn -0.3953 0.8339 -0.3851
vn 0.0195 0.9983 0.0557
vn 0.0186 0.9980 0.0607
vn -0.0131 -0.0622 0.9980
vn -0.0157 -0.3633 0.9315
vn 0.0237 -0.9985 -0.0495
vn 0.0231 -0.9983 -0.0529
vn -0.1772 0.3739 -0.9104
vn -0.1852 0.3905 -0.9018
vn 0.0990 -0.2090 -0.9729
vn 0.1778 -0.3754 -0.9097
vn -0.1680 0.3545 -0.9198
vn 0.1699 -0.3586 -0.9179
vn 0.1246 0.5855 -0.8010
vn -0.9974 -0.0725 -0.0006
vn -0.9354 -0.3537 -0.0003
vn -0.8677 -0.4971 -0.0006
vn -0.9376 -0.3477 -0.0009
vn 0.0108 0.9102 0.4140
vn -0.0050 0.4320 0.9019
vn 0.1223 0.2652 0.9564
vn -0.0000 1.0000 -0.0000
vn -0.7689 -0.6394 -0.0007
vn -0.8410 -0.5411 -0.0011
vn 0.0125 -0.7094 0.7047
vn 0.0102 -0.5696 0.8219
vn 0.8434 -0.5372 0.0028
vn 0.7707 -0.6372 0.0022
vn -0.0165 -0.5675 0.8232
vn -0.0153 -0.7100 0.7041
vn 0.3589 -0.0310 -0.9329
vn 0.3590 -0.0296 -0.9329
vn 0.1953 0.7449 0.6379
vn 0.3123 0.5485 0.7756
vn -0.2464 0.5789 0.7773
vn 0.4181 0.1550 0.8951
vn -0.3892 -0.0045 0.9212
vn -0.3945 -0.6632 0.6361
vn 0.2810 -0.6533 0.7030
vn 0.7568 0.4262 0.4955
vn 0.4469 0.8928 0.0553
vn 0.7744 0.3626 0.5185
vn 0.4975 0.1782 -0.8489
vn 0.3230 -0.3497 -0.8794
vn -0.3867 -0.0464 -0.9210
vn 0.0008 0.4770 -0.8789
vn 0.4785 0.8737 0.0875
vn 0.2527 0.9115 -0.3246
vn -0.8608 -0.4662 0.2041
vn -0.5222 -0.7702 -0.3662
vn 0.4430 -0.6031 -0.6633
vn 0.6206 -0.6988 -0.3558
vn -0.0196 -0.9805 -0.1956
vn -0.1322 -0.9452 -0.2985
vn -0.1410 -0.9387 -0.3147
vn -0.0092 -0.9925 0.1222
vn -0.2146 -0.9766 0.0149
vn -0.3404 -0.9305 -0.1353
vn -0.5288 -0.7393 -0.4170
vn -0.4272 -0.8258 -0.3683
vn -0.4833 -0.8748 -0.0343
vn -0.4902 -0.8710 -0.0320
vn -0.4956 -0.8680 -0.0313
vn -0.4358 -0.7752 -0.4572
vn -0.7277 -0.6303 -0.2706
vn 0.6746 0.6781 -0.2915
vn 0.6652 0.6866 -0.2934
vn 0.7628 0.6173 -0.1922
vn 0.9333 -0.0592 -0.3541
vn 0.7490 0.0209 -0.6623
vn -0.1498 -0.9348 -0.3221
vn -0.0213 -0.8865 -0.4623
vn 0.4213 -0.5945 -0.6849
vn 0.3462 0.9324 0.1035
vn 0.6293 0.7585 0.1694
vn -0.4359 0.7151 -0.5465
vn -0.8219 0.0354 -0.5685
vn -0.7672 0.0386 0.6403
vn 0.8927 0.1681 0.4182
vn 0.2069 0.7626 0.6129
vn 0.1408 0.9417 0.3056
vn 0.6963 -0.6633 0.2742
vn 0.1024 -0.9941 -0.0350
vn -0.3510 -0.9302 -0.1071
vn -0.7226 0.0645 0.6882
vn -0.7239 -0.5723 0.3853
vn -0.2994 0.7278 0.6170
vn -0.2020 0.6534 0.7296
vn -0.4975 0.1782 -0.8490
vn -0.7376 0.0203 -0.6749
vn -0.6746 0.6782 -0.2915
vn -0.1875 -0.7450 -0.6402
vn 0.4152 0.6473 -0.6392
vn 0.4171 0.6499 -0.6354
vn -0.3064 -0.6591 -0.6868
vn -0.3086 -0.6614 -0.6837
vn 0.7377 0.0203 -0.6749
vn -0.4685 -0.8820 -0.0512
vn -0.4733 -0.8808 -0.0123
vn -0.2259 0.7470 0.6253
vn 0.2401 0.6264 0.7416
vn -0.4181 0.1550 0.8951
vn -0.2810 -0.6533 0.7030
vn 0.3945 -0.6631 0.6361
vn 0.3892 -0.0045 0.9212
vn -0.7580 0.4234 0.4962
vn -0.6880 0.6608 0.3001
vn -0.4475 0.8926 0.0541
vn -0.0008 0.4770 -0.8789
vn 0.3867 -0.0464 -0.9210
vn -0.3230 -0.3497 -0.8794
vn -0.2527 0.9115 -0.3246
vn 0.8396 -0.4881 0.2382
vn 0.5069 -0.8072 -0.3026
vn 0.3437 -0.9331 -0.1057
vn -0.1024 -0.9941 -0.0350
vn 0.0196 -0.9805 -0.1956
vn 0.1323 -0.9452 -0.2985
vn 0.1423 -0.9414 -0.3058
vn 0.3390 -0.9317 -0.1306
vn 0.2146 -0.9766 0.0149
vn 0.0092 -0.9925 0.1222
vn 0.5288 -0.7393 -0.4170
vn 0.4902 -0.8710 -0.0320
vn 0.4833 -0.8748 -0.0343
vn 0.4272 -0.8258 -0.3683
vn 0.4956 -0.8680 -0.0313
vn 0.7277 -0.6303 -0.2706
vn 0.4791 -0.7761 -0.4101
vn -0.7490 0.0209 -0.6622
vn -0.4430 -0.6031 -0.6633
vn -0.6206 -0.6988 -0.3558
vn -0.9333 -0.0592 -0.3541
vn 0.1499 -0.9348 -0.3221
vn -0.4213 -0.5945 -0.6849
vn 0.0213 -0.8865 -0.4623
vn -0.3539 0.9294 0.1049
vn -0.6652 0.6866 -0.2934
vn -0.7628 0.6173 -0.1922
vn -0.6293 0.7585 0.1694
vn 0.8219 0.0354 -0.5685
vn 0.4359 0.7151 -0.5465
vn 0.7569 0.0404 0.6522
vn -0.8927 0.1681 0.4182
vn -0.2069 0.7626 0.6129
vn -0.1430 0.9385 0.3144
vn -0.6963 -0.6633 0.2742
vn 0.7224 -0.5726 0.3876
vn 0.7220 0.0657 0.6888
vn 0.2020 0.6533 0.7296
vn 0.2993 0.7301 0.6144
vn 0.4732 -0.8809 -0.0124
vn 0.4684 -0.8821 -0.0499
vn 0.2932 -0.7101 -0.6401
vn -0.4171 0.6499 -0.6354
vn -0.4152 0.6473 -0.6392
vn 0.3064 -0.6591 -0.6868
vn 0.3086 -0.6614 -0.6837
vn 0.3581 0.9229 0.1412
vn 0.3787 0.9166 0.1279
vn -0.3398 -0.9326 -0.1213
vn -0.3534 -0.9301 -0.0997
vn -0.3431 0.9317 0.1188
vn -0.3567 0.9292 0.0972
vn 0.3620 -0.9218 -0.1389
vn 0.3834 -0.9151 -0.1251
vn -0.4787 -0.8780 0.0011
vn -0.6105 -0.7378 -0.2881
vn -0.8108 -0.4894 -0.3212
vn -0.9455 -0.1646 -0.2808
vn 0.4787 -0.8780 0.0011
vn 0.6091 -0.7410 -0.2829
vn 0.8143 -0.4861 -0.3172
vn 0.9456 -0.1646 -0.2807
vt 0.838962 0.237256
vt -0.500933 0.532979
vt 1.136490 0.532638
vt 1.133007 1.160719
vt -0.210321 0.865985
vt -0.504433 1.160374
vt 1.133001 1.160717
vt -0.504432 1.160374
vt -0.206900 0.864993
vt 0.842373 0.238243
vt 1.136490 0.532637
vt -0.500928 0.532978
vt -0.206892 0.501641
vt -0.206892 0.497435
vt -0.208879 0.498352
vt 1.137915 0.501682
vt 1.137915 0.497478
vt -0.208879 0.497435
vt -0.206893 0.497435
vt -0.206892 0.502156
vt 1.133115 0.501957
vt 1.133102 0.497477
vt 0.840949 0.236817
vt 0.840938 -0.081225
vt 0.838951 -0.081167
vt -0.206904 0.864992
vt -0.206893 0.539670
vt -0.208880 0.539619
vt 0.838957 0.237257
vt 0.838951 -0.081167
vt -0.208891 0.864554
vt -0.206893 0.539670
vt 0.176051 0.239755
vt 0.178986 0.139531
vt 0.117845 0.165772
vt 0.251731 0.178239
vt 0.252289 0.157288
vt 0.180117 0.238499
vt 0.115458 0.166014
vt 0.118527 0.162498
vt 0.115458 0.166011
vt 0.118548 0.162489
vt 0.117870 0.165803
vt 0.174718 0.238061
vt 0.180117 0.238499
vt 0.174266 0.999958
vt 0.174266 0.000042
vt 0.095658 0.000042
vt 0.095658 0.999958
vt 0.082980 0.000042
vt 0.082980 0.999958
vt 0.000042 0.999958
vt 0.000285 0.000042
vt 0.836164 0.649490
vt 0.504801 0.649490
vt 0.504800 0.972287
vt 1.103852 0.972380
vt 0.840937 -0.130302
vt -0.501018 -0.041595
vt 1.137913 0.573813
vt 1.137903 1.161799
vt 1.137903 1.161799
vt 1.347898 1.335784
vt 1.306281 1.229661
vt 1.348624 1.337634
vt 1.133090 0.573691
vt 0.840949 0.236817
vt 0.839437 0.651053
vt 1.103851 0.972380
vt 0.504800 0.972283
vt -0.501018 -0.041595
vt -0.501044 -0.125820
vt 0.838950 -0.125661
vt 1.348624 1.004284
vt 1.347878 1.335733
vt 1.306280 1.004284
vt 0.173454 0.649490
vt 0.504800 0.972283
vt -0.094250 0.972379
vt 1.133090 0.573691
vt -0.505856 1.161799
vt -0.505856 1.161799
vt 1.133115 0.501683
vt -0.206893 0.539670
vt 1.347898 0.672784
vt 1.306280 0.778907
vt 1.105131 0.973936
vt 0.504801 0.973936
vt 0.504800 0.973936
vt 0.838950 -0.126096
vt -0.501044 -0.126053
vt 1.348624 1.335648
vt -0.095530 0.973935
vt 1.348624 0.672938
vt -0.505855 -0.041452
vt -0.505856 -0.130259
vt -0.505845 0.534063
vt 1.137915 0.534063
vt 0.170170 0.651046
vt -0.094250 0.972380
vt 1.133102 0.497477
vt 1.348624 0.670934
vt 1.347878 0.672836
vt 0.174026 0.239161
vt 0.100830 0.232280
vt 0.181145 0.838438
vt 0.111952 0.782973
vt 0.181130 0.838426
vt 0.177076 0.241058
vt 0.180404 0.239272
vt 0.177076 0.241058
vt 0.253946 0.176357
vt 0.253947 0.176337
vt 0.238055 0.154203
vt 0.238049 0.154201
vt 0.236303 0.156679
vt 0.098532 0.232055
vt 0.100871 0.232276
vt 0.252250 0.266055
vt 0.254390 0.768851
vt 0.252193 0.767422
vt 0.250142 0.266152
vt 0.173233 0.268784
vt 0.180186 0.834378
vt 0.114139 0.781450
vt 0.099225 0.259565
vt 0.236294 0.156720
vt 0.256065 0.162667
vt 0.180352 0.237807
vt 0.179388 0.237766
vt 0.177150 0.237113
vt 0.174747 0.238098
vt 0.178985 0.139573
vt 0.250124 0.239258
vt 0.250181 0.266154
vt 0.252248 0.767426
vt 0.252094 0.266081
vt 0.250087 0.239261
vt 0.251697 0.178215
vt 0.252331 0.239264
vt 0.181395 0.269117
vt 0.187982 0.833420
vt 0.179042 0.136549
vt 0.179042 0.136549
vt 0.098531 0.232058
vt 0.186988 0.838077
vt 0.180314 0.834521
vt 0.173413 0.268812
vt 0.187000 0.838065
vt 0.188114 0.833227
vt 0.181503 0.269104
vt 0.099509 0.259557
vt 0.097694 0.259430
vt 0.101077 0.259938
vt 0.114126 0.781474
vt 0.252332 0.239232
vt 0.250125 0.239226
vt 0.173983 0.239152
vt 0.238607 0.154985
vt 0.253946 0.176375
vt 0.238063 0.154206
vt 0.258446 0.160303
vt 0.252331 0.239262
vt 0.180487 0.239273
vt 0.180171 0.238452
vt 0.174049 0.239125
vt 0.101131 0.247385
vt 0.177076 0.241058
vt 0.180391 0.239236
vt 0.098835 0.247210
vt 0.101169 0.247391
vt 0.181503 0.269100
vt 0.250142 0.266149
vt 0.173232 0.268779
vt 0.099994 0.274201
vt 0.252091 0.266076
vt 0.252213 0.266008
vt 0.250087 0.239225
vt 0.252332 0.239232
vt 0.181395 0.269113
vt 0.250181 0.266151
vt 0.098835 0.247209
vt 0.173413 0.268807
vt 0.098256 0.274031
vt 0.099725 0.274117
vt 0.101439 0.274380
vt 0.180471 0.239231
vt 0.174015 0.239108
vt 0.180181 0.241015
vt 0.173714 0.240712
vt 0.173565 0.240697
vt 0.180211 0.241012
vt 0.173730 0.240713
vt 0.180163 0.241015
vt 0.180189 0.241010
vt 0.173584 0.240698
vt 0.180056 0.238549
vt 0.178998 0.239439
vt 0.177105 0.241033
vt 0.177126 0.241016
vt 0.177106 0.241033
s 1
f 1/1/1 2/2/2 3/3/3
f 4/4/4 5/5/5 6/6/6
f 7/7/7 8/8/8 9/9/9
f 10/10/10 11/11/10 12/12/11
f 13/13/12 14/14/13 15/15/14
f 16/16/15 17/17/16 18/17/15
f 19/18/17 20/19/18 21/20/19
f 22/21/20 23/22/21 24/17/22
f 25/23/23 26/24/24 27/25/25
f 28/26/26 29/27/27 30/28/28
f 31/29/29 32/30/30 33/24/31
f 34/31/32 35/28/33 36/32/34
f 37/33/35 38/34/36 39/35/37
f 40/36/38 41/37/39 42/38/40
f 43/39/41 39/35/37 44/40/42
f 45/41/43 46/42/44 47/43/45
f 48/44/46 49/35/47 50/34/48
f 51/36/49 52/45/50 53/37/51
f 54/39/52 55/40/53 49/35/47
f 56/41/54 57/43/55 58/42/56
f 59/46/57 60/47/57 61/48/58
f 59/46/57 61/48/58 62/49/59
f 63/50/60 64/51/61 62/49/59
f 63/50/60 62/49/59 61/48/58
f 65/52/62 64/51/61 63/50/60
f 65/52/62 63/50/60 66/53/63
f 67/46/64 68/49/65 69/48/66
f 67/46/64 69/48/66 70/47/64
f 71/50/67 69/48/66 68/49/65
f 71/50/67 68/49/65 72/51/68
f 73/52/69 74/53/70 71/50/67
f 73/52/69 71/50/67 72/51/68
s 0
f 75/47/71 76/46/71 77/46/71
f 75/47/72 77/46/72 78/47/72
f 79/52/73 80/53/73 81/53/73
f 79/52/73 81/53/73 82/52/73
f 83/50/74 84/48/74 85/48/74
f 83/50/75 85/48/76 86/50/75
f 87/49/77 88/51/77 89/51/77
f 87/49/78 89/51/78 90/49/78
f 88/51/79 91/52/79 92/52/79
f 88/51/80 92/52/80 89/51/80
f 93/53/81 83/50/81 86/50/81
f 93/53/82 86/50/82 94/53/82
f 95/46/83 87/49/83 90/49/83
f 95/46/83 90/49/83 96/46/83
f 84/48/74 97/47/74 98/47/74
f 84/48/74 98/47/74 85/48/74
s 1
f 99/31/84 30/28/28 35/28/33
f 99/31/84 35/28/33 34/31/32
f 100/54/85 101/55/86 102/56/87
f 100/54/85 102/56/87 103/57/88
f 104/58/89 26/24/24 33/24/31
f 104/58/89 33/24/31 105/58/90
f 2/2/2 1/1/1 27/25/25
f 2/2/2 27/25/25 106/59/91
f 107/60/92 108/61/93 109/62/94
f 107/60/92 109/62/94 110/60/95
f 111/63/96 112/64/97 113/64/98
f 111/63/96 113/64/98 114/65/99
f 4/4/100 115/66/101 29/27/27
f 4/4/100 29/27/27 28/26/26
f 26/24/24 25/23/23 116/67/102
f 26/24/24 116/67/102 33/24/31
f 117/68/103 118/69/104 119/70/105
f 117/68/103 119/70/105 120/55/106
f 121/71/107 122/72/108 123/73/109
f 121/71/107 123/73/109 32/30/30
f 124/74/110 125/75/111 126/64/112
f 124/74/110 126/64/112 127/76/113
f 128/77/114 120/55/106 129/78/115
f 128/77/114 129/78/115 130/79/116
f 12/12/11 121/71/107 32/30/30
f 12/12/11 32/30/30 31/29/29
f 7/7/7 9/9/9 36/32/34
f 7/7/7 36/32/34 131/80/117
f 131/80/117 36/32/34 21/20/19
f 131/80/117 21/20/19 22/21/20
f 132/61/118 133/81/119 134/82/120
f 132/61/118 134/82/120 135/62/121
f 115/66/101 136/83/122 13/13/12
f 115/66/101 13/13/12 137/84/123
f 138/74/124 139/85/125 140/86/126
f 138/74/124 140/86/126 141/76/127
f 142/76/83 143/86/128 144/86/129
f 142/76/83 144/86/129 145/76/83
f 146/87/130 147/88/131 148/89/132
f 146/87/130 148/89/132 149/87/133
f 106/59/91 27/25/25 150/90/134
f 106/59/91 150/90/134 151/91/135
f 138/74/124 141/76/127 152/64/136
f 138/74/124 152/64/136 153/92/137
f 112/64/97 142/76/83 145/76/83
f 112/64/97 145/76/83 113/64/98
f 147/88/131 154/93/138 155/93/139
f 147/88/131 155/93/139 148/89/132
f 124/74/110 127/76/113 156/86/140
f 124/74/110 156/86/140 157/94/141
f 158/95/142 159/96/143 160/96/144
f 158/95/142 160/96/144 161/95/145
f 162/97/146 158/95/142 161/95/145
f 162/97/146 161/95/145 163/97/147
f 17/17/148 107/60/92 110/60/95
f 17/17/148 110/60/95 24/17/22
f 164/98/149 165/97/150 166/97/151
f 164/98/149 166/97/151 167/98/152
f 168/99/153 169/100/154 102/56/87
f 168/99/153 102/56/87 101/55/86
f 30/28/28 170/18/155 19/18/17
f 30/28/28 19/18/17 35/28/33
f 115/66/101 4/4/100 108/61/93
f 115/66/101 108/61/93 107/60/92
f 137/84/123 13/13/12 170/18/155
f 137/84/123 170/18/155 30/28/28
f 158/95/142 162/97/146 2/2/2
f 158/95/142 2/2/2 106/59/91
f 26/24/24 104/58/89 150/90/134
f 26/24/24 150/90/134 27/25/25
f 165/97/150 164/98/149 3/3/3
f 165/97/150 3/3/3 2/2/2
f 13/13/12 136/83/122 171/101/156
f 13/13/12 171/101/156 14/14/13
f 103/57/88 102/56/87 147/88/131
f 103/57/88 147/88/131 146/87/130
f 4/4/4 6/6/6 133/81/119
f 4/4/4 133/81/119 132/61/118
f 154/93/138 147/88/131 102/56/87
f 154/93/138 102/56/87 169/100/154
f 159/96/143 158/95/142 106/59/91
f 159/96/143 106/59/91 151/91/135
f 136/83/122 115/66/101 107/60/92
f 136/83/122 107/60/92 17/17/148
f 110/60/95 109/62/94 7/7/7
f 110/60/95 7/7/7 131/80/117
f 35/28/33 19/18/17 21/20/19
f 35/28/33 21/20/19 36/32/34
f 121/71/107 12/12/11 163/97/147
f 121/71/107 163/97/147 161/95/145
f 32/30/30 123/73/109 105/58/90
f 32/30/30 105/58/90 33/24/31
f 172/12/157 173/11/158 167/98/152
f 172/12/157 167/98/152 166/97/151
f 20/19/18 23/22/21 22/21/20
f 20/19/18 22/21/20 21/20/19
f 149/87/133 148/89/132 174/70/159
f 149/87/133 174/70/159 175/69/160
f 135/62/121 134/82/120 176/8/161
f 135/62/121 176/8/161 177/7/162
f 178/79/163 179/78/164 148/89/132
f 178/79/163 148/89/132 155/93/139
f 122/72/108 121/71/107 161/95/145
f 122/72/108 161/95/145 160/96/144
f 24/17/22 110/60/95 131/80/117
f 24/17/22 131/80/117 22/21/20
f 143/86/128 180/102/165 181/103/166
f 143/86/128 181/103/166 144/86/129
f 182/104/167 183/44/168 39/35/37
f 182/104/167 39/35/37 184/105/169
f 185/106/170 186/107/171 187/107/172
f 185/106/170 187/107/172 188/108/173
f 189/109/174 190/110/175 42/38/40
f 189/109/174 42/38/40 191/111/176
f 192/112/177 193/113/178 194/114/179
f 192/112/177 194/114/179 195/115/180
f 37/33/35 42/38/181 196/116/182
f 37/33/35 196/116/182 38/34/36
f 197/117/183 45/41/43 47/43/45
f 197/117/183 47/43/45 198/118/184
f 199/119/185 200/120/186 201/121/187
f 199/119/185 201/121/187 202/122/188
f 203/123/189 204/124/190 205/125/191
f 203/123/189 205/125/191 206/126/192
f 207/127/193 208/128/194 209/129/195
f 207/127/193 209/129/195 210/130/196
f 211/131/197 212/132/198 47/43/45
f 211/131/197 47/43/45 213/133/199
f 214/134/200 40/36/38 42/38/40
f 214/134/200 42/38/40 190/110/175
f 215/135/201 216/136/202 217/120/203
f 215/135/201 217/120/203 218/137/204
f 219/138/205 220/139/206 193/113/178
f 219/138/205 193/113/178 221/140/207
f 222/141/208 223/142/209 216/136/202
f 222/141/208 216/136/202 215/135/201
f 44/40/42 224/143/210 225/144/211
f 44/40/42 225/144/211 46/42/44
f 184/105/169 39/35/37 43/39/41
f 184/105/169 43/39/41 226/145/212
f 224/143/210 195/115/180 194/114/179
f 224/143/210 194/114/179 225/144/211
f 226/145/212 43/39/41 45/41/43
f 226/145/212 45/41/43 197/117/183
f 207/127/193 210/130/196 211/131/197
f 207/127/193 211/131/197 213/133/199
f 227/146/213 223/142/209 228/147/214
f 227/146/213 228/147/214 185/106/170
f 223/142/209 222/141/208 229/148/215
f 223/142/209 229/148/215 228/147/214
f 230/149/216 188/108/173 204/124/190
f 230/149/216 204/124/190 231/150/217
f 204/124/190 203/123/189 232/151/218
f 204/124/190 232/151/218 231/150/217
f 216/136/202 223/142/209 227/146/213
f 216/136/202 227/146/213 217/120/203
f 218/137/204 217/120/203 200/120/186
f 218/137/204 200/120/186 199/119/185
f 186/107/171 233/152/219 234/153/220
f 186/107/171 234/153/220 187/107/172
f 229/148/215 235/154/221 236/155/222
f 229/148/215 236/155/222 228/147/214
f 228/147/214 236/155/222 186/107/171
f 228/147/214 186/107/171 185/106/170
f 233/152/219 186/107/171 236/155/222
f 233/152/219 236/155/222 235/154/221
f 39/35/37 38/34/36 224/143/210
f 39/35/37 224/143/210 44/40/42
f 200/120/186 230/149/216 231/150/217
f 200/120/186 231/150/217 201/121/187
f 232/151/218 202/122/188 201/121/187
f 232/151/218 201/121/187 231/150/217
f 51/36/49 237/112/223 238/156/224
f 51/36/49 238/156/224 239/157/225
f 212/132/198 240/158/226 198/118/184
f 212/132/198 198/118/184 47/43/45
f 188/108/173 187/107/172 205/125/191
f 188/108/173 205/125/191 204/124/190
f 206/126/192 205/125/191 187/107/172
f 206/126/192 187/107/172 234/153/220
f 46/42/44 225/144/211 213/133/199
f 46/42/44 213/133/199 47/43/45
f 185/106/170 188/108/173 230/149/216
f 185/106/170 230/149/216 227/146/213
f 44/40/42 46/42/44 45/41/43
f 44/40/42 45/41/43 43/39/41
f 192/112/177 195/115/180 241/159/227
f 192/112/177 241/159/227 242/160/228
f 243/161/229 244/162/230 208/128/194
f 243/161/229 208/128/194 207/127/193
f 38/34/36 196/116/182 195/115/180
f 38/34/36 195/115/180 224/143/210
f 207/127/193 213/133/199 225/144/211
f 207/127/193 225/144/211 194/114/179
f 192/112/177 245/163/231 221/140/207
f 192/112/177 221/140/207 193/113/178
f 219/138/205 246/164/232 247/165/233
f 219/138/205 247/165/233 220/139/206
f 217/120/203 227/146/213 230/149/216
f 217/120/203 230/149/216 200/120/186
f 248/166/234 249/167/235 49/35/47
f 248/166/234 49/35/47 48/44/46
f 250/106/236 251/108/237 252/107/238
f 250/106/236 252/107/238 253/107/239
f 254/168/240 255/111/241 52/45/50
f 254/168/240 52/45/50 256/169/242
f 237/112/223 257/115/243 258/114/244
f 237/112/223 258/114/244 259/113/245
f 255/111/241 50/34/48 260/116/246
f 255/111/241 260/116/246 52/45/50
f 261/170/247 262/171/248 57/43/55
f 261/170/247 57/43/55 56/41/54
f 263/172/249 264/150/250 265/121/251
f 263/172/249 265/121/251 266/173/252
f 267/174/253 268/175/254 269/125/255
f 267/174/253 269/125/255 270/124/256
f 271/127/257 272/130/258 273/129/259
f 271/127/257 273/129/259 274/128/260
f 275/131/261 276/133/262 57/43/55
f 275/131/261 57/43/55 277/132/263
f 239/157/225 256/169/242 52/45/50
f 239/157/225 52/45/50 51/36/49
f 278/176/264 279/177/265 280/120/266
f 278/176/264 280/120/266 281/120/267
f 282/178/268 283/179/269 259/113/245
f 282/178/268 259/113/245 284/139/270
f 285/180/271 286/181/272 287/136/273
f 285/180/271 287/136/273 288/142/274
f 55/40/53 58/42/56 289/144/275
f 55/40/53 289/144/275 290/143/276
f 249/167/235 291/182/277 54/39/52
f 249/167/235 54/39/52 49/35/47
f 290/143/276 289/144/275 258/114/244
f 290/143/276 258/114/244 257/115/243
f 291/182/277 261/170/247 56/41/54
f 291/182/277 56/41/54 54/39/52
f 271/127/257 276/133/262 275/131/261
f 271/127/257 275/131/261 272/130/258
f 292/146/278 250/106/236 293/147/279
f 292/146/278 293/147/279 288/142/274
f 288/142/274 293/147/279 294/183/280
f 288/142/274 294/183/280 285/180/271
f 295/149/281 264/150/250 270/124/256
f 295/149/281 270/124/256 251/108/237
f 270/124/256 264/150/250 263/172/249
f 270/124/256 263/172/249 267/174/253
f 287/136/273 281/120/267 292/146/278
f 287/136/273 292/146/278 288/142/274
f 237/112/223 259/113/245 283/179/269
f 237/112/223 283/179/269 238/156/224
f 253/107/239 252/107/238 296/184/282
f 253/107/239 296/184/282 297/185/283
f 294/183/280 293/147/279 298/155/284
f 294/183/280 298/155/284 299/186/285
f 293/147/279 250/106/236 253/107/239
f 293/147/279 253/107/239 298/155/284
f 297/185/283 299/186/285 298/155/284
f 297/185/283 298/155/284 253/107/239
f 49/35/47 55/40/53 290/143/276
f 49/35/47 290/143/276 50/34/48
f 280/120/266 265/121/251 264/150/250
f 280/120/266 264/150/250 295/149/281
f 282/178/268 284/139/270 300/165/286
f 282/178/268 300/165/286 301/187/287
f 277/132/263 57/43/55 262/171/248
f 277/132/263 262/171/248 302/188/288
f 251/108/237 270/124/256 269/125/255
f 251/108/237 269/125/255 252/107/238
f 268/175/254 296/184/282 252/107/238
f 268/175/254 252/107/238 269/125/255
f 58/42/56 57/43/55 276/133/262
f 58/42/56 276/133/262 289/144/275
f 250/106/236 292/146/278 295/149/281
f 250/106/236 295/149/281 251/108/237
f 55/40/53 54/39/52 56/41/54
f 55/40/53 56/41/54 58/42/56
f 237/112/223 303/160/289 304/159/290
f 237/112/223 304/159/290 257/115/243
f 305/161/291 271/127/257 274/128/260
f 305/161/291 274/128/260 306/162/292
f 50/34/48 290/143/276 257/115/243
f 50/34/48 257/115/243 260/116/246
f 271/127/257 258/114/244 289/144/275
f 271/127/257 289/144/275 276/133/262
f 286/181/272 278/176/264 281/120/267
f 286/181/272 281/120/267 287/136/273
f 279/177/265 266/173/252 265/121/251
f 279/177/265 265/121/251 280/120/266
f 281/120/267 280/120/266 295/149/281
f 281/120/267 295/149/281 292/146/278
f 229/148/215 222/141/208 307/189/293
f 229/148/215 307/189/293 308/190/294
f 232/151/218 203/123/189 309/191/295
f 232/151/218 309/191/295 310/192/296
f 245/163/231 214/134/200 215/135/201
f 245/163/231 215/135/201 218/137/204
f 184/105/169 226/145/212 233/152/219
f 184/105/169 233/152/219 235/154/221
f 219/138/205 221/140/207 199/119/185
f 219/138/205 199/119/185 202/122/188
f 197/117/183 198/118/184 206/126/192
f 197/117/183 206/126/192 234/153/220
f 214/134/200 190/110/175 222/141/208
f 214/134/200 222/141/208 215/135/201
f 182/104/167 184/105/169 235/154/221
f 182/104/167 235/154/221 229/148/215
f 221/140/207 245/163/231 218/137/204
f 221/140/207 218/137/204 199/119/185
f 226/145/212 197/117/183 234/153/220
f 226/145/212 234/153/220 233/152/219
f 246/164/232 219/138/205 202/122/188
f 246/164/232 202/122/188 232/151/218
f 198/118/184 240/158/226 203/123/189
f 198/118/184 203/123/189 206/126/192
f 311/193/297 312/194/298 285/180/271
f 311/193/297 285/180/271 294/183/280
f 313/195/299 314/196/300 267/174/253
f 313/195/299 267/174/253 263/172/249
f 278/176/264 286/181/272 239/157/225
f 278/176/264 239/157/225 238/156/224
f 299/186/285 297/185/283 291/182/277
f 299/186/285 291/182/277 249/167/235
f 266/173/252 279/177/265 283/179/269
f 266/173/252 283/179/269 282/178/268
f 296/184/282 268/175/254 262/171/248
f 296/184/282 262/171/248 261/170/247
f 286/181/272 285/180/271 256/169/242
f 286/181/272 256/169/242 239/157/225
f 294/183/280 299/186/285 249/167/235
f 294/183/280 249/167/235 248/166/234
f 279/177/265 278/176/264 238/156/224
f 279/177/265 238/156/224 283/179/269
f 297/185/283 296/184/282 261/170/247
f 297/185/283 261/170/247 291/182/277
f 263/172/249 266/173/252 282/178/268
f 263/172/249 282/178/268 301/187/287
f 268/175/254 267/174/253 302/188/288
f 268/175/254 302/188/288 262/171/248
f 40/36/38 214/134/200 245/163/231
f 40/36/38 245/163/231 192/112/177
f 246/164/232 318/197/301 247/165/233
f 318/197/301 246/164/232 317/198/302
f 317/198/302 246/164/232 315/199/303
f 317/198/302 315/199/303 316/200/304
f 319/197/305 301/187/287 300/165/286
f 301/187/287 319/197/305 320/198/306
f 301/187/287 320/198/306 322/201/307
f 322/201/307 320/198/306 321/200/308
o LPHouse_MHouseWall_0
v 2.485379 3.272593 2.832848
v 2.184047 2.912596 2.832848
v 2.184047 1.751744 2.832848
v 0.000000 -0.005882 2.832848
v 0.455113 1.223775 2.832848
v -0.119455 1.751744 2.832848
v 2.485379 -0.005882 2.832848
v 2.184047 1.751744 2.832848
v 1.244761 1.223775 2.832848
v 0.455113 2.799232 2.832848
v -1.324770 2.912596 2.832848
v -0.814868 2.912596 2.832848
v 0.000000 4.429102 2.832848
v 1.488634 1.751744 2.832848
v 2.485379 2.912596 -2.220814
v 2.485379 2.912596 -2.916228
v 2.485379 3.272593 -3.395458
v -2.485379 -0.005882 -3.395458
v -2.485379 3.272593 -3.395458
v 0.000000 4.429102 -3.395458
v -2.485379 2.912596 0.342469
v -2.485379 3.272593 2.832848
v -2.485379 3.272593 -3.395458
v -2.485379 2.912596 -2.313598
v -2.485379 2.912596 -1.794579
v -2.485379 3.272593 -3.395458
v -2.485379 -0.005882 2.832848
v -1.324770 1.751744 2.832848
v -2.485379 1.751744 1.037882
v -2.485379 -0.005882 2.832848
v -2.485379 -0.005882 -3.395458
v -2.485379 1.751744 -3.009011
v 2.485379 2.912596 0.920840
v 2.485379 2.912596 0.225427
v 2.485379 3.272593 2.832848
v 2.485379 1.751744 2.020320
v 2.485379 -0.005882 2.832848
v 2.485379 1.751744 1.324907
v 2.485379 3.272593 2.832848
v 2.485379 2.912596 -1.099165
v 2.485379 2.912596 2.020320
v 2.485379 2.912596 1.324907
v -2.485379 2.912596 -3.009011
v -2.485379 1.751744 0.342469
v -2.485379 1.751744 -2.313598
v -2.485379 2.912596 1.037882
v 2.485379 -0.005882 -3.395458
v 2.485379 1.751744 -2.220814
v 2.485379 1.751744 -1.794579
v 2.485379 2.912596 -1.794579
v 2.485379 1.751744 0.225427
v 2.485379 -0.005882 -3.395458
v 2.485379 1.751744 -2.916228
v 2.485379 1.751744 -1.099165
v 2.485379 1.751744 0.920840
v -2.485379 2.912596 -1.099165
v -2.485379 1.751744 -1.099165
v -2.485379 1.751744 -1.794579
v -2.485379 -0.005882 2.832848
v 2.485379 -0.005882 2.832848
v -0.814868 1.751744 2.832848
v -2.020183 2.912596 2.832848
v -2.485379 3.272593 2.832848
v -2.020183 1.751744 2.832848
v 1.244761 2.799232 2.832848
v 1.488634 2.912596 2.832848
v -0.119455 2.912596 2.832848
v 2.485379 3.272593 -3.395458
v 2.485379 -0.005882 -3.395458
v 1.340648 1.002701 3.986702
v 1.340648 -0.043236 5.551999
v 1.340648 -0.043236 3.986702
v 0.372362 1.002701 3.986702
v 0.372362 -0.043236 3.986702
v 0.372362 -0.043236 5.551999
vn -0.0000 -0.0000 1.0000
vn 1.0000 -0.0000 -0.0000
vn -0.0000 -0.0000 -1.0000
vn -1.0000 -0.0000 -0.0000
vt 1.766341 -0.063594
vt 1.601841 0.103401
vt 1.601841 0.641898
vt 0.409551 1.457225
vt 0.658001 0.886812
vt 0.344340 0.641898
vt 1.766341 1.457227
vt 1.089077 0.886812
vt 0.658001 0.155989
vt -0.313651 0.103401
vt -0.035291 0.103401
vt 0.409552 -0.600076
vt 1.222209 0.641898
vt 1.612903 0.095659
vt 1.992536 0.095659
vt 2.254151 -0.071337
vt 1.766341 1.468168
vt 1.766341 -0.052652
vt 0.409552 -0.589134
vt 0.619497 0.116567
vt 1.979017 -0.050428
vt -1.421066 -0.050428
vt -0.830470 0.116568
vt -0.547134 0.116568
vt -0.947237 1.457225
vt -0.313651 0.641898
vt 0.999130 0.655064
vt 1.979016 1.470392
vt -1.421067 1.470391
vt -1.210103 0.655064
vt -0.102151 0.095659
vt 0.277481 0.095659
vt -1.145931 -0.071336
vt -0.702365 0.634156
vt -1.145931 1.449484
vt -0.322734 0.634156
vt 1.000586 0.095659
vt -0.702365 0.095659
vt -0.322734 0.095659
vt -1.210102 0.116568
vt 0.619497 0.655064
vt -0.830470 0.655064
vt 0.999130 0.116567
vt 2.254151 1.449484
vt 1.612903 0.634155
vt 1.380218 0.634156
vt 1.380218 0.095659
vt 0.277481 0.634156
vt 1.992536 0.634155
vt 1.000586 0.634156
vt -0.102150 0.634156
vt -0.167503 0.116568
vt -0.167502 0.655064
vt -0.547134 0.655064
vt -0.035291 0.641897
vt -0.693283 0.103401
vt -0.947237 -0.063595
vt -0.693282 0.641898
vt 1.089077 0.155989
vt 1.222209 0.103401
vt 0.344340 0.103401
vt -0.947237 -0.052652
vt -0.947237 1.468168
vt 0.488306 0.038363
vt -0.289400 0.582706
vt 0.491399 0.578232
s 0
f 323/202/309 324/203/309 325/204/309
f 326/205/309 327/206/309 328/207/309
f 329/208/309 330/204/309 331/209/309
f 327/206/309 332/210/309 328/207/309
f 333/211/309 334/212/309 335/213/309
f 330/204/309 336/214/309 331/209/309
f 337/215/310 338/216/310 339/217/310
f 340/218/311 341/219/311 342/220/311
f 343/221/312 344/222/312 345/223/312
f 346/224/312 347/225/312 348/223/312
f 349/226/309 326/205/309 350/227/309
f 344/222/312 351/228/312 352/229/312
f 348/223/312 353/230/312 354/231/312
f 355/232/310 356/233/310 357/234/310
f 358/235/310 359/236/310 360/237/310
f 361/234/310 356/233/310 339/217/310
f 356/233/310 362/238/310 339/217/310
f 363/239/310 364/240/310 357/234/310
f 348/223/312 365/241/312 346/224/312
f 352/229/312 351/228/312 366/242/312
f 367/243/312 354/231/312 353/230/312
f 365/241/312 348/223/312 354/231/312
f 344/222/312 368/244/312 351/228/312
f 369/245/310 370/246/310 371/247/310
f 362/238/310 372/248/310 339/217/310
f 373/249/310 359/236/310 374/245/310
f 369/245/310 339/217/310 375/250/310
f 339/217/310 338/216/310 375/250/310
f 362/238/310 356/233/310 373/249/310
f 376/251/310 362/238/310 373/249/310
f 369/245/310 375/250/310 370/246/310
f 370/246/310 337/215/310 372/248/310
f 370/246/310 372/248/310 371/247/310
f 372/248/310 337/215/310 339/217/310
f 364/240/310 355/232/310 357/234/310
f 371/247/310 376/251/310 369/245/310
f 376/251/310 373/249/310 369/245/310
f 377/252/310 360/237/310 359/236/310
f 373/249/310 377/252/310 359/236/310
f 348/223/312 347/225/312 378/253/312
f 343/221/312 368/244/312 344/222/312
f 348/223/312 378/253/312 343/221/312
f 366/242/312 379/254/312 353/230/312
f 379/254/312 380/255/312 353/230/312
f 380/255/312 367/243/312 353/230/312
f 353/230/312 381/229/312 366/242/312
f 382/208/309 323/202/309 325/204/309
f 350/227/309 326/205/309 383/256/309
f 384/257/309 385/258/309 386/259/309
f 385/258/309 349/226/309 386/259/309
f 387/260/309 331/209/309 336/214/309
f 388/261/309 324/203/309 323/202/309
f 387/260/309 336/214/309 388/261/309
f 332/210/309 387/260/309 335/213/309
f 387/260/309 388/261/309 335/213/309
f 388/261/309 323/202/309 335/213/309
f 335/213/309 389/262/309 332/210/309
f 389/262/309 328/207/309 332/210/309
f 383/256/309 334/212/309 333/211/309
f 383/256/309 333/211/309 350/227/309
f 350/227/309 386/259/309 349/226/309
f 328/207/309 383/256/309 326/205/309
f 334/212/309 389/262/309 335/213/309
f 335/213/309 385/258/309 333/211/309
f 385/258/309 384/257/309 333/211/309
f 390/263/311 391/264/311 342/220/311
f 391/264/311 340/218/311 342/220/311
f 392/265/310 393/266/310 394/267/310
f 395/265/312 396/267/312 397/266/312
f 355/232/310 364/240/310 360/237/310
f 355/232/310 360/237/310 377/252/310
f 359/236/310 358/235/310 363/239/310
f 359/236/310 363/239/310 357/234/310
f 343/221/312 378/253/312 379/254/312
f 343/221/312 379/254/312 366/242/312
f 346/224/312 367/243/312 380/255/312
f 346/224/312 380/255/312 347/225/312
o LPHouse_MHousWood_0
v 2.297014 3.114054 -3.401099
v 2.296948 3.114054 -3.572542
v 2.718694 3.114054 -3.572988
v -2.297014 3.114054 -3.401099
v -2.718694 3.114054 -3.572988
v -2.296948 3.114054 -3.572542
v 2.738842 3.127895 4.181994
v 2.745579 3.114054 4.161798
v 2.752809 3.127688 4.168153
v 2.270905 3.120456 -3.395072
v 2.283471 3.114054 -3.381621
v 2.714024 3.127684 -3.575240
v 2.728453 3.127246 -3.561399
v 2.718694 3.114054 -3.572988
v 2.270841 3.120456 -3.561399
v 2.287380 3.127675 -3.575240
v -2.738842 3.127895 4.181994
v -2.752809 3.127688 4.168153
v -2.745579 3.114054 4.161798
v -2.270905 3.120456 -3.395072
v -2.283471 3.114054 -3.381621
v -2.714024 3.127684 -3.575240
v -2.718694 3.114054 -3.572988
v -2.728453 3.127246 -3.561399
v -2.270841 3.120456 -3.561399
v -2.296948 3.114054 -3.572542
v -2.287380 3.127675 -3.575240
v 2.559628 1.203080 -3.442756
v 2.552708 1.203080 -3.449676
v 2.551885 1.210000 -3.443850
v 2.525668 0.934428 -3.427362
v 2.532588 0.934428 -3.420442
v 2.524761 0.927508 -3.421695
v 2.552708 1.140715 -3.449676
v 2.559628 1.140715 -3.442756
v 2.552114 1.133795 -3.443475
v 2.532588 1.126875 -3.420442
v 2.525668 1.126875 -3.427362
v 2.540102 1.133795 -3.433564
v -2.559628 1.203080 -3.442756
v -2.551885 1.210000 -3.443850
v -2.552708 1.203080 -3.449676
v -2.525668 0.934428 -3.427362
v -2.524761 0.927508 -3.421695
v -2.532588 0.934428 -3.420442
v -2.552708 1.140715 -3.449676
v -2.552114 1.133795 -3.443475
v -2.559628 1.140715 -3.442756
v -2.532588 1.126875 -3.420442
v -2.540102 1.133795 -3.433564
v -2.525668 1.126875 -3.427362
v 0.252421 1.004501 5.351019
v 0.261919 1.004501 5.360518
v 0.266262 1.018342 5.346677
v 0.261919 1.004501 5.255762
v 0.252421 1.004501 5.265261
v 0.266262 1.018342 5.269602
v 0.362783 1.004501 5.265261
v 0.353284 1.004501 5.255762
v 0.348942 1.018342 5.269602
v 0.353284 1.004501 5.360518
v 0.362783 1.004501 5.351019
v 0.348942 1.018342 5.346677
v 0.245408 0.015117 5.357101
v 0.255515 0.015028 5.367208
v 0.264393 0.027966 5.348451
v 0.255515 0.015028 5.249072
v 0.245408 0.015117 5.259178
v 0.264393 0.027966 5.267829
v 0.369795 0.015117 5.259178
v 0.359689 0.015028 5.249072
v 0.350810 0.027966 5.267829
v 0.359689 0.015028 5.367208
v 0.369795 0.015117 5.357101
v 0.350810 0.027966 5.348451
v 1.460590 1.004501 5.351019
v 1.446749 1.018342 5.346677
v 1.451091 1.004501 5.360518
v 1.451091 1.004501 5.255762
v 1.446749 1.018342 5.269602
v 1.460590 1.004501 5.265261
v 1.350228 1.004501 5.265261
v 1.364069 1.018342 5.269602
v 1.359726 1.004501 5.255762
v 1.359726 1.004501 5.360518
v 1.364069 1.018342 5.346677
v 1.350228 1.004501 5.351019
v 1.467602 0.015117 5.357101
v 1.448618 0.027966 5.348451
v 1.457496 0.015028 5.367208
v 1.457496 0.015028 5.249072
v 1.448618 0.027966 5.267829
v 1.467602 0.015117 5.259178
v 1.343215 0.015117 5.259178
v 1.362200 0.027966 5.267829
v 1.353321 0.015028 5.249072
v 1.353321 0.015028 5.367208
v 1.362200 0.027966 5.348451
v 1.343215 0.015117 5.357101
v 2.126856 1.501407 3.999898
v 2.169203 1.470192 3.995905
v 2.126856 1.470192 3.974084
v 2.169203 1.681007 3.994291
v 2.126856 1.637172 3.999898
v 2.169203 1.666930 3.974270
v 2.126856 1.637172 3.999898
v 2.126856 1.666930 3.974270
v 2.169203 1.666930 3.974270
v 2.169203 1.470192 3.995905
v 2.169203 1.501407 3.978077
v 2.126856 1.470192 3.974084
v 1.368262 1.062758 4.044100
v 1.368262 1.062758 4.196733
v 1.368262 0.968384 4.185336
v 0.344748 1.062758 4.044100
v 0.344748 0.968384 4.185336
v 0.344748 1.062758 4.196733
v 1.368262 -0.021710 5.666121
v 1.357882 -0.028176 5.675792
v 1.368262 -0.038208 5.675792
v 0.355129 -0.028176 5.675792
v 0.344748 -0.021710 5.666121
v 0.344748 -0.038208 5.675792
v -2.474198 0.920588 4.041768
v -2.474198 0.927508 4.048688
v -2.481118 0.927508 4.041768
v 2.474198 0.927508 4.048688
v 2.474198 0.920588 4.041768
v 2.481118 0.927508 4.041768
v -1.530385 3.879158 2.908372
v -1.494603 3.756237 2.887022
v 0.000000 4.452456 2.908372
v 0.000000 4.589790 2.908372
v 2.270841 3.120456 -3.561399
v 2.270905 3.120456 -3.395072
v 0.000000 4.305305 -3.323567
v 0.000000 4.305305 -3.561399
v 1.472093 3.753625 2.473499
v 1.490115 3.743333 2.870888
v 0.000000 4.437189 2.894530
v 0.000000 4.437189 2.473499
v 1.530385 3.879158 2.908372
v 1.494603 3.756237 2.887022
v -2.270841 3.120456 -3.561399
v -2.270905 3.120456 -3.395072
v 2.287380 3.127675 -3.575240
v 2.396914 3.476787 -3.575240
v 2.769854 3.303612 -3.575240
v 2.714024 3.127684 -3.575240
v 0.000000 4.589790 -3.575240
v 0.000000 4.321146 -3.575240
v -2.396914 3.476787 -3.575240
v 2.745579 3.114054 4.161798
v -2.745579 3.114054 4.161798
v -2.415763 3.114054 2.802177
v 2.415763 3.114054 2.802177
v -1.472093 3.753625 2.473499
v -1.490115 3.743333 2.870888
v -2.769854 3.303612 -3.575240
v -2.782510 3.297736 -3.561399
v -2.728453 3.127246 -3.561399
v -2.752809 3.127688 4.168153
v -2.782510 3.297736 4.168153
v 2.782510 3.297736 -3.561399
v 2.782510 3.297736 4.168153
v 2.768461 3.297736 4.181994
v 2.738842 3.127895 4.181994
v 2.769854 3.303612 -3.575240
v 2.745579 3.114054 4.161798
v 2.714024 3.127684 -3.575240
v 2.270905 3.120456 -3.395072
v 2.738842 3.127895 4.181994
v -2.782510 3.297736 4.168153
v -2.752809 3.127688 4.168153
v -2.768461 3.297736 4.181994
v -2.782510 3.297736 -3.561399
v -2.745579 3.114054 4.161798
v -2.297014 3.114054 -3.401099
v -2.296948 3.114054 -3.572542
v 2.768461 3.297736 4.181994
v 2.540080 1.133795 2.864753
v 2.552137 1.133795 2.864753
v 2.532588 0.934428 2.864753
v 2.532588 1.126875 2.864753
v 2.559628 1.140715 2.864753
v 2.559628 1.203080 2.864753
v 0.000000 1.140715 -3.449676
v 0.000000 1.203080 -3.449676
v 0.000000 1.126875 -3.427362
v 0.000000 0.934428 -3.427362
v 0.000000 1.133795 -3.433591
v 0.000000 1.133795 -3.443448
v 2.463223 1.210000 -3.377128
v 0.000000 1.210000 -3.443808
v 0.000000 1.210000 -3.377128
v 2.463223 0.927508 -3.377128
v 0.000000 0.927508 -3.377128
v 0.000000 0.927508 -3.421646
v 2.524796 0.927508 2.864753
v 2.463223 0.927508 2.864753
v -2.540080 1.133795 2.864753
v -2.552137 1.133795 2.864753
v -2.532588 0.934428 2.864753
v -2.532588 1.126875 2.864753
v -2.559628 1.140715 2.864753
v -2.559628 1.203080 2.864753
v -2.463223 1.210000 -3.377128
v -2.463223 0.927508 -3.377128
v -2.551917 1.210000 2.864753
v -2.463223 1.210000 2.864753
v -2.463223 0.927508 2.864753
v -2.524796 0.927508 2.864753
v 2.551917 1.210000 2.864753
v 2.463223 1.210000 2.864753
v 0.364236 1.217030 4.016488
v 0.364236 2.865448 4.016488
v 0.247366 2.865448 4.016488
v 0.247366 1.217030 4.016488
v 0.371156 1.217030 3.899338
v 0.371156 2.865448 3.899338
v 0.371156 2.865448 4.009567
v 0.371156 1.217030 4.009567
v 1.490957 1.217030 4.009567
v 1.490957 1.217030 3.899338
v 1.490957 2.865448 3.899338
v 1.490957 2.865448 4.009567
v 0.247366 1.217030 3.892417
v 0.247366 2.865448 3.892417
v 0.364236 2.865448 3.892417
v 0.364236 1.217030 3.892417
v 1.367167 1.217030 4.016488
v 1.484037 1.217030 4.016488
v 1.484037 2.865448 4.016488
v 1.367167 2.865448 4.016488
v 1.360247 1.217030 3.899338
v 1.360247 1.217030 4.009567
v 1.360247 2.865448 4.009567
v 1.360247 2.865448 3.899338
v 1.484037 1.217030 3.892417
v 1.367167 1.217030 3.892417
v 1.367167 2.865448 3.892417
v 1.484037 2.865448 3.892417
v 0.240446 2.865448 4.009567
v 0.240446 1.217030 4.009567
v 0.247366 2.865448 3.892417
v 0.247366 1.217030 3.892417
v 0.240446 1.217030 3.899338
v 0.240446 2.865448 3.899338
v 1.490957 2.865448 3.899338
v 1.490957 1.217030 3.899338
v -2.352839 1.217030 4.016488
v -2.352839 2.865448 4.016488
v -2.469708 2.865448 4.016488
v -2.469708 1.217030 4.016488
v -2.345918 1.217030 3.899338
v -2.345918 2.865448 3.899338
v -2.345918 2.865448 4.009567
v -2.345918 1.217030 4.009567
v 2.476629 1.217030 4.009567
v 2.476629 1.217030 3.899338
v 2.476629 2.865448 3.899338
v 2.476629 2.865448 4.009567
v -2.469708 1.217030 3.892417
v -2.469708 2.865448 3.892417
v -2.352839 2.865448 3.892417
v -2.352839 1.217030 3.892417
v 2.352839 1.217030 4.016488
v 2.469708 1.217030 4.016488
v 2.469708 2.865448 4.016488
v 2.352839 2.865448 4.016488
v 2.345918 1.217030 3.899338
v 2.345918 1.217030 4.009567
v 2.345918 2.865448 4.009567
v 2.345918 2.865448 3.899338
v 2.469708 1.217030 3.892417
v 2.352839 1.217030 3.892417
v 2.352839 2.865448 3.892417
v 2.469708 2.865448 3.892417
v -2.476629 2.865448 4.009567
v -2.476629 1.217030 4.009567
v -2.469708 2.865448 3.892417
v -2.469708 1.217030 3.892417
v -2.476629 1.217030 3.899338
v -2.476629 2.865448 3.899338
v 2.476629 2.865448 3.899338
v 2.476629 1.217030 3.899338
v -1.306116 1.882971 3.940740
v -2.368952 1.882971 3.940740
v -2.368952 1.882971 3.990402
v -1.306116 1.882971 3.990402
v -1.038436 1.848235 3.933820
v -1.306116 1.867033 3.933820
v -1.306116 1.876045 3.933820
v -1.038436 1.857247 3.933820
v -1.306117 1.809470 3.945231
v -2.368952 1.809470 3.945231
v -2.368952 1.868719 3.947479
v -1.306117 1.868719 3.947479
v -1.306117 1.809470 3.985912
v -2.368952 1.809470 3.985912
v -2.368952 1.798277 3.965571
v -1.306117 1.798277 3.965571
v -2.368952 1.867033 3.933820
v -2.368952 1.876045 3.933820
v -1.306116 1.876045 3.997323
v -2.368952 1.876045 3.997323
v -2.368952 1.867033 3.997323
v -1.306116 1.867033 3.997323
v -1.306117 1.868719 3.983664
v -2.368952 1.868719 3.983664
v -2.368952 1.284855 3.986539
v -2.368952 1.284855 3.932221
v 0.292079 1.284855 3.932221
v 0.292079 1.284855 3.986539
v 0.292079 1.284855 3.932221
v -2.368952 1.284855 3.932221
v -2.368952 1.312365 3.935221
v 0.292079 1.312365 3.935221
v 0.292079 1.312365 3.983538
v -2.368952 1.312365 3.983538
v -2.368952 1.284855 3.986539
v 0.292079 1.284855 3.986539
v 0.292079 1.312365 3.935221
v -2.368952 1.312365 3.935221
v -2.368952 1.312365 3.983538
v 0.292079 1.312365 3.983538
v -0.382230 1.882971 3.940740
v -1.038436 1.864172 3.940740
v -1.038436 1.864172 3.990402
v -0.382230 1.882971 3.990402
v -1.038436 1.857247 3.997323
v -1.038436 1.848235 3.997323
v -0.382230 1.860107 3.990402
v -1.038436 1.841309 3.990402
v -1.038436 1.841309 3.940740
v -0.382230 1.860107 3.940740
v -0.382230 1.868719 3.983664
v -1.038436 1.849921 3.983664
v -1.038436 1.790672 3.985912
v -0.382230 1.809470 3.985912
v -0.382230 1.798277 3.965571
v -1.038436 1.779479 3.965571
v -1.038436 1.790672 3.945231
v -0.382230 1.809470 3.945231
v -1.038436 1.849921 3.947479
v -0.382230 1.868719 3.947479
v -0.382230 1.867033 3.933820
v -0.382230 1.876045 3.933820
v -0.382230 1.876045 3.997323
v -0.382230 1.867033 3.997323
v -1.306116 1.860107 3.990402
v -1.306116 1.860107 3.940740
v 0.292079 1.882971 3.940740
v 0.292079 1.882971 3.990402
v -2.368952 1.860107 3.990402
v -2.368952 1.860107 3.940740
v 0.292079 1.867032 3.933820
v 0.292079 1.876046 3.933820
v 0.292079 1.876046 3.997323
v 0.292079 1.867032 3.997323
v 0.292079 1.809470 3.945231
v 0.292079 1.868719 3.947479
v 0.292079 1.809470 3.985912
v 0.292079 1.798277 3.965571
v 0.292079 1.868719 3.983664
v 0.292079 1.860107 3.940740
v -1.306116 1.867033 3.997323
v -2.368952 1.867033 3.997323
v -0.382230 1.867033 3.997323
v -1.038436 1.848235 3.997323
v -1.038436 1.848235 3.997323
v 0.292079 1.867032 3.997323
v 0.292079 1.860107 3.990402
v 0.251994 0.647947 5.341629
v 0.262314 0.985304 5.341629
v 0.262314 0.985304 5.274651
v 0.251994 0.647947 5.274651
v 0.252421 0.980578 5.351019
v 0.252421 0.980578 5.265261
v 0.342570 0.647947 5.274651
v 0.352890 0.985304 5.274651
v 0.352890 0.985304 5.341629
v 0.342570 0.647947 5.341629
v 0.261496 0.647947 5.265152
v 0.271815 0.985304 5.265152
v 0.343388 0.985304 5.265152
v 0.333069 0.647947 5.265152
v 0.348942 1.018342 5.346677
v 0.348942 1.018342 5.269602
v 0.266262 1.018342 5.269602
v 0.266262 1.018342 5.346677
v 0.362783 0.980578 5.265261
v 0.362783 1.004501 5.265261
v 0.362783 1.004501 5.351019
v 0.362783 0.980578 5.351019
v 0.353284 0.980578 5.360518
v 0.261919 1.004501 5.360518
v 0.261919 0.980578 5.360518
v 0.261919 0.980578 5.255762
v 0.261919 1.004501 5.255762
v 0.353284 0.980578 5.255762
v 0.236955 -0.005997 5.365126
v 0.236955 -0.005997 5.251154
v 0.276352 1.031199 5.340769
v 0.269459 1.061872 5.347662
v 0.253898 1.061872 5.310096
v 0.269459 1.024306 5.310096
v 0.276352 1.092545 5.340769
v 0.269459 1.099438 5.310096
v 0.276352 1.092545 5.279424
v 0.269459 1.061872 5.272530
v 0.276352 1.031199 5.279424
v 0.276352 1.031199 5.279424
v 0.269459 1.061872 5.272530
v 0.307025 1.061872 5.256969
v 0.307025 1.024306 5.272530
v 0.307025 1.099438 5.272530
v 0.337698 1.092545 5.279424
v 0.344592 1.061872 5.272530
v 0.337698 1.031199 5.279424
v 0.337698 1.031199 5.279424
v 0.344592 1.061872 5.272530
v 0.360152 1.061872 5.310096
v 0.344592 1.024306 5.310096
v 0.344592 1.099438 5.310096
v 0.337698 1.092545 5.340769
v 0.344592 1.061872 5.347662
v 0.337698 1.031199 5.340769
v 0.337698 1.031199 5.340769
v 0.344592 1.061872 5.347662
v 0.307025 1.061872 5.363224
v 0.307025 1.024306 5.347662
v 0.307025 1.099438 5.347662
v 0.269459 1.061872 5.347662
v 0.276352 1.031199 5.340769
v 0.276352 1.031199 5.279424
v 0.307025 1.024306 5.272530
v 0.307025 1.008745 5.310096
v 0.269459 1.024306 5.310096
v 0.337698 1.031199 5.279424
v 0.344592 1.024306 5.310096
v 0.307025 1.114999 5.310096
v 0.350810 0.027966 5.348451
v 0.350810 0.027966 5.267829
v 0.264393 0.027966 5.267829
v 0.264393 0.027966 5.348451
v 1.450696 -0.007583 5.341629
v 1.450696 -0.007583 5.274651
v 1.461016 0.647947 5.274651
v 1.461016 0.647947 5.341629
v 0.378249 -0.005997 5.251154
v 0.369795 0.015117 5.259178
v 0.369795 0.015117 5.357101
v 0.378249 -0.005997 5.365126
v 0.368107 -0.005997 5.375198
v 0.255515 0.015028 5.367208
v 0.247097 -0.005997 5.375198
v 0.247097 -0.005997 5.241081
v 0.255515 0.015028 5.249072
v 0.368107 -0.005997 5.241081
v 0.343388 -0.007583 5.351128
v 0.333069 0.647947 5.351128
v 0.261496 0.647947 5.351128
v 0.271815 -0.007583 5.351128
v 0.352890 -0.007583 5.274651
v 0.352890 -0.007583 5.341629
v 0.343388 0.985304 5.351128
v 0.271815 0.985304 5.351128
v 0.271815 -0.007583 5.265152
v 0.343388 -0.007583 5.265152
v 1.450696 0.985304 5.274651
v 1.450696 0.985304 5.341629
v 1.460590 0.980578 5.351019
v 1.460590 0.980578 5.265261
v 1.460590 1.004501 5.265261
v 1.460590 1.004501 5.351019
v 1.370441 0.647947 5.274651
v 1.370441 0.647947 5.341629
v 1.360121 0.985304 5.341629
v 1.360121 0.985304 5.274651
v 1.451515 0.647947 5.265152
v 1.379942 0.647947 5.265152
v 1.369622 0.985304 5.265152
v 1.441195 0.985304 5.265152
v 1.364069 1.018342 5.346677
v 1.446749 1.018342 5.346677
v 1.446749 1.018342 5.269602
v 1.364069 1.018342 5.269602
v 1.350228 0.980578 5.265261
v 1.350228 0.980578 5.351019
v 1.359726 0.980578 5.360518
v 1.451091 0.980578 5.360518
v 1.359726 1.004501 5.360518
v 1.451091 0.980578 5.255762
v 1.359726 0.980578 5.255762
v 1.359726 1.004501 5.255762
v 1.476056 -0.005997 5.365126
v 1.476056 -0.005997 5.251154
v 1.467602 0.015117 5.259178
v 1.467602 0.015117 5.357101
v 1.436658 1.031199 5.340769
v 1.443552 1.024306 5.310096
v 1.459112 1.061872 5.310096
v 1.443552 1.061872 5.347662
v 1.443552 1.099438 5.310096
v 1.436658 1.092545 5.340769
v 1.443552 1.061872 5.272530
v 1.436658 1.092545 5.279424
v 1.436658 1.031199 5.279424
v 1.436658 1.031199 5.279424
v 1.405985 1.024306 5.272530
v 1.405985 1.061872 5.256969
v 1.443552 1.061872 5.272530
v 1.405985 1.099438 5.272530
v 1.368419 1.061872 5.272530
v 1.375313 1.092545 5.279424
v 1.375313 1.031199 5.279424
v 1.375313 1.031199 5.279424
v 1.368419 1.024306 5.310096
v 1.352858 1.061872 5.310096
v 1.368419 1.061872 5.272530
v 1.368419 1.099438 5.310096
v 1.368419 1.061872 5.347662
v 1.375313 1.092545 5.340769
v 1.375313 1.031199 5.340769
v 1.375313 1.031199 5.340769
v 1.405985 1.024306 5.347662
v 1.405985 1.061872 5.363224
v 1.368419 1.061872 5.347662
v 1.405985 1.099438 5.347662
v 1.443552 1.061872 5.347662
v 1.436658 1.031199 5.340769
v 1.436658 1.031199 5.279424
v 1.443552 1.024306 5.310096
v 1.405985 1.008745 5.310096
v 1.405985 1.024306 5.272530
v 1.368419 1.024306 5.310096
v 1.375313 1.031199 5.279424
v 1.405985 1.114999 5.310096
v 1.362200 0.027966 5.348451
v 1.448618 0.027966 5.348451
v 1.448618 0.027966 5.267829
v 1.362200 0.027966 5.267829
v 1.334762 -0.005997 5.251154
v 1.334762 -0.005997 5.365126
v 1.344904 -0.005997 5.375198
v 1.465914 -0.005997 5.375198
v 1.353321 0.015028 5.367208
v 1.465914 -0.005997 5.241081
v 1.344904 -0.005997 5.241081
v 1.353321 0.015028 5.249072
v 1.369622 -0.007583 5.351128
v 1.441195 -0.007583 5.351128
v 1.451515 0.647947 5.351128
v 1.379942 0.647947 5.351128
v 1.360121 -0.007583 5.274651
v 1.360121 -0.007583 5.341629
v 1.441195 0.985304 5.351128
v 1.369622 0.985304 5.351128
v 1.441195 -0.007583 5.265152
v 1.369622 -0.007583 5.265152
v 0.262314 -0.007583 5.274651
v 0.342570 0.647947 5.274651
v 0.352890 -0.007583 5.274651
v 0.261919 0.980578 5.360518
v 0.261919 0.980578 5.255762
v 0.362783 0.980578 5.265261
v 0.362783 0.980578 5.351019
v 0.247097 -0.005997 5.375198
v 0.264393 0.027966 5.348451
v 0.350810 0.027966 5.267829
v 0.350810 0.027966 5.348451
v 0.264393 0.027966 5.267829
v 0.352890 0.985304 5.274651
v 0.262314 -0.007583 5.341629
v 1.379942 0.647947 5.265152
v 1.369622 -0.007583 5.265152
v 1.460590 0.980578 5.351019
v 1.460590 0.980578 5.265261
v 1.359726 0.980578 5.255762
v 1.359726 0.980578 5.360518
v 1.476056 -0.005997 5.365126
v 1.362200 0.027966 5.348451
v 1.362200 0.027966 5.267829
v 1.448618 0.027966 5.267829
v 1.448618 0.027966 5.348451
v 1.369622 0.985304 5.265152
v 0.297655 1.374893 4.085680
v 0.292739 1.728289 4.085680
v 0.314560 1.728289 4.085680
v 0.319477 1.374893 4.085680
v 0.319477 1.374893 4.085680
v 0.314560 1.728289 4.085680
v 0.314560 1.728289 4.128027
v 0.319477 1.364472 4.128027
v 0.319477 1.364472 4.128027
v 0.314560 1.728289 4.128027
v 0.292739 1.728289 4.128027
v 0.297655 1.364472 4.128027
v 0.297655 1.364472 4.128027
v 0.292739 1.728289 4.128027
v 0.292739 1.728289 4.085680
v 0.297655 1.374893 4.085680
v 0.292739 1.153550 4.238130
v 0.292739 1.622549 4.238130
v 0.314560 1.622549 4.238130
v 0.314560 1.153550 4.238130
v 0.314560 1.153550 4.238130
v 0.314560 1.622549 4.238130
v 0.314560 1.622549 4.280477
v 0.314560 1.139719 4.280477
v 0.314560 1.139719 4.280477
v 0.314560 1.622549 4.280477
v 0.292739 1.622549 4.280477
v 0.292739 1.139719 4.280477
v 0.292739 1.139719 4.280477
v 0.292739 1.622549 4.280477
v 0.292739 1.622549 4.238130
v 0.292739 1.153550 4.238130
v 0.292739 1.047810 4.390579
v 0.292739 1.516809 4.390579
v 0.314560 1.516809 4.390579
v 0.314560 1.047810 4.390579
v 0.314560 1.047810 4.390579
v 0.314560 1.516809 4.390579
v 0.314560 1.516809 4.432927
v 0.314560 1.033979 4.432927
v 0.314560 1.033979 4.432927
v 0.314560 1.516809 4.432927
v 0.292739 1.516809 4.432927
v 0.292739 1.033979 4.432927
v 0.292739 1.033979 4.432927
v 0.292739 1.516809 4.432927
v 0.292739 1.516809 4.390579
v 0.292739 1.047810 4.390579
v 0.292739 0.942070 4.543030
v 0.292739 1.411069 4.543030
v 0.314560 1.411069 4.543030
v 0.314560 0.942070 4.543030
v 0.314560 0.942070 4.543030
v 0.314560 1.411069 4.543030
v 0.314560 1.411069 4.585377
v 0.314560 0.928239 4.585377
v 0.314560 0.928239 4.585377
v 0.314560 1.411069 4.585377
v 0.292739 1.411069 4.585377
v 0.292739 0.928239 4.585377
v 0.292739 0.928239 4.585377
v 0.292739 1.411069 4.585377
v 0.292739 1.411069 4.543030
v 0.292739 0.942070 4.543030
v 0.267345 0.843020 4.847929
v 0.292739 1.199590 4.847929
v 0.314560 1.199590 4.847929
v 0.289166 0.843020 4.847929
v 0.289166 0.843020 4.847929
v 0.314560 1.199590 4.847929
v 0.314560 1.199590 4.890276
v 0.289166 0.832506 4.890276
v 0.289166 0.832506 4.890276
v 0.314560 1.199590 4.890276
v 0.292739 1.199590 4.890276
v 0.267345 0.832506 4.890276
v 0.267345 0.832506 4.890276
v 0.292739 1.199590 4.890276
v 0.292739 1.199590 4.847929
v 0.267345 0.843020 4.847929
v 0.288575 0.968751 5.000379
v 0.292739 1.093850 5.000379
v 0.314560 1.093850 5.000379
v 0.312569 1.034016 5.000379
v 0.312569 1.034016 5.000379
v 0.314560 1.093850 5.000379
v 0.314560 1.093850 5.042726
v 0.312569 1.032252 5.042726
v 0.312569 1.032252 5.042726
v 0.314560 1.093850 5.042726
v 0.292739 1.093850 5.042726
v 0.288575 0.965062 5.042726
v 0.288575 0.965062 5.042726
v 0.292739 1.093850 5.042726
v 0.292739 1.093850 5.000379
v 0.288575 0.968751 5.000379
v 0.292739 0.519111 5.152829
v 0.292739 0.988110 5.152829
v 0.314560 0.988110 5.152829
v 0.314560 0.519111 5.152829
v 0.314560 0.519111 5.152829
v 0.314560 0.988110 5.152829
v 0.314560 0.988110 5.195176
v 0.314560 0.505280 5.195176
v 0.314560 0.505280 5.195176
v 0.314560 0.988110 5.195176
v 0.292739 0.988110 5.195176
v 0.292739 0.505280 5.195176
v 0.292739 0.505280 5.195176
v 0.292739 0.988110 5.195176
v 0.292739 0.988110 5.152829
v 0.292739 0.519111 5.152829
v 1.420272 1.259289 4.085680
v 1.398450 1.259289 4.085680
v 1.398450 1.728289 4.085680
v 1.420272 1.728289 4.085680
v 1.398450 1.259289 4.085680
v 1.398450 1.245459 4.128027
v 1.398450 1.728289 4.128027
v 1.398450 1.728289 4.085680
v 1.398450 1.245459 4.128027
v 1.420272 1.245459 4.128027
v 1.420272 1.728289 4.128027
v 1.398450 1.728289 4.128027
v 1.420272 1.245459 4.128027
v 1.420272 1.259289 4.085680
v 1.420272 1.728289 4.085680
v 1.420272 1.728289 4.128027
v 1.420272 1.153550 4.238130
v 1.398450 1.153550 4.238130
v 1.398450 1.622549 4.238130
v 1.420272 1.622549 4.238130
v 1.398450 1.153550 4.238130
v 1.398450 1.139719 4.280477
v 1.398450 1.622549 4.280477
v 1.398450 1.622549 4.238130
v 1.398450 1.139719 4.280477
v 1.420272 1.139719 4.280477
v 1.420272 1.622549 4.280477
v 1.398450 1.622549 4.280477
v 1.420272 1.139719 4.280477
v 1.420272 1.153550 4.238130
v 1.420272 1.622549 4.238130
v 1.420272 1.622549 4.280477
v 1.420272 1.047810 4.390579
v 1.398450 1.047810 4.390579
v 1.398450 1.516809 4.390579
v 1.420272 1.516809 4.390579
v 1.398450 1.047810 4.390579
v 1.398450 1.033979 4.432927
v 1.398450 1.516809 4.432927
v 1.398450 1.516809 4.390579
v 1.398450 1.033979 4.432927
v 1.420272 1.033979 4.432927
v 1.420272 1.516809 4.432927
v 1.398450 1.516809 4.432927
v 1.420272 1.033979 4.432927
v 1.420272 1.047810 4.390579
v 1.420272 1.516809 4.390579
v 1.420272 1.516809 4.432927
v 1.420272 0.942070 4.543030
v 1.398450 0.942070 4.543030
v 1.398450 1.411069 4.543030
v 1.420272 1.411069 4.543030
v 1.398450 0.942070 4.543030
v 1.398450 0.928239 4.585377
v 1.398450 1.411069 4.585377
v 1.398450 1.411069 4.543030
v 1.398450 0.928239 4.585377
v 1.420272 0.928239 4.585377
v 1.420272 1.411069 4.585377
v 1.398450 1.411069 4.585377
v 1.420272 0.928239 4.585377
v 1.420272 0.942070 4.543030
v 1.420272 1.411069 4.543030
v 1.420272 1.411069 4.585377
v 1.420272 0.836330 4.695479
v 1.398450 0.836330 4.695479
v 1.398450 1.305330 4.695479
v 1.420272 1.305330 4.695479
v 1.398450 0.836330 4.695479
v 1.398450 0.822500 4.737827
v 1.398450 1.305330 4.737827
v 1.398450 1.305330 4.695479
v 1.398450 0.822500 4.737827
v 1.420272 0.822500 4.737827
v 1.420272 1.305330 4.737827
v 1.398450 1.305330 4.737827
v 1.420272 0.822500 4.737827
v 1.420272 0.836330 4.695479
v 1.420272 1.305330 4.695479
v 1.420272 1.305330 4.737827
v 1.420272 0.730590 4.847929
v 1.398450 0.730590 4.847929
v 1.398450 1.199590 4.847929
v 1.420272 1.199590 4.847929
v 1.398450 0.730590 4.847929
v 1.398450 0.716760 4.890276
v 1.398450 1.199590 4.890276
v 1.398450 1.199590 4.847929
v 1.398450 0.716760 4.890276
v 1.420272 0.716760 4.890276
v 1.420272 1.199590 4.890276
v 1.398450 1.199590 4.890276
v 1.420272 0.716760 4.890276
v 1.420272 0.730590 4.847929
v 1.420272 1.199590 4.847929
v 1.420272 1.199590 4.890276
v 1.420272 0.624851 5.000379
v 1.398450 0.624851 5.000379
v 1.398450 1.093850 5.000379
v 1.420272 1.093850 5.000379
v 1.398450 0.624851 5.000379
v 1.398450 0.611020 5.042726
v 1.398450 1.093850 5.042726
v 1.398450 1.093850 5.000379
v 1.398450 0.611020 5.042726
v 1.420272 0.611020 5.042726
v 1.420272 1.093850 5.042726
v 1.398450 1.093850 5.042726
v 1.420272 0.611020 5.042726
v 1.420272 0.624851 5.000379
v 1.420272 1.093850 5.000379
v 1.420272 1.093850 5.042726
v 0.292739 0.716760 4.890276
v 0.267345 0.832506 4.890276
v 0.267345 0.843020 4.847929
v 0.292739 0.730590 4.847929
v 0.314560 0.716760 4.890276
v 0.292739 0.716760 4.890276
v 0.314560 0.730590 4.847929
v 0.289166 0.843020 4.847929
v 0.289166 0.832506 4.890276
v 0.314560 0.716760 4.890276
v 0.292739 0.730590 4.847929
v 0.314560 0.730590 4.847929
v 0.288575 0.965062 5.042726
v 0.288575 0.968751 5.000379
v 0.312569 1.034016 5.000379
v 0.312569 1.032252 5.042726
v 0.292739 1.245459 4.128027
v 0.297655 1.364472 4.128027
v 0.297655 1.374893 4.085680
v 0.292739 1.259289 4.085680
v 0.314560 1.245459 4.128027
v 0.319477 1.364472 4.128027
v 0.297655 1.364472 4.128027
v 0.292739 1.245459 4.128027
v 0.314560 1.259289 4.085680
v 0.319477 1.374893 4.085680
v 0.319477 1.364472 4.128027
v 0.314560 1.245459 4.128027
v 0.292739 1.259289 4.085680
v 0.297655 1.374893 4.085680
v 0.319477 1.374893 4.085680
v 0.314560 1.259289 4.085680
v 0.340100 1.222038 4.917642
v 0.340100 0.957382 5.308773
v 0.340100 0.949972 5.303624
v 0.340100 1.214629 4.912494
v 0.283518 1.884944 3.985769
v 0.283518 1.454171 4.594397
v 0.333180 1.454171 4.594397
v 0.333180 1.884944 3.985769
v 0.276597 1.871851 3.976673
v 0.276597 1.441078 4.585300
v 0.276597 1.448488 4.590448
v 0.276597 1.879260 3.981820
v 0.333180 1.208945 4.908545
v 0.333180 0.944289 5.299675
v 0.283518 0.944289 5.299675
v 0.283518 1.208945 4.908545
v 0.308349 1.815644 3.937079
v 0.308349 1.382414 4.549231
v 0.288008 1.391606 4.555616
v 0.288008 1.824836 3.943465
v 0.328689 1.824836 3.943465
v 0.328689 1.391606 4.555616
v 0.290256 1.440265 4.589421
v 0.290256 1.873494 3.977270
v 0.277999 1.389017 3.938846
v 0.277999 0.430541 5.318477
v 0.326316 0.430541 5.318477
v 0.326315 1.389017 3.938846
v 0.326315 1.389017 3.938846
v 0.326316 0.430541 5.318477
v 0.329317 0.407949 5.302781
v 0.329317 1.366425 3.923151
v 0.274998 1.366425 3.923151
v 0.274998 0.407949 5.302781
v 0.277999 0.430541 5.318477
v 0.277999 1.389017 3.938846
v 0.329317 0.407949 5.302781
v 0.274998 0.407949 5.302781
v 0.274998 1.366425 3.923151
v 0.329317 1.366425 3.923151
v 0.276597 1.214629 4.912494
v 0.276597 0.949972 5.303624
v 0.276597 0.957382 5.308773
v 0.276597 1.222038 4.917642
v 0.283518 1.435395 4.581351
v 0.333180 1.435395 4.581351
v 0.326441 1.873494 3.977270
v 0.326441 1.440265 4.589421
v 0.283518 1.227722 4.921590
v 0.283518 0.963065 5.312720
v 0.333180 0.963065 5.312720
v 0.333180 1.227722 4.921590
v 0.308349 1.155888 4.876375
v 0.308349 0.875278 5.290642
v 0.288008 0.884471 5.297028
v 0.288008 1.165080 4.882761
v 0.326441 1.213739 4.916566
v 0.326441 0.933129 5.330832
v 0.328689 0.884471 5.297028
v 0.328689 1.165080 4.882761
v 0.290256 0.933129 5.330832
v 0.290256 1.213739 4.916566
v 0.340100 1.441078 4.585300
v 0.340100 1.448488 4.590448
v 0.340100 1.879260 3.981820
v 0.340100 1.871851 3.976673
v 0.340100 1.441078 4.585300
v 0.340100 1.214629 4.912494
v 0.340100 1.871851 3.976673
v 0.340100 1.441078 4.585300
v 0.333180 1.866167 3.972724
v 0.283518 1.866167 3.972724
v 0.340100 1.214629 4.912494
v 0.340100 0.949972 5.303624
v 1.372911 1.222038 4.917642
v 1.372911 1.214629 4.912494
v 1.372911 0.949972 5.303624
v 1.372911 0.957382 5.308773
v 1.429493 1.884944 3.985769
v 1.379831 1.884944 3.985769
v 1.379831 1.454171 4.594397
v 1.429493 1.454171 4.594397
v 1.436413 1.871851 3.976673
v 1.436413 1.879260 3.981820
v 1.436413 1.448488 4.590448
v 1.436413 1.441078 4.585300
v 1.379831 1.208945 4.908545
v 1.429493 1.208945 4.908545
v 1.429493 0.944289 5.299675
v 1.379831 0.944289 5.299675
v 1.404662 1.815644 3.937079
v 1.425002 1.824836 3.943465
v 1.425002 1.391606 4.555616
v 1.404662 1.382414 4.549231
v 1.384322 1.824836 3.943465
v 1.384322 1.391606 4.555616
v 1.422755 1.873494 3.977270
v 1.422755 1.440265 4.589421
v 1.435011 1.389017 3.938846
v 1.386695 1.389017 3.938846
v 1.386695 0.430541 5.318477
v 1.435011 0.430541 5.318477
v 1.386695 1.389017 3.938846
v 1.383694 1.366425 3.923151
v 1.383694 0.407949 5.302781
v 1.386695 0.430541 5.318477
v 1.438013 1.366425 3.923151
v 1.435011 1.389017 3.938846
v 1.435011 0.430541 5.318477
v 1.438013 0.407949 5.302781
v 1.383694 0.407949 5.302781
v 1.383694 1.366425 3.923151
v 1.438013 1.366425 3.923151
v 1.438013 0.407949 5.302781
v 1.436413 1.214629 4.912494
v 1.436413 1.222038 4.917642
v 1.436413 0.957382 5.308773
v 1.436413 0.949972 5.303624
v 1.379831 1.435395 4.581351
v 1.429493 1.435395 4.581351
v 1.386569 1.873494 3.977270
v 1.386569 1.440265 4.589421
v 1.429493 1.227722 4.921590
v 1.379831 1.227722 4.921590
v 1.379831 0.963065 5.312720
v 1.429493 0.963065 5.312720
v 1.404662 1.155888 4.876375
v 1.425002 1.165080 4.882761
v 1.425003 0.884471 5.297028
v 1.404662 0.875278 5.290642
v 1.386569 1.213739 4.916566
v 1.384322 1.165080 4.882761
v 1.384322 0.884471 5.297028
v 1.386569 0.933129 5.330832
v 1.422755 1.213739 4.916566
v 1.422755 0.933129 5.330832
v 1.372911 1.448488 4.590448
v 1.372911 1.441078 4.585300
v 1.372911 1.879260 3.981820
v 1.372911 1.871851 3.976673
v 1.372911 1.214629 4.912494
v 1.372911 1.441078 4.585300
v 1.372911 1.871851 3.976673
v 1.379831 1.866167 3.972724
v 1.372911 1.441078 4.585300
v 1.429493 1.866167 3.972724
v 1.372911 1.214629 4.912494
v 1.372911 0.949972 5.303624
v -2.295668 1.642632 3.982444
v -2.295668 1.826214 3.975715
v -2.295668 1.826214 3.953893
v -2.295668 1.642632 3.960623
v -2.295668 1.642632 3.960623
v -2.295668 1.826214 3.953893
v -2.253321 1.826214 3.953893
v -2.253321 1.642632 3.960623
v -2.253321 1.642632 3.960623
v -2.253321 1.826214 3.953893
v -2.253321 1.826214 3.975715
v -2.253321 1.642632 3.982444
v -2.253321 1.642632 3.982444
v -2.253321 1.826214 3.975715
v -2.295668 1.826214 3.975715
v -2.295668 1.642632 3.982444
v -2.143219 1.312365 3.975715
v -2.143219 1.826214 3.975715
v -2.143219 1.826214 3.953893
v -2.143219 1.312365 3.953893
v -2.143219 1.312365 3.953893
v -2.143219 1.826214 3.953893
v -2.100872 1.826214 3.953893
v -2.100872 1.312365 3.953893
v -2.100872 1.312365 3.953893
v -2.100872 1.826214 3.953893
v -2.100872 1.826214 3.975715
v -2.100872 1.312365 3.975715
v -2.100872 1.312365 3.975715
v -2.100872 1.826214 3.975715
v -2.143219 1.826214 3.975715
v -2.143219 1.312365 3.975715
v -1.948422 1.383718 3.953893
v -1.990769 1.424688 3.953893
v -1.990769 1.421282 3.975715
v -1.948422 1.380312 3.975715
v -1.838319 1.401624 3.990988
v -1.838319 1.826214 3.975715
v -1.838319 1.826214 3.953893
v -1.838319 1.401624 3.969167
v -1.838319 1.401624 3.969167
v -1.838319 1.826214 3.953893
v -1.795972 1.826214 3.953893
v -1.795972 1.401624 3.969167
v -1.795972 1.401624 3.969167
v -1.795972 1.826214 3.953893
v -1.795972 1.826214 3.975715
v -1.795972 1.401624 3.990988
v -1.795972 1.401624 3.990988
v -1.795972 1.826214 3.975715
v -1.838319 1.826214 3.975715
v -1.838319 1.401624 3.990988
v -1.685869 1.312365 3.975715
v -1.685869 1.826214 3.975715
v -1.685869 1.826214 3.953893
v -1.685869 1.312365 3.953893
v -1.685869 1.312365 3.953893
v -1.685869 1.826214 3.953893
v -1.643522 1.826214 3.953893
v -1.643522 1.312365 3.953893
v -1.643522 1.312365 3.953893
v -1.643522 1.826214 3.953893
v -1.643522 1.826214 3.975715
v -1.643522 1.312365 3.975715
v -1.643522 1.312365 3.975715
v -1.643522 1.826214 3.975715
v -1.685869 1.826214 3.975715
v -1.685869 1.312365 3.975715
v -1.533419 1.312365 3.975715
v -1.533419 1.826214 3.975715
v -1.533419 1.826214 3.953893
v -1.533419 1.312365 3.953893
v -1.533419 1.312365 3.953893
v -1.533419 1.826214 3.953893
v -1.491072 1.826214 3.953893
v -1.491072 1.312365 3.953893
v -1.491072 1.312365 3.953893
v -1.491072 1.826214 3.953893
v -1.491072 1.826214 3.975715
v -1.491072 1.312365 3.975715
v -1.491072 1.312365 3.975715
v -1.491072 1.826214 3.975715
v -1.533419 1.826214 3.975715
v -1.533419 1.312365 3.975715
v -1.380970 1.312365 3.975715
v -1.380970 1.826214 3.975715
v -1.380970 1.826214 3.953893
v -1.380970 1.312365 3.953893
v -1.380970 1.312365 3.953893
v -1.380970 1.826214 3.953893
v -1.338623 1.826214 3.953893
v -1.338623 1.312365 3.953893
v -1.338623 1.312365 3.953893
v -1.338623 1.826214 3.953893
v -1.338623 1.826214 3.975715
v -1.338623 1.312365 3.975715
v -1.338623 1.312365 3.975715
v -1.338623 1.826214 3.975715
v -1.380970 1.826214 3.975715
v -1.380970 1.312365 3.975715
v -1.228520 1.312365 3.975715
v -1.228520 1.826214 3.975715
v -1.228520 1.826214 3.953893
v -1.228520 1.312365 3.953893
v -1.228520 1.312365 3.953893
v -1.228520 1.826214 3.953893
v -1.186173 1.826214 3.953893
v -1.186173 1.312365 3.953893
v -1.186173 1.312365 3.953893
v -1.186173 1.826214 3.953893
v -1.186173 1.826214 3.975715
v -1.186173 1.312365 3.975715
v -1.186173 1.312365 3.975715
v -1.186173 1.826214 3.975715
v -1.228520 1.826214 3.975715
v -1.228520 1.312365 3.975715
v -0.923620 1.312365 3.975715
v -0.923620 1.826214 3.975715
v -0.923620 1.826214 3.953893
v -0.923620 1.312365 3.953893
v -0.923620 1.312365 3.953893
v -0.923620 1.826214 3.953893
v -0.881273 1.826214 3.953893
v -0.881273 1.312365 3.953893
v -0.881273 1.312365 3.953893
v -0.881273 1.826214 3.953893
v -0.881273 1.826214 3.975715
v -0.881273 1.312365 3.975715
v -0.881273 1.312365 3.975715
v -0.881273 1.826214 3.975715
v -0.923620 1.826214 3.975715
v -0.923620 1.312365 3.975715
v -0.771171 1.312365 3.975715
v -0.771171 1.826214 3.975715
v -0.771171 1.826214 3.953893
v -0.771171 1.312365 3.953893
v -0.771171 1.312365 3.953893
v -0.771171 1.826214 3.953893
v -0.728823 1.826214 3.953893
v -0.728823 1.312365 3.953893
v -0.728823 1.312365 3.953893
v -0.728823 1.826214 3.953893
v -0.728823 1.826214 3.975715
v -0.728823 1.312365 3.975715
v -0.728823 1.312365 3.975715
v -0.728823 1.826214 3.975715
v -0.771171 1.826214 3.975715
v -0.771171 1.312365 3.975715
v -0.618721 1.312365 3.975715
v -0.618721 1.826214 3.975715
v -0.618721 1.826214 3.953893
v -0.618721 1.312365 3.953893
v -0.618721 1.312365 3.953893
v -0.618721 1.826214 3.953893
v -0.576374 1.826214 3.953893
v -0.576374 1.312365 3.953893
v -0.576374 1.312365 3.953893
v -0.576374 1.826214 3.953893
v -0.576374 1.826214 3.975715
v -0.576374 1.312365 3.975715
v -0.576374 1.312365 3.975715
v -0.576374 1.826214 3.975715
v -0.618721 1.826214 3.975715
v -0.618721 1.312365 3.975715
v -0.466271 1.312365 3.975715
v -0.466271 1.826214 3.975715
v -0.466271 1.826214 3.953893
v -0.466271 1.312365 3.953893
v -0.466271 1.312365 3.953893
v -0.466271 1.826214 3.953893
v -0.423924 1.826214 3.953893
v -0.423924 1.312365 3.953893
v -0.423924 1.312365 3.953893
v -0.423924 1.826214 3.953893
v -0.423924 1.826214 3.975715
v -0.423924 1.312365 3.975715
v -0.423924 1.312365 3.975715
v -0.423924 1.826214 3.975715
v -0.466271 1.826214 3.975715
v -0.466271 1.312365 3.975715
v -0.313821 1.312365 3.975715
v -0.313821 1.826214 3.975715
v -0.313821 1.826214 3.953893
v -0.313821 1.312365 3.953893
v -0.313821 1.312365 3.953893
v -0.313821 1.826214 3.953893
v -0.271474 1.826214 3.953893
v -0.271474 1.312365 3.953893
v -0.271474 1.312365 3.953893
v -0.271474 1.826214 3.953893
v -0.271474 1.826214 3.975715
v -0.271474 1.312365 3.975715
v -0.271474 1.312365 3.975715
v -0.271474 1.826214 3.975715
v -0.313821 1.826214 3.975715
v -0.313821 1.312365 3.975715
v -0.161372 1.312365 3.975715
v -0.161372 1.826214 3.975715
v -0.161372 1.826214 3.953893
v -0.161372 1.312365 3.953893
v -0.161372 1.312365 3.953893
v -0.161372 1.826214 3.953893
v -0.119024 1.826214 3.953893
v -0.119024 1.312365 3.953893
v -0.119024 1.312365 3.953893
v -0.119024 1.826214 3.953893
v -0.119024 1.826214 3.975715
v -0.119024 1.312365 3.975715
v -0.119024 1.312365 3.975715
v -0.119024 1.826214 3.975715
v -0.161372 1.826214 3.975715
v -0.161372 1.312365 3.975715
v -0.003424 1.667138 3.993259
v -0.008922 1.826214 3.975715
v -0.008922 1.826214 3.953893
v -0.003424 1.667138 3.971437
v -0.003424 1.667138 3.971437
v -0.008922 1.826214 3.953893
v 0.033425 1.826214 3.953893
v 0.038923 1.667138 3.971437
v 0.038923 1.667138 3.971437
v 0.033425 1.826214 3.953893
v 0.033425 1.826214 3.975715
v 0.038923 1.667138 3.993259
v 0.038923 1.667138 3.993259
v 0.033425 1.826214 3.975715
v -0.008922 1.826214 3.975715
v -0.003424 1.667138 3.993259
v 0.124982 1.440827 3.995493
v 0.143528 1.826214 3.975715
v 0.143528 1.826214 3.953893
v 0.124982 1.440827 3.973672
v 0.124982 1.440827 3.973672
v 0.143528 1.826214 3.953893
v 0.185875 1.826214 3.953893
v 0.167329 1.440827 3.973672
v 0.167329 1.440827 3.973672
v 0.185875 1.826214 3.953893
v 0.185875 1.826214 3.975715
v 0.167329 1.440827 3.995493
v 0.167329 1.440827 3.995493
v 0.185875 1.826214 3.975715
v 0.143528 1.826214 3.975715
v 0.124982 1.440827 3.995493
v -2.253321 1.312365 3.975715
v -2.253321 1.642632 3.982444
v -2.295668 1.642632 3.982444
v -2.295668 1.312365 3.975715
v -2.253321 1.312365 3.953893
v -2.253321 1.312365 3.975715
v -2.295668 1.312365 3.953893
v -2.295668 1.642632 3.960623
v -2.253321 1.642632 3.960623
v -2.253321 1.312365 3.953893
v -2.295668 1.312365 3.975715
v -2.295668 1.312365 3.953893
v -1.795972 1.312365 3.975715
v -1.795972 1.401624 3.990988
v -1.838319 1.401624 3.990988
v -1.838319 1.312365 3.975715
v -1.795972 1.312365 3.953893
v -1.795972 1.312365 3.975715
v -1.838319 1.312365 3.953893
v -1.838319 1.401624 3.969167
v -1.795972 1.401624 3.969167
v -1.795972 1.312365 3.953893
v -1.838319 1.312365 3.975715
v -1.838319 1.312365 3.953893
v -1.948422 1.665679 4.022558
v -1.948422 1.814925 3.956926
v -1.948422 1.823709 3.976902
v -1.948422 1.674463 4.042533
v -1.990769 1.708313 4.003809
v -1.990769 1.814925 3.956926
v -1.948422 1.814925 3.956926
v -1.948422 1.665679 4.022558
v -1.990769 1.731035 4.017655
v -1.990769 1.823709 3.976902
v -1.990769 1.814925 3.956926
v -1.990769 1.708313 4.003809
v -1.948422 1.312365 3.953893
v -1.948422 1.383718 3.953893
v -1.948422 1.380312 3.975715
v -1.948422 1.312365 3.975715
v -1.990769 1.312365 3.953893
v -1.990769 1.424688 3.953893
v -1.948422 1.383718 3.953893
v -1.948422 1.312365 3.953893
v -1.948422 1.312365 3.975715
v -1.948422 1.380312 3.975715
v -1.990769 1.421282 3.975715
v -1.990769 1.312365 3.975715
v -1.990769 1.312365 3.975715
v -1.990769 1.421282 3.975715
v -1.990769 1.424688 3.953893
v -1.990769 1.312365 3.953893
v 0.185875 1.312365 3.975715
v 0.167329 1.440827 3.995493
v 0.124982 1.440827 3.995493
v 0.143528 1.312365 3.975715
v 0.185875 1.312365 3.953893
v 0.167329 1.440827 3.973672
v 0.167329 1.440827 3.995493
v 0.185875 1.312365 3.975715
v 0.143528 1.312365 3.953893
v 0.124982 1.440827 3.973672
v 0.167329 1.440827 3.973672
v 0.185875 1.312365 3.953893
v 0.143528 1.312365 3.975715
v 0.124982 1.440827 3.995493
v 0.124982 1.440827 3.973672
v 0.143528 1.312365 3.953893
v 0.033425 1.312365 3.975715
v 0.038923 1.667138 3.993259
v -0.003424 1.667138 3.993259
v -0.008922 1.312365 3.975715
v 0.033425 1.312365 3.953893
v 0.038923 1.667138 3.971437
v 0.038923 1.667138 3.993259
v 0.033425 1.312365 3.975715
v -0.008922 1.312365 3.953893
v -0.003424 1.667138 3.971437
v 0.038923 1.667138 3.971437
v 0.033425 1.312365 3.953893
v -0.008922 1.312365 3.975715
v -0.003424 1.667138 3.993259
v -0.003424 1.667138 3.971437
v -0.008922 1.312365 3.953893
v 2.418744 1.882971 3.940740
v 1.465539 1.882971 3.940740
v 1.465539 1.882971 3.990402
v 2.418744 1.882971 3.990402
v 2.418744 1.809470 3.945231
v 1.465539 1.809470 3.945231
v 1.465539 1.868719 3.947479
v 2.418744 1.868719 3.947479
v 2.418744 1.809470 3.985912
v 1.465539 1.809470 3.985912
v 1.465539 1.798277 3.965571
v 2.418744 1.798277 3.965571
v 2.418744 1.867028 3.933820
v 1.465539 1.867028 3.933820
v 1.465539 1.876050 3.933820
v 2.418744 1.876050 3.933820
v 2.418744 1.876050 3.997323
v 1.465539 1.876050 3.997323
v 1.465539 1.867028 3.997323
v 2.418744 1.867028 3.997323
v 2.418744 1.868719 3.983664
v 1.465539 1.868719 3.983664
v 2.418744 1.284855 3.932221
v 1.465539 1.284855 3.932221
v 1.465539 1.312365 3.935221
v 2.418744 1.312365 3.935221
v 2.418744 1.312365 3.983538
v 1.465539 1.312365 3.983538
v 1.465539 1.284855 3.986539
v 2.418744 1.284855 3.986539
v 2.418744 1.312365 3.935221
v 1.465539 1.312365 3.935221
v 1.465539 1.312365 3.983538
v 2.418744 1.312365 3.983538
v 1.465539 1.284855 3.986539
v 1.465539 1.284855 3.932221
v 2.418744 1.284855 3.932221
v 2.418744 1.284855 3.986539
v 2.418744 1.867028 3.997323
v 1.465539 1.867028 3.997323
v 1.465539 1.860107 3.990402
v 2.418744 1.860107 3.990402
v 2.418744 1.860107 3.940740
v 1.465539 1.860107 3.940740
v 1.669507 1.312365 3.975715
v 1.669507 1.826214 3.975715
v 1.669507 1.826214 3.953893
v 1.669507 1.312365 3.953893
v 1.669507 1.312365 3.953893
v 1.669507 1.826214 3.953893
v 1.711854 1.826214 3.953893
v 1.711854 1.312365 3.953893
v 1.711854 1.312365 3.953893
v 1.711854 1.826214 3.953893
v 1.711854 1.826214 3.975715
v 1.711854 1.312365 3.975715
v 1.711854 1.312365 3.975715
v 1.711854 1.826214 3.975715
v 1.669507 1.826214 3.975715
v 1.669507 1.312365 3.975715
v 1.821957 1.312365 3.975715
v 1.821957 1.826214 3.975715
v 1.821957 1.826214 3.953893
v 1.821957 1.312365 3.953893
v 1.821957 1.312365 3.953893
v 1.821957 1.826214 3.953893
v 1.864304 1.826214 3.953893
v 1.864304 1.312365 3.953893
v 1.864304 1.312365 3.953893
v 1.864304 1.826214 3.953893
v 1.864304 1.826214 3.975715
v 1.864304 1.312365 3.975715
v 1.864304 1.312365 3.975715
v 1.864304 1.826214 3.975715
v 1.821957 1.826214 3.975715
v 1.821957 1.312365 3.975715
v 1.974406 1.501401 3.956101
v 1.974406 1.537470 3.977922
v 2.016754 1.518773 3.977922
v 2.016754 1.482703 3.956101
v 2.169203 1.312365 3.975715
v 2.169203 1.470192 3.995905
v 2.126856 1.501407 3.999898
v 2.126856 1.312365 3.975715
v 2.169203 1.312365 3.953893
v 2.169203 1.501407 3.978077
v 2.169203 1.470192 3.995905
v 2.169203 1.312365 3.975715
v 2.126856 1.312365 3.975715
v 2.126856 1.501407 3.999898
v 2.126856 1.470192 3.974084
v 2.126856 1.312365 3.953893
v 2.279306 1.312365 3.975715
v 2.279306 1.826214 3.975715
v 2.279306 1.826214 3.953893
v 2.279306 1.312365 3.953893
v 2.279306 1.312365 3.953893
v 2.279306 1.826214 3.953893
v 2.321653 1.826214 3.953893
v 2.321653 1.312365 3.953893
v 2.321653 1.312365 3.953893
v 2.321653 1.826214 3.953893
v 2.321653 1.826214 3.975715
v 2.321653 1.312365 3.975715
v 2.321653 1.312365 3.975715
v 2.321653 1.826214 3.975715
v 2.279306 1.826214 3.975715
v 2.279306 1.312365 3.975715
v 2.016754 1.652017 3.967069
v 2.016754 1.826214 3.953893
v 2.016754 1.826214 3.975715
v 2.016754 1.666256 3.988890
v 1.974406 1.668837 3.967069
v 1.974406 1.826214 3.953893
v 2.016754 1.826214 3.953893
v 2.016754 1.652017 3.967069
v 1.974406 1.683076 3.988890
v 1.974406 1.826214 3.975715
v 1.974406 1.826214 3.953893
v 1.974406 1.668837 3.967069
v 2.016754 1.666256 3.988890
v 2.016754 1.826214 3.975715
v 1.974406 1.826214 3.975715
v 1.974406 1.683076 3.988890
v 2.016754 1.312365 3.953893
v 2.016754 1.482703 3.956101
v 2.016754 1.518773 3.977922
v 2.016754 1.312365 3.975715
v 1.974406 1.312365 3.953893
v 1.974406 1.501401 3.956101
v 2.016754 1.482703 3.956101
v 2.016754 1.312365 3.953893
v 2.016754 1.312365 3.975715
v 2.016754 1.518773 3.977922
v 1.974406 1.537470 3.977922
v 1.974406 1.312365 3.975715
v 1.974406 1.312365 3.975715
v 1.974406 1.537470 3.977922
v 1.974406 1.501401 3.956101
v 1.974406 1.312365 3.953893
v 1.974406 1.683076 3.988890
v 1.974406 1.668837 3.967069
v 2.016754 1.652017 3.967069
v 2.016754 1.666256 3.988890
v 2.126856 1.312365 3.953893
v 2.126856 1.470192 3.974084
v 2.169203 1.501407 3.978077
v 2.169203 1.312365 3.953893
v 2.169203 1.666930 3.974270
v 2.169203 1.826214 3.953893
v 2.169203 1.826214 3.975715
v 2.169203 1.681007 3.994291
v 2.126856 1.666930 3.974270
v 2.126856 1.826214 3.953893
v 2.169203 1.826214 3.953893
v 2.169203 1.666930 3.974270
v 2.126856 1.637172 3.999898
v 2.126856 1.826214 3.975715
v 2.126856 1.826214 3.953893
v 2.126856 1.666930 3.974270
v 2.169203 1.681007 3.994291
v 2.169203 1.826214 3.975715
v 2.126856 1.826214 3.975715
v 2.126856 1.637172 3.999898
v 2.392204 1.882971 2.785790
v 2.392204 1.882971 3.920552
v 2.441866 1.882971 3.920552
v 2.441866 1.882971 2.785790
v 2.396695 1.809470 2.785790
v 2.396695 1.809470 3.920552
v 2.398942 1.868719 3.920552
v 2.398942 1.868719 2.785790
v 2.437375 1.809470 2.785790
v 2.437375 1.809470 3.920552
v 2.417035 1.798277 3.920552
v 2.417035 1.798277 2.785790
v 2.385284 1.867028 2.785790
v 2.385284 1.867028 3.920552
v 2.385284 1.876050 3.920552
v 2.385284 1.876050 2.785790
v 2.448786 1.876050 2.785790
v 2.448786 1.876050 3.920552
v 2.448786 1.867028 3.920552
v 2.448786 1.867028 2.785790
v 2.435128 1.868719 2.785790
v 2.435128 1.868719 3.920552
v 2.392868 1.284855 2.783998
v 2.392868 1.284855 3.939290
v 2.395869 1.312365 3.939290
v 2.395869 1.312365 2.783998
v 2.444185 1.312365 2.783998
v 2.444185 1.312365 3.939290
v 2.447186 1.284855 3.939290
v 2.447186 1.284855 2.783998
v 2.395869 1.312365 2.783998
v 2.395869 1.312365 3.939290
v 2.444185 1.312365 3.939290
v 2.444185 1.312365 2.783998
v 2.447186 1.284855 3.939290
v 2.392868 1.284855 3.939290
v 2.392868 1.284855 2.783998
v 2.447186 1.284855 2.783998
v 2.448786 1.867028 2.785790
v 2.448786 1.867028 3.920552
v 2.441866 1.860107 3.920552
v 2.441866 1.860107 2.785790
v 2.392204 1.860107 2.785790
v 2.392204 1.860107 3.920552
v 2.426179 1.312365 3.799761
v 2.426179 1.826214 3.799761
v 2.404357 1.826214 3.799761
v 2.404357 1.312365 3.799761
v 2.404357 1.826214 3.757414
v 2.404357 1.312365 3.757414
v 2.404357 1.312365 3.757414
v 2.404357 1.826214 3.757414
v 2.426179 1.826214 3.757414
v 2.426179 1.312365 3.757414
v 2.426179 1.312365 3.647311
v 2.426179 1.826214 3.647311
v 2.404357 1.826214 3.647311
v 2.404357 1.312365 3.647311
v 2.404357 1.826214 3.604964
v 2.404357 1.312365 3.604964
v 2.404357 1.312365 3.604964
v 2.404357 1.826214 3.604964
v 2.426179 1.826214 3.604964
v 2.426179 1.312365 3.604964
v 2.404180 1.512829 3.489896
v 2.426179 1.826214 3.494861
v 2.404357 1.826214 3.494861
v 2.382359 1.512829 3.489896
v 2.404357 1.826214 3.452514
v 2.382359 1.512829 3.447549
v 2.382359 1.512829 3.447549
v 2.404357 1.826214 3.452514
v 2.426179 1.826214 3.452514
v 2.404180 1.512829 3.447549
v 2.446729 1.743189 3.350008
v 2.426179 1.826214 3.342411
v 2.404357 1.826214 3.342411
v 2.424908 1.743189 3.350008
v 2.404357 1.826214 3.300064
v 2.424908 1.743189 3.307661
v 2.424908 1.743189 3.307661
v 2.404357 1.826214 3.300064
v 2.426179 1.826214 3.300064
v 2.446729 1.743189 3.307661
v 2.426179 1.312365 3.189961
v 2.426179 1.826214 3.189961
v 2.404357 1.826214 3.189961
v 2.404357 1.312365 3.189961
v 2.404357 1.826214 3.147614
v 2.404357 1.312365 3.147614
v 2.404357 1.312365 3.147614
v 2.404357 1.826214 3.147614
v 2.426179 1.826214 3.147614
v 2.426179 1.312365 3.147614
v 2.426179 1.312365 3.037512
v 2.426179 1.826214 3.037512
v 2.404357 1.826214 3.037512
v 2.404357 1.312365 3.037512
v 2.404357 1.826214 2.995165
v 2.404357 1.312365 2.995165
v 2.404357 1.312365 2.995165
v 2.404357 1.826214 2.995165
v 2.426179 1.826214 2.995165
v 2.426179 1.312365 2.995165
v 2.426179 1.312365 3.452514
v 2.426179 1.312365 3.494861
v 2.404357 1.312365 3.452514
v 2.404357 1.312365 3.494861
v 2.404357 1.312365 3.452514
v 2.426179 1.312365 3.300064
v 2.426179 1.312365 3.342411
v 2.404357 1.312365 3.300064
v 2.404357 1.312365 3.342411
v 2.404357 1.312365 3.300064
v -2.432021 1.882971 2.785790
v -2.432021 1.882971 3.920552
v -2.382360 1.882971 3.920552
v -2.382360 1.882971 2.785790
v -2.427531 1.809470 2.785790
v -2.427531 1.809470 3.920552
v -2.425283 1.868719 3.920552
v -2.425283 1.868719 2.785790
v -2.386850 1.809470 2.785790
v -2.386850 1.809470 3.920552
v -2.407191 1.798277 3.920552
v -2.407191 1.798277 2.785790
v -2.438942 1.867028 2.785790
v -2.438942 1.867028 3.920552
v -2.438942 1.876050 3.920552
v -2.438942 1.876050 2.785790
v -2.375439 1.876050 2.785790
v -2.375439 1.876050 3.920552
v -2.375439 1.867028 3.920552
v -2.375439 1.867028 2.785790
v -2.389098 1.868719 2.785790
v -2.389098 1.868719 3.920552
v -2.431358 1.284855 2.783998
v -2.431358 1.284855 3.939290
v -2.428356 1.312365 3.939290
v -2.428356 1.312365 2.783998
v -2.380040 1.312365 2.783998
v -2.380040 1.312365 3.939290
v -2.377039 1.284855 3.939290
v -2.377039 1.284855 2.783998
v -2.428356 1.312365 2.783998
v -2.428356 1.312365 3.939290
v -2.380040 1.312365 3.939290
v -2.380040 1.312365 2.783998
v -2.377039 1.284855 3.939290
v -2.431358 1.284855 3.939290
v -2.431358 1.284855 2.783998
v -2.377039 1.284855 2.783998
v -2.375439 1.867028 2.785790
v -2.375439 1.867028 3.920552
v -2.382360 1.860107 3.920552
v -2.382360 1.860107 2.785790
v -2.432021 1.860107 2.785790
v -2.432021 1.860107 3.920552
v -2.398047 1.312365 3.799761
v -2.398047 1.826214 3.799761
v -2.419868 1.826214 3.799761
v -2.419868 1.312365 3.799761
v -2.419868 1.312365 3.799761
v -2.419868 1.826214 3.799761
v -2.419868 1.826214 3.757414
v -2.419868 1.312365 3.757414
v -2.419868 1.312365 3.757414
v -2.419868 1.826214 3.757414
v -2.398047 1.826214 3.757414
v -2.398047 1.312365 3.757414
v -2.398047 1.312365 3.757414
v -2.398047 1.826214 3.757414
v -2.398047 1.826214 3.799761
v -2.398047 1.312365 3.799761
v -2.398047 1.312365 3.647311
v -2.398047 1.826214 3.647311
v -2.419868 1.826214 3.647311
v -2.419868 1.312365 3.647311
v -2.419868 1.312365 3.647311
v -2.419868 1.826214 3.647311
v -2.419868 1.826214 3.604964
v -2.419868 1.312365 3.604964
v -2.419868 1.312365 3.604964
v -2.419868 1.826214 3.604964
v -2.398047 1.826214 3.604964
v -2.398047 1.312365 3.604964
v -2.398047 1.312365 3.604964
v -2.398047 1.826214 3.604964
v -2.398047 1.826214 3.647311
v -2.398047 1.312365 3.647311
v -2.398047 1.312365 3.494861
v -2.398047 1.826214 3.494861
v -2.419868 1.826214 3.494861
v -2.419868 1.312365 3.494861
v -2.419868 1.312365 3.494861
v -2.419868 1.826214 3.494861
v -2.419868 1.826214 3.452514
v -2.419868 1.312365 3.452514
v -2.419868 1.312365 3.452514
v -2.419868 1.826214 3.452514
v -2.398047 1.826214 3.452514
v -2.398047 1.312365 3.452514
v -2.398047 1.312365 3.452514
v -2.398047 1.826214 3.452514
v -2.398047 1.826214 3.494861
v -2.398047 1.312365 3.494861
v -2.398047 1.312365 3.342411
v -2.398047 1.826214 3.342411
v -2.419868 1.826214 3.342411
v -2.419868 1.312365 3.342411
v -2.419868 1.312365 3.342411
v -2.419868 1.826214 3.342411
v -2.419868 1.826214 3.300064
v -2.419868 1.312365 3.300064
v -2.419868 1.312365 3.300064
v -2.419868 1.826214 3.300064
v -2.398047 1.826214 3.300064
v -2.398047 1.312365 3.300064
v -2.398047 1.312365 3.300064
v -2.398047 1.826214 3.300064
v -2.398047 1.826214 3.342411
v -2.398047 1.312365 3.342411
v -2.398047 1.312365 3.189961
v -2.398047 1.826214 3.189961
v -2.419868 1.826214 3.189961
v -2.419868 1.312365 3.189961
v -2.419868 1.312365 3.189961
v -2.419868 1.826214 3.189961
v -2.419868 1.826214 3.147614
v -2.419868 1.312365 3.147614
v -2.419868 1.312365 3.147614
v -2.419868 1.826214 3.147614
v -2.398047 1.826214 3.147614
v -2.398047 1.312365 3.147614
v -2.398047 1.312365 3.147614
v -2.398047 1.826214 3.147614
v -2.398047 1.826214 3.189961
v -2.398047 1.312365 3.189961
v -2.398047 1.312365 3.037512
v -2.398047 1.826214 3.037512
v -2.419868 1.826214 3.037512
v -2.419868 1.312365 3.037512
v -2.419868 1.312365 3.037512
v -2.419868 1.826214 3.037512
v -2.419868 1.826214 2.995165
v -2.419868 1.312365 2.995165
v -2.419868 1.312365 2.995165
v -2.419868 1.826214 2.995165
v -2.398047 1.826214 2.995165
v -2.398047 1.312365 2.995165
v -2.398047 1.312365 2.995165
v -2.398047 1.826214 2.995165
v -2.398047 1.826214 3.037512
v -2.398047 1.312365 3.037512
v 2.550172 -0.005714 2.918869
v 2.550172 3.177230 2.918869
v 2.290151 3.177230 2.918869
v 2.290151 -0.005714 2.918869
v 2.513662 -0.005714 0.745595
v 2.513662 0.934428 0.745595
v 2.513662 0.934428 0.953855
v 2.513662 -0.005714 0.953855
v 2.276311 -0.005714 2.682927
v 2.276311 3.177230 2.682927
v 2.550172 3.177230 2.682927
v 2.550172 -0.005714 2.682927
v 2.564013 -0.005714 2.696767
v 2.564013 3.177230 2.696767
v 2.564013 3.177230 2.905028
v 2.564013 -0.005714 2.905028
v 2.412003 -0.005714 0.731755
v 2.412003 0.934428 0.731755
v 2.499821 0.934428 0.731755
v 2.499821 -0.005714 0.731755
v 2.499821 -0.005714 0.967696
v 2.499821 0.934428 0.967696
v 2.412003 0.934428 0.967696
v 2.412003 -0.005714 0.967696
v -2.276311 -0.005714 2.905028
v -2.276311 -0.005714 2.682927
v -2.276311 3.177230 2.682927
v -2.276311 3.177230 2.905028
v -2.550172 -0.005714 2.918869
v -2.290151 -0.005714 2.918869
v -2.290151 3.177230 2.918869
v -2.550172 3.177230 2.918869
v -2.513662 -0.005714 0.745595
v -2.513662 -0.005714 0.953855
v -2.513662 0.934428 0.953855
v -2.513662 0.934428 0.745595
v -2.276311 -0.005714 2.682927
v -2.550172 -0.005714 2.682927
v -2.550172 3.177230 2.682927
v -2.276311 3.177230 2.682927
v -2.564013 -0.005714 2.696767
v -2.564013 -0.005714 2.905028
v -2.564013 3.177230 2.905028
v -2.564013 3.177230 2.696767
v -2.412003 -0.005714 0.731755
v -2.499821 -0.005714 0.731755
v -2.499821 0.934428 0.731755
v -2.412003 0.934428 0.731755
v -2.499821 -0.005714 0.967696
v -2.412003 -0.005714 0.967696
v -2.412003 0.934428 0.967696
v -2.499821 0.934428 0.967696
v 2.276311 -0.005714 -3.455585
v 2.276311 -0.005714 -3.233484
v 2.276311 3.177230 -3.233484
v 2.276311 3.177230 -3.455585
v 2.550172 -0.005714 -3.469426
v 2.290151 -0.005714 -3.469426
v 2.290151 3.177230 -3.469426
v 2.550172 3.177230 -3.469426
v 2.513662 -0.005714 -1.296153
v 2.513662 -0.005714 -1.504413
v 2.513662 0.934428 -1.504413
v 2.513662 0.934428 -1.296153
v 2.276311 -0.005714 -3.233484
v 2.550172 -0.005714 -3.233484
v 2.550172 3.177230 -3.233484
v 2.276311 3.177230 -3.233484
v 2.564013 -0.005714 -3.247325
v 2.564013 -0.005714 -3.455585
v 2.564013 3.177230 -3.455585
v 2.564013 3.177230 -3.247325
v 2.412003 -0.005714 -1.282312
v 2.499821 -0.005714 -1.282312
v 2.499821 0.934428 -1.282312
v 2.412003 0.934428 -1.282312
v 2.499821 -0.005714 -1.518254
v 2.412003 -0.005714 -1.518254
v 2.412003 0.934428 -1.518254
v 2.499821 0.934428 -1.518254
v -2.276311 -0.005714 -3.455585
v -2.276311 3.177230 -3.455585
v -2.276311 3.177230 -3.233484
v -2.276311 -0.005714 -3.233484
v -2.550172 -0.005714 -3.469426
v -2.550172 3.177230 -3.469426
v -2.290151 3.177230 -3.469426
v -2.290151 -0.005714 -3.469426
v -2.513662 -0.005714 -1.296153
v -2.513662 0.934428 -1.296153
v -2.513662 0.934428 -1.504413
v -2.513662 -0.005714 -1.504413
v -2.276311 -0.005714 -3.233484
v -2.276311 3.177230 -3.233484
v -2.550172 3.177230 -3.233484
v -2.550172 -0.005714 -3.233484
v -2.564013 -0.005714 -3.247325
v -2.564013 3.177230 -3.247325
v -2.564013 3.177230 -3.455585
v -2.564013 -0.005714 -3.455585
v -2.412003 -0.005714 -1.282312
v -2.412003 0.934428 -1.282312
v -2.499821 0.934428 -1.282312
v -2.499821 -0.005714 -1.282312
v -2.499821 -0.005714 -1.518254
v -2.499821 0.934428 -1.518254
v -2.412003 0.934428 -1.518254
v -2.412003 -0.005714 -1.518254
v 2.276311 3.177230 2.905028
v 2.276311 -0.005714 2.905028
v 2.276311 3.177230 2.682927
v 2.276311 -0.005714 2.682927
v 1.357882 1.062758 4.207183
v 0.355129 1.062758 4.207183
v 0.355129 0.961922 4.195006
v 1.357882 0.961922 4.195006
v 1.368262 0.956215 4.203543
v 1.368262 0.962041 4.205386
v 1.368262 0.963629 4.344797
v 1.368262 0.869378 4.333415
v 1.357882 0.963748 4.355262
v 0.355129 0.963748 4.355262
v 0.355129 0.862913 4.343085
v 1.357882 0.862913 4.343085
v 1.326834 0.863512 4.195006
v 1.326834 0.964348 4.044100
v 1.357882 0.964348 4.044100
v 1.357882 0.864880 4.192887
v 1.326834 0.665492 4.491164
v 1.326834 0.764502 4.343085
v 1.357882 0.764502 4.343085
v 1.357882 0.665492 4.491164
v 0.386177 0.865338 4.192179
v 0.355129 0.865338 4.192179
v 0.355129 0.964348 4.044100
v 0.386177 0.964348 4.044100
v 0.344748 0.962041 4.205386
v 0.344748 0.956215 4.203543
v 0.344748 0.869378 4.333415
v 0.344748 0.963629 4.344797
v 0.386177 0.665492 4.491164
v 0.355129 0.665492 4.491164
v 0.355129 0.764502 4.343085
v 0.386177 0.764502 4.343085
v 1.357882 0.864738 4.503340
v 0.355129 0.864738 4.503340
v 0.355129 0.763903 4.491164
v 1.357882 0.763903 4.491164
v 1.326834 0.764502 4.343085
v 1.326834 0.863512 4.195006
v 1.357882 0.864880 4.192887
v 1.357882 0.764502 4.343085
v 1.368262 0.857205 4.351622
v 1.368262 0.863031 4.353465
v 1.368262 0.864619 4.492875
v 1.368262 0.770368 4.481493
v 0.386177 0.764502 4.343085
v 0.355129 0.764502 4.343085
v 0.355129 0.865338 4.192179
v 0.386177 0.865338 4.192179
v 0.344748 0.863031 4.353465
v 0.344748 0.857205 4.351622
v 0.344748 0.770368 4.481493
v 0.344748 0.864619 4.492875
v 1.357882 0.765729 4.651419
v 0.355129 0.765729 4.651419
v 0.355129 0.664893 4.639242
v 1.357882 0.664893 4.639242
v 1.326834 0.566482 4.639242
v 1.326834 0.665492 4.491164
v 1.357882 0.665492 4.491164
v 1.357882 0.567851 4.637123
v 1.368262 0.758195 4.499700
v 1.368262 0.764021 4.501544
v 1.368262 0.765609 4.640954
v 1.368262 0.671359 4.629572
v 0.386177 0.566482 4.639242
v 0.355129 0.566482 4.639242
v 0.355129 0.665492 4.491164
v 0.386177 0.665492 4.491164
v 0.344748 0.764021 4.501544
v 0.344748 0.758195 4.499700
v 0.344748 0.671359 4.629572
v 0.344748 0.765609 4.640954
v 1.357882 0.666719 4.799497
v 0.355129 0.666719 4.799497
v 0.355129 0.567690 4.784522
v 1.357882 0.565902 4.787292
v 1.368262 0.659185 4.647779
v 1.368262 0.665011 4.649622
v 1.368262 0.666600 4.789032
v 1.368262 0.572349 4.777651
v 0.386177 0.467472 4.787321
v 0.355129 0.467472 4.787321
v 0.355129 0.566482 4.639242
v 0.386177 0.566482 4.639242
v 0.344748 0.665011 4.649622
v 0.344748 0.659182 4.647777
v 0.344748 0.574082 4.774968
v 0.344748 0.666599 4.788988
v 1.357882 0.567709 4.947577
v 0.355129 0.567709 4.947577
v 0.355129 0.466892 4.935370
v 1.357882 0.468681 4.932601
v 1.326834 0.469298 4.784493
v 1.326834 0.566482 4.639242
v 1.357882 0.567851 4.637123
v 1.357882 0.469298 4.784493
v 1.368262 0.560173 4.795856
v 1.368262 0.566001 4.797700
v 1.368262 0.567589 4.937067
v 1.368262 0.475072 4.923046
v 1.368262 0.462991 4.941108
v 1.368262 0.468699 4.942953
v 1.368262 0.468699 5.085164
v 1.368262 0.376059 5.071124
v 1.326834 0.368463 4.935400
v 1.326834 0.469298 4.784493
v 1.357882 0.469298 4.784493
v 1.357882 0.368463 4.935400
v 1.357882 0.468699 5.095654
v 0.355129 0.468699 5.095654
v 0.355129 0.367882 5.083449
v 1.357882 0.369671 5.080679
v 1.326834 0.269453 5.083478
v 1.326834 0.368463 4.935400
v 1.357882 0.368463 4.935400
v 1.357882 0.270821 5.081358
v 0.386177 0.271279 5.080650
v 0.355129 0.269910 5.082769
v 0.355129 0.368463 4.935400
v 0.386177 0.368463 4.935400
v 0.344748 0.466991 4.945779
v 0.344748 0.461165 4.943935
v 0.344748 0.374329 5.073807
v 0.344748 0.468580 5.085189
v 1.368262 0.363984 5.089189
v 1.368262 0.369689 5.091031
v 1.368262 0.369689 5.233283
v 1.368262 0.275315 5.221886
v 1.357882 0.369689 5.243733
v 0.355129 0.369689 5.243733
v 0.355129 0.268853 5.231556
v 1.357882 0.268853 5.231556
v 1.326834 0.071433 5.379635
v 1.326834 0.170443 5.231556
v 1.357882 0.170443 5.231556
v 1.357882 0.071433 5.379635
v 0.386177 0.170443 5.231556
v 0.355129 0.170443 5.231556
v 0.355129 0.269910 5.082769
v 0.386177 0.271279 5.080650
v 0.344748 0.367982 5.093858
v 0.344748 0.362155 5.092014
v 0.344748 0.275319 5.221887
v 0.344748 0.369570 5.233268
v 1.357882 0.270679 5.391812
v 0.355129 0.270679 5.391812
v 0.355129 0.169844 5.379635
v 1.357882 0.169844 5.379635
v 1.326834 0.170443 5.231556
v 1.326834 0.269453 5.083478
v 1.357882 0.270821 5.081358
v 1.357882 0.170443 5.231556
v 1.368262 0.263146 5.240093
v 1.368262 0.268972 5.241936
v 1.368262 0.270560 5.381346
v 1.368262 0.176309 5.369964
v 0.386177 0.073259 5.376808
v 0.355129 0.071890 5.378927
v 0.355129 0.170443 5.231556
v 0.386177 0.170443 5.231556
v 0.344748 0.268972 5.241936
v 0.344748 0.263146 5.240093
v 0.344748 0.176309 5.369964
v 0.344748 0.270560 5.381346
v 1.357882 0.171670 5.539891
v 0.355129 0.171670 5.539891
v 0.355129 0.070834 5.527713
v 1.357882 0.070834 5.527713
v 1.326834 -0.027577 5.527713
v 1.326834 0.071433 5.379635
v 1.357882 0.071433 5.379635
v 1.357882 -0.027577 5.527713
v 1.368262 0.164136 5.388172
v 1.368262 0.169962 5.390015
v 1.368262 0.171550 5.529425
v 1.368262 0.077299 5.518044
v 0.386177 -0.027577 5.527713
v 0.355129 -0.027577 5.527713
v 0.355129 0.071890 5.378927
v 0.386177 0.073259 5.376808
v 0.344748 0.169962 5.390015
v 0.344748 0.164136 5.388172
v 0.344748 0.077299 5.518044
v 0.344748 0.171550 5.529425
v 1.357882 0.072660 5.687970
v 0.355129 0.072660 5.687970
v 0.355129 -0.028176 5.675792
v 1.357882 -0.028176 5.675792
v 1.326834 -0.126587 5.675792
v 1.326834 -0.027577 5.527713
v 1.357882 -0.027577 5.527713
v 1.357882 -0.126587 5.675792
v 1.368262 0.065126 5.536250
v 1.368262 0.070952 5.538093
v 1.368262 0.072541 5.677504
v 0.386177 -0.126587 5.675792
v 0.355129 -0.126587 5.675792
v 0.355129 -0.027577 5.527713
v 0.386177 -0.027577 5.527713
v 0.344748 0.070952 5.538093
v 0.344748 0.065126 5.536250
v 0.344748 0.072541 5.677504
v 0.386177 0.368463 4.935400
v 0.355129 0.368463 4.935400
v 0.355129 0.467472 4.787321
v 0.386177 0.467472 4.787321
v 0.344748 0.567709 4.794874
v 0.344748 0.562004 4.793031
v 0.344748 0.473335 4.925729
v 0.344748 0.567709 4.937125
v 1.357882 1.062758 4.207183
v 1.357882 0.961922 4.195006
v 0.355129 0.961922 4.195006
v 0.355129 1.062758 4.207183
v 1.357882 0.963748 4.355262
v 1.357882 0.862913 4.343085
v 1.368262 0.877302 4.192529
v 1.368262 0.776700 4.343085
v 0.355129 0.862913 4.343085
v 0.355129 0.963748 4.355262
v 0.344748 0.776700 4.343085
v 0.344748 0.877302 4.192529
v 1.357882 0.864738 4.503340
v 1.357882 0.763903 4.491164
v 0.355129 0.763903 4.491164
v 0.355129 0.864738 4.503340
v 1.357882 0.765729 4.651419
v 1.357882 0.664893 4.639242
v 0.355129 0.664893 4.639242
v 0.355129 0.765729 4.651419
v 1.357882 0.666719 4.799497
v 1.357882 0.565902 4.787292
v 1.368262 0.481263 4.784843
v 1.368262 0.380895 4.935049
v 0.355129 0.466892 4.935370
v 0.355129 0.567709 4.947577
v 0.355129 0.367882 5.083449
v 0.355129 0.468699 5.095654
v 1.368262 0.275315 5.221886
v 1.368262 0.369689 5.233283
v 1.368262 0.283477 5.080650
v 1.368262 0.182641 5.231556
v 0.344748 0.369570 5.233268
v 0.344748 0.275319 5.221887
v 1.368262 0.176309 5.369964
v 1.368262 0.270560 5.381346
v 0.344748 0.270560 5.381346
v 0.344748 0.176309 5.369964
v 1.368262 0.077299 5.518044
v 1.368262 0.171550 5.529425
v 0.344748 0.171550 5.529425
v 0.344748 0.077299 5.518044
v 1.357882 0.072660 5.687970
v 0.344748 0.072541 5.677504
v 0.344748 -0.021710 5.666121
v 1.368262 0.976546 4.044100
v 1.368262 0.877302 4.192529
v 0.344748 0.877302 4.192529
v 0.344748 0.976546 4.044100
v 1.368262 0.776700 4.343085
v 1.368262 0.677691 4.491164
v 0.344748 0.677690 4.491164
v 0.344748 0.776700 4.343085
v 1.368262 0.677691 4.491164
v 1.368262 0.580273 4.636765
v 0.344748 0.578681 4.639242
v 0.344748 0.677690 4.491164
v 1.368262 0.580273 4.636765
v 1.368262 0.481263 4.784843
v 0.355129 0.567690 4.784522
v 0.355129 0.666719 4.799497
v 0.344748 0.479905 4.786970
v 0.344748 0.578681 4.639242
v 1.357882 0.567709 4.947577
v 1.357882 0.468681 4.932601
v 0.344748 0.380661 4.935400
v 0.344748 0.479905 4.786970
v 1.357882 0.468699 5.095654
v 1.357882 0.369671 5.080679
v 1.368262 0.380895 4.935049
v 1.368262 0.283477 5.080650
v 0.344748 0.281651 5.083478
v 0.344748 0.380661 4.935400
v 0.344748 0.182641 5.231556
v 0.344748 0.281651 5.083478
v 1.368262 0.182641 5.231556
v 1.368262 0.083631 5.379635
v 0.344748 0.083632 5.379635
v 0.344748 0.182641 5.231556
v 1.368262 0.083631 5.379635
v 1.368262 -0.015378 5.527713
v 0.344748 -0.015378 5.527713
v 0.344748 0.083632 5.379635
v 1.368262 -0.015378 5.527713
v 1.368262 -0.114388 5.675792
v 0.344748 -0.114388 5.675792
v 0.344748 -0.015378 5.527713
v 1.527787 -0.005714 3.782243
v 1.527787 0.934428 3.782243
v 1.527787 0.934428 4.004344
v 1.527787 -0.005714 4.004344
v 0.492433 -0.005714 4.004344
v 0.492433 -0.005714 3.782243
v 0.492433 0.934428 3.782243
v 0.492433 0.934428 4.004344
v 1.513946 -0.005714 4.018185
v 1.513946 0.934428 4.018185
v 1.277948 0.934428 4.018185
v 1.277948 -0.005714 4.018185
v 0.228754 -0.005714 3.782243
v 0.228754 -0.005714 4.004344
v 0.228754 0.934428 4.004344
v 0.228754 0.934428 3.782243
v -0.854328 -0.005714 4.004344
v -0.854328 -0.005714 3.782243
v -0.854328 0.934428 3.782243
v -0.854328 0.934428 4.004344
v 0.242595 -0.005714 4.018185
v 0.478592 -0.005714 4.018185
v 0.478592 0.934428 4.018185
v 0.242595 0.934428 4.018185
v -1.118008 -0.005714 3.782243
v -1.118008 -0.005714 4.004344
v -1.118008 0.934428 4.004344
v -1.118008 0.934428 3.782243
v -1.104167 -0.005714 4.018185
v -0.868169 -0.005714 4.018185
v -0.868169 0.934428 4.018185
v -1.104167 0.934428 4.018185
v 1.264108 0.934428 4.004344
v 1.264108 -0.005714 4.004344
v 1.264108 0.934428 3.782243
v 1.264108 -0.005714 3.782243
v 2.460659 -0.005714 3.796084
v 2.460659 0.934428 3.796084
v 2.460659 0.934428 4.004344
v 2.460659 -0.005714 4.004344
v 2.196980 -0.005714 3.782243
v 2.196980 0.934428 3.782243
v 2.446819 0.934428 3.782243
v 2.446819 -0.005714 3.782243
v -2.196980 -0.005714 4.004344
v -2.196980 -0.005714 3.782243
v -2.196980 0.934428 3.782243
v -2.196980 0.934428 4.004344
v 2.446819 -0.005714 4.018185
v 2.446819 0.934428 4.018185
v 2.210821 0.934428 4.018185
v 2.210821 -0.005714 4.018185
v -2.460659 -0.005714 3.796084
v -2.460659 -0.005714 4.004344
v -2.460659 0.934428 4.004344
v -2.460659 0.934428 3.796084
v -2.196980 -0.005714 3.782243
v -2.446819 -0.005714 3.782243
v -2.446819 0.934428 3.782243
v -2.196980 0.934428 3.782243
v -2.446819 -0.005714 4.018185
v -2.210821 -0.005714 4.018185
v -2.210821 0.934428 4.018185
v -2.446819 0.934428 4.018185
v 2.196980 0.934428 4.004344
v 2.196980 -0.005714 4.004344
v 2.196980 0.934428 3.782243
v 2.196980 -0.005714 3.782243
v -2.474198 0.920588 3.788170
v 2.474198 0.920588 3.788170
v 2.474198 0.920588 4.041768
v -2.474198 0.920588 4.041768
v 2.481118 0.927508 2.832848
v 2.481118 1.178144 2.832848
v 2.481118 1.178144 3.788170
v 2.481118 0.927508 3.788170
v 2.474198 1.178144 4.048688
v -2.474198 1.178144 4.048688
v -2.474198 0.920588 2.832848
v 2.474198 0.920588 2.832848
v 2.474198 0.920588 3.788170
v -2.474198 0.920588 3.788170
v 2.481118 0.927508 3.788170
v 2.481118 1.178144 3.788170
v 2.481118 1.178144 4.041768
v 2.481118 0.927508 4.041768
v -2.481118 0.927508 3.788170
v -2.481118 0.927508 4.041768
v -2.481118 1.178144 4.041768
v -2.481118 1.178144 3.788170
v -2.474198 0.920588 3.788170
v -2.474198 0.920588 4.041768
v -2.474198 0.920588 2.832848
v -2.474198 0.920588 3.788170
v -2.481118 0.927508 3.788170
v -2.481118 0.927508 2.832848
v 2.474198 0.920588 4.041768
v 2.474198 0.920588 3.788170
v 2.474198 0.920588 3.788170
v 2.474198 0.920588 2.832848
v -2.481118 1.178144 3.788170
v -2.481118 1.178144 2.832848
v -2.302255 3.171979 2.832848
v -2.302255 3.171979 3.840643
v -2.302255 2.872369 3.840643
v -2.302255 2.872369 2.832848
v -2.502945 3.171979 4.055174
v -2.502945 2.872369 4.055174
v 2.502945 2.872369 4.055174
v 2.502945 3.171979 4.055174
v -2.502945 2.865448 4.038467
v -2.502945 2.865448 2.832848
v -2.309175 2.865448 2.832848
v -2.309175 2.865448 3.844697
v -2.295335 3.171979 3.847563
v 2.295335 3.171979 3.847563
v 2.295335 2.872369 3.847563
v -2.295335 2.872369 3.847563
v -2.509865 3.171979 2.832848
v -2.509865 2.872369 2.832848
v -2.509865 2.872369 4.048253
v -2.509865 3.171979 4.048253
v 2.493158 2.865448 4.048253
v -2.493158 2.865448 4.048253
v -2.299388 2.865448 3.854484
v 2.299388 2.865448 3.854484
v 2.302255 3.171979 2.832848
v 2.302255 2.872369 2.832848
v 2.302255 2.872369 3.840643
v 2.302255 3.171979 3.840643
v 2.502945 2.865448 2.832848
v 2.502945 2.865448 4.038467
v 2.309175 2.865448 3.844697
v 2.309175 2.865448 2.832848
v 2.502945 2.865448 4.038467
v 2.509865 2.872369 4.048253
v 2.502945 2.872369 4.055174
v -2.502945 2.865448 4.038467
v -2.502945 2.872369 4.055174
v -2.509865 2.872369 4.048253
v 2.309175 2.865448 3.844697
v 2.295335 2.872369 3.847563
v 2.302255 2.872369 3.840643
v -2.302255 2.872369 3.840643
v -2.295335 2.872369 3.847563
v -2.299388 2.865448 3.854484
v 2.509865 2.872369 2.832848
v 2.509865 2.872369 4.048253
v 2.509865 2.872369 4.048253
v 2.509865 3.171979 4.048253
v -2.509865 3.171979 4.048253
v -2.509865 2.872369 4.048253
v 2.302255 3.171979 3.840643
v 2.302255 2.872369 3.840643
v -2.302255 2.872369 3.840643
v -2.302255 3.171979 3.840643
v -2.309175 2.865448 3.844697
v 2.509865 3.171979 2.832848
v 2.509865 3.171979 4.048253
v -2.487353 2.823735 3.888285
v -2.487353 2.823735 4.020620
v -2.488209 2.840400 4.021436
v -2.488209 2.840400 3.887468
v -2.330910 2.840400 4.021436
v -2.330910 2.840400 3.887468
v -2.315181 2.855119 3.872548
v -2.315181 2.855119 4.036357
v -2.496200 2.855119 4.044036
v -2.322919 2.855119 4.044036
v -2.327963 2.865853 4.039241
v -2.491156 2.865853 4.039241
v -2.322919 2.855119 3.864868
v -2.496200 2.855119 3.864868
v -2.491156 2.865853 3.869663
v -2.327963 2.865853 3.869663
v -2.320234 2.865853 3.877334
v -2.320234 2.865853 4.031570
v -2.480487 2.840400 4.029107
v -2.338632 2.840400 4.029107
v -2.488209 2.840400 3.887468
v -2.488209 2.840400 4.021436
v -2.503938 2.855119 4.036357
v -2.503938 2.855119 3.872548
v -2.331765 2.823735 4.020620
v -2.331765 2.823735 3.888285
v -2.330910 2.840400 3.887468
v -2.330910 2.840400 4.021436
v -2.338632 2.840400 3.879798
v -2.480487 2.840400 3.879798
v -2.479633 2.823735 3.880610
v -2.339485 2.823735 3.880610
v -2.346790 2.815290 3.887964
v -2.472329 2.815290 3.887964
v -2.486920 1.243158 4.020555
v -2.486920 1.257953 4.020571
v -2.486920 1.257953 3.888334
v -2.486920 1.243158 3.888349
v -2.479633 2.823735 4.028295
v -2.339485 2.823735 4.028295
v -2.338632 2.840400 4.029107
v -2.480487 2.840400 4.029107
v -2.326839 1.232383 3.868937
v -2.492280 1.232383 3.868937
v -2.479548 1.243158 3.881022
v -2.339571 1.243158 3.881022
v -2.339571 1.243158 4.027883
v -2.339553 1.257953 4.027883
v -2.479566 1.257953 4.027883
v -2.479548 1.243158 4.027883
v -2.499651 1.232383 3.876264
v -2.499651 1.216976 3.876249
v -2.499651 1.216976 4.032656
v -2.499651 1.232383 4.032640
v -2.326822 1.216976 3.868937
v -2.492297 1.216976 3.868937
v -2.486920 1.243158 4.020555
v -2.486920 1.243158 3.888349
v -2.319468 1.232383 4.032640
v -2.319468 1.216976 4.032656
v -2.319468 1.216976 3.876249
v -2.319468 1.232383 3.876264
v -2.492280 1.232383 4.039968
v -2.492297 1.216976 4.039968
v -2.326822 1.216976 4.039968
v -2.326839 1.232383 4.039968
v -2.472329 2.815290 4.020941
v -2.346790 2.815290 4.020941
v -2.332199 1.243158 3.888349
v -2.332199 1.257953 3.888334
v -2.332199 1.257953 4.020571
v -2.332199 1.243158 4.020555
v -2.332199 1.243158 3.888349
v -2.332199 1.243158 4.020555
v -2.339571 1.243158 4.027883
v -2.479548 1.243158 4.027883
v -2.479548 1.243158 3.881022
v -2.479566 1.257953 3.881022
v -2.339553 1.257953 3.881022
v -2.339571 1.243158 3.881022
v -2.339050 2.815290 4.013243
v -2.339050 2.815290 3.895662
v 2.503938 2.855119 3.872548
v 2.498885 2.865853 3.877334
v 2.498885 2.865853 4.031570
v 2.503938 2.855119 4.036357
v -2.480070 2.815290 3.895662
v -2.480070 2.815290 4.013243
v -2.480487 2.840400 3.879798
v -2.338632 2.840400 3.879798
v 2.487353 2.823735 3.888285
v 2.488209 2.840400 3.887468
v 2.488209 2.840400 4.021436
v 2.487353 2.823735 4.020620
v 2.330910 2.840400 4.021436
v 2.315181 2.855119 4.036357
v 2.315181 2.855119 3.872548
v 2.330910 2.840400 3.887468
v 2.496200 2.855119 4.044036
v 2.491156 2.865853 4.039241
v 2.327963 2.865853 4.039241
v 2.322919 2.855119 4.044036
v 2.322919 2.855119 3.864868
v 2.327963 2.865853 3.869663
v 2.491156 2.865853 3.869663
v 2.496200 2.855119 3.864868
v 2.320234 2.865853 4.031570
v 2.320233 2.865853 3.877334
v 2.480487 2.840400 4.029107
v 2.338632 2.840400 4.029107
v 2.488209 2.840400 3.887468
v 2.488209 2.840400 4.021436
v 2.331765 2.823735 4.020620
v 2.330910 2.840400 4.021436
v 2.330910 2.840400 3.887468
v 2.331765 2.823735 3.888285
v 2.338632 2.840400 3.879798
v 2.480487 2.840400 3.879798
v 2.479633 2.823735 3.880610
v 2.472329 2.815290 3.887964
v 2.346790 2.815290 3.887964
v 2.339485 2.823735 3.880610
v 2.486920 1.243158 4.020555
v 2.486920 1.243158 3.888349
v 2.486920 1.257953 3.888334
v 2.486920 1.257953 4.020571
v 2.479633 2.823735 4.028295
v 2.480487 2.840400 4.029107
v 2.338632 2.840400 4.029107
v 2.339485 2.823735 4.028295
v 2.499651 1.232383 3.876264
v 2.486920 1.243158 3.888349
v 2.486920 1.243158 4.020555
v 2.499651 1.232383 4.032640
v 2.326839 1.232383 3.868937
v 2.339571 1.243158 3.881022
v 2.479548 1.243158 3.881022
v 2.492280 1.232383 3.868937
v 2.499651 1.216976 4.032656
v 2.499651 1.216976 3.876249
v 2.492297 1.216976 3.868937
v 2.326822 1.216976 3.868937
v 2.339571 1.243158 4.027883
v 2.479548 1.243158 4.027883
v 2.479566 1.257953 4.027883
v 2.339553 1.257953 4.027883
v 2.319468 1.232383 4.032640
v 2.319468 1.232383 3.876264
v 2.319468 1.216976 3.876249
v 2.319468 1.216976 4.032656
v 2.492280 1.232383 4.039968
v 2.326839 1.232383 4.039968
v 2.326822 1.216976 4.039968
v 2.492297 1.216976 4.039968
v 2.346790 2.815290 4.020941
v 2.472329 2.815290 4.020941
v 2.332199 1.243158 3.888349
v 2.332199 1.243158 4.020555
v 2.332199 1.257953 4.020571
v 2.332199 1.257953 3.888334
v 2.332199 1.243158 4.020555
v 2.332199 1.243158 3.888349
v 2.479548 1.243158 4.027883
v 2.339571 1.243158 4.027883
v 2.479548 1.243158 3.881022
v 2.339571 1.243158 3.881022
v 2.339553 1.257953 3.881022
v 2.479566 1.257953 3.881022
v 2.339050 2.815290 3.895662
v 2.339050 2.815290 4.013243
v 2.480070 2.815290 4.013243
v 2.480070 2.815290 3.895662
v 2.338632 2.840400 3.879798
v 2.480487 2.840400 3.879798
v -2.498885 2.865853 4.031570
v -2.491156 2.865853 3.869663
v -2.496200 2.855119 3.864868
v -2.498886 2.865853 3.877334
v -2.496200 2.855119 3.864868
v -2.480487 2.840400 3.879798
v -2.479566 1.257953 3.881022
v -2.479548 1.243158 3.881022
v -2.479548 1.243158 3.881022
v -2.492280 1.232383 3.868937
v -2.492280 1.232383 3.868937
v -2.492297 1.216976 3.868937
v -2.479633 2.823735 3.880610
v -2.472329 2.815290 3.887964
v -2.480487 2.840400 3.879798
v -2.479633 2.823735 3.880610
v 2.498885 2.865853 3.877334
v 2.503938 2.855119 3.872548
v 2.503938 2.855119 3.872548
v 2.488209 2.840400 3.887468
v 2.486920 1.257953 3.888334
v 2.486920 1.243158 3.888349
v 2.486920 1.243158 3.888349
v 2.499651 1.232383 3.876264
v 2.499651 1.232383 3.876264
v 2.499651 1.216976 3.876249
v 2.487353 2.823735 3.888285
v 2.480070 2.815290 3.895662
v 2.488209 2.840400 3.887468
v 2.487353 2.823735 3.888285
v 0.229721 2.823735 3.888285
v 0.229721 2.823735 4.020620
v 0.228865 2.840400 4.021436
v 0.228865 2.840400 3.887468
v 0.386164 2.840400 4.021436
v 0.386164 2.840400 3.887468
v 0.401893 2.855119 3.872548
v 0.401893 2.855119 4.036357
v 0.220874 2.855119 4.044036
v 0.394155 2.855119 4.044036
v 0.389111 2.865853 4.039241
v 0.225918 2.865853 4.039241
v 0.394155 2.855119 3.864868
v 0.220874 2.855119 3.864868
v 0.225918 2.865853 3.869663
v 0.389111 2.865853 3.869663
v 0.396841 2.865853 3.877334
v 0.396841 2.865853 4.031570
v 0.236587 2.840400 4.029107
v 0.378442 2.840400 4.029107
v 0.228865 2.840400 3.887468
v 0.228865 2.840400 4.021436
v 0.213137 2.855119 4.036357
v 0.213137 2.855119 3.872548
v 0.385309 2.823735 4.020620
v 0.385309 2.823735 3.888285
v 0.386164 2.840400 3.887468
v 0.386164 2.840400 4.021436
v 0.378442 2.840400 3.879798
v 0.236587 2.840400 3.879798
v 0.237441 2.823735 3.880610
v 0.377589 2.823735 3.880610
v 0.370284 2.815290 3.887964
v 0.244745 2.815290 3.887964
v 0.230154 1.243158 4.020555
v 0.230154 1.257953 4.020571
v 0.230154 1.257953 3.888334
v 0.230154 1.243158 3.888349
v 0.237441 2.823735 4.028295
v 0.377589 2.823735 4.028295
v 0.378442 2.840400 4.029107
v 0.236587 2.840400 4.029107
v 0.390235 1.232383 3.868937
v 0.224794 1.232383 3.868937
v 0.237526 1.243158 3.881022
v 0.377503 1.243158 3.881022
v 0.377503 1.243158 4.027883
v 0.377521 1.257953 4.027883
v 0.237508 1.257953 4.027883
v 0.237526 1.243158 4.027883
v 0.217423 1.232383 3.876264
v 0.217423 1.216976 3.876249
v 0.217423 1.216976 4.032656
v 0.217423 1.232383 4.032640
v 0.390252 1.216976 3.868937
v 0.224777 1.216976 3.868937
v 0.230154 1.243158 4.020555
v 0.230154 1.243158 3.888349
v 0.397606 1.232383 4.032640
v 0.397606 1.216976 4.032656
v 0.397606 1.216976 3.876249
v 0.397606 1.232383 3.876264
v 0.224794 1.232383 4.039968
v 0.224777 1.216976 4.039968
v 0.390252 1.216976 4.039968
v 0.390235 1.232383 4.039968
v 0.244745 2.815290 4.020941
v 0.370284 2.815290 4.020941
v 0.384875 1.243158 3.888349
v 0.384875 1.257953 3.888334
v 0.384875 1.257953 4.020571
v 0.384875 1.243158 4.020555
v 0.384875 1.243158 3.888349
v 0.384875 1.243158 4.020555
v 0.377503 1.243158 4.027883
v 0.237526 1.243158 4.027883
v 0.237526 1.243158 3.881022
v 0.237508 1.257953 3.881022
v 0.377521 1.257953 3.881022
v 0.377503 1.243158 3.881022
v 0.378025 2.815290 4.013243
v 0.378025 2.815290 3.895662
v 1.518266 2.855119 3.872548
v 1.513214 2.865853 3.877334
v 1.513214 2.865853 4.031570
v 1.518266 2.855119 4.036357
v 0.237005 2.815290 3.895662
v 0.237005 2.815290 4.013243
v 0.236587 2.840400 3.879798
v 0.378442 2.840400 3.879798
v 1.501682 2.823735 3.888285
v 1.502538 2.840400 3.887468
v 1.502538 2.840400 4.021436
v 1.501682 2.823735 4.020620
v 1.345239 2.840400 4.021436
v 1.329510 2.855119 4.036357
v 1.329510 2.855119 3.872548
v 1.345239 2.840400 3.887468
v 1.510529 2.855119 4.044036
v 1.505485 2.865853 4.039241
v 1.342292 2.865853 4.039241
v 1.337247 2.855119 4.044036
v 1.337247 2.855119 3.864868
v 1.342292 2.865853 3.869663
v 1.505485 2.865853 3.869663
v 1.510529 2.855119 3.864868
v 1.334562 2.865853 4.031570
v 1.334562 2.865853 3.877334
v 1.494816 2.840400 4.029107
v 1.352961 2.840400 4.029107
v 1.502538 2.840400 3.887468
v 1.502538 2.840400 4.021436
v 1.346094 2.823735 4.020620
v 1.345239 2.840400 4.021436
v 1.345239 2.840400 3.887468
v 1.346094 2.823735 3.888285
v 1.352961 2.840400 3.879798
v 1.494816 2.840400 3.879798
v 1.493962 2.823735 3.880610
v 1.486658 2.815290 3.887964
v 1.361119 2.815290 3.887964
v 1.353814 2.823735 3.880610
v 1.501248 1.243158 4.020555
v 1.501248 1.243158 3.888349
v 1.501248 1.257953 3.888334
v 1.501248 1.257953 4.020571
v 1.493962 2.823735 4.028295
v 1.494816 2.840400 4.029107
v 1.352961 2.840400 4.029107
v 1.353814 2.823735 4.028295
v 1.513980 1.232383 3.876264
v 1.501248 1.243158 3.888349
v 1.501248 1.243158 4.020555
v 1.513980 1.232383 4.032640
v 1.341168 1.232383 3.868937
v 1.353899 1.243158 3.881022
v 1.493877 1.243158 3.881022
v 1.506609 1.232383 3.868937
v 1.513980 1.216976 4.032656
v 1.513980 1.216976 3.876249
v 1.506626 1.216976 3.868937
v 1.341150 1.216976 3.868937
v 1.353899 1.243158 4.027883
v 1.493877 1.243158 4.027883
v 1.493894 1.257953 4.027883
v 1.353882 1.257953 4.027883
v 1.333796 1.232383 4.032640
v 1.333796 1.232383 3.876264
v 1.333796 1.216976 3.876249
v 1.333796 1.216976 4.032656
v 1.506609 1.232383 4.039968
v 1.341168 1.232383 4.039968
v 1.341150 1.216976 4.039968
v 1.506626 1.216976 4.039968
v 1.361119 2.815290 4.020941
v 1.486658 2.815290 4.020941
v 1.346528 1.243158 3.888349
v 1.346528 1.243158 4.020555
v 1.346528 1.257953 4.020571
v 1.346528 1.257953 3.888334
v 1.346528 1.243158 4.020555
v 1.346528 1.243158 3.888349
v 1.493877 1.243158 4.027883
v 1.353899 1.243158 4.027883
v 1.493877 1.243158 3.881022
v 1.353899 1.243158 3.881022
v 1.353882 1.257953 3.881022
v 1.493894 1.257953 3.881022
v 1.353378 2.815290 3.895662
v 1.353378 2.815290 4.013243
v 1.494398 2.815290 4.013243
v 1.494398 2.815290 3.895662
v 1.352961 2.840400 3.879798
v 1.494816 2.840400 3.879798
v 0.218189 2.865853 4.031570
v 0.225918 2.865853 3.869663
v 0.220874 2.855119 3.864868
v 0.218189 2.865853 3.877334
v 0.220874 2.855119 3.864868
v 0.236587 2.840400 3.879798
v 0.237508 1.257953 3.881022
v 0.237526 1.243158 3.881022
v 0.237526 1.243158 3.881022
v 0.224794 1.232383 3.868937
v 0.224794 1.232383 3.868937
v 0.224777 1.216976 3.868937
v 0.237441 2.823735 3.880610
v 0.244745 2.815290 3.887964
v 0.236587 2.840400 3.879798
v 0.237441 2.823735 3.880610
v 1.513214 2.865853 3.877334
v 1.518266 2.855119 3.872548
v 1.518266 2.855119 3.872548
v 1.502538 2.840400 3.887468
v 1.501248 1.257953 3.888334
v 1.501248 1.243158 3.888349
v 1.501248 1.243158 3.888349
v 1.513980 1.232383 3.876264
v 1.513980 1.232383 3.876264
v 1.513980 1.216976 3.876249
v 1.501682 2.823735 3.888285
v 1.494398 2.815290 3.895662
v 1.502538 2.840400 3.887468
v 1.501682 2.823735 3.888285
v 2.415763 3.114054 2.802177
v -2.415763 3.114054 2.802177
v 0.261919 0.980578 5.360518
v 0.252421 0.980578 5.351019
v 0.252421 0.980578 5.265261
v 0.261919 0.980578 5.255762
v 0.353284 0.980578 5.255762
v 0.362783 0.980578 5.265261
v 0.362783 0.980578 5.351019
v 0.353284 0.980578 5.360518
v 1.460590 0.980578 5.351019
v 1.451091 0.980578 5.360518
v 1.359726 0.980578 5.360518
v 1.350228 0.980578 5.351019
v 1.350228 0.980578 5.265261
v 1.359726 0.980578 5.255762
v 1.451091 0.980578 5.255762
v 1.460590 0.980578 5.265261
v -1.948422 1.674463 4.042533
v -1.948422 1.823709 3.976902
v -1.990769 1.823709 3.976902
v -1.990769 1.731035 4.017655
v -1.949396 1.674463 4.042533
v -1.990769 1.731035 4.017655
v -1.990769 1.708313 4.003809
v -1.948422 1.665679 4.022558
v 1.368262 0.359657 5.080650
v 1.368262 0.258822 5.231556
v 0.344748 0.951895 4.194713
v 0.344748 0.951895 4.194713
v 0.344748 0.852881 4.343085
v 1.368262 0.951895 4.194713
v 1.368262 0.951895 4.194713
v 1.368262 0.852881 4.343085
v 1.368262 0.852881 4.343085
v 1.368262 0.753871 4.491164
v 1.368262 0.753871 4.491164
v 1.368262 0.654865 4.638948
v 1.368262 0.654865 4.638948
v 1.368262 0.555855 4.787027
v 1.368262 0.555855 4.787027
v 1.368262 0.458671 4.932855
v 1.368262 0.458671 4.932855
v 1.368262 0.359657 5.080650
v 0.344748 0.456841 4.935400
v 0.344748 0.357832 5.083478
v 0.344748 0.557681 4.784777
v 0.344748 0.456841 4.935400
v 1.368262 0.159812 5.379635
v 1.368262 0.060802 5.527713
v 1.368262 0.258822 5.231556
v 1.368262 0.263146 5.240093
v 1.368262 0.159812 5.379635
v 1.368262 0.060802 5.527713
v 0.344748 0.852881 4.343085
v 0.344748 0.753871 4.491164
v 0.344748 0.753871 4.491164
v 0.344748 0.654861 4.639242
v 0.344748 0.654861 4.639242
v 0.344748 0.557681 4.784777
v 0.344748 0.357832 5.083478
v 0.344748 0.258822 5.231556
v 0.344748 0.263146 5.240093
v 0.344748 0.258822 5.231556
v 0.344748 0.159812 5.379635
v 0.344748 0.159812 5.379635
v 0.344748 0.060802 5.527713
v 0.344748 0.060802 5.527713
v 1.368262 0.962041 4.205386
v 1.368262 0.956215 4.203543
v 0.344748 0.956215 4.203543
v 0.344748 0.962041 4.205386
v 1.368262 0.863031 4.353465
v 1.368262 0.857205 4.351622
v 0.344748 0.857205 4.351622
v 0.344748 0.863031 4.353465
v 1.368262 0.764021 4.501544
v 1.368262 0.758195 4.499700
v 0.344748 0.758195 4.499700
v 0.344748 0.764021 4.501544
v 1.368262 0.665011 4.649622
v 1.368262 0.659185 4.647779
v 0.344748 0.659182 4.647777
v 0.344748 0.665011 4.649622
v 1.357882 0.565902 4.787292
v 1.368262 0.566001 4.797700
v 1.368262 0.560173 4.795856
v 0.355129 0.567690 4.784522
v 0.344748 0.562004 4.793031
v 0.344748 0.567709 4.794874
v 0.355129 0.466892 4.935370
v 0.344748 0.461165 4.943935
v 0.344748 0.466991 4.945779
v 1.357882 0.468681 4.932601
v 1.368262 0.468699 4.942953
v 1.368262 0.462991 4.941108
v 0.355129 0.367882 5.083449
v 0.344748 0.362155 5.092014
v 0.344748 0.367982 5.093858
v 1.357882 0.369671 5.080679
v 1.368262 0.369689 5.091031
v 1.368262 0.363984 5.089189
v 1.357882 0.268853 5.231556
v 1.368262 0.268972 5.241936
v 1.368262 0.263146 5.240093
v 0.355129 0.268853 5.231556
v 0.344748 0.263146 5.240093
v 0.344748 0.268972 5.241936
v 1.357882 0.169844 5.379635
v 1.368262 0.169962 5.390015
v 1.368262 0.164136 5.388172
v 0.355129 0.169844 5.379635
v 0.344748 0.164136 5.388172
v 0.344748 0.169962 5.390015
v 1.357882 0.070834 5.527713
v 1.368262 0.070952 5.538093
v 1.368262 0.065126 5.536250
v 0.355129 0.070834 5.527713
v 0.344748 0.065126 5.536250
v 0.344748 0.070952 5.538093
v -2.486920 1.257953 4.020571
v -2.479566 1.257953 4.027883
v -2.339553 1.257953 4.027883
v -2.332199 1.257953 4.020571
v -2.332199 1.257953 3.888334
v -2.339553 1.257953 3.881022
v -2.479566 1.257953 3.881022
v -2.486920 1.257953 3.888334
v -2.472329 2.815290 4.020941
v -2.480070 2.815290 4.013243
v -2.480070 2.815290 3.895662
v -2.472329 2.815290 3.887964
v -2.346790 2.815290 3.887964
v -2.339050 2.815290 3.895662
v -2.339050 2.815290 4.013243
v -2.346790 2.815290 4.020941
v 2.479566 1.257953 4.027883
v 2.486920 1.257953 4.020571
v 2.486920 1.257953 3.888334
v 2.479566 1.257953 3.881022
v 2.339553 1.257953 3.881022
v 2.332199 1.257953 3.888334
v 2.332199 1.257953 4.020571
v 2.339553 1.257953 4.027883
v 2.480070 2.815290 4.013243
v 2.472329 2.815290 4.020941
v 2.346790 2.815290 4.020941
v 2.339050 2.815290 4.013243
v 2.339050 2.815290 3.895662
v 2.346790 2.815290 3.887964
v 2.472329 2.815290 3.887964
v 2.480070 2.815290 3.895662
v 0.230154 1.257953 4.020571
v 0.237508 1.257953 4.027883
v 0.377521 1.257953 4.027883
v 0.384875 1.257953 4.020571
v 0.384875 1.257953 3.888334
v 0.377521 1.257953 3.881022
v 0.237508 1.257953 3.881022
v 0.230154 1.257953 3.888334
v 0.244745 2.815290 4.020941
v 0.237005 2.815290 4.013243
v 0.237005 2.815290 3.895662
v 0.244745 2.815290 3.887964
v 0.370284 2.815290 3.887964
v 0.378025 2.815290 3.895662
v 0.378025 2.815290 4.013243
v 0.370284 2.815290 4.020941
v 1.493894 1.257953 4.027883
v 1.501248 1.257953 4.020571
v 1.501248 1.257953 3.888334
v 1.493894 1.257953 3.881022
v 1.353882 1.257953 3.881022
v 1.346528 1.257953 3.888334
v 1.346528 1.257953 4.020571
v 1.353882 1.257953 4.027883
v 1.494398 2.815290 4.013243
v 1.486658 2.815290 4.020941
v 1.361119 2.815290 4.020941
v 1.353378 2.815290 4.013243
v 1.353378 2.815290 3.895662
v 1.361119 2.815290 3.887964
v 1.486658 2.815290 3.887964
v 1.494398 2.815290 3.895662
v -1.949396 1.674463 4.042533
vn -0.1020 -0.9945 -0.0234
vn -0.1478 -0.7747 -0.6148
vn 0.2787 -0.8502 -0.4466
vn 0.0471 -0.9984 -0.0327
vn -0.3380 -0.9412 -0.0011
vn -0.0000 -1.0000 -0.0000
vn 0.5713 -0.5756 0.5851
vn 0.8537 -0.3522 0.3835
vn -0.2752 -0.9422 -0.1913
vn -0.0985 -0.9928 -0.0685
vn 0.6901 -0.0593 -0.7212
vn 0.8758 -0.3639 -0.3171
vn 0.6893 0.1180 -0.7148
vn -0.3133 -0.9282 -0.2007
vn -0.2881 -0.3764 -0.8805
vn -0.2890 -0.4267 0.8569
vn -0.5713 -0.5756 0.5851
vn 0.2752 -0.9422 -0.1913
vn 0.0985 -0.9928 -0.0685
vn -0.2984 -0.0787 -0.9512
vn -0.3668 -0.0280 -0.9299
vn -0.6857 -0.1167 -0.7185
vn 0.4416 -0.4625 -0.7689
vn 0.1332 -0.2814 -0.9503
vn 0.1789 -0.2690 -0.9464
vn 0.8731 0.3563 -0.3327
vn 0.3517 0.3156 -0.8813
vn 0.3191 0.8690 -0.3783
vn 0.3532 -0.3113 -0.8823
vn 0.8731 -0.3575 -0.3316
vn 0.3172 -0.8671 -0.3841
vn 0.3483 -0.3253 -0.8791
vn 0.8736 -0.3527 -0.3354
vn 0.3248 -0.8725 -0.3650
vn 0.8153 -0.5178 -0.2590
vn 0.2511 -0.4781 -0.8416
vn 0.1014 -0.9900 -0.0978
vn -0.8731 0.3563 -0.3327
vn -0.3191 0.8690 -0.3783
vn -0.3517 0.3156 -0.8813
vn -0.3531 -0.3113 -0.8823
vn -0.3172 -0.8671 -0.3841
vn -0.8731 -0.3575 -0.3316
vn -0.3483 -0.3253 -0.8791
vn -0.3248 -0.8725 -0.3650
vn -0.8736 -0.3527 -0.3354
vn -0.8153 -0.5178 -0.2590
vn -0.1014 -0.9900 -0.0978
vn -0.2511 -0.4782 -0.8416
vn -0.8629 0.3619 0.3528
vn -0.6698 0.3206 0.6698
vn -0.5181 0.6806 0.5181
vn -0.6698 0.3206 -0.6698
vn -0.8629 0.3619 -0.3528
vn -0.5181 0.6806 -0.5181
vn 0.6698 0.3206 -0.6698
vn 0.3528 0.3619 -0.8629
vn 0.5181 0.6806 -0.5181
vn 0.3527 0.3619 0.8629
vn 0.6698 0.3206 0.6698
vn 0.5181 0.6806 0.5181
vn -0.7146 0.6453 0.2701
vn -0.5282 0.6602 0.5340
vn -0.5283 0.8438 0.0939
vn -0.3857 0.8347 -0.3931
vn -0.7146 0.6453 -0.2702
vn -0.5283 0.8438 -0.0938
vn 0.3857 0.8347 -0.3931
vn 0.2661 0.6380 -0.7226
vn 0.0917 0.8395 -0.5356
vn 0.2661 0.6380 0.7226
vn 0.3858 0.8347 0.3931
vn 0.0917 0.8395 0.5356
vn 0.3528 0.3619 0.8629
vn 0.5290 0.6589 0.5348
vn 0.3858 0.8347 -0.3931
vn -0.7146 0.6453 -0.2701
vn -0.5283 0.8438 -0.0939
vn -0.3858 0.8347 -0.3931
vn -0.3858 0.8347 0.3931
vn 0.3691 0.5923 -0.7162
vn 0.6782 -0.6011 0.4227
vn -0.0000 -0.6526 -0.7577
vn -0.4084 0.4527 0.7926
vn 1.0000 -0.0000 -0.0000
vn 0.9130 -0.0489 0.4050
vn 0.9517 0.0754 0.2975
vn -1.0000 -0.0000 -0.0000
vn -0.9517 0.0754 0.2975
vn -0.9130 -0.0489 0.4050
vn 0.9399 0.0370 0.3395
vn 0.5930 0.2104 0.7772
vn 0.9639 0.1346 0.2296
vn -0.4391 0.4543 0.7751
vn -0.9841 0.0897 0.1531
vn -0.9639 0.1346 0.2297
vn -0.2418 -0.6861 0.6861
vn -0.3416 -0.3416 0.8756
vn -0.5773 -0.5774 0.5774
vn 0.3416 -0.3416 0.8756
vn 0.2418 -0.6862 0.6861
vn 0.5773 -0.5774 0.5774
vn 0.0553 -0.1477 0.9875
vn 0.2089 -0.4746 0.8551
vn -0.0002 -0.2707 0.9627
vn -0.0000 -0.0000 1.0000
vn -0.4153 -0.7960 -0.4402
vn -0.4626 -0.8866 0.0002
vn -0.0000 -0.8837 -0.4680
vn -0.4220 -0.9066 -0.0037
vn -0.3931 -0.8556 0.3368
vn -0.0004 -0.8905 0.4550
vn -0.0553 -0.1477 0.9875
vn -0.2082 -0.4746 0.8552
vn 0.3612 -0.8871 -0.2872
vn 0.3624 -0.9320 0.0001
vn -0.0977 -0.1873 -0.9774
vn -0.0000 -0.0000 -1.0000
vn -0.0000 -0.2509 -0.9680
vn -0.0000 -0.9563 0.2925
vn 0.4220 -0.9066 -0.0037
vn 0.3935 -0.8553 0.3371
vn -0.3396 -0.1077 -0.9344
vn -0.9538 -0.3004 -0.0029
vn -0.8784 -0.4779 -0.0027
vn -0.9529 -0.3034 -0.0014
vn -0.9851 -0.1721 -0.0000
vn 0.8761 -0.2768 -0.3947
vn 0.9163 -0.1601 0.3670
vn 0.8538 -0.3522 0.3835
vn 0.6967 -0.1217 0.7070
vn 0.6978 -0.1217 0.7059
vn 0.6740 -0.2139 -0.7071
vn 0.8330 -0.5532 -0.0026
vn -0.0000 -0.1630 -0.9866
vn -0.2381 -0.9712 0.0001
vn -0.0000 -0.4787 0.8780
vn -0.2890 -0.4267 0.8570
vn -0.6967 -0.1215 0.7070
vn -0.6977 -0.1219 0.7059
vn -0.4127 -0.0720 0.9080
vn -0.6741 -0.2137 -0.7071
vn -0.8332 -0.5530 -0.0029
vn 0.2381 -0.9712 0.0001
vn 0.3643 -0.9313 -0.0000
vn 0.9122 -0.4099 -0.0000
vn 0.9161 -0.4009 -0.0000
vn 0.9132 0.4075 -0.0000
vn -0.0000 -0.3583 -0.9336
vn -0.0000 0.3445 -0.9388
vn -0.0000 -0.3384 -0.9410
vn -0.0000 -0.9135 -0.4068
vn -0.0000 1.0000 -0.0000
vn -0.0000 0.9074 -0.4203
vn -0.0000 -0.9047 -0.4261
vn 0.3552 -0.9348 -0.0000
vn -0.3643 -0.9313 -0.0000
vn -0.9121 -0.4099 -0.0000
vn -0.9161 -0.4009 -0.0000
vn -0.9132 0.4075 -0.0000
vn -0.3576 0.9339 -0.0000
vn -0.3552 -0.9348 -0.0000
vn 0.3576 0.9339 -0.0000
vn 0.3827 -0.0000 0.9239
vn -0.3827 -0.0000 0.9239
vn 0.9239 -0.0000 -0.3827
vn 0.9239 -0.0000 0.3827
vn 0.3827 -0.0000 -0.9239
vn -0.9239 -0.0000 -0.3827
vn -0.9239 -0.0000 0.3827
vn -0.3827 -0.0000 -0.9239
vn -0.7071 -0.0000 -0.7071
vn 0.7071 -0.0000 -0.7071
vn 0.0322 0.9245 -0.3797
vn -0.0000 0.9238 -0.3828
vn -0.0000 0.9238 0.3829
vn 0.0322 0.9245 0.3797
vn -0.0083 -0.3926 -0.9197
vn -0.0130 -0.3751 -0.9269
vn 0.0139 0.3896 -0.9209
vn 0.0076 0.3721 -0.9281
vn -0.0167 -0.4833 -0.8753
vn -0.0000 -0.4925 -0.8703
vn -0.0000 0.0379 -0.9993
vn 0.0013 0.0379 -0.9993
vn -0.0167 -0.4833 0.8753
vn -0.0000 -0.4924 0.8703
vn -0.0354 -0.9994 -0.0000
vn -0.0000 -0.3825 -0.9240
vn -0.0000 0.3825 -0.9239
vn 0.0139 0.3897 0.9209
vn -0.0000 0.3825 0.9240
vn 0.0013 0.0379 0.9993
vn -0.0000 0.0379 0.9993
vn -0.0000 0.1084 -0.9941
vn -0.0000 0.1085 -0.9941
vn -0.0000 0.1085 0.9941
vn -0.0132 0.9242 -0.3816
vn 0.0193 0.9218 -0.3871
vn 0.0193 0.9218 0.3871
vn -0.0132 0.9242 0.3816
vn 0.0076 0.3721 0.9281
vn 0.0133 -0.9232 0.3840
vn -0.0190 -0.9254 0.3786
vn -0.0190 -0.9254 -0.3786
vn 0.0133 -0.9232 -0.3841
vn -0.0005 0.0379 0.9993
vn 0.0008 0.0379 0.9993
vn -0.0106 -0.5047 0.8632
vn 0.0070 -0.4888 0.8724
vn 0.0144 -0.9999 -0.0000
vn -0.0204 -0.9998 -0.0000
vn -0.0106 -0.5047 -0.8632
vn 0.0070 -0.4888 -0.8724
vn 0.0008 0.0379 -0.9993
vn -0.0005 0.0379 -0.9993
vn 0.0054 -0.3795 -0.9252
vn -0.0056 0.3855 -0.9227
vn -0.0056 0.3855 0.9227
vn -0.0326 -0.9220 0.3858
vn -0.0326 -0.9220 -0.3858
vn -0.0000 0.9238 0.3828
vn -0.0000 -0.9238 0.3828
vn -0.0000 -0.9238 -0.3829
vn -0.0000 -0.3826 -0.9239
vn -0.0000 0.3825 0.9239
vn -0.0000 -0.4924 -0.8703
vn -0.0000 -0.4925 0.8703
vn -0.0000 -0.9238 -0.3828
vn -0.0244 -0.7066 0.7072
vn -0.0000 -0.7069 0.7073
vn 0.0101 -0.7068 0.7073
vn 0.0202 -0.7067 0.7072
vn -0.0496 -0.7060 0.7065
vn -0.9246 0.0068 0.3808
vn -0.9224 0.0282 0.3853
vn -0.9224 0.0282 -0.3853
vn -0.9246 0.0068 -0.3808
vn 1.0000 -0.0074 -0.0000
vn 0.9995 -0.0306 -0.0000
vn 0.9246 -0.0283 0.3800
vn 0.9230 -0.0069 0.3847
vn -0.3874 0.0029 -0.9219
vn -0.3762 0.0115 -0.9265
vn 0.3889 -0.0119 -0.9212
vn 0.3778 -0.0028 -0.9259
vn 0.2827 0.9166 0.2827
vn 0.2827 0.9166 -0.2828
vn -0.2827 0.9166 -0.2827
vn -0.2827 0.9166 0.2828
vn 0.9353 0.3539 -0.0000
vn -0.0000 0.3539 0.9353
vn -0.0000 0.3539 -0.9353
vn -0.8053 0.4631 0.3702
vn -0.8053 0.4631 -0.3702
vn -0.8881 -0.3251 0.3251
vn -0.9322 0.0209 0.3613
vn -0.9322 -0.3613 -0.0209
vn -0.6009 0.5652 0.5652
vn -0.7071 0.7071 -0.0000
vn -0.5529 0.5892 -0.5892
vn -0.9322 -0.0209 -0.3613
vn -0.9253 -0.2682 -0.2682
vn -0.3251 -0.3251 -0.8881
vn -0.3613 0.0209 -0.9322
vn 0.0209 -0.3613 -0.9322
vn -0.0229 0.7069 -0.7069
vn 0.6009 0.5652 -0.5652
vn 0.3613 -0.0209 -0.9322
vn 0.2682 -0.2682 -0.9253
vn 0.8881 -0.3251 -0.3251
vn 0.9322 0.0209 -0.3613
vn 0.9322 -0.3613 0.0209
vn 0.7071 0.7071 -0.0000
vn 0.5529 0.5892 0.5892
vn 0.9322 -0.0209 0.3613
vn 0.9253 -0.2682 0.2682
vn 0.3543 -0.6612 0.6612
vn 0.3613 0.0209 0.9322
vn -0.0229 -0.7069 0.7069
vn 0.0229 0.7069 0.7069
vn -0.3613 -0.0209 0.9322
vn -0.3029 -0.6739 0.6739
vn -0.3251 -0.8881 -0.3251
vn 0.0209 -0.9322 -0.3613
vn -0.3613 -0.9322 0.0209
vn 0.2682 -0.9253 -0.2682
vn 0.3613 -0.9322 -0.0209
vn 0.9232 -0.0145 0.3840
vn 0.9232 -0.0145 -0.3841
vn 0.9246 0.0068 -0.3808
vn 0.9247 0.0068 0.3808
vn 0.8053 0.4631 -0.3702
vn 0.7896 0.5704 -0.2260
vn 0.7896 0.5705 0.2260
vn 0.8053 0.4631 0.3702
vn 0.3730 0.4563 0.8079
vn -0.0000 0.5585 0.8295
vn -0.0000 0.3552 0.9348
vn -0.3730 0.4564 -0.8079
vn -0.2227 0.5604 -0.7977
vn 0.3730 0.4564 -0.8079
vn 0.3859 0.0061 0.9225
vn 0.3778 -0.0028 0.9259
vn -0.3874 0.0029 0.9219
vn -0.3793 -0.0060 0.9252
vn 0.9999 0.0157 -0.0000
vn 0.9243 0.0146 0.3814
vn 0.3889 -0.0119 0.9212
vn -0.3762 0.0115 0.9265
vn -0.3793 -0.0060 -0.9252
vn 0.3859 0.0061 -0.9225
vn 0.9224 0.0282 -0.3853
vn 0.9224 0.0282 0.3852
vn -0.9230 -0.0069 -0.3848
vn -0.9230 -0.0069 0.3847
vn -0.9246 -0.0283 0.3800
vn -0.9246 -0.0283 -0.3800
vn 0.3874 0.0029 -0.9219
vn 0.3762 0.0115 -0.9265
vn 0.2828 0.9166 0.2827
vn -0.2828 0.9166 -0.2828
vn 0.9284 0.3717 -0.0000
vn 0.7896 0.5705 -0.2260
vn 0.8199 0.5726 -0.0000
vn 0.8881 -0.3251 0.3251
vn 0.9322 -0.3613 -0.0209
vn 0.9322 0.0209 0.3613
vn 0.6009 0.5652 0.5652
vn 0.9322 -0.0209 -0.3613
vn 0.5529 0.5892 -0.5892
vn 0.9253 -0.2682 -0.2682
vn 0.3251 -0.3251 -0.8881
vn -0.0209 -0.3613 -0.9322
vn 0.3613 0.0209 -0.9322
vn 0.0229 0.7069 -0.7069
vn -0.3613 -0.0209 -0.9322
vn -0.6009 0.5652 -0.5652
vn -0.2682 -0.2682 -0.9253
vn -0.8881 -0.3251 -0.3251
vn -0.9322 -0.3613 0.0209
vn -0.9322 0.0209 -0.3613
vn -0.9322 -0.0209 0.3613
vn -0.5529 0.5892 0.5892
vn -0.9253 -0.2682 0.2682
vn -0.3543 -0.6612 0.6612
vn 0.0229 -0.7069 0.7069
vn -0.3613 0.0209 0.9322
vn -0.0229 0.7069 0.7069
vn 0.3613 -0.0209 0.9322
vn 0.3029 -0.6739 0.6739
vn 0.3251 -0.8881 -0.3251
vn 0.3613 -0.9322 0.0209
vn -0.0209 -0.9322 -0.3613
vn -0.3613 -0.9322 -0.0209
vn -0.2682 -0.9253 -0.2682
vn -0.3730 0.4563 0.8079
vn -0.2227 0.5605 0.7977
vn 0.3730 0.4563 -0.8079
vn -0.3730 0.4564 -0.8078
vn -0.2227 0.5605 -0.7977
vn -0.3859 0.0061 0.9225
vn 0.3794 -0.0060 0.9252
vn 0.3874 0.0029 0.9219
vn -0.3778 -0.0028 0.9259
vn -0.9243 0.0146 -0.3814
vn -0.9243 0.0146 0.3814
vn 0.3762 0.0115 0.9265
vn -0.3889 -0.0119 0.9212
vn 0.3793 -0.0060 -0.9252
vn -0.9232 -0.0145 -0.3841
vn 0.7070 -0.0053 -0.7072
vn 0.7070 0.0111 -0.7072
vn -0.7071 -0.0000 0.7071
vn 0.7071 -0.0000 0.7071
vn -0.6170 0.4831 0.6212
vn -0.0000 0.8232 0.5678
vn 0.5605 0.8282 -0.0000
vn -0.0000 0.8232 -0.5678
vn 0.7068 -0.0216 -0.7070
vn -0.9232 -0.0145 0.3841
vn -0.7070 -0.0052 -0.7072
vn -0.7070 0.0111 -0.7072
vn 0.6170 0.4831 0.6213
vn 0.5605 0.8281 -0.0000
vn -0.7068 -0.0216 -0.7071
vn 0.9999 0.0135 0.0031
vn 0.9999 0.0139 -0.0000
vn 0.9999 0.0139 0.0003
vn 0.9999 0.0135 0.0033
vn -0.9999 -0.0139 -0.0031
vn -0.9999 -0.0135 -0.0000
vn -0.9999 -0.0135 -0.0003
vn -0.9999 -0.0139 -0.0034
vn 0.9975 -0.0691 -0.0160
vn 0.9975 -0.0710 -0.0000
vn 0.9975 -0.0709 -0.0013
vn 0.9975 -0.0690 -0.0171
vn -0.9974 0.0709 0.0161
vn -0.9976 0.0690 -0.0000
vn -0.9976 0.0692 0.0013
vn -0.9973 0.0710 0.0176
vn 0.9995 -0.0327 -0.0008
vn 0.9994 -0.0333 -0.0000
vn 0.9995 -0.0329 -0.0005
vn 0.9995 -0.0323 -0.0013
vn -0.9995 0.0331 0.0023
vn -0.9995 0.0323 -0.0000
vn -0.9995 0.0325 0.0006
vn -0.9994 0.0333 0.0029
vn -0.9736 -0.2183 -0.0671
vn -0.9754 -0.2140 -0.0531
vn -0.9748 -0.2154 -0.0576
vn -0.9729 -0.2197 -0.0718
vn 0.9743 0.2151 0.0667
vn 0.9740 0.2200 0.0546
vn 0.9741 0.2187 0.0579
vn 0.9744 0.2138 0.0698
vn 0.9394 -0.3419 -0.0244
vn 0.9382 -0.3449 -0.0300
vn 0.9405 -0.3392 -0.0195
vn 0.9417 -0.3363 -0.0140
vn -0.9990 0.0422 0.0129
vn -0.9991 0.0413 0.0102
vn -0.9991 0.0416 0.0110
vn -0.9990 0.0425 0.0139
vn 0.9991 -0.0415 -0.0129
vn 0.9990 -0.0425 -0.0105
vn 0.9990 -0.0422 -0.0111
vn 0.9991 -0.0413 -0.0135
vn 0.9243 0.3149 0.2155
vn 0.9228 0.3191 0.2159
vn -0.3819 0.7544 0.5339
vn -0.3831 0.7567 0.5297
vn 0.3831 0.7567 0.5297
vn 0.3819 0.7544 0.5339
vn -0.9246 -0.3109 -0.2200
vn -0.9234 -0.3144 -0.2201
vn -0.9243 0.3126 0.2188
vn -0.9231 0.3138 0.2221
vn 0.3822 -0.7626 -0.5219
vn 0.3837 -0.7648 -0.5175
vn -0.3837 -0.7648 -0.5175
vn -0.3822 -0.7626 -0.5219
vn -0.0000 -0.8163 -0.5777
vn -0.0000 -0.8192 -0.5735
vn -0.8696 -0.4045 -0.2832
vn -0.8716 -0.4002 -0.2832
vn 0.8716 -0.4002 -0.2832
vn 0.8696 -0.4045 -0.2832
vn -0.9993 0.0311 0.0217
vn -0.9993 0.0309 0.0219
vn -0.0000 0.8213 0.5706
vn 0.9941 0.0891 0.0619
vn -0.9941 0.0891 0.0619
vn -0.0000 -0.8213 -0.5706
vn -0.9234 -0.3167 -0.2167
vn -0.9249 -0.3148 -0.2130
vn -0.9228 0.3191 0.2159
vn -0.9243 0.3149 0.2155
vn -0.3822 -0.7571 -0.5299
vn 0.3822 -0.7571 -0.5299
vn 0.9993 0.0309 0.0219
vn 0.9993 0.0311 0.0217
vn -0.3831 0.7623 0.5217
vn -0.3816 0.7655 0.5180
vn 0.3816 0.7655 0.5180
vn 0.3831 0.7623 0.5217
vn -0.0000 -0.8250 -0.5651
vn -0.0000 -0.8279 -0.5608
vn -0.8720 -0.4053 -0.2745
vn -0.8696 -0.4074 -0.2790
vn 0.9993 0.0313 0.0214
vn 0.9993 0.0314 0.0213
vn 0.8720 -0.4053 -0.2745
vn 0.8696 -0.4074 -0.2790
vn -0.9993 0.0314 0.0213
vn -0.9993 0.0313 0.0214
vn 0.9243 0.3126 0.2188
vn 0.9231 0.3138 0.2221
vn 0.7071 -0.5814 -0.4024
vn 0.7071 -0.5772 -0.4085
vn 0.3834 -0.7539 -0.5336
vn -0.3834 -0.7538 -0.5336
vn 0.7071 -0.5856 -0.3963
vn 0.7071 -0.5857 -0.3963
vn 0.9246 -0.3109 -0.2200
vn 0.9231 0.3139 0.2221
vn 0.9234 -0.3144 -0.2201
vn 0.9234 -0.3167 -0.2167
vn 0.9249 -0.3148 -0.2130
vn -0.3823 -0.7571 -0.5299
vn 0.3823 -0.7571 -0.5299
vn -0.7071 -0.5814 -0.4024
vn -0.7071 -0.5772 -0.4085
vn -0.3834 -0.7539 -0.5336
vn -0.7071 -0.5771 -0.4085
vn 0.3834 -0.7538 -0.5336
vn -0.7071 -0.5856 -0.3963
vn -0.7071 -0.5857 -0.3963
vn -0.0000 -0.0366 -0.9993
vn -0.0000 0.0366 0.9993
vn 0.6910 0.7142 0.1115
vn -0.0000 -0.0359 -0.9994
vn -0.0000 0.0359 0.9994
vn -0.9994 -0.0345 -0.0000
vn -0.0000 -0.1096 -0.9940
vn 0.9994 0.0345 -0.0000
vn -0.0000 0.1096 0.9940
vn -0.9988 0.0481 -0.0000
vn -0.0000 -0.0513 -0.9987
vn 0.9988 -0.0481 -0.0000
vn -0.0000 0.0513 0.9987
vn -0.0000 -0.0204 0.9998
vn -0.0000 0.0204 -0.9998
vn -0.0000 -0.1687 0.9857
vn -0.0000 0.1687 -0.9857
vn -0.0000 -0.4025 -0.9154
vn -0.0000 -0.4026 -0.9154
vn -0.0000 -0.1522 0.9884
vn 0.9897 0.1429 -0.0000
vn -0.0000 0.1522 -0.9884
vn -0.9897 -0.1429 -0.0000
vn -0.0000 -0.0494 0.9988
vn 0.9999 -0.0155 -0.0000
vn -0.0000 0.0494 -0.9988
vn -0.9999 0.0155 -0.0000
vn -0.0000 0.9239 -0.3827
vn -0.0000 0.9239 0.3827
vn -0.0000 -0.3827 -0.9239
vn -0.0000 0.3827 -0.9239
vn -0.0000 0.3827 0.9239
vn -0.0000 -0.7071 0.7071
vn -0.0000 -0.7072 0.7070
vn -0.0000 -0.9239 0.3826
vn -0.0000 -0.9239 0.3827
vn -0.0000 -0.9239 -0.3826
vn -0.0000 -0.9239 -0.3827
vn 0.2228 0.5046 -0.8341
vn -0.0000 -0.1269 0.9919
vn -0.0259 -0.0765 -0.9967
vn -0.0000 -0.0834 -0.9965
vn -0.0050 -0.0821 -0.9966
vn -0.0299 -0.0754 -0.9967
vn 0.0285 0.0896 0.9956
vn -0.0000 0.0821 0.9966
vn 0.0060 0.0837 0.9965
vn 0.0364 0.0916 0.9951
vn 0.0008 0.0128 -0.9999
vn 0.0052 0.0117 -0.9999
vn 0.0045 0.0118 -0.9999
vn -0.0000 0.0130 -0.9999
vn -0.0006 -0.0099 1.0000
vn -0.0047 -0.0107 0.9999
vn -0.0040 -0.0105 0.9999
vn -0.0000 -0.0098 1.0000
vn -0.3156 -0.7947 0.5185
vn -0.0000 0.1269 -0.9919
vn -0.0000 -0.1269 -0.9919
vn -0.0000 0.1269 0.9919
vn -0.3827 0.9239 -0.0000
vn 0.3827 0.9239 -0.0000
vn -0.8703 -0.4924 -0.0000
vn -0.9993 0.0379 -0.0000
vn 0.8703 -0.4924 -0.0000
vn -0.9239 -0.3827 -0.0000
vn -0.9239 0.3827 -0.0000
vn 0.9239 0.3827 -0.0000
vn 0.9993 0.0379 -0.0000
vn -0.9941 0.1085 -0.0000
vn 0.9941 0.1085 -0.0000
vn 0.7071 -0.7071 -0.0000
vn 0.3827 -0.9239 -0.0000
vn -0.3827 -0.9239 -0.0000
vn 0.6903 0.0171 0.7233
vn 0.7174 -0.0614 0.6940
vn -0.6866 0.0367 0.7261
vn -0.7305 -0.0116 0.6828
vn -0.9975 0.0700 -0.0000
vn -0.9998 -0.0194 -0.0000
vn -0.0000 -0.0042 -1.0000
vn -0.0000 0.0158 -0.9999
vn 0.7251 -0.0400 -0.6875
vn 0.6810 0.0097 -0.7322
vn 0.7213 0.0908 0.6866
vn 0.6484 0.2270 0.7266
vn -0.7659 -0.1320 0.6293
vn -0.6575 -0.0320 0.7527
vn -0.9707 -0.2403 -0.0000
vn -0.9949 -0.1005 -0.0000
vn -0.0000 -0.0399 -0.9992
vn -0.0000 -0.0911 -0.9958
vn 0.6212 0.0825 -0.7793
vn 0.7458 0.0534 -0.6640
vn 0.7339 0.0638 -0.6762
vn 0.7214 0.0962 0.6858
vn -0.0000 -0.0248 -0.9997
vn -0.6740 -0.0557 0.7366
vn -0.9940 -0.1091 -0.0000
vn 0.6919 -0.0203 -0.7217
vn 0.6994 -0.0459 0.7133
vn -0.0000 0.0176 -0.9998
vn -0.7213 0.0222 0.6923
vn -0.9989 0.0476 -0.0000
vn -0.0000 -0.1199 0.9928
vn 0.9119 -0.0492 0.4074
vn 0.9399 0.0370 0.3396
vn -0.0011 -0.8314 -0.5557
vn -0.0000 -0.8315 -0.5556
vn 0.4228 -0.7534 -0.5036
vn 0.3013 -0.7927 -0.5300
vn -0.0000 -0.8313 -0.5558
vn 0.4228 -0.7533 -0.5037
vn 0.3156 -0.7888 -0.5274
vn -0.3196 -0.7877 -0.5267
vn -0.4228 -0.7533 -0.5037
vn -0.9399 0.0370 0.3396
vn -0.9119 -0.0492 0.4074
vn -0.3156 -0.7888 -0.5274
vn -0.0001 -0.8314 -0.5557
vn -0.0013 -0.8313 -0.5558
vn 0.4338 -0.7491 -0.5007
vn 0.3157 -0.7889 -0.5272
vn -0.3157 -0.7889 -0.5272
vn -0.4207 -0.7543 -0.5040
vn -0.9398 0.0370 0.3396
vn -0.0012 -0.8312 -0.5560
vn 0.4228 -0.7533 -0.5038
vn 0.3012 -0.7926 -0.5302
vn 0.9395 0.0356 0.3406
vn -0.0028 -0.1220 0.9925
vn -0.0000 -0.1495 0.9888
vn -0.0002 -0.1476 0.9890
vn -0.0030 -0.1202 0.9927
vn 0.9516 0.0755 0.2980
vn -0.3117 -0.7899 -0.5281
vn -0.9415 0.0319 0.3354
vn -0.9090 -0.0623 0.4120
vn 0.0028 -0.1476 0.9890
vn -0.0000 -0.1202 0.9928
vn 0.0002 -0.1221 0.9925
vn 0.0030 -0.1495 0.9888
vn -0.0001 -0.8312 -0.5559
vn -0.0013 -0.8311 -0.5561
vn 0.4337 -0.7489 -0.5010
vn 0.3195 -0.7877 -0.5267
vn 0.9090 -0.0625 0.4121
vn 0.9415 0.0320 0.3354
vn 0.9101 -0.0621 0.4097
vn 0.9412 0.0307 0.3365
vn 0.4207 -0.7543 -0.5040
vn 0.3118 -0.7900 -0.5279
vn 0.4249 -0.7525 -0.5033
vn 0.2973 -0.7936 -0.5309
vn -0.0012 -0.8312 -0.5559
vn -0.3345 -0.7834 -0.5239
vn -0.4229 -0.7532 -0.5038
vn -0.0000 -0.8311 -0.5561
vn -0.9396 0.0371 0.3402
vn -0.9119 -0.0493 0.4074
vn 0.9856 0.1407 0.0941
vn 0.3719 -0.1113 0.9216
vn -0.3708 -0.1113 0.9220
vn -0.3351 -0.1130 0.9354
vn 0.3351 -0.1130 0.9354
vn -0.0001 -0.8313 -0.5557
vn -0.4099 -0.7583 -0.5069
vn -0.0013 -0.8315 -0.5556
vn 0.3708 -0.1113 0.9220
vn -0.3709 -0.1113 0.9220
vn 0.4358 -0.7483 -0.5002
vn 0.9856 0.1406 0.0940
vn -0.9856 0.1406 0.0940
vn 0.9841 0.0897 0.1531
vn -0.9841 0.0898 0.1531
vn -0.4250 -0.7525 -0.5031
vn -0.9516 0.0756 0.2980
vn -0.9130 -0.0490 0.4050
vn 0.7069 -0.0848 0.7022
vn 0.5030 0.5809 0.6400
vn -0.5030 0.5809 0.6400
vn -0.7069 -0.0848 0.7022
vn 0.7794 0.3784 0.4993
vn 0.9646 -0.2193 -0.1465
vn 0.8567 -0.4289 -0.2866
vn -0.7794 0.3784 0.4993
vn -0.8567 -0.4289 -0.2866
vn -0.9625 -0.2255 -0.1507
vn 0.7795 0.3784 0.4993
vn -0.7794 0.3783 0.4993
vn 0.7836 0.3754 0.4950
vn 0.7068 -0.0848 0.7023
vn 0.7059 -0.0851 0.7031
vn 0.9625 -0.2255 -0.1507
vn 0.8529 -0.4341 -0.2901
vn -0.7060 -0.0849 0.7031
vn -0.7069 -0.0850 0.7021
vn -0.7069 -0.0850 0.7022
vn 0.9663 -0.2141 -0.1431
vn 0.7070 -0.0848 0.7021
vn 0.7070 -0.0848 0.7022
vn -0.7070 -0.0848 0.7022
vn -0.7070 -0.0848 0.7021
vn 0.9643 -0.2202 -0.1472
vn 0.8580 -0.4270 -0.2855
vn -0.8605 -0.4235 -0.2832
vn -0.9643 -0.2202 -0.1472
vn 0.8566 -0.4289 -0.2868
vn -0.8566 -0.4289 -0.2868
vn 0.9643 -0.2201 -0.1473
vn 0.8580 -0.4270 -0.2857
vn 0.9646 -0.2192 -0.1466
vn 0.8605 -0.4235 -0.2832
vn -0.7078 -0.1058 0.6985
vn -0.7069 -0.1058 0.6994
vn -0.8528 -0.4342 -0.2903
vn 0.7070 -0.1060 0.6993
vn 0.7079 -0.1056 0.6984
vn -0.9659 -0.2151 -0.1438
vn 0.7069 -0.1060 0.6993
vn 0.9659 -0.2151 -0.1439
vn 0.8541 -0.4322 -0.2892
vn -0.8591 -0.4254 -0.2845
vn -0.8566 -0.4289 -0.2867
vn -0.9622 -0.2264 -0.1514
vn 0.9239 -0.3827 -0.0000
vn 0.9239 -0.2706 0.2706
vn -0.9239 -0.2706 0.2706
vn -0.7071 -0.7071 -0.0000
vn 0.9053 -0.4248 -0.0000
vn -0.3204 -0.1602 0.9336
vn 0.3204 -0.1602 0.9336
vn -0.5621 -0.8271 -0.0000
vn 0.3280 -0.9337 -0.1436
vn -0.2501 -0.3126 -0.9164
vn 0.2501 -0.3126 -0.9164
vn -0.9675 -0.2527 -0.0000
vn 0.0892 -0.9202 0.3811
vn -0.0892 -0.9202 0.3811
vn -0.0000 -0.9850 -0.1724
vn -0.1079 -0.9631 -0.2465
vn -0.9053 -0.4248 -0.0000
vn 0.5621 -0.8271 -0.0000
vn -0.2527 -0.9675 -0.0000
vn 0.1761 -0.9685 0.1761
vn 0.3574 -0.8629 0.3574
vn -0.1761 -0.9685 0.1761
vn -0.3574 -0.8629 0.3574
vn -0.2353 -0.9430 -0.2353
vn -0.4706 -0.7463 -0.4706
vn 0.4706 -0.7463 -0.4706
vn 0.9675 -0.2528 -0.0000
vn -0.8352 -0.4122 -0.3640
vn -0.8353 -0.4122 0.3639
vn -0.9189 -0.0661 0.3889
vn -0.9189 -0.0662 -0.3890
vn 0.5798 -0.7960 0.1740
vn 0.5798 -0.7960 -0.1740
vn 0.8906 -0.1726 -0.4207
vn 0.8906 -0.1726 0.4208
vn -0.4233 -0.1731 0.8893
vn 0.4233 -0.1731 0.8893
vn 0.2768 0.4973 0.8222
vn -0.2768 0.4974 0.8222
vn 0.4233 -0.1731 -0.8893
vn -0.0000 -0.1074 -0.9942
vn -0.0000 0.4079 -0.9130
vn 0.2768 0.4974 -0.8222
vn 0.8126 0.5090 -0.2839
vn 0.8126 0.5091 0.2839
vn -0.1683 -0.7847 0.5965
vn 0.1683 -0.7847 0.5965
vn -0.5798 -0.7960 -0.1740
vn -0.5798 -0.7960 0.1740
vn -0.8906 -0.1725 0.4208
vn -0.8906 -0.1726 -0.4208
vn 0.8353 -0.4122 0.3640
vn 0.8353 -0.4122 -0.3639
vn 0.9189 -0.0661 -0.3889
vn 0.9189 -0.0662 0.3890
vn 0.1683 -0.7848 -0.5965
vn -0.0000 -0.7121 -0.7020
vn -0.0000 -0.2949 -0.9555
vn 0.3606 -0.4120 -0.8368
vn 0.1955 -0.7348 -0.6495
vn -0.0000 -0.6567 -0.7541
vn -0.9234 -0.0004 0.3838
vn -0.9232 -0.0004 0.3842
vn -0.9232 -0.0004 -0.3842
vn -0.9234 -0.0004 -0.3838
vn -0.3607 -0.4120 0.8368
vn 0.3607 -0.4120 0.8367
vn 0.3867 -0.0647 0.9199
vn -0.3866 -0.0646 0.9200
vn 0.3609 0.4334 -0.8258
vn -0.0000 0.2966 -0.9550
vn -0.0000 0.7464 -0.6655
vn 0.1552 0.8129 -0.5613
vn 0.3811 -0.0004 0.9246
vn 0.3816 -0.0004 0.9243
vn -0.3816 -0.0005 0.9243
vn -0.3811 -0.0004 0.9245
vn -0.8247 0.4358 -0.3606
vn -0.9232 0.0004 -0.3842
vn -0.9232 0.0004 0.3842
vn -0.8247 0.4358 0.3606
vn 0.3816 0.0004 -0.9243
vn -0.5444 0.8233 0.1605
vn -0.5444 0.8233 -0.1605
vn 0.8247 0.4358 0.3606
vn 0.9232 0.0004 0.3842
vn 0.9232 0.0004 -0.3842
vn 0.8247 0.4358 -0.3606
vn -0.3609 0.4334 0.8258
vn -0.3816 0.0004 0.9243
vn 0.3816 0.0004 0.9243
vn 0.3609 0.4334 0.8258
vn -0.1955 -0.7348 0.6495
vn 0.1956 -0.7348 0.6495
vn 0.9234 -0.0004 -0.3839
vn 0.9232 -0.0004 -0.3843
vn 0.9232 -0.0004 0.3842
vn 0.9234 -0.0004 0.3838
vn 0.5444 0.8233 -0.1605
vn 0.5444 0.8233 0.1605
vn 0.1552 0.8129 0.5613
vn -0.1552 0.8129 0.5613
vn 0.3816 -0.0004 -0.9243
vn 0.3811 -0.0004 -0.9245
vn 0.6512 -0.7331 0.1963
vn 0.6512 -0.7331 -0.1962
vn 0.9935 -0.1141 -0.0000
vn 0.9048 0.4259 -0.0000
vn 0.8126 0.5090 0.2839
vn -0.6512 -0.7331 -0.1963
vn -0.6512 -0.7331 0.1962
vn -0.0000 -0.0487 -0.9988
vn 0.3866 -0.0646 -0.9200
vn 0.9558 -0.2940 -0.0000
vn 0.9987 -0.0513 -0.0000
vn -0.8906 -0.1726 0.4208
vn -0.5798 -0.7959 -0.1740
vn -0.4234 -0.1731 -0.8893
vn -0.2768 0.4974 -0.8222
vn -0.8126 0.5091 0.2839
vn -0.8126 0.5090 -0.2839
vn -0.1683 -0.7848 0.5965
vn 0.6833 -0.7302 -0.0000
vn 0.5798 -0.7959 0.1740
vn -0.1683 -0.7847 -0.5965
vn 0.1956 -0.7348 -0.6495
vn -0.1956 -0.7348 -0.6495
vn -0.3607 -0.4120 -0.8367
vn 0.3607 -0.4120 0.8368
vn -0.3606 -0.4120 0.8368
vn 0.9496 0.3136 -0.0000
vn 0.6460 0.7633 -0.0000
vn -0.3609 0.4334 -0.8258
vn -0.1552 0.8129 -0.5613
vn -0.3816 0.0004 -0.9243
vn 0.3811 -0.0004 0.9245
vn -0.3810 -0.0004 -0.9246
vn -0.3816 -0.0004 -0.9243
vn -0.6512 -0.7331 -0.1962
vn 0.7572 -0.6532 -0.0000
vn -0.3867 -0.0647 -0.9199
vn -0.5911 0.5438 -0.5956
vn -0.5912 0.5439 -0.5956
vn -0.3959 -0.8272 -0.3988
vn -0.3960 -0.8272 -0.3987
vn -0.7050 -0.0008 -0.7092
vn -0.3689 0.8522 -0.3711
vn -0.3689 0.8521 -0.3711
vn -0.7050 0.0008 -0.7092
vn -0.7051 0.0008 -0.7091
vn -0.4453 -0.7753 -0.4479
vn -0.4454 -0.7752 -0.4479
vn -0.7031 -0.0707 -0.7076
vn -0.7033 -0.0705 -0.7074
vn 0.5911 0.5438 -0.5956
vn 0.5912 0.5438 -0.5956
vn 0.3959 -0.8272 -0.3988
vn 0.3960 -0.8272 -0.3986
vn 0.7050 -0.0008 -0.7092
vn 0.7050 -0.0007 -0.7092
vn 0.3689 0.8521 -0.3711
vn 0.3689 0.8522 -0.3711
vn 0.7050 0.0008 -0.7092
vn 0.7051 0.0008 -0.7091
vn 0.4453 -0.7753 -0.4479
vn 0.4454 -0.7753 -0.4478
vn 0.7031 -0.0706 -0.7076
vn 0.7033 -0.0708 -0.7074
vn 0.2768 0.4974 0.8222
vn 0.8126 0.5091 -0.2839
vn 0.8126 0.5091 0.2838
vn 0.8353 -0.4122 0.3639
vn -0.3816 -0.0004 0.9243
vn 0.9232 0.0004 0.3843
vn -0.1956 -0.7348 0.6495
vn 0.9048 0.4258 -0.0000
vn -0.5798 -0.7959 -0.1741
vn -0.2768 0.4973 0.8222
vn -0.2768 0.4973 -0.8222
vn 0.4234 -0.1731 -0.8893
vn -0.3810 -0.0005 -0.9246
vn 0.7572 -0.6531 -0.0000
vn -0.3958 -0.8272 -0.3988
vn -0.7050 0.0007 -0.7092
vn -0.4454 -0.7753 -0.4479
vn 0.5911 0.5439 -0.5956
vn 0.7051 0.0007 -0.7091
vn 0.7033 -0.0707 -0.7074
vn -0.0000 0.4025 0.9154
vn -0.0000 0.4026 0.9154
vn -0.0000 0.4024 0.9155
vn -0.7593 -0.5710 0.3121
vn -0.7786 -0.3834 0.4968
vn -0.7395 -0.6288 0.2404
vn -0.7747 -0.3291 0.5400
vn -0.9471 0.3128 0.0718
vn 0.9471 0.3128 0.0718
vn 0.9469 0.3122 0.0773
vn 0.9474 0.3128 0.0672
vn 0.9472 0.3123 0.0724
vn -0.9472 0.3126 0.0716
vn 0.9471 0.3129 0.0718
vn -0.9474 0.3128 0.0672
vn -0.9856 0.1407 0.0941
vn 0.8780 0.4226 -0.2249
vn 0.6887 0.2187 -0.6912
vn -0.6887 0.2187 -0.6913
vn -0.8780 0.4226 -0.2249
vn 0.7015 0.4527 -0.5504
vn -0.6887 0.2187 -0.6912
vn -0.7015 0.4527 -0.5504
vn 0.7013 0.4559 -0.5479
vn 0.6887 0.2186 -0.6913
vn -0.8794 0.4203 -0.2236
vn 0.8785 0.4217 -0.2244
vn 0.1821 0.9049 0.3846
vn 0.6899 0.2185 -0.6901
vn -0.6882 0.2229 -0.6905
vn -0.7088 0.6367 0.3037
vn -0.7004 0.4517 -0.5526
vn -0.6899 0.2184 -0.6902
vn -0.1821 0.9050 0.3844
vn -0.8799 0.4194 -0.2233
vn 0.7088 0.6367 0.3037
vn 0.7005 0.4518 -0.5525
vn 0.6881 0.2230 -0.6905
vn -0.7173 0.6305 0.2966
vn -0.7027 0.4519 -0.5495
vn 0.7159 0.6313 0.2982
vn 0.7002 0.4549 -0.5502
vn 0.6881 0.2231 -0.6904
vn 0.8794 0.4203 -0.2237
vn 0.1821 0.9053 0.3839
vn -0.7176 0.6308 0.2952
vn -0.7015 0.4526 -0.5504
vn 0.8794 0.4202 -0.2237
vn 0.1820 0.9052 0.3840
vn -0.6887 0.2186 -0.6913
vn -0.1820 0.9052 0.3840
vn -0.8794 0.4202 -0.2237
vn 0.7176 0.6308 0.2952
vn 0.7015 0.4526 -0.5504
vn -0.7176 0.6308 0.2951
vn -0.7016 0.4526 -0.5504
vt -0.611971 0.068841
vt -0.663023 0.068953
vt -0.662832 0.194542
vt 1.594614 -0.120457
vt 1.645475 0.005243
vt 1.645666 -0.120345
vt 1.646474 0.201234
vt 1.640462 0.198047
vt 1.642359 0.202170
vt -0.610265 0.064717
vt -0.606181 0.064793
vt -0.663498 0.199139
vt -0.659376 0.200314
vt -0.662834 0.196189
vt -0.659717 0.064824
vt -0.663834 0.066106
vt -0.230740 0.466771
vt -0.234899 0.466832
vt -0.232746 0.470892
vt 1.592908 -0.124582
vt 1.588824 -0.124505
vt 1.162768 0.431342
vt 1.165590 0.434795
vt 1.167326 0.429910
vt 1.028725 0.476732
vt 1.033074 0.476043
vt 1.028725 0.473507
vt 1.264600 0.838382
vt 1.271725 0.838382
vt 1.268185 0.829352
vt 1.271762 1.023604
vt 1.264588 1.023604
vt 1.268185 1.032921
vt 1.271725 0.878071
vt 1.264600 0.878071
vt 1.268185 0.886435
vt 1.264588 0.901129
vt 1.271762 0.901129
vt 1.268185 0.892765
vt 1.271762 1.023604
vt 1.264588 0.901129
vt 0.561623 0.975777
vt 0.569715 0.975777
vt 0.557924 0.961841
vt 0.480471 0.975777
vt 0.488563 0.975777
vt 0.492262 0.961841
vt 0.466535 0.867821
vt 0.466535 0.875913
vt 0.480471 0.879612
vt 0.583652 0.875913
vt 0.583652 0.867821
vt 0.569715 0.879612
vt 0.088974 0.968137
vt 0.092334 0.977574
vt 0.103253 0.962972
vt 0.092334 0.863316
vt 0.088974 0.872753
vt 0.103253 0.877917
vt 0.092234 0.742943
vt 0.088875 0.752424
vt 0.103253 0.757545
vt 0.088875 0.619203
vt 0.092234 0.628685
vt 0.103253 0.614083
vt 0.583651 0.961841
vt 0.569715 0.950050
vt 0.583651 0.953749
vt 0.466535 0.953749
vt 0.480471 0.950050
vt 0.466535 0.961841
vt 0.488563 0.853885
vt 0.492262 0.867821
vt 0.480471 0.853885
vt 0.569715 0.853885
vt 0.557924 0.867821
vt 0.561623 0.853885
vt 0.092234 0.508312
vt 0.103253 0.522914
vt 0.088875 0.517794
vt 0.088875 0.853834
vt 0.103253 0.848714
vt 0.092234 0.863316
vt 0.088974 0.733506
vt 0.103253 0.728341
vt 0.092334 0.742943
vt 0.092334 0.628685
vt 0.103253 0.643287
vt 0.088974 0.638122
vt 0.887925 0.946457
vt 0.808231 1.054572
vt 0.808231 0.890745
vt 1.346460 1.054572
vt 1.234544 0.946457
vt 1.310519 1.110284
vt 1.310519 0.890745
vt 0.887925 0.782629
vt 0.976339 0.990360
vt 0.998380 0.801488
vt 0.875893 0.801488
vt 0.876024 0.801735
vt 0.869016 0.788556
vt 0.856170 0.787057
vt 0.856170 0.787057
vt 1.855037 0.761243
vt 1.855037 0.764533
vt 1.858762 0.764533
vt -0.808874 0.764533
vt -0.808873 0.761243
vt -0.812599 0.764533
vt -0.654324 0.215782
vt -0.654324 0.260268
vt 0.478692 0.260137
vt 0.478692 0.215782
vt -0.629579 0.483883
vt -0.629579 0.562364
vt 0.197339 0.562364
vt 0.197339 0.482069
vt 1.611709 0.405970
vt 1.611709 0.269807
vt 0.478692 0.269553
vt 0.478692 0.405970
vt 1.611709 0.215782
vt 1.611709 0.260268
vt 1.024256 0.483883
vt 1.024256 0.562364
vt -0.634047 0.473507
vt -0.634047 0.373826
vt -0.768100 0.373826
vt -0.768090 0.431342
vt 0.197339 0.373826
vt 0.197339 0.471628
vt 1.028725 0.373826
vt 1.402424 0.476906
vt -0.232746 0.476906
vt -0.134533 0.881777
vt 1.304210 0.881777
vt -0.654324 0.405970
vt -0.654324 0.269807
vt 1.162777 0.373826
vt 1.642007 0.064276
vt 1.642019 0.011015
vt -0.659716 0.012871
vt -0.659716 0.064276
vt -0.659365 0.253574
vt 1.642360 0.253574
vt 1.646481 0.252855
vt 1.646481 0.201516
vt -0.663486 0.253574
vt 1.640463 0.196608
vt -0.663507 0.193153
vt -0.610302 0.064716
vt 1.400418 0.466771
vt -0.243744 0.416195
vt -0.234913 0.466834
vt -0.239560 0.416195
vt 1.167326 0.373826
vt -0.657820 0.007310
vt 1.028725 0.559701
vt 1.028725 0.478674
vt 1.409238 0.416195
vt -2.002358 0.892777
vt -2.002358 0.886422
vt -2.002358 1.023604
vt -2.002358 0.901129
vt -2.002358 0.878071
vt -2.002358 0.838381
vt 2.577427 0.878071
vt 2.577427 0.838382
vt 2.577428 0.901129
vt 2.577427 1.023605
vt 2.577427 0.892747
vt 2.577427 0.886453
vt 1.268185 0.776383
vt 2.577427 0.829318
vt 2.577427 0.776383
vt 1.268185 1.071549
vt 2.577427 1.071549
vt 2.577427 1.032963
vt -2.002358 1.032899
vt -2.002358 1.071549
vt -2.002358 0.886423
vt -2.002358 0.829370
vt -2.002358 0.776383
vt 0.654542 0.504198
vt -0.345337 0.504198
vt -0.345337 0.575087
vt 0.654542 0.575087
vt 0.654542 0.428941
vt -0.345337 0.428940
vt -0.345337 0.495802
vt 0.654542 0.495803
vt 0.654542 0.583483
vt 0.654542 0.650344
vt -0.345337 0.650345
vt -0.345337 0.583483
vt 0.654542 0.349656
vt -0.345337 0.349655
vt -0.345337 0.420545
vt 0.654542 0.420546
vt -0.345337 0.504198
vt -0.345337 0.654542
vt 0.654542 0.654542
vt -0.345337 0.345458
vt 0.654542 0.345459
vt 0.695087 0.332869
vt 1.429469 0.332869
vt 1.429469 0.298555
vt 0.695087 0.298555
vt 0.509982 0.360021
vt 0.694939 0.360021
vt 0.695023 0.347372
vt 0.510066 0.347372
vt 0.343609 0.144761
vt -0.388338 0.144761
vt -0.388338 0.185594
vt 0.343609 0.185594
vt 0.344028 0.080793
vt -0.387919 0.080793
vt -0.388128 0.112777
vt 0.343818 0.112777
vt 1.429321 0.360021
vt 1.429405 0.347371
vt 0.695152 0.284052
vt 1.429533 0.284053
vt 1.429617 0.271403
vt 0.695235 0.271403
vt 0.344028 0.039961
vt -0.387919 0.039960
vt -1.275783 0.403540
vt -1.275783 0.457136
vt 1.349811 0.457136
vt 1.349811 0.403541
vt -1.276041 0.502961
vt 1.349553 0.502962
vt 1.349554 0.550634
vt -1.276041 0.550634
vt -1.276299 0.596460
vt 1.349296 0.596460
vt 0.056715 0.332870
vt 0.510130 0.332869
vt 0.510130 0.298555
vt 0.056715 0.298555
vt 0.510194 0.284053
vt 0.510278 0.271403
vt 0.056502 0.408838
vt 0.509918 0.408838
vt 0.509918 0.374524
vt 0.056502 0.374524
vt 0.980284 0.039961
vt 0.528372 0.039961
vt 0.528372 0.080793
vt 0.980284 0.080793
vt 0.980074 0.112777
vt 0.528162 0.112777
vt 0.527953 0.144761
vt 0.979865 0.144761
vt 0.527953 0.185594
vt 0.979865 0.185594
vt 0.056567 0.360022
vt 0.056650 0.347371
vt 0.056779 0.284053
vt 0.056862 0.271403
vt 0.694875 0.408838
vt 0.694875 0.374524
vt -0.409209 0.332870
vt -0.409209 0.298555
vt 1.429257 0.408838
vt 1.429257 0.374524
vt -0.409357 0.360022
vt -0.409273 0.347371
vt -0.409145 0.284054
vt -0.409061 0.271402
vt 1.444244 0.144761
vt 1.444244 0.185594
vt 1.444662 0.080793
vt 1.444453 0.112777
vt 1.444662 0.039961
vt -0.409421 0.374524
vt 0.694875 0.413620
vt 1.429257 0.413620
vt 0.056502 0.413620
vt 0.509781 0.413620
vt 0.510252 0.413620
vt -0.409421 0.413620
vt -0.409421 0.408838
vt 0.720059 0.264738
vt 1.215385 0.264738
vt 1.215385 0.181533
vt 0.720059 0.181533
vt 0.561623 0.999866
vt 0.488563 0.999866
vt 0.720059 0.484063
vt 1.215385 0.484064
vt 1.215385 0.400858
vt 0.720059 0.400858
vt 0.720059 0.157930
vt 1.215385 0.157930
vt 1.215385 0.069016
vt 0.720059 0.069016
vt 0.557924 0.879612
vt 0.492262 0.879612
vt 0.492262 0.950050
vt 0.557924 0.950050
vt 0.488563 0.829796
vt 0.488563 0.853885
vt 0.561623 0.829796
vt 0.607740 0.875913
vt 0.583651 0.953749
vt 0.607740 0.953749
vt 0.442446 0.953749
vt 0.466535 0.953749
vt 0.442446 0.875913
vt 0.065509 0.968993
vt 0.065509 0.871897
vt 0.596550 0.657646
vt 0.656665 0.668882
vt 0.657158 0.599905
vt 0.588237 0.597057
vt 0.716936 0.658506
vt 0.718250 0.602429
vt 0.721567 0.546435
vt 0.662358 0.531122
vt 0.601520 0.537359
vt 0.722546 0.426050
vt 0.711250 0.486154
vt 0.780227 0.486715
vt 0.783144 0.417797
vt 0.777642 0.547805
vt 0.833633 0.551178
vt 0.849006 0.491984
vt 0.842828 0.431139
vt 0.954017 0.552277
vt 0.893924 0.540921
vt 0.893294 0.609898
vt 0.962209 0.612882
vt 0.832207 0.607252
vt 0.828779 0.663239
vt 0.887958 0.678670
vt 0.948808 0.672553
vt 0.824083 0.783278
vt 0.837913 0.723707
vt 0.770310 0.721062
vt 0.767764 0.781237
vt 0.772829 0.661553
vt 0.702726 0.717986
vt 0.711474 0.778513
vt 0.702541 0.898586
vt 0.762235 0.911883
vt 0.765156 0.842875
vt 0.696276 0.837751
vt 0.822839 0.903677
vt 0.834222 0.843589
vt 0.775231 0.604783
vt 0.540146 0.685056
vt 0.471463 0.685056
vt 0.471463 0.758677
vt 0.540146 0.758677
vt -0.242425 0.264738
vt -0.242425 0.181533
vt 0.065509 0.734362
vt 0.088974 0.733506
vt 0.088974 0.638122
vt 0.065509 0.637266
vt 0.065509 0.620045
vt 0.065509 0.516952
vt 0.065509 0.854676
vt 0.088875 0.853834
vt 0.065509 0.751583
vt -0.242425 0.377255
vt 0.720059 0.377255
vt 0.720059 0.288341
vt -0.242425 0.288341
vt -0.242425 0.484063
vt -0.242425 0.400858
vt 1.215385 0.377255
vt 1.215385 0.288341
vt -0.242425 0.157930
vt -0.242425 0.069016
vt 1.215385 0.181533
vt 1.215385 0.264738
vt 0.488563 0.999866
vt 0.720059 0.400858
vt 1.215385 0.400858
vt 0.720059 0.157930
vt 0.492262 0.879612
vt 0.583652 0.875913
vt 0.466535 0.875913
vt 0.088974 0.872753
vt 0.088974 0.968137
vt 0.088875 0.752424
vt -0.242425 0.484063
vt -0.242425 0.400858
vt -0.242425 0.157930
vt 0.720059 0.057213
vt -0.242425 0.057213
vt 0.569715 0.999866
vt 0.480471 0.999866
vt 0.442446 0.867821
vt 0.607740 0.867821
vt 0.068968 0.977574
vt 0.103253 0.728341
vt 1.215385 0.057213
vt 0.720059 0.495863
vt -0.242206 0.495863
vt 0.607740 0.961841
vt 0.442446 0.961841
vt 0.480471 0.829796
vt 0.569715 0.829796
vt 0.068770 0.508312
vt 1.214959 0.495863
vt 0.155083 0.630217
vt 1.143612 0.630216
vt 1.143612 0.574504
vt 0.155083 0.574505
vt 1.143612 0.466388
vt 0.155083 0.466389
vt 0.155083 0.794044
vt 1.143612 0.794044
vt 1.143612 0.738332
vt 0.155083 0.738333
vt -0.168288 0.630217
vt -0.168288 0.574505
vt -0.168288 0.466389
vt -0.168288 0.794044
vt -0.168288 0.738333
vt 0.146205 0.630217
vt 0.146205 0.574505
vt 0.146205 0.466389
vt 0.146205 0.794044
vt 0.146205 0.738333
vt 0.793681 0.630217
vt 0.976242 0.574504
vt 0.976242 0.466389
vt 0.976242 0.794044
vt 0.793681 0.738332
vt 0.517832 0.284059
vt 0.844120 0.284059
vt 0.844204 0.271396
vt 0.517916 0.271396
vt -0.272372 0.332870
vt 0.242825 0.332869
vt 0.242825 0.298555
vt -0.272372 0.298555
vt -0.272520 0.360028
vt 0.242677 0.360028
vt 0.242761 0.347365
vt -0.272437 0.347365
vt 0.517556 0.408838
vt 0.843844 0.408838
vt 0.843844 0.374524
vt 0.517556 0.374524
vt 1.308378 0.112777
vt 0.791931 0.112777
vt 0.791721 0.144761
vt 1.308169 0.144761
vt 1.308587 0.080793
vt 0.792140 0.080793
vt 0.791722 0.185594
vt 1.308169 0.185594
vt 0.912990 0.502961
vt -0.744536 0.502961
vt -0.744536 0.550634
vt 0.912990 0.550634
vt -0.744794 0.596460
vt 0.912732 0.596460
vt 0.913248 0.457136
vt -0.744278 0.457136
vt -0.744278 0.403540
vt 0.913248 0.403540
vt 0.517620 0.360028
vt 0.843908 0.360028
vt 0.843992 0.347365
vt 0.517704 0.347365
vt 0.242613 0.374524
vt 0.242613 0.408838
vt 1.308587 0.039961
vt 0.792140 0.039961
vt 0.517768 0.332869
vt 0.844056 0.332869
vt 0.844056 0.298555
vt 0.517768 0.298555
vt 0.517897 0.112777
vt 0.173337 0.112777
vt 0.173128 0.144761
vt 0.517687 0.144761
vt 0.518106 0.039961
vt 0.173546 0.039961
vt 0.173547 0.080793
vt 0.518106 0.080793
vt 0.173128 0.185594
vt 0.517687 0.185594
vt 0.242973 0.271396
vt 0.242889 0.284059
vt -0.272308 0.284059
vt -0.272224 0.271396
vt 0.242621 0.413620
vt 0.517556 0.413620
vt -0.272585 0.413620
vt 0.242571 0.413620
vt -0.272585 0.408838
vt -0.272585 0.374524
vt 0.517615 0.413620
vt 0.843844 0.413620
vt 0.157146 0.850344
vt 0.625846 0.850344
vt 0.625846 0.794632
vt 0.157146 0.794632
vt 0.625846 0.686516
vt 0.157146 0.686517
vt 0.157146 1.014172
vt 0.625846 1.014172
vt 0.625846 0.958460
vt 0.157146 0.958460
vt -0.686054 0.850345
vt -0.686054 0.794633
vt -0.686054 0.686517
vt -0.686054 1.014172
vt -0.686054 0.958460
vt -0.503882 0.686517
vt -0.399281 0.794633
vt -0.407978 0.850345
vt -0.512580 0.958460
vt -0.348891 0.850345
vt -0.348891 0.794633
vt -0.348891 0.686517
vt -0.348891 1.014172
vt -0.348891 0.958460
vt 0.219713 0.850344
vt 0.219713 0.794632
vt 0.219713 0.686517
vt 0.219713 1.014172
vt 0.219713 0.958460
vt -0.358079 0.850345
vt -0.358079 0.794633
vt -0.358079 0.686517
vt -0.358079 1.014172
vt -0.358079 0.958460
vt 0.209592 1.014172
vt 0.209592 0.958460
vt 0.328500 0.794632
vt 0.209592 0.686517
vt 0.367373 0.850344
vt 0.328501 0.794632
vt -0.503882 1.014172
vt -0.407978 0.850345
vt 0.770838 0.332869
vt 0.770838 0.298555
vt 0.268109 0.144761
vt 0.268109 0.185594
vt 0.268528 0.080793
vt 0.268319 0.112777
vt 0.770690 0.360029
vt 1.429321 0.360028
vt 1.429405 0.347364
vt 0.770774 0.347364
vt 0.770902 0.284060
vt 1.429533 0.284060
vt 1.429617 0.271396
vt 0.770986 0.271396
vt 0.268528 0.039961
vt -0.335272 0.457136
vt -0.335530 0.502961
vt -0.335529 0.550634
vt -0.335788 0.596460
vt -0.335272 0.403540
vt 0.770626 0.413620
vt 0.770626 0.408838
vt 0.770626 0.374524
vt 1.429257 0.374524
vt 0.405285 0.946457
vt 1.717184 0.946456
vt 1.717184 0.890744
vt 0.405285 0.890745
vt 1.717184 0.782628
vt 0.405285 0.782629
vt 0.405285 1.110284
vt 1.717184 1.110284
vt 1.717184 1.054572
vt 0.405285 1.054573
vt 0.752765 0.890745
vt 0.844853 0.946457
vt 0.797117 1.054572
vt 0.705029 1.110284
vt 0.887925 1.110284
vt 1.272447 1.110284
vt 1.308799 1.054572
vt 1.315389 0.890745
vt 1.272447 0.782629
vt 1.351742 0.946457
vt 0.797117 1.054572
vt 0.705029 0.782629
vt 0.844853 0.946457
vt 1.310519 0.782629
vt 1.234544 0.946457
vt 0.702386 0.332869
vt 1.486466 0.332869
vt 1.486466 0.298555
vt 0.702386 0.298555
vt 0.336334 0.144761
vt -0.445146 0.144761
vt -0.445145 0.185594
vt 0.336334 0.185594
vt 0.336753 0.080793
vt -0.444727 0.080793
vt -0.444936 0.112777
vt 0.336543 0.112777
vt 0.702239 0.360028
vt 1.486318 0.360028
vt 1.486402 0.347364
vt 0.702322 0.347364
vt 0.702451 0.284060
vt 1.486530 0.284060
vt 1.486614 0.271396
vt 0.702535 0.271396
vt 0.336752 0.039961
vt -0.444727 0.039960
vt -0.235756 0.457136
vt -1.375663 0.457136
vt -1.375921 0.502961
vt -0.236014 0.502961
vt -0.236014 0.550634
vt -1.375920 0.550634
vt -1.376179 0.596460
vt -0.236272 0.596460
vt -1.375663 0.403540
vt -0.235756 0.403540
vt 0.702174 0.413620
vt 1.486253 0.413620
vt 1.486253 0.408838
vt 0.702174 0.408838
vt 0.702174 0.374524
vt 1.486254 0.374524
vt -0.168288 0.158957
vt 1.143612 0.158957
vt 1.143612 0.103245
vt -0.168288 0.103245
vt 1.143612 -0.004871
vt -0.168288 -0.004870
vt -0.168288 0.322785
vt 1.143612 0.322785
vt 1.143612 0.267073
vt -0.168288 0.267073
vt 0.343514 0.158957
vt 0.343514 0.103245
vt 0.343514 -0.004871
vt 0.343514 0.322785
vt 0.343514 0.267073
vt 0.931641 0.158957
vt 0.931641 0.103245
vt 0.931641 -0.004871
vt 0.931641 0.322785
vt 0.931641 0.267073
vt -0.521733 0.441093
vt 0.790167 0.441093
vt 0.790167 0.385380
vt -0.521733 0.385381
vt 0.790167 0.277265
vt -0.521733 0.277265
vt -0.521733 0.604920
vt 0.790167 0.604921
vt 0.790167 0.549208
vt -0.521733 0.549209
vt -0.401394 0.880314
vt 1.401394 0.880313
vt 1.401394 0.733039
vt -0.401394 0.733040
vt -0.062955 0.617879
vt 0.269604 0.617879
vt 0.269604 0.544210
vt -0.062955 0.544211
vt -0.401394 1.184740
vt 1.401394 1.184740
vt 1.401394 1.029627
vt -0.401394 1.029627
vt -0.401394 1.013949
vt 1.401394 1.013948
vt 1.401394 0.895991
vt -0.401394 0.895992
vt -0.062955 0.658735
vt 0.269604 0.658735
vt 0.269604 0.627671
vt -0.062955 0.627671
vt -0.062955 0.534419
vt 0.269604 0.534419
vt 0.269604 0.503354
vt -0.062955 0.503354
vt -0.401394 0.717362
vt -0.401394 0.591566
vt 1.401394 0.591564
vt 1.401394 0.717361
vt 0.269604 0.544210
vt 0.269604 0.617879
vt 0.269604 0.627671
vt 0.916033 0.016923
vt 0.069136 0.016923
vt 0.069136 0.102086
vt 0.916033 0.102086
vt 0.970151 0.978727
vt 0.977864 0.977290
vt 0.998352 0.801735
vt 0.916033 0.100544
vt 0.069136 0.100544
vt 0.069136 0.185707
vt 0.916033 0.185707
vt 0.697436 0.798085
vt 0.804758 0.999890
vt 0.838910 0.981727
vt 0.731587 0.779922
vt 0.731587 0.779922
vt 0.998352 0.801735
vt 0.916033 0.184165
vt 0.069136 0.184165
vt 0.069136 0.269328
vt 0.916033 0.269328
vt 0.838910 0.981727
vt 0.970152 0.978727
vt 0.916033 0.267786
vt 0.069136 0.267786
vt 0.069136 0.352949
vt 0.916033 0.352949
vt 0.731587 0.779922
vt 0.916033 0.351406
vt 0.069136 0.351406
vt 0.069136 0.435043
vt 0.916033 0.436554
vt 0.876024 0.801735
vt 0.970032 0.978503
vt 0.876054 0.801790
vt 0.998345 0.801790
vt 0.916033 0.435027
vt 0.069136 0.435027
vt 0.069136 0.520175
vt 0.916033 0.518664
vt 0.970032 0.978503
vt 0.977864 0.977290
vt 0.998345 0.801790
vt 0.977838 0.977515
vt 0.998375 0.801538
vt 0.875920 0.801538
vt 0.916033 0.518648
vt 0.069136 0.518648
vt 0.069136 0.603796
vt 0.916033 0.602285
vt 0.970266 0.978942
vt 0.916033 0.602269
vt 0.069136 0.602269
vt 0.069136 0.687432
vt 0.916033 0.687432
vt 0.838910 0.981727
vt 0.876024 0.801735
vt 0.916033 0.685890
vt 0.069136 0.685890
vt 0.069136 0.771053
vt 0.916033 0.771053
vt 0.916033 0.769511
vt 0.069136 0.769511
vt 0.069136 0.854674
vt 0.916033 0.854674
vt 0.998352 0.801734
vt 0.876024 0.801735
vt 0.998352 0.801734
vt 0.916033 0.853132
vt 0.069136 0.853132
vt 0.069136 0.938295
vt 0.916033 0.938295
vt 0.977838 0.977515
vt 0.970266 0.978942
vt 0.875893 0.801488
vt 0.999890 0.788556
vt 0.865938 0.977476
vt 0.758625 0.775673
vt 0.758625 0.775673
vt 0.865938 0.977476
vt 0.869035 0.788556
vt 0.865938 0.977476
vt 0.758635 0.775674
vt 0.869035 0.788556
vt 0.924800 0.682957
vt 0.924800 0.603251
vt 0.865948 0.977478
vt 0.758625 0.775673
vt 0.060369 0.603352
vt 0.060369 0.682954
vt 0.924800 0.766575
vt 0.924800 0.686973
vt 0.060369 0.686973
vt 0.060369 0.766575
vt 0.924800 0.850195
vt 0.924800 0.770594
vt 0.060369 0.770594
vt 0.060369 0.850195
vt 0.060369 0.854214
vt 0.060369 0.933816
vt 0.865948 0.977478
vt 0.758615 0.775672
vt 0.758615 0.775672
vt 0.865948 0.977478
vt 0.865948 0.977478
vt 0.758626 0.775673
vt 0.865948 0.977478
vt 0.865948 0.977478
vt 0.758625 0.775673
vt 0.758615 0.775672
vt 0.758636 0.775674
vt 0.865948 0.977478
vt 0.758625 0.775673
vt 0.865958 0.977479
vt 0.865958 0.977479
vt 0.865948 0.977478
vt 0.758625 0.775673
vt 0.758625 0.775673
vt 0.865948 0.977478
vt 0.499712 -0.267740
vt -0.280852 -0.267740
vt -0.280852 -0.083337
vt 0.499712 -0.083337
vt 1.280852 0.746871
vt 1.280852 0.562468
vt 0.500288 0.562468
vt 0.500288 0.746870
vt 0.499712 -0.060354
vt -0.280852 -0.060354
vt -0.280852 0.135585
vt 0.499712 0.135585
vt 1.280852 1.173178
vt 1.280852 0.988776
vt 0.500288 0.988776
vt 0.500288 1.173178
vt 1.280852 0.135585
vt 1.280852 -0.048817
vt 0.500288 -0.048817
vt 0.500288 0.135585
vt 1.280852 0.965793
vt 1.280852 0.769854
vt 0.500288 0.769853
vt 0.500288 0.965793
vt 1.280852 0.561893
vt 1.280852 0.377491
vt 0.500288 0.377491
vt 0.500288 0.561893
vt 1.280852 0.354508
vt 1.280852 0.158568
vt 0.500288 0.158568
vt 0.500288 0.354508
vt -0.280852 0.158568
vt 0.499712 0.158568
vt -0.280852 0.342971
vt 0.499712 0.342970
vt 0.499712 0.573960
vt -0.280852 0.573960
vt -0.280852 0.746871
vt 0.499712 0.746871
vt 0.499712 0.343546
vt -0.280852 0.343546
vt -0.280852 0.550977
vt 0.499712 0.550977
vt 0.499712 0.988776
vt 0.499712 1.173178
vt -0.280852 1.173178
vt -0.280852 0.988776
vt 0.499712 0.769853
vt -0.280852 0.769854
vt -0.280852 0.965794
vt 0.499712 0.965793
vt 0.499712 0.573960
vt 0.499712 0.746870
vt -0.280852 0.550977
vt -0.280852 0.965794
vt -0.280852 0.769853
vt -0.820969 0.760665
vt 1.842944 0.760665
vt 1.842945 0.624143
vt -0.820969 0.624143
vt 0.034855 1.601384
vt 0.034855 1.518607
vt -0.322425 1.518607
vt -0.322425 1.601384
vt -0.808874 0.883686
vt 1.855037 0.883686
vt 0.034407 1.495770
vt 0.034406 -0.354877
vt -0.322874 -0.354877
vt -0.322874 1.495770
vt -0.952846 0.764533
vt -0.952846 0.883686
vt -0.816324 0.883686
vt -0.816324 0.764533
vt 1.999010 0.764533
vt 1.862488 0.764533
vt 1.862488 0.883686
vt 1.999010 0.883686
vt 1.999010 0.761243
vt 1.862488 0.761243
vt -0.322425 -0.371237
vt 0.034855 -0.371237
vt 0.034855 -0.373523
vt -0.322425 -0.373523
vt -0.816324 0.761243
vt -0.952846 0.761243
vt -0.322425 1.603670
vt 0.034855 1.603670
vt 0.034855 -0.456300
vt -0.322425 -0.456300
vt 0.264512 0.800039
vt -0.243496 0.800039
vt -0.243496 0.951066
vt 0.264512 0.951066
vt -0.665519 -0.448351
vt -0.665519 -0.308790
vt 1.666249 -0.308791
vt 1.666249 -0.448351
vt -0.343215 1.055718
vt 0.264512 1.055718
vt 0.264512 0.958043
vt -0.245540 0.958043
vt -0.568813 -0.066077
vt 1.569543 -0.066076
vt 1.569543 -0.205637
vt -0.568813 -0.205637
vt 0.264512 1.213723
vt 0.264512 1.062695
vt -0.348148 1.062695
vt -0.348148 1.213723
vt 1.661690 -0.302343
vt -0.660960 -0.302343
vt -0.570702 -0.212084
vt 1.571432 -0.212085
vt 0.264512 1.627813
vt 0.264512 1.476786
vt -0.243496 1.476786
vt -0.243496 1.627813
vt 0.264512 1.372134
vt -0.343215 1.372134
vt -0.245540 1.469809
vt 0.264512 1.469809
vt 1.663970 -0.300064
vt 1.667861 -0.303955
vt 1.666249 -0.305567
vt -0.663240 -0.300063
vt -0.665519 -0.305566
vt -0.667131 -0.303955
vt 1.573711 -0.209805
vt 1.569544 -0.208861
vt 1.572767 -0.208861
vt -0.243496 0.954555
vt -0.246985 0.954555
vt -0.248007 0.955577
vt 0.264512 1.365157
vt -0.348148 1.365157
vt 1.669473 -0.308790
vt 1.669472 -0.448351
vt -0.668743 -0.448351
vt -0.668743 -0.308790
vt 1.572767 -0.066076
vt 1.572767 -0.205637
vt -0.572037 -0.205637
vt -0.572037 -0.066077
vt -0.572981 -0.209805
vt 0.264512 1.214129
vt -0.348148 1.214129
vt 0.326460 0.706063
vt 0.326460 0.596626
vt 0.304828 0.596553
vt 0.304828 0.706135
vt 0.304828 0.455192
vt 0.304828 0.345610
vt 0.270894 0.344570
vt 0.270894 0.456232
vt 0.270894 0.584999
vt 0.270894 0.466747
vt 0.254326 0.467040
vt 0.254326 0.584706
vt 0.270894 0.334056
vt 0.270894 0.215804
vt 0.254326 0.216097
vt 0.254326 0.333763
vt 0.254326 0.344860
vt 0.254326 0.455942
vt 0.304828 0.583955
vt 0.304828 0.467790
vt 0.270894 0.595513
vt 0.270894 0.707175
vt 0.326460 0.455120
vt 0.326460 0.345682
vt 0.304828 0.333012
vt 0.304828 0.216847
vt 0.326460 0.216915
vt 0.326460 0.332944
vt 0.343755 0.332265
vt 0.343755 0.217594
vt 0.437728 0.321602
vt 0.458614 0.321615
vt 0.458614 0.208050
vt 0.437728 0.208064
vt 0.326460 0.583888
vt 0.326460 0.467858
vt 0.408652 0.592328
vt 0.408652 0.714330
vt 0.437728 0.713436
vt 0.437728 0.593223
vt 0.437728 0.454438
vt 0.458614 0.454453
vt 0.458614 0.334210
vt 0.437728 0.334225
vt 0.408652 0.207174
vt 0.386901 0.207163
vt 0.386901 0.322503
vt 0.408652 0.322491
vt 0.386901 0.592316
vt 0.386901 0.714343
vt 0.408652 0.466172
vt 0.386901 0.466161
vt 0.386901 0.581500
vt 0.408652 0.581489
vt 0.408652 0.333331
vt 0.386901 0.333318
vt 0.386901 0.455345
vt 0.408652 0.455333
vt 0.343755 0.583208
vt 0.343755 0.468537
vt 0.437728 0.580600
vt 0.458614 0.580613
vt 0.458614 0.467048
vt 0.437728 0.467061
vt 0.458614 0.713450
vt 0.458614 0.593208
vt 0.343755 0.454396
vt 0.343755 0.346406
vt 0.254326 0.706885
vt 0.254326 0.595803
vt 0.343755 0.705340
vt 0.343755 0.597349
vt 0.326460 0.706063
vt 0.304828 0.706135
vt 0.326460 0.596626
vt 0.270894 0.456232
vt 0.270894 0.344570
vt 0.270894 0.584999
vt 0.270894 0.215804
vt 0.254326 0.455942
vt 0.254326 0.344860
vt 0.326460 0.455120
vt 0.326460 0.345682
vt 0.343755 0.217594
vt 0.343755 0.332265
vt 0.437728 0.321602
vt 0.437728 0.208064
vt 0.386901 0.322503
vt 0.386901 0.207163
vt 0.386901 0.714343
vt 0.386901 0.592316
vt 0.437728 0.454438
vt 0.408652 0.581489
vt 0.386901 0.466161
vt 0.437728 0.580600
vt 0.437728 0.467061
vt 0.254326 0.712410
vt 0.266938 0.712410
vt 0.276906 0.712410
vt 0.304828 0.712410
vt 0.458614 0.201771
vt 0.437728 0.201771
vt 0.415084 0.201771
vt 0.408652 0.201771
vt 0.386901 0.201771
vt 0.331910 0.712410
vt 0.343755 0.712410
vt 0.305339 0.712410
vt 0.326460 0.712410
vt 0.254326 0.210523
vt 0.267168 0.210523
vt 0.276557 0.210523
vt 0.304828 0.210523
vt 0.458614 0.719766
vt 0.437728 0.719766
vt 0.414721 0.719766
vt 0.408652 0.719766
vt 0.386901 0.719766
vt 0.331930 0.210523
vt 0.343755 0.210523
vt 0.305310 0.210523
vt 0.326460 0.210523
vt 0.254326 0.584706
vt 0.254326 0.216097
vt 0.254326 0.333763
vt 0.408652 0.592329
vt 0.437728 0.713436
vt 0.437728 0.593223
vt 0.437728 0.454438
vt 0.437728 0.334225
vt 0.408652 0.333331
vt 0.386901 0.333318
vt 0.458614 0.713450
vt 0.458614 0.593208
vt 0.254326 0.344860
vt 0.408652 0.333331
vt 0.408652 0.455332
vt 0.458614 0.593208
vt 0.266939 0.712410
vt 0.415084 0.201771
vt 0.331910 0.712410
vt 0.276557 0.210523
vt 1.235340 0.099439
vt -0.252697 -0.089859
vt 0.459672 0.591844
vt 0.545600 0.583752
vt 0.467764 0.583752
vt 0.553692 0.591844
vt 0.459672 0.664904
vt 0.553692 0.664904
vt 0.467764 0.672996
vt 0.545600 0.672996
vt 0.545600 0.583752
vt 0.545600 0.672996
vt 0.209592 0.955973
vt 0.209592 0.958460
vt 0.209592 0.957216
vt 0.963493 0.988861
vt 0.855933 0.787029
vt 0.963256 0.988834
vt 0.855933 0.787029
vt 0.855933 0.787029
vt 0.856409 0.787085
vt 0.963256 0.988834
vt 0.963732 0.988889
vt 0.963493 0.988861
vt 0.963732 0.988889
vt 0.861879 0.787723
vt 0.861879 0.787723
vt 0.861707 0.787703
vt 0.861879 0.787723
vt 0.861704 0.787703
vt 0.861876 0.787723
vt 0.869035 0.788595
vt 0.868672 0.788516
vt 0.868991 0.788553
vt 0.861566 0.787686
vt 0.869035 0.788594
vt 0.861707 0.787703
vt 0.861563 0.787686
vt 0.869036 0.788595
vt 0.868992 0.788553
vt 0.861710 0.787703
vt 0.544680 0.702953
vt 0.539042 0.589326
vt 0.539042 0.697283
vt 0.544680 0.583656
vt 0.646642 0.702953
vt 0.646642 0.583656
vt 0.652280 0.697283
vt 0.652280 0.589326
vt 0.539042 0.486914
vt 0.641807 0.480978
vt 0.545011 0.480978
vt 0.647776 0.486914
vt 0.539043 0.577575
vt 0.647776 0.577575
vt 0.545011 0.583510
vt 0.641807 0.583511
vt 0.544680 0.583656
vt 0.544680 0.702953
vt 0.545011 0.480978
vt 0.647776 0.577575
vt 0.539042 0.589326
vt 0.652280 0.589326
s 1
f 398/268/313 399/269/314 400/270/315
f 401/271/316 402/272/317 403/273/318
f 404/274/319 405/275/319 406/276/320
f 407/277/321 398/268/313 408/278/322
f 409/279/323 410/280/324 411/281/325
f 412/282/326 413/283/327 399/269/314
f 414/284/328 415/285/329 416/286/329
f 401/271/316 417/287/330 418/288/331
f 419/289/332 420/290/333 421/291/334
f 422/292/335 423/293/336 424/294/337
f 425/295/338 426/296/339 427/297/340
f 428/298/341 429/299/342 430/300/343
f 431/301/344 432/302/345 433/303/346
f 434/304/347 435/305/348 436/306/349
f 437/295/350 438/297/351 439/296/352
f 440/307/353 441/300/354 442/299/355
f 443/301/356 444/303/357 445/302/358
f 446/308/359 447/306/360 448/305/361
f 449/309/362 450/310/363 451/311/364
f 452/312/365 453/313/366 454/314/367
f 455/315/368 456/316/369 457/317/370
f 458/318/371 459/319/372 460/320/373
f 461/321/374 462/322/375 463/323/376
f 464/324/377 465/325/378 466/326/379
f 467/327/380 468/328/381 469/329/382
f 470/330/383 471/331/384 472/332/385
f 473/333/372 474/334/373 475/335/386
f 476/336/369 477/337/370 478/338/368
f 479/339/366 480/340/367 481/341/365
f 482/342/363 483/343/364 484/344/362
f 485/345/387 486/346/385 487/347/383
f 488/348/381 489/349/382 490/350/388
f 491/351/389 492/352/390 493/353/391
f 494/354/392 495/355/376 496/356/374
s 0
f 497/357/393 498/358/393 499/359/393
f 500/360/394 501/361/394 502/362/394
f 503/361/395 504/363/395 505/362/395
f 506/358/396 507/364/396 508/359/396
s 1
f 509/365/397 510/366/398 511/367/399
f 512/365/400 513/367/401 514/366/402
f 515/368/403 516/369/404 517/370/405
f 518/369/406 519/368/407 520/371/408
f 521/372/409 522/373/410 523/374/411
f 524/375/412 525/376/413 526/377/414
f 527/378/415 528/379/416 529/380/417
f 527/378/415 529/380/417 530/381/418
f 531/382/419 532/383/420 533/384/318
f 531/382/419 533/384/318 534/385/421
f 535/386/422 536/387/423 537/388/424
f 535/386/422 537/388/424 538/389/318
f 539/390/425 530/381/418 529/380/417
f 539/390/425 529/380/417 540/391/426
f 541/392/427 534/385/421 533/384/318
f 541/392/427 533/384/318 542/393/428
f 543/394/429 544/395/430 545/396/430
f 543/394/429 545/396/430 546/397/430
f 547/398/430 548/399/431 424/294/337
f 547/398/430 424/294/337 549/400/430
f 550/401/432 551/402/432 552/403/318
f 550/401/432 552/403/318 553/404/318
f 554/405/433 538/389/318 537/388/424
f 554/405/433 537/388/424 555/406/434
f 547/398/430 544/395/430 543/394/429
f 547/398/430 543/394/429 548/399/431
f 424/294/337 419/289/332 556/407/435
f 424/294/337 556/407/435 549/400/430
f 557/408/436 558/409/437 559/410/438
f 557/408/436 559/410/438 560/411/439
f 561/412/440 562/413/441 406/276/442
f 561/412/440 406/276/442 410/280/324
f 540/391/426 529/380/417 537/388/424
f 540/391/426 537/388/424 536/387/423
f 563/414/443 564/415/444 406/276/442
f 563/414/443 406/276/442 562/413/441
f 561/412/440 410/280/324 409/279/323
f 561/412/440 409/279/323 565/416/445
f 531/382/419 534/385/421 548/399/431
f 531/382/419 548/399/431 543/394/429
f 410/280/324 406/276/442 566/417/446
f 410/280/324 566/417/446 400/270/315
f 400/270/315 399/269/314 413/283/327
f 400/270/315 413/283/327 567/418/447
f 568/419/448 412/282/326 399/269/314
f 568/419/448 399/269/314 398/268/313
f 555/406/434 537/388/424 529/380/417
f 555/406/434 529/380/417 528/379/416
f 569/420/449 414/284/450 551/402/432
f 569/420/449 551/402/432 550/401/432
f 570/421/451 571/422/452 414/284/450
f 570/421/451 414/284/450 572/423/453
f 556/407/435 419/289/332 421/291/334
f 556/407/435 421/291/334 573/424/454
f 424/294/337 548/399/431 534/385/421
f 424/294/337 534/385/421 541/392/427
f 402/272/317 574/425/455 559/410/438
f 402/272/317 559/410/438 558/409/437
f 419/289/332 424/294/337 423/293/336
f 419/289/332 423/293/336 420/290/333
f 575/426/456 576/427/456 541/392/427
f 575/426/456 541/392/427 542/393/428
f 572/423/453 414/284/450 569/420/449
f 572/423/453 569/420/449 577/428/418
f 578/429/457 436/306/349 433/303/346
f 578/429/457 433/303/346 579/430/457
f 580/431/458 429/299/342 434/304/347
f 580/431/458 434/304/347 581/432/459
f 582/433/459 432/302/345 425/295/338
f 582/433/459 425/295/338 583/434/460
f 426/296/339 431/301/344 584/435/461
f 426/296/339 584/435/461 585/436/462
f 448/305/361 586/437/461 587/438/463
f 448/305/361 587/438/463 440/307/353
f 433/303/346 436/306/349 588/439/464
f 433/303/346 588/439/464 589/440/464
f 590/441/465 427/297/340 591/442/466
f 590/441/465 591/442/466 592/443/465
f 430/300/343 593/444/318 594/445/318
f 430/300/343 594/445/318 595/446/467
f 435/305/348 428/298/341 587/438/463
f 435/305/348 587/438/463 586/437/461
f 593/444/318 430/300/343 596/447/468
f 593/444/318 596/447/468 597/448/318
f 598/429/469 599/449/469 444/303/357
f 598/429/469 444/303/357 447/306/360
f 600/431/470 601/432/471 446/308/359
f 600/431/470 446/308/359 442/299/355
f 602/433/471 603/434/472 437/295/350
f 602/433/471 437/295/350 445/302/358
f 439/296/352 585/436/462 584/435/461
f 439/296/352 584/435/461 443/301/356
f 604/441/465 592/443/465 591/442/466
f 604/441/465 591/442/466 438/297/351
f 441/300/354 595/446/467 594/445/318
f 441/300/354 594/445/318 605/444/318
f 444/303/357 589/440/464 588/439/464
f 444/303/357 588/439/464 447/306/360
f 606/450/473 607/451/465 604/441/465
f 606/450/473 604/441/465 438/297/351
f 605/444/318 608/448/318 609/447/474
f 605/444/318 609/447/474 441/300/354
f 434/304/347 429/299/342 428/298/341
f 434/304/347 428/298/341 435/305/348
f 425/295/338 432/302/345 431/301/344
f 425/295/338 431/301/344 426/296/339
f 596/447/468 430/300/343 429/299/342
f 596/447/468 429/299/342 580/431/458
f 579/430/457 433/303/346 432/302/345
f 579/430/457 432/302/345 582/433/459
f 588/439/464 436/306/349 435/305/348
f 588/439/464 435/305/348 586/437/461
f 587/438/463 428/298/341 430/300/343
f 587/438/463 430/300/343 595/446/467
f 426/296/339 585/436/462 591/442/466
f 426/296/339 591/442/466 427/297/340
f 433/303/346 589/440/464 584/435/461
f 433/303/346 584/435/461 431/301/344
f 583/434/460 425/295/338 427/297/340
f 583/434/460 427/297/340 610/450/475
f 581/432/459 434/304/347 436/306/349
f 581/432/459 436/306/349 578/429/457
f 448/305/361 440/307/353 442/299/355
f 448/305/361 442/299/355 446/308/359
f 439/296/352 443/301/356 445/302/358
f 439/296/352 445/302/358 437/295/350
f 600/431/470 442/299/355 441/300/354
f 600/431/470 441/300/354 609/447/474
f 602/433/471 445/302/358 444/303/357
f 602/433/471 444/303/357 599/449/469
f 586/437/461 448/305/361 447/306/360
f 586/437/461 447/306/360 588/439/464
f 595/446/467 441/300/354 440/307/353
f 595/446/467 440/307/353 587/438/463
f 438/297/351 591/442/466 585/436/462
f 438/297/351 585/436/462 439/296/352
f 443/301/356 584/435/461 589/440/464
f 443/301/356 589/440/464 444/303/357
f 606/450/473 438/297/351 437/295/350
f 606/450/473 437/295/350 603/434/472
f 598/429/469 447/306/360 446/308/359
f 598/429/469 446/308/359 601/432/471
f 610/450/475 427/297/340 590/441/465
f 610/450/475 590/441/465 611/451/465
f 612/452/476 613/453/476 614/454/477
f 612/452/476 614/454/477 615/455/477
f 616/456/478 617/457/478 618/458/479
f 616/456/478 618/458/479 619/459/479
f 620/460/479 621/461/397 622/462/397
f 620/460/479 622/462/397 623/463/479
f 624/464/430 625/465/430 626/466/480
f 624/464/430 626/466/480 627/467/480
f 628/452/477 629/455/476 630/454/476
f 628/452/477 630/454/476 631/468/477
f 632/456/481 633/459/482 634/458/482
f 632/456/481 634/458/482 635/457/481
f 636/464/480 637/467/483 638/466/483
f 636/464/480 638/466/483 639/465/480
f 615/455/477 614/454/477 640/463/482
f 615/455/477 640/463/482 641/460/482
f 642/469/484 643/470/484 644/461/481
f 642/469/484 644/461/481 645/462/481
f 617/457/478 616/456/478 627/467/480
f 617/457/478 627/467/480 626/466/480
f 613/453/476 612/452/476 619/459/479
f 613/453/476 619/459/479 618/458/479
f 620/460/479 623/463/479 630/454/476
f 620/460/479 630/454/476 629/455/476
f 646/471/485 647/472/485 636/464/480
f 646/471/485 636/464/480 639/465/480
f 638/466/483 637/467/483 632/456/481
f 638/466/483 632/456/481 635/457/481
f 634/458/482 633/459/482 628/452/477
f 634/458/482 628/452/477 631/468/477
f 641/460/482 640/463/482 645/462/481
f 641/460/482 645/462/481 644/461/481
f 648/452/476 649/453/476 650/454/477
f 648/452/476 650/454/477 651/455/477
f 652/456/478 653/457/478 654/458/479
f 652/456/478 654/458/479 655/459/479
f 656/460/479 657/461/397 658/462/397
f 656/460/479 658/462/397 659/463/479
f 660/464/430 661/465/430 662/466/480
f 660/464/430 662/466/480 663/467/480
f 664/452/477 665/455/476 666/454/476
f 664/452/477 666/454/476 667/468/477
f 668/456/481 669/459/482 670/458/482
f 668/456/481 670/458/482 671/457/481
f 672/464/480 673/467/483 674/466/483
f 672/464/480 674/466/483 675/465/480
f 651/455/477 650/454/477 676/463/482
f 651/455/477 676/463/482 677/460/482
f 678/469/484 679/470/484 680/461/481
f 678/469/484 680/461/481 681/462/481
f 653/457/478 652/456/478 663/467/480
f 653/457/478 663/467/480 662/466/480
f 649/453/476 648/452/476 655/459/479
f 649/453/476 655/459/479 654/458/479
f 656/460/479 659/463/479 666/454/476
f 656/460/479 666/454/476 665/455/476
f 682/471/485 683/472/485 672/464/480
f 682/471/485 672/464/480 675/465/480
f 674/466/483 673/467/483 668/456/481
f 674/466/483 668/456/481 671/457/481
f 670/458/482 669/459/482 664/452/477
f 670/458/482 664/452/477 667/468/477
f 677/460/482 676/463/482 681/462/481
f 677/460/482 681/462/481 680/461/481
f 684/473/486 685/474/487 686/475/488
f 684/473/486 686/475/488 687/476/489
f 688/477/490 689/478/491 690/479/492
f 688/477/490 690/479/492 691/480/493
f 692/481/494 693/482/495 694/483/496
f 692/481/494 694/483/496 695/484/497
f 696/485/498 697/486/499 698/487/318
f 696/485/498 698/487/318 699/488/500
f 699/488/500 698/487/318 693/482/495
f 699/488/500 693/482/495 692/481/494
f 689/478/491 700/489/501 701/490/502
f 689/478/491 701/490/502 690/479/492
f 702/491/503 703/492/504 704/493/418
f 702/491/503 704/493/418 705/494/418
f 706/495/505 707/496/506 697/486/499
f 706/495/505 697/486/499 696/485/498
s 0
f 708/497/318 709/498/318 710/499/318
f 708/497/318 710/499/318 711/500/318
f 712/499/507 713/498/507 714/501/507
f 712/499/508 714/501/508 715/502/508
f 716/503/509 717/504/509 718/505/509
f 716/503/509 718/505/509 719/506/509
f 720/502/465 721/501/465 722/504/465
f 720/502/465 722/504/465 723/503/465
s 1
f 724/507/510 725/508/511 726/509/512
f 724/507/510 726/509/512 727/510/513
f 728/511/514 702/491/503 705/494/418
f 728/511/514 705/494/418 729/512/418
f 725/508/511 684/473/486 687/476/489
f 725/508/511 687/476/489 726/509/512
f 730/513/515 731/514/516 732/515/517
f 730/513/515 732/515/517 733/516/518
f 734/517/519 735/518/520 736/519/521
f 734/517/519 736/519/521 737/520/522
f 738/521/523 739/522/524 740/523/525
f 738/521/523 740/523/525 741/524/526
f 737/520/522 736/519/521 739/522/524
f 737/520/522 739/522/524 738/521/523
f 741/524/526 740/523/525 742/525/527
f 741/524/526 742/525/527 743/526/528
f 744/527/529 688/477/490 691/480/493
f 744/527/529 691/480/493 745/528/530
f 746/529/531 728/511/514 729/512/418
f 746/529/531 729/512/418 747/530/418
f 731/514/516 748/531/532 749/532/533
f 731/514/516 749/532/533 732/515/517
f 735/518/520 706/495/505 696/485/498
f 735/518/520 696/485/498 736/519/521
f 739/522/524 699/488/500 692/481/494
f 739/522/524 692/481/494 740/523/525
f 736/519/521 696/485/498 699/488/500
f 736/519/521 699/488/500 739/522/524
f 740/523/525 692/481/494 695/484/497
f 740/523/525 695/484/497 742/525/527
f 750/533/487 724/507/510 727/510/513
f 750/533/487 727/510/513 751/534/534
f 748/531/532 752/535/535 753/536/536
f 748/531/532 753/536/536 749/532/533
f 754/537/537 744/527/529 745/528/530
f 754/537/537 745/528/530 755/538/502
f 756/539/538 746/529/531 747/530/418
f 756/539/538 747/530/418 757/540/418
f 758/541/539 741/524/526 743/526/528
f 758/541/539 743/526/528 759/542/496
f 760/543/540 737/520/522 738/521/523
f 760/543/540 738/521/523 761/544/318
f 761/544/318 738/521/523 741/524/526
f 761/544/318 741/524/526 758/541/539
f 762/545/506 734/517/519 737/520/522
f 762/545/506 737/520/522 760/543/540
f 744/527/529 754/537/537 763/546/541
f 744/527/529 763/546/541 733/516/518
f 690/479/492 701/490/502 685/474/487
f 690/479/492 685/474/487 684/473/486
f 687/476/489 686/475/488 703/492/504
f 687/476/489 703/492/504 702/491/503
f 764/547/542 765/548/543 752/535/535
f 764/547/542 752/535/535 748/531/532
f 689/478/491 688/477/490 732/515/517
f 689/478/491 732/515/517 749/532/533
f 745/528/530 691/480/493 725/508/511
f 745/528/530 725/508/511 724/507/510
f 727/510/513 726/509/512 728/511/514
f 727/510/513 728/511/514 746/529/531
f 766/549/544 767/550/545 731/514/516
f 766/549/544 731/514/516 730/513/515
f 691/480/493 690/479/492 684/473/486
f 691/480/493 684/473/486 725/508/511
f 726/509/512 687/476/489 702/491/503
f 726/509/512 702/491/503 728/511/514
f 768/551/546 764/547/542 748/531/532
f 768/551/546 748/531/532 731/514/516
f 700/489/501 689/478/491 749/532/533
f 700/489/501 749/532/533 753/536/536
f 688/477/490 744/527/529 733/516/518
f 688/477/490 733/516/518 732/515/517
f 755/538/502 745/528/530 724/507/510
f 755/538/502 724/507/510 750/533/487
f 751/534/534 727/510/513 746/529/531
f 751/534/534 746/529/531 756/539/538
f 769/552/543 766/549/544 730/513/515
f 769/552/543 730/513/515 770/553/535
f 770/553/535 730/513/515 733/516/518
f 770/553/535 733/516/518 763/546/541
f 771/554/547 772/555/548 773/556/549
f 771/554/547 773/556/549 774/557/550
f 775/558/482 449/309/362 453/313/366
f 775/558/482 453/313/366 776/559/481
f 777/560/551 778/561/552 779/562/553
f 777/560/551 779/562/553 780/563/554
f 781/564/555 782/565/556 783/566/557
f 781/564/555 783/566/557 784/567/558
f 785/568/559 786/569/560 787/570/561
f 785/568/559 787/570/561 788/571/562
f 789/572/397 790/573/563 791/344/563
f 789/572/397 791/344/563 792/574/397
f 793/575/476 458/318/371 794/576/564
f 793/575/476 794/576/564 795/577/418
f 796/578/430 797/579/565 456/316/369
f 796/578/430 456/316/369 798/580/480
f 799/581/566 461/321/374 465/325/378
f 799/581/566 465/325/378 800/582/567
f 801/583/568 802/584/569 803/585/400
f 801/583/568 803/585/400 804/586/570
f 802/584/569 805/587/571 806/588/572
f 802/584/569 806/588/572 803/585/400
f 803/585/400 806/588/572 807/589/573
f 803/585/400 807/589/573 808/590/574
f 804/586/570 803/585/400 808/590/574
f 804/586/570 808/590/574 809/591/575
f 810/592/576 811/593/577 812/594/430
f 810/592/576 812/594/430 813/595/578
f 811/593/577 807/589/573 814/596/579
f 811/593/577 814/596/579 812/594/430
f 812/594/430 814/596/579 815/597/580
f 812/594/430 815/597/580 816/598/581
f 813/595/578 812/594/430 816/598/581
f 813/595/578 816/598/581 817/599/582
f 818/600/583 819/601/584 820/602/397
f 818/600/583 820/602/397 821/603/585
f 819/601/584 815/597/580 822/604/586
f 819/601/584 822/604/586 820/602/397
f 820/602/397 822/604/586 823/605/587
f 820/602/397 823/605/587 824/606/588
f 821/603/585 820/602/397 824/606/588
f 821/603/585 824/606/588 825/607/589
f 826/608/590 827/609/591 828/610/418
f 826/608/590 828/610/418 829/611/592
f 827/609/591 823/605/587 830/612/593
f 827/609/591 830/612/593 828/610/418
f 828/610/418 830/612/593 805/587/571
f 828/610/418 805/587/571 831/613/594
f 829/611/592 828/610/418 831/613/594
f 829/611/592 831/613/594 832/614/595
f 833/615/596 834/616/597 835/617/318
f 833/615/596 835/617/318 836/618/598
f 834/616/597 837/619/599 838/620/600
f 834/616/597 838/620/600 835/617/318
f 835/617/318 838/620/600 826/608/590
f 835/617/318 826/608/590 829/611/592
f 836/618/598 835/617/318 829/611/592
f 836/618/598 829/611/592 832/614/595
f 815/597/580 814/596/579 839/621/465
f 815/597/580 839/621/465 822/604/586
f 814/596/579 807/589/573 806/588/572
f 814/596/579 806/588/572 839/621/465
f 839/621/465 806/588/572 805/587/571
f 839/621/465 805/587/571 830/612/593
f 822/604/586 839/621/465 830/612/593
f 822/604/586 830/612/593 823/605/587
f 840/622/465 841/623/465 842/624/465
f 840/622/465 842/624/465 843/625/465
f 844/626/601 845/627/602 846/557/603
f 844/626/601 846/557/603 847/554/604
f 848/628/605 849/629/606 850/630/607
f 848/628/605 850/630/607 851/631/608
f 852/632/609 470/330/383 853/347/610
f 852/632/609 853/347/610 854/633/611
f 855/634/612 856/635/613 468/328/381
f 855/634/612 468/328/381 857/636/614
f 858/637/615 859/638/616 860/639/617
f 858/637/615 860/639/617 861/640/618
f 862/641/619 777/560/551 780/563/554
f 862/641/619 780/563/554 863/642/620
f 859/638/616 864/643/621 865/644/622
f 859/638/616 865/644/622 860/639/617
f 866/645/623 781/564/555 784/567/558
f 866/645/623 784/567/558 867/646/624
f 847/554/604 846/557/603 868/647/625
f 847/554/604 868/647/625 869/648/626
f 870/558/397 871/649/397 872/313/563
f 870/558/397 872/313/563 873/309/563
f 874/560/627 875/650/628 876/651/629
f 874/560/627 876/651/629 877/561/630
f 878/652/631 879/567/430 880/566/430
f 878/652/631 880/566/430 881/565/632
f 882/568/562 883/571/633 884/570/560
f 882/568/562 884/570/560 885/653/634
f 886/572/481 887/574/482 484/344/362
f 886/572/481 484/344/362 479/339/366
f 888/575/418 889/577/476 475/335/386
f 888/575/418 475/335/386 890/654/564
f 891/578/480 892/580/430 893/655/565
f 891/578/480 893/655/565 476/336/369
f 894/581/635 895/582/605 896/656/636
f 894/581/635 896/656/636 897/657/637
f 898/583/638 899/586/639 900/585/397
f 898/583/638 900/585/397 901/584/640
f 901/584/640 900/585/397 902/588/586
f 901/584/640 902/588/586 903/587/641
f 900/585/397 904/590/642 905/589/643
f 900/585/397 905/589/643 902/588/586
f 899/586/639 906/591/644 904/590/642
f 899/586/639 904/590/642 900/585/397
f 907/592/645 908/595/646 909/594/430
f 907/592/645 909/594/430 910/593/647
f 910/593/647 909/594/430 911/596/648
f 910/593/647 911/596/648 905/589/643
f 909/594/430 912/598/649 913/597/650
f 909/594/430 913/597/650 911/596/648
f 908/595/646 914/599/651 912/598/649
f 908/595/646 912/598/649 909/594/430
f 915/600/652 916/603/653 917/602/400
f 915/600/652 917/602/400 918/601/654
f 918/601/654 917/602/400 919/604/572
f 918/601/654 919/604/572 913/597/650
f 917/602/400 920/606/655 921/605/656
f 917/602/400 921/605/656 919/604/572
f 916/603/653 922/607/657 920/606/655
f 916/603/653 920/606/655 917/602/400
f 923/608/658 924/611/659 925/610/418
f 923/608/658 925/610/418 926/609/660
f 926/609/660 925/610/418 927/612/661
f 926/609/660 927/612/661 921/605/656
f 925/610/418 928/613/662 903/587/641
f 925/610/418 903/587/641 927/612/661
f 924/611/659 929/614/663 928/613/662
f 924/611/659 928/613/662 925/610/418
f 930/615/664 931/618/665 932/617/318
f 930/615/664 932/617/318 933/616/666
f 933/616/666 932/617/318 934/620/667
f 933/616/666 934/620/667 935/619/668
f 932/617/318 924/611/659 923/608/658
f 932/617/318 923/608/658 934/620/667
f 931/618/665 929/614/663 924/611/659
f 931/618/665 924/611/659 932/617/318
f 913/597/650 919/604/572 936/621/465
f 913/597/650 936/621/465 911/596/648
f 911/596/648 936/621/465 902/588/586
f 911/596/648 902/588/586 905/589/643
f 936/621/465 927/612/661 903/587/641
f 936/621/465 903/587/641 902/588/586
f 919/604/572 921/605/656 927/612/661
f 919/604/572 927/612/661 936/621/465
f 937/622/465 938/625/465 939/624/465
f 937/622/465 939/624/465 940/623/465
f 941/628/567 942/631/566 496/356/374
f 941/628/567 496/356/374 491/351/389
f 943/632/669 944/633/609 487/347/383
f 943/632/669 487/347/383 945/330/670
f 946/634/671 947/636/672 948/658/673
f 946/634/671 948/658/673 488/348/381
f 949/637/674 950/640/675 951/639/676
f 949/637/674 951/639/676 952/638/677
f 953/659/678 954/660/679 875/650/628
f 953/659/678 875/650/628 874/560/627
f 952/638/677 951/639/676 955/644/680
f 952/638/677 955/644/680 956/643/681
f 957/661/682 958/646/430 879/567/430
f 957/661/682 879/567/430 878/652/631
f 781/564/555 866/645/623 959/627/683
f 781/564/555 959/627/683 774/557/550
f 960/662/684 961/663/685 867/646/624
f 960/662/684 867/646/624 784/567/558
f 859/638/616 858/637/615 863/642/620
f 859/638/616 863/642/620 780/563/554
f 860/639/617 865/644/622 772/555/548
f 860/639/617 772/555/548 771/554/547
f 962/664/686 450/310/363 449/309/362
f 962/664/686 449/309/362 775/558/482
f 785/568/559 788/571/562 794/576/564
f 785/568/559 794/576/564 458/318/371
f 786/569/560 785/568/559 791/344/563
f 786/569/560 791/344/563 790/573/563
f 787/570/561 786/569/560 456/316/369
f 787/570/561 456/316/369 797/579/565
f 788/571/562 787/570/561 453/313/366
f 788/571/562 453/313/366 449/309/362
f 452/312/365 963/665/484 776/559/481
f 452/312/365 776/559/481 453/313/366
f 455/315/368 964/666/485 798/580/480
f 455/315/368 798/580/480 456/316/369
f 458/318/371 793/575/476 965/667/687
f 458/318/371 965/667/687 459/319/372
f 966/668/688 462/322/375 461/321/374
f 966/668/688 461/321/374 799/581/566
f 472/332/385 967/346/689 853/347/610
f 472/332/385 853/347/610 470/330/383
f 968/669/690 969/355/690 850/630/607
f 968/669/690 850/630/607 849/629/606
f 970/349/691 469/329/382 468/328/381
f 970/349/691 468/328/381 856/635/613
f 463/323/376 466/326/379 465/325/378
f 463/323/376 465/325/378 461/321/374
f 856/635/613 855/634/612 800/582/567
f 856/635/613 800/582/567 465/325/378
f 849/629/606 848/628/605 857/636/614
f 849/629/606 857/636/614 468/328/381
f 470/330/383 852/632/609 851/631/608
f 470/330/383 851/631/608 850/630/607
f 782/565/556 781/564/555 774/557/550
f 782/565/556 774/557/550 773/556/549
f 971/670/692 960/662/684 784/567/558
f 971/670/692 784/567/558 783/566/557
f 864/643/621 859/638/616 780/563/554
f 864/643/621 780/563/554 779/562/553
f 861/640/618 860/639/617 771/554/547
f 861/640/618 771/554/547 972/626/693
f 846/557/603 845/627/602 957/661/682
f 846/557/603 957/661/682 878/652/631
f 973/671/694 974/672/695 953/659/678
f 973/671/694 953/659/678 874/560/627
f 875/650/628 954/660/679 949/637/674
f 875/650/628 949/637/674 952/638/677
f 847/554/604 869/648/626 955/644/680
f 847/554/604 955/644/680 951/639/676
f 975/673/687 473/333/372 475/335/386
f 975/673/687 475/335/386 889/577/476
f 890/654/564 475/335/386 883/571/633
f 890/654/564 883/571/633 882/568/562
f 479/339/366 484/344/362 882/568/562
f 479/339/366 882/568/562 885/653/634
f 476/336/369 893/655/565 885/653/634
f 476/336/369 885/653/634 884/570/560
f 873/309/563 872/313/563 884/570/560
f 873/309/563 884/570/560 883/571/633
f 478/338/368 976/674/485 891/578/480
f 478/338/368 891/578/480 476/336/369
f 481/341/365 977/675/484 886/572/481
f 481/341/365 886/572/481 479/339/366
f 484/344/362 887/574/482 978/676/686
f 484/344/362 978/676/686 482/342/363
f 979/677/696 485/345/387 487/347/383
f 979/677/696 487/347/383 944/633/609
f 945/330/670 487/347/383 486/346/385
f 945/330/670 486/346/385 980/332/689
f 491/351/389 496/356/374 495/355/376
f 491/351/389 495/355/376 492/352/390
f 488/348/381 948/658/673 981/329/691
f 488/348/381 981/329/691 489/349/382
f 897/657/637 896/656/636 982/326/690
f 897/657/637 982/326/690 983/323/697
f 896/656/636 895/582/605 946/634/671
f 896/656/636 946/634/671 488/348/381
f 948/658/673 947/636/672 941/628/567
f 948/658/673 941/628/567 491/351/389
f 496/356/374 942/631/566 943/632/669
f 496/356/374 943/632/669 945/330/670
f 868/647/625 846/557/603 878/652/631
f 868/647/625 878/652/631 881/565/632
f 984/678/698 973/671/694 874/560/627
f 984/678/698 874/560/627 877/561/630
f 876/651/629 875/650/628 952/638/677
f 876/651/629 952/638/677 956/643/681
f 844/626/601 847/554/604 951/639/676
f 844/626/601 951/639/676 950/640/675
f 972/626/693 771/554/547 774/557/550
f 972/626/693 774/557/550 959/627/683
s 0
f 985/679/430 986/680/430 987/681/430
f 985/679/430 987/681/430 988/682/430
s 1
f 989/682/699 990/681/700 991/683/701
f 989/682/699 991/683/701 992/684/702
s 0
f 993/685/418 994/686/418 995/687/418
f 993/685/418 995/687/418 996/688/418
s 1
f 997/688/703 998/687/704 999/680/705
f 997/688/703 999/680/705 1000/679/706
s 0
f 1001/689/430 1002/680/430 1003/681/430
f 1001/689/430 1003/681/430 1004/690/430
f 1005/690/397 1006/681/397 1007/683/397
f 1005/690/397 1007/683/397 1008/691/397
f 1009/692/418 1010/686/418 1011/687/418
f 1009/692/418 1011/687/418 1012/693/418
f 1013/693/400 1014/687/400 1015/680/400
f 1013/693/400 1015/680/400 1016/689/400
f 1017/689/430 1018/680/430 1019/681/430
f 1017/689/430 1019/681/430 1020/690/430
f 1021/690/397 1022/681/397 1023/683/397
f 1021/690/397 1023/683/397 1024/691/397
f 1025/692/418 1026/686/418 1027/687/418
f 1025/692/418 1027/687/418 1028/693/418
f 1029/693/400 1030/687/400 1031/680/400
f 1029/693/400 1031/680/400 1032/689/400
f 1033/689/430 1034/680/430 1035/681/430
f 1033/689/430 1035/681/430 1036/690/430
f 1037/690/397 1038/681/397 1039/683/397
f 1037/690/397 1039/683/397 1040/691/397
f 1041/692/418 1042/686/418 1043/687/418
f 1041/692/418 1043/687/418 1044/693/418
f 1045/693/400 1046/687/400 1047/680/400
f 1045/693/400 1047/680/400 1048/689/400
f 1049/694/430 1050/680/430 1051/681/430
f 1049/694/430 1051/681/430 1052/695/430
s 1
f 1053/695/707 1054/681/708 1055/683/709
f 1053/695/707 1055/683/709 1056/696/710
s 0
f 1057/697/418 1058/686/418 1059/687/418
f 1057/697/418 1059/687/418 1060/698/418
s 1
f 1061/698/711 1062/687/712 1063/680/713
f 1061/698/711 1063/680/713 1064/694/714
s 0
f 1065/699/430 1066/680/430 1067/681/430
f 1065/699/430 1067/681/430 1068/700/430
s 1
f 1069/700/715 1070/681/716 1071/683/717
f 1069/700/715 1071/683/717 1072/701/718
s 0
f 1073/702/418 1074/686/418 1075/687/418
f 1073/702/418 1075/687/418 1076/703/418
s 1
f 1077/703/719 1078/687/720 1079/680/721
f 1077/703/719 1079/680/721 1080/699/722
s 0
f 1081/689/430 1082/680/430 1083/681/430
f 1081/689/430 1083/681/430 1084/690/430
f 1085/690/397 1086/681/397 1087/683/397
f 1085/690/397 1087/683/397 1088/691/397
f 1089/692/418 1090/686/418 1091/687/418
f 1089/692/418 1091/687/418 1092/693/418
f 1093/693/400 1094/687/400 1095/680/400
f 1093/693/400 1095/680/400 1096/689/400
f 1097/689/430 1098/690/430 1099/681/430
f 1097/689/430 1099/681/430 1100/680/430
f 1101/690/400 1102/691/400 1103/683/400
f 1101/690/400 1103/683/400 1104/681/400
f 1105/692/418 1106/693/418 1107/687/418
f 1105/692/418 1107/687/418 1108/686/418
f 1109/693/397 1110/689/397 1111/680/397
f 1109/693/397 1111/680/397 1112/687/397
f 1113/689/430 1114/690/430 1115/681/430
f 1113/689/430 1115/681/430 1116/680/430
f 1117/690/400 1118/691/400 1119/683/400
f 1117/690/400 1119/683/400 1120/681/400
f 1121/692/418 1122/693/418 1123/687/418
f 1121/692/418 1123/687/418 1124/686/418
f 1125/693/397 1126/689/397 1127/680/397
f 1125/693/397 1127/680/397 1128/687/397
f 1129/689/430 1130/690/430 1131/681/430
f 1129/689/430 1131/681/430 1132/680/430
f 1133/690/400 1134/691/400 1135/683/400
f 1133/690/400 1135/683/400 1136/681/400
f 1137/692/418 1138/693/418 1139/687/418
f 1137/692/418 1139/687/418 1140/686/418
f 1141/693/397 1142/689/397 1143/680/397
f 1141/693/397 1143/680/397 1144/687/397
f 1145/689/430 1146/690/430 1147/681/430
f 1145/689/430 1147/681/430 1148/680/430
f 1149/690/400 1150/691/400 1151/683/400
f 1149/690/400 1151/683/400 1152/681/400
f 1153/692/418 1154/693/418 1155/687/418
f 1153/692/418 1155/687/418 1156/686/418
f 1157/693/397 1158/689/397 1159/680/397
f 1157/693/397 1159/680/397 1160/687/397
f 1161/689/430 1162/690/430 1163/681/430
f 1161/689/430 1163/681/430 1164/680/430
f 1165/690/400 1166/691/400 1167/683/400
f 1165/690/400 1167/683/400 1168/681/400
f 1169/692/418 1170/693/418 1171/687/418
f 1169/692/418 1171/687/418 1172/686/418
f 1173/693/397 1174/689/397 1175/680/397
f 1173/693/397 1175/680/397 1176/687/397
f 1177/689/430 1178/690/430 1179/681/430
f 1177/689/430 1179/681/430 1180/680/430
f 1181/690/400 1182/691/400 1183/683/400
f 1181/690/400 1183/683/400 1184/681/400
f 1185/692/418 1186/693/418 1187/687/418
f 1185/692/418 1187/687/418 1188/686/418
f 1189/693/397 1190/689/397 1191/680/397
f 1189/693/397 1191/680/397 1192/687/397
f 1193/689/430 1194/690/430 1195/681/430
f 1193/689/430 1195/681/430 1196/680/430
f 1197/690/400 1198/691/400 1199/683/400
f 1197/690/400 1199/683/400 1200/681/400
f 1201/692/418 1202/693/418 1203/687/418
f 1201/692/418 1203/687/418 1204/686/418
f 1205/693/397 1206/689/397 1207/680/397
f 1205/693/397 1207/680/397 1208/687/397
s 1
f 1209/693/723 1210/698/724 1211/694/725
f 1209/693/723 1211/694/725 1212/689/726
s 0
f 1213/692/418 1057/697/418 1060/698/418
f 1213/692/418 1060/698/418 1214/693/418
s 1
f 1215/690/727 1216/695/728 1217/696/729
f 1215/690/727 1217/696/729 1218/691/730
s 0
f 1219/689/430 1049/694/430 1052/695/430
f 1219/689/430 1052/695/430 1220/690/430
s 1
f 1221/703/731 1222/699/732 1223/700/733
f 1221/703/731 1223/700/733 1224/702/734
f 1225/693/735 1226/688/736 1227/679/737
f 1225/693/735 1227/679/737 1228/689/738
s 0
f 1229/692/418 1230/685/418 1231/688/418
f 1229/692/418 1231/688/418 1232/693/418
s 1
f 1233/690/739 1234/682/740 1235/684/741
f 1233/690/739 1235/684/741 1236/691/742
s 0
f 1237/689/430 1238/679/430 1239/682/430
f 1237/689/430 1239/682/430 1240/690/430
s 1
f 1241/704/743 1242/705/744 1243/706/397
f 1241/704/743 1243/706/397 1244/707/397
f 1245/708/745 1246/709/746 1247/710/747
f 1245/708/745 1247/710/747 1248/711/748
f 1249/712/749 1250/713/750 1251/714/751
f 1249/712/749 1251/714/751 1252/715/752
f 1253/716/753 1254/717/754 1255/718/755
f 1253/716/753 1255/718/755 1256/719/756
f 1257/720/757 1258/721/758 1259/722/759
f 1257/720/757 1259/722/759 1260/723/760
f 1261/724/761 1262/725/762 1258/721/758
f 1261/724/761 1258/721/758 1257/720/757
f 1260/723/760 1259/722/759 1263/726/763
f 1260/723/760 1263/726/763 1264/727/764
s 0
f 1265/728/765 1266/729/765 1267/730/765
f 1265/728/765 1267/730/765 1268/731/765
f 1269/731/766 1270/730/766 1271/732/766
f 1269/731/766 1271/732/766 1272/733/766
f 1273/734/767 1274/735/767 1275/729/767
f 1273/734/767 1275/729/767 1276/728/767
f 1277/736/768 1278/735/768 1279/734/768
f 1277/736/768 1279/734/768 1280/737/768
s 1
f 1281/738/769 1282/739/770 1283/740/771
f 1281/738/769 1283/740/771 1284/741/772
f 1253/716/753 1256/719/756 1285/742/773
f 1253/716/753 1285/742/773 1286/743/774
f 1287/744/775 1288/745/776 1262/725/762
f 1287/744/775 1262/725/762 1261/724/761
f 1289/746/777 1290/747/778 1291/748/779
f 1289/746/777 1291/748/779 1292/749/780
f 1293/750/781 1294/751/782 1295/752/783
f 1293/750/781 1295/752/783 1296/753/784
f 1297/754/785 1298/755/786 1299/756/787
f 1297/754/785 1299/756/787 1300/757/788
f 1296/753/784 1295/752/783 1301/758/789
f 1296/753/784 1301/758/789 1302/759/790
f 1300/757/788 1299/756/787 1294/751/782
f 1300/757/788 1294/751/782 1293/750/781
f 1289/746/777 1292/749/780 1247/710/747
f 1289/746/777 1247/710/747 1246/709/746
f 1241/704/743 1244/707/397 1303/760/397
f 1241/704/743 1303/760/397 1304/761/791
f 1281/738/769 1284/741/772 1251/714/751
f 1281/738/769 1251/714/751 1250/713/750
f 1296/753/784 1302/759/790 1263/726/763
f 1296/753/784 1263/726/763 1259/722/759
f 1300/757/788 1293/750/781 1258/721/758
f 1300/757/788 1258/721/758 1262/725/762
f 1293/750/781 1296/753/784 1259/722/759
f 1293/750/781 1259/722/759 1258/721/758
f 1297/754/785 1300/757/788 1262/725/762
f 1297/754/785 1262/725/762 1288/745/776
f 1305/762/792 1304/761/791 1303/760/397
f 1305/762/792 1303/760/397 1306/763/397
f 1285/742/773 1256/719/756 1281/738/769
f 1285/742/773 1281/738/769 1250/713/750
f 1289/746/777 1246/709/746 1251/714/751
f 1289/746/777 1251/714/751 1284/741/772
f 1241/704/743 1304/761/791 1247/710/747
f 1241/704/743 1247/710/747 1292/749/780
f 1253/716/753 1286/743/774 1307/764/793
f 1253/716/753 1307/764/793 1308/765/793
f 1309/766/794 1310/767/794 1286/743/774
f 1309/766/794 1286/743/774 1311/768/795
f 1250/713/750 1249/712/749 1312/769/796
f 1250/713/750 1312/769/796 1285/742/773
f 1256/719/756 1255/718/755 1282/739/770
f 1256/719/756 1282/739/770 1281/738/769
f 1290/747/778 1289/746/777 1284/741/772
f 1290/747/778 1284/741/772 1283/740/771
f 1246/709/746 1245/708/745 1252/715/752
f 1246/709/746 1252/715/752 1251/714/751
f 1313/770/797 1314/771/798 1254/717/754
f 1313/770/797 1254/717/754 1253/716/753
f 1242/705/744 1241/704/743 1292/749/780
f 1242/705/744 1292/749/780 1291/748/779
f 1304/761/791 1305/762/792 1248/711/748
f 1304/761/791 1248/711/748 1247/710/747
f 1311/768/795 1286/743/774 1285/742/773
f 1311/768/795 1285/742/773 1312/769/796
f 1315/704/772 1316/707/400 1317/706/400
f 1315/704/772 1317/706/400 1318/705/771
f 1319/708/748 1320/711/745 1321/710/746
f 1319/708/748 1321/710/746 1322/709/747
f 1323/712/799 1324/715/800 1325/714/791
f 1323/712/799 1325/714/791 1326/713/801
f 1327/716/756 1328/719/753 1329/718/754
f 1327/716/756 1329/718/754 1330/717/755
f 1331/720/757 1332/723/761 1333/722/762
f 1331/720/757 1333/722/762 1334/721/758
f 1335/724/760 1331/720/757 1334/721/758
f 1335/724/760 1334/721/758 1336/725/759
f 1332/723/761 1337/727/775 1338/726/776
f 1332/723/761 1338/726/776 1333/722/762
s 0
f 1339/728/765 1340/731/765 1341/730/765
f 1339/728/765 1341/730/765 1342/729/765
f 1343/731/767 1344/733/767 1345/732/767
f 1343/731/767 1345/732/767 1346/730/767
f 1347/734/766 1348/728/766 1349/729/766
f 1347/734/766 1349/729/766 1350/735/766
f 1351/736/768 1352/737/768 1353/734/768
f 1351/736/768 1353/734/768 1354/735/768
s 1
f 1355/738/802 1356/741/743 1357/740/744
f 1355/738/802 1357/740/744 1358/739/803
f 1327/716/756 1359/743/804 1360/742/805
f 1327/716/756 1360/742/805 1328/719/753
f 1361/744/764 1335/724/760 1336/725/759
f 1361/744/764 1336/725/759 1362/745/763
f 1363/746/780 1364/749/777 1365/748/778
f 1363/746/780 1365/748/778 1366/747/779
f 1367/750/781 1368/753/788 1369/752/787
f 1367/750/781 1369/752/787 1370/751/782
f 1371/754/790 1372/757/784 1373/756/783
f 1371/754/790 1373/756/783 1374/755/789
f 1368/753/788 1375/759/785 1376/758/786
f 1368/753/788 1376/758/786 1369/752/787
f 1372/757/784 1367/750/781 1370/751/782
f 1372/757/784 1370/751/782 1373/756/783
f 1363/746/780 1322/709/747 1321/710/746
f 1363/746/780 1321/710/746 1364/749/777
f 1315/704/772 1377/761/751 1378/760/400
f 1315/704/772 1378/760/400 1316/707/400
f 1355/738/802 1326/713/801 1325/714/791
f 1355/738/802 1325/714/791 1356/741/743
f 1368/753/788 1333/722/762 1338/726/776
f 1368/753/788 1338/726/776 1375/759/785
f 1372/757/784 1336/725/759 1334/721/758
f 1372/757/784 1334/721/758 1367/750/781
f 1367/750/781 1334/721/758 1333/722/762
f 1367/750/781 1333/722/762 1368/753/788
f 1371/754/790 1362/745/763 1336/725/759
f 1371/754/790 1336/725/759 1372/757/784
f 1379/762/752 1380/763/400 1378/760/400
f 1379/762/752 1378/760/400 1377/761/751
f 1360/742/805 1326/713/801 1355/738/802
f 1360/742/805 1355/738/802 1328/719/753
f 1363/746/780 1356/741/743 1325/714/791
f 1363/746/780 1325/714/791 1322/709/747
f 1315/704/772 1364/749/777 1321/710/746
f 1315/704/772 1321/710/746 1377/761/751
f 1327/716/756 1381/765/806 1382/764/806
f 1327/716/756 1382/764/806 1359/743/804
f 1383/766/807 1384/768/808 1359/743/804
f 1383/766/807 1359/743/804 1385/767/809
f 1326/713/801 1360/742/805 1386/769/810
f 1326/713/801 1386/769/810 1323/712/799
f 1328/719/753 1355/738/802 1358/739/803
f 1328/719/753 1358/739/803 1329/718/754
f 1366/747/779 1357/740/744 1356/741/743
f 1366/747/779 1356/741/743 1363/746/780
f 1322/709/747 1325/714/791 1324/715/800
f 1322/709/747 1324/715/800 1319/708/748
f 1387/770/811 1327/716/756 1330/717/755
f 1387/770/811 1330/717/755 1388/771/812
f 1318/705/771 1365/748/778 1364/749/777
f 1318/705/771 1364/749/777 1315/704/772
f 1377/761/751 1321/710/746 1320/711/745
f 1377/761/751 1320/711/745 1379/762/752
f 1384/768/808 1386/769/810 1360/742/805
f 1384/768/808 1360/742/805 1359/743/804
s 0
f 1389/772/400 1390/773/400 1391/774/400
f 1389/772/400 1391/774/400 1392/775/400
f 1393/775/813 1394/774/813 1395/776/813
f 1393/775/813 1395/776/813 1396/777/813
f 1397/778/397 1398/779/397 1399/780/397
f 1397/778/397 1399/780/397 1400/781/397
f 1401/781/814 1402/780/814 1403/773/814
f 1401/781/814 1403/773/814 1404/772/814
f 1405/782/400 1406/773/400 1407/774/400
f 1405/782/400 1407/774/400 1408/783/400
f 1409/783/430 1410/774/430 1411/776/430
f 1409/783/430 1411/776/430 1412/784/430
f 1413/785/397 1414/779/397 1415/780/397
f 1413/785/397 1415/780/397 1416/786/397
f 1417/786/418 1418/780/418 1419/773/418
f 1417/786/418 1419/773/418 1420/782/418
f 1421/787/815 1422/788/815 1423/789/815
f 1421/787/815 1423/789/815 1424/790/815
f 1425/791/400 1426/773/400 1427/774/400
f 1425/791/400 1427/774/400 1428/792/400
f 1429/792/816 1430/774/816 1431/776/816
f 1429/792/816 1431/776/816 1432/793/816
f 1433/794/397 1434/779/397 1435/780/397
f 1433/794/397 1435/780/397 1436/795/397
f 1437/795/817 1438/780/817 1439/773/817
f 1437/795/817 1439/773/817 1440/791/817
f 1441/782/400 1442/773/400 1443/774/400
f 1441/782/400 1443/774/400 1444/783/400
f 1445/783/430 1446/774/430 1447/776/430
f 1445/783/430 1447/776/430 1448/784/430
f 1449/785/397 1450/779/397 1451/780/397
f 1449/785/397 1451/780/397 1452/786/397
f 1453/786/418 1454/780/418 1455/773/418
f 1453/786/418 1455/773/418 1456/782/418
f 1457/782/400 1458/773/400 1459/774/400
f 1457/782/400 1459/774/400 1460/783/400
f 1461/783/430 1462/774/430 1463/776/430
f 1461/783/430 1463/776/430 1464/784/430
f 1465/785/397 1466/779/397 1467/780/397
f 1465/785/397 1467/780/397 1468/786/397
f 1469/786/418 1470/780/418 1471/773/418
f 1469/786/418 1471/773/418 1472/782/418
f 1473/782/400 1474/773/400 1475/774/400
f 1473/782/400 1475/774/400 1476/783/400
f 1477/783/430 1478/774/430 1479/776/430
f 1477/783/430 1479/776/430 1480/784/430
f 1481/785/397 1482/779/397 1483/780/397
f 1481/785/397 1483/780/397 1484/786/397
f 1485/786/418 1486/780/418 1487/773/418
f 1485/786/418 1487/773/418 1488/782/418
f 1489/782/400 1490/773/400 1491/774/400
f 1489/782/400 1491/774/400 1492/783/400
f 1493/783/430 1494/774/430 1495/776/430
f 1493/783/430 1495/776/430 1496/784/430
f 1497/785/397 1498/779/397 1499/780/397
f 1497/785/397 1499/780/397 1500/786/397
f 1501/786/418 1502/780/418 1503/773/418
f 1501/786/418 1503/773/418 1504/782/418
f 1505/782/400 1506/773/400 1507/774/400
f 1505/782/400 1507/774/400 1508/783/400
f 1509/783/430 1510/774/430 1511/776/430
f 1509/783/430 1511/776/430 1512/784/430
f 1513/785/397 1514/779/397 1515/780/397
f 1513/785/397 1515/780/397 1516/786/397
f 1517/786/418 1518/780/418 1519/773/418
f 1517/786/418 1519/773/418 1520/782/418
f 1521/782/400 1522/773/400 1523/774/400
f 1521/782/400 1523/774/400 1524/783/400
f 1525/783/430 1526/774/430 1527/776/430
f 1525/783/430 1527/776/430 1528/784/430
f 1529/785/397 1530/779/397 1531/780/397
f 1529/785/397 1531/780/397 1532/786/397
f 1533/786/418 1534/780/418 1535/773/418
f 1533/786/418 1535/773/418 1536/782/418
f 1537/782/400 1538/773/400 1539/774/400
f 1537/782/400 1539/774/400 1540/783/400
f 1541/783/430 1542/774/430 1543/776/430
f 1541/783/430 1543/776/430 1544/784/430
f 1545/785/397 1546/779/397 1547/780/397
f 1545/785/397 1547/780/397 1548/786/397
f 1549/786/418 1550/780/418 1551/773/418
f 1549/786/418 1551/773/418 1552/782/418
f 1553/782/400 1554/773/400 1555/774/400
f 1553/782/400 1555/774/400 1556/783/400
f 1557/783/430 1558/774/430 1559/776/430
f 1557/783/430 1559/776/430 1560/784/430
f 1561/785/397 1562/779/397 1563/780/397
f 1561/785/397 1563/780/397 1564/786/397
f 1565/786/418 1566/780/418 1567/773/418
f 1565/786/418 1567/773/418 1568/782/418
f 1569/782/400 1570/773/400 1571/774/400
f 1569/782/400 1571/774/400 1572/783/400
f 1573/783/430 1574/774/430 1575/776/430
f 1573/783/430 1575/776/430 1576/784/430
f 1577/785/397 1578/779/397 1579/780/397
f 1577/785/397 1579/780/397 1580/786/397
f 1581/786/418 1582/780/418 1583/773/418
f 1581/786/418 1583/773/418 1584/782/418
f 1585/782/400 1586/773/400 1587/774/400
f 1585/782/400 1587/774/400 1588/783/400
f 1589/783/430 1590/774/430 1591/776/430
f 1589/783/430 1591/776/430 1592/784/430
f 1593/785/397 1594/779/397 1595/780/397
f 1593/785/397 1595/780/397 1596/786/397
f 1597/786/418 1598/780/418 1599/773/418
f 1597/786/418 1599/773/418 1600/782/418
f 1601/796/818 1602/773/818 1603/774/818
f 1601/796/818 1603/774/818 1604/797/818
f 1605/797/819 1606/774/819 1607/776/819
f 1605/797/819 1607/776/819 1608/798/819
f 1609/799/820 1610/779/820 1611/780/820
f 1609/799/820 1611/780/820 1612/800/820
f 1613/800/821 1614/780/821 1615/773/821
f 1613/800/821 1615/773/821 1616/796/821
f 1617/801/822 1618/773/822 1619/774/822
f 1617/801/822 1619/774/822 1620/802/822
f 1621/802/823 1622/774/823 1623/776/823
f 1621/802/823 1623/776/823 1624/803/823
f 1625/804/824 1626/779/824 1627/780/824
f 1625/804/824 1627/780/824 1628/805/824
f 1629/805/825 1630/780/825 1631/773/825
f 1629/805/825 1631/773/825 1632/801/825
f 1633/786/826 1634/781/826 1635/772/826
f 1633/786/826 1635/772/826 1636/782/826
f 1637/785/397 1397/778/397 1400/781/397
f 1637/785/397 1400/781/397 1638/786/397
f 1639/783/827 1640/775/827 1641/777/827
f 1639/783/827 1641/777/827 1642/784/827
f 1643/782/400 1389/772/400 1392/775/400
f 1643/782/400 1392/775/400 1644/783/400
f 1645/786/828 1646/795/828 1647/791/828
f 1645/786/828 1647/791/828 1648/782/828
f 1649/785/397 1433/794/397 1436/795/397
f 1649/785/397 1436/795/397 1650/786/397
f 1651/783/829 1652/792/829 1653/793/829
f 1651/783/829 1653/793/829 1654/784/829
f 1655/782/400 1425/791/400 1428/792/400
f 1655/782/400 1428/792/400 1656/783/400
f 1657/806/397 1658/779/397 1659/780/397
f 1657/806/397 1659/780/397 1660/807/397
f 1661/808/830 1662/774/830 1663/776/830
f 1661/808/831 1663/776/831 1664/809/831
f 1665/810/400 1666/773/400 1667/774/400
f 1665/810/400 1667/774/400 1668/811/400
f 1669/785/397 1670/812/397 1671/790/397
f 1669/785/397 1671/790/397 1672/786/397
f 1673/783/430 1674/788/430 1675/787/430
f 1673/783/430 1675/787/430 1676/784/430
f 1677/786/418 1678/790/418 1679/813/418
f 1677/786/418 1679/813/418 1680/782/418
f 1681/782/400 1682/789/400 1683/788/400
f 1681/782/400 1683/788/400 1684/783/400
f 1685/786/832 1686/805/832 1687/801/832
f 1685/786/832 1687/801/832 1688/782/832
f 1689/785/833 1690/804/833 1691/805/833
f 1689/785/833 1691/805/833 1692/786/833
f 1693/783/834 1694/802/834 1695/803/834
f 1693/783/834 1695/803/834 1696/784/834
f 1697/782/835 1698/801/835 1699/802/835
f 1697/782/835 1699/802/835 1700/783/835
f 1701/786/836 1702/800/836 1703/796/836
f 1701/786/836 1703/796/836 1704/782/836
f 1705/785/837 1706/799/837 1707/800/837
f 1705/785/837 1707/800/837 1708/786/837
f 1709/783/838 1710/797/838 1711/798/838
f 1709/783/838 1711/798/838 1712/784/838
f 1713/782/839 1714/796/839 1715/797/839
f 1713/782/839 1715/797/839 1716/783/839
s 1
f 1717/814/840 1718/474/840 1719/475/841
f 1717/814/840 1719/475/841 1720/815/841
f 1721/816/539 1722/482/495 1723/483/496
f 1721/816/539 1723/483/496 1724/817/496
f 1725/818/540 1726/486/499 1727/487/318
f 1725/818/540 1727/487/318 1728/819/318
f 1728/819/318 1727/487/318 1722/482/495
f 1728/819/318 1722/482/495 1721/816/539
f 1729/820/842 1730/821/842 1731/822/843
f 1729/820/842 1731/822/843 1732/823/843
f 1733/824/844 1734/825/844 1735/826/418
f 1733/824/844 1735/826/418 1736/827/418
f 1737/828/506 1738/496/506 1726/486/499
f 1737/828/506 1726/486/499 1725/818/540
s 0
f 1739/829/508 1740/498/508 1741/501/508
f 1739/829/508 1741/501/508 1742/830/508
f 1743/831/509 1744/504/509 1745/505/509
f 1743/831/509 1745/505/509 1746/832/509
f 1747/830/465 1748/501/465 1749/504/465
f 1747/830/465 1749/504/465 1750/831/465
f 1751/497/318 1752/498/318 1753/829/318
f 1751/497/318 1753/829/318 1754/833/318
s 1
f 1732/823/843 1731/822/843 1718/474/840
f 1732/823/843 1718/474/840 1717/814/840
f 1720/815/841 1719/475/841 1734/825/844
f 1720/815/841 1734/825/844 1733/824/844
f 1755/834/845 1756/548/846 1757/535/847
f 1755/834/845 1757/535/847 1758/835/848
f 1730/821/842 1729/820/842 1759/836/849
f 1730/821/842 1759/836/849 1760/837/850
f 1758/835/848 1757/535/847 1760/837/850
f 1758/835/848 1760/837/850 1759/836/849
s 0
f 1761/838/400 1762/839/400 1763/840/400
f 1761/838/400 1763/840/400 1764/841/400
f 1765/841/430 1766/840/430 1767/842/430
f 1765/841/430 1767/842/430 1768/843/430
f 1769/844/397 1770/845/397 1771/846/397
f 1769/844/397 1771/846/397 1772/847/397
f 1773/847/418 1774/846/418 1775/839/418
f 1773/847/418 1775/839/418 1776/838/418
f 1777/838/400 1778/839/400 1779/840/400
f 1777/838/400 1779/840/400 1780/841/400
f 1781/841/430 1782/840/430 1783/842/430
f 1781/841/430 1783/842/430 1784/843/430
f 1785/844/397 1786/845/397 1787/846/397
f 1785/844/397 1787/846/397 1788/847/397
f 1789/847/418 1790/846/418 1791/839/418
f 1789/847/418 1791/839/418 1792/838/418
s 1
f 1793/848/851 1794/849/851 1795/850/851
f 1793/848/851 1795/850/851 1796/851/851
s 0
f 1797/847/852 1798/358/852 1799/357/852
f 1797/847/852 1799/357/852 1800/838/852
f 1801/844/397 1802/852/397 1803/358/397
f 1801/844/397 1803/358/397 1804/847/397
f 1805/838/400 1806/357/400 1807/359/400
f 1805/838/400 1807/359/400 1808/841/400
f 1809/838/400 1810/839/400 1811/840/400
f 1809/838/400 1811/840/400 1812/841/400
f 1813/841/430 1814/840/430 1815/842/430
f 1813/841/430 1815/842/430 1816/843/430
f 1817/844/397 1818/845/397 1819/846/397
f 1817/844/397 1819/846/397 1820/847/397
f 1821/847/418 1822/846/418 1823/839/418
f 1821/847/418 1823/839/418 1824/838/418
f 1825/853/397 1826/845/397 1827/846/397
f 1825/853/397 1827/846/397 1828/854/397
s 1
f 1829/855/853 1830/840/854 1831/842/855
f 1829/855/853 1831/842/855 1832/856/856
s 0
f 1833/857/400 1834/839/400 1835/840/400
f 1833/857/400 1835/840/400 1836/855/400
s 1
f 1837/854/857 1838/846/858 1839/839/859
f 1837/854/857 1839/839/859 1840/857/860
s 0
f 1841/844/397 1842/851/397 1843/858/397
f 1841/844/397 1843/858/397 1844/847/397
s 1
f 1845/841/861 1846/848/862 1847/859/863
f 1845/841/861 1847/859/863 1848/843/864
f 1849/847/865 1850/850/866 1851/860/867
f 1849/847/865 1851/860/867 1852/838/868
s 0
f 1853/838/400 1854/849/400 1855/848/400
f 1853/838/400 1855/848/400 1856/841/400
f 1857/857/869 1858/855/869 1859/853/869
f 1857/857/869 1859/853/869 1860/854/869
f 1861/841/870 1862/359/870 1863/364/870
f 1861/841/870 1863/364/870 1864/843/870
f 1865/362/397 1866/845/397 1867/846/397
f 1865/362/397 1867/846/397 1868/360/397
f 1869/363/871 1870/840/871 1871/842/871
f 1869/363/871 1871/842/871 1872/861/871
f 1873/361/400 1874/839/400 1875/840/400
f 1873/361/400 1875/840/400 1876/363/400
f 1877/360/872 1878/846/872 1879/839/872
f 1877/360/872 1879/839/872 1880/862/872
s 1
f 1881/863/873 1882/864/873 1883/865/874
f 1881/863/873 1883/865/874 1884/866/874
f 1885/867/875 1886/868/875 1887/869/876
f 1885/867/875 1887/869/876 1888/870/876
f 1889/871/877 1890/872/877 1891/873/318
f 1889/871/877 1891/873/318 1892/874/318
f 1892/874/318 1891/873/318 1886/868/875
f 1892/874/318 1886/868/875 1885/867/875
f 1893/875/878 1894/876/878 1895/877/879
f 1893/875/878 1895/877/879 1896/878/879
f 1897/879/880 1898/880/880 1899/881/397
f 1897/879/880 1899/881/397 1900/882/397
f 1901/883/881 1902/884/881 1890/872/877
f 1901/883/881 1890/872/877 1889/871/877
s 0
f 1903/885/882 1904/886/882 1905/887/882
f 1903/885/882 1905/887/882 1906/888/882
f 1907/889/883 1908/890/883 1909/891/883
f 1907/889/883 1909/891/883 1910/892/883
f 1911/888/465 1912/887/465 1913/890/465
f 1911/888/465 1913/890/465 1914/889/465
f 1915/893/318 1916/886/318 1917/885/318
f 1915/893/318 1917/885/318 1918/894/318
s 1
f 1896/878/879 1895/877/879 1882/864/873
f 1896/878/879 1882/864/873 1881/863/873
f 1884/866/874 1883/865/874 1898/880/880
f 1884/866/874 1898/880/880 1897/879/880
f 1919/895/884 1920/896/884 1921/897/885
f 1919/895/884 1921/897/885 1922/898/885
f 1894/876/878 1893/875/878 1923/899/886
f 1894/876/878 1923/899/886 1924/900/886
f 1922/898/885 1921/897/885 1924/900/886
f 1922/898/885 1924/900/886 1923/899/886
f 1925/901/687 1926/902/687 1927/903/686
f 1925/901/687 1927/903/686 1928/904/686
f 1928/904/686 1927/903/686 1929/905/400
f 1928/904/686 1929/905/400 1930/906/400
f 1931/907/430 1932/908/430 1933/909/485
f 1931/907/430 1933/909/485 1934/910/485
f 1934/910/485 1933/909/485 1926/902/687
f 1934/910/485 1926/902/687 1925/901/687
f 1935/901/687 1936/902/687 1937/903/686
f 1935/901/687 1937/903/686 1938/904/686
f 1938/904/686 1937/903/686 1939/905/400
f 1938/904/686 1939/905/400 1940/906/400
f 1941/907/430 1942/908/430 1943/909/485
f 1941/907/430 1943/909/485 1944/910/485
f 1944/910/485 1943/909/485 1936/902/687
f 1944/910/485 1936/902/687 1935/901/687
f 1945/911/887 1946/902/888 1947/903/889
f 1945/911/887 1947/903/889 1948/912/890
f 1948/912/890 1947/903/889 1949/905/891
f 1948/912/890 1949/905/891 1950/913/892
f 1951/914/893 1952/908/894 1953/909/895
f 1951/914/893 1953/909/895 1954/915/896
f 1954/915/896 1953/909/895 1946/902/888
f 1954/915/896 1946/902/888 1945/911/887
f 1955/916/897 1956/902/898 1957/903/899
f 1955/916/897 1957/903/899 1958/917/900
f 1958/917/900 1957/903/899 1959/905/901
f 1958/917/900 1959/905/901 1960/918/902
f 1961/919/903 1962/908/904 1963/909/905
f 1961/919/903 1963/909/905 1964/920/906
f 1964/920/906 1963/909/905 1956/902/898
f 1964/920/906 1956/902/898 1955/916/897
f 1965/901/687 1966/902/687 1967/903/686
f 1965/901/687 1967/903/686 1968/904/686
f 1968/904/686 1967/903/686 1969/905/400
f 1968/904/686 1969/905/400 1970/906/400
f 1971/907/430 1972/908/430 1973/909/485
f 1971/907/430 1973/909/485 1974/910/485
f 1974/910/485 1973/909/485 1966/902/687
f 1974/910/485 1966/902/687 1965/901/687
f 1975/901/687 1976/902/687 1977/903/686
f 1975/901/687 1977/903/686 1978/904/686
f 1978/904/686 1977/903/686 1979/905/400
f 1978/904/686 1979/905/400 1980/906/400
f 1981/907/430 1982/908/430 1983/909/485
f 1981/907/430 1983/909/485 1984/910/485
f 1984/910/485 1983/909/485 1976/902/687
f 1984/910/485 1976/902/687 1975/901/687
f 1985/910/907 1954/915/896 1945/911/887
f 1985/910/907 1945/911/887 1986/901/908
f 1987/907/909 1951/914/893 1954/915/896
f 1987/907/909 1954/915/896 1985/910/907
f 1988/904/910 1948/912/890 1950/913/892
f 1988/904/910 1950/913/892 1989/906/911
f 1986/901/908 1945/911/887 1948/912/890
f 1986/901/908 1948/912/890 1988/904/910
f 1990/910/912 1964/920/906 1955/916/897
f 1990/910/912 1955/916/897 1991/901/913
f 1992/907/914 1961/919/903 1964/920/906
f 1992/907/914 1964/920/906 1990/910/912
f 1993/904/915 1958/917/900 1960/918/902
f 1993/904/915 1960/918/902 1994/906/916
f 1991/901/913 1955/916/897 1958/917/900
f 1991/901/913 1958/917/900 1993/904/915
f 1995/863/873 1996/864/873 1997/865/874
f 1995/863/873 1997/865/874 1998/866/874
f 1999/867/875 2000/868/875 2001/869/876
f 1999/867/875 2001/869/876 2002/870/876
f 2003/871/877 2004/872/877 2005/873/318
f 2003/871/877 2005/873/318 2006/874/318
f 2006/874/318 2005/873/318 2000/868/875
f 2006/874/318 2000/868/875 1999/867/875
f 2007/875/878 2008/876/878 2009/877/879
f 2007/875/878 2009/877/879 2010/878/879
f 2011/879/880 2012/880/880 2013/881/397
f 2011/879/880 2013/881/397 2014/882/397
f 2015/883/881 2016/884/881 2004/872/877
f 2015/883/881 2004/872/877 2003/871/877
s 0
f 2017/885/882 2018/886/882 2019/887/882
f 2017/885/882 2019/887/882 2020/888/882
f 2021/889/883 2022/890/883 2023/891/883
f 2021/889/883 2023/891/883 2024/892/883
f 2025/888/465 2026/887/465 2027/890/465
f 2025/888/465 2027/890/465 2028/889/465
f 2029/893/318 2030/886/318 2031/885/318
f 2029/893/318 2031/885/318 2032/894/318
s 1
f 2010/878/879 2009/877/879 1996/864/873
f 2010/878/879 1996/864/873 1995/863/873
f 1998/866/874 1997/865/874 2012/880/880
f 1998/866/874 2012/880/880 2011/879/880
f 2033/895/884 2034/896/884 2035/897/885
f 2033/895/884 2035/897/885 2036/898/885
f 2008/876/878 2007/875/878 2037/899/886
f 2008/876/878 2037/899/886 2038/900/886
f 2036/898/885 2035/897/885 2038/900/886
f 2036/898/885 2038/900/886 2037/899/886
s 0
f 2039/921/418 2040/922/418 2041/923/418
f 2039/921/418 2041/923/418 2042/924/418
f 2043/924/400 2044/923/400 2045/925/400
f 2043/924/400 2045/925/400 2046/926/400
f 2047/927/430 2048/928/430 2049/929/430
f 2047/927/430 2049/929/430 2050/930/430
f 2051/930/397 2052/929/397 2053/922/397
f 2051/930/397 2053/922/397 2054/921/397
f 2055/921/418 2056/922/418 2057/923/418
f 2055/921/418 2057/923/418 2058/924/418
f 2059/924/400 2060/923/400 2061/925/400
f 2059/924/400 2061/925/400 2062/926/400
f 2063/927/430 2064/928/430 2065/929/430
f 2063/927/430 2065/929/430 2066/930/430
f 2067/930/397 2068/929/397 2069/922/397
f 2067/930/397 2069/922/397 2070/921/397
f 2071/921/418 2072/922/418 2073/923/418
f 2071/921/418 2073/923/418 2074/924/418
f 2075/924/400 2076/923/400 2077/925/400
f 2075/924/400 2077/925/400 2078/926/400
f 2079/927/430 2080/928/430 2081/929/430
f 2079/927/430 2081/929/430 2082/930/430
f 2083/930/397 2084/929/397 2085/922/397
f 2083/930/397 2085/922/397 2086/921/397
f 2087/921/418 2088/922/418 2089/923/418
f 2087/921/418 2089/923/418 2090/924/418
f 2091/924/400 2092/923/400 2093/925/400
f 2091/924/400 2093/925/400 2094/926/400
f 2095/927/430 2096/928/430 2097/929/430
f 2095/927/430 2097/929/430 2098/930/430
f 2099/930/397 2100/929/397 2101/922/397
f 2099/930/397 2101/922/397 2102/921/397
f 2103/921/418 2104/922/418 2105/923/418
f 2103/921/418 2105/923/418 2106/924/418
f 2107/924/400 2108/923/400 2109/925/400
f 2107/924/400 2109/925/400 2110/926/400
f 2111/927/430 2112/928/430 2113/929/430
f 2111/927/430 2113/929/430 2114/930/430
f 2115/930/397 2116/929/397 2117/922/397
f 2115/930/397 2117/922/397 2118/921/397
f 2119/921/418 2120/922/418 2121/923/418
f 2119/921/418 2121/923/418 2122/924/418
f 2123/924/400 2124/923/400 2125/925/400
f 2123/924/400 2125/925/400 2126/926/400
f 2127/927/430 2128/928/430 2129/929/430
f 2127/927/430 2129/929/430 2130/930/430
f 2131/930/397 2132/929/397 2133/922/397
f 2131/930/397 2133/922/397 2134/921/397
s 1
f 2135/931/476 2136/932/476 2137/933/477
f 2135/931/476 2137/933/477 2138/934/477
f 2139/935/478 2140/936/478 2141/937/479
f 2139/935/478 2141/937/479 2142/938/479
f 2143/939/430 2144/940/430 2145/941/480
f 2143/939/430 2145/941/480 2146/942/480
f 2147/943/478 2148/944/478 2149/945/479
f 2147/943/478 2149/945/479 2150/946/479
f 2151/947/430 2152/948/430 2153/949/480
f 2151/947/430 2153/949/480 2154/950/480
f 2155/951/476 2156/952/476 2157/953/418
f 2155/951/476 2157/953/418 2158/954/418
f 2159/955/479 2160/956/397 2161/957/397
f 2159/955/479 2161/957/397 2162/958/479
f 2163/931/477 2164/934/476 2165/933/476
f 2163/931/477 2165/933/476 2166/932/477
f 2167/935/481 2168/938/482 2169/959/482
f 2167/935/481 2169/959/482 2170/960/481
f 2171/939/430 2172/942/483 2173/941/483
f 2171/939/430 2173/941/483 2174/940/430
f 2175/943/481 2176/946/482 2177/945/482
f 2175/943/481 2177/945/482 2178/944/481
f 2179/947/430 2180/950/483 2181/961/483
f 2179/947/430 2181/961/483 2182/948/430
f 2183/951/477 2184/954/418 2185/953/418
f 2183/951/477 2185/953/418 2186/952/477
f 2187/955/481 2188/956/400 2189/957/400
f 2187/955/481 2189/957/400 2190/958/481
f 2191/931/480 2192/934/483 2193/933/483
f 2191/931/480 2193/933/483 2194/932/480
f 2195/935/479 2196/938/478 2197/959/478
f 2195/935/479 2197/959/478 2198/960/479
f 2199/939/418 2200/942/476 2201/941/476
f 2199/939/418 2201/941/476 2202/940/418
f 2203/943/479 2204/946/478 2205/945/478
f 2203/943/479 2205/945/478 2206/944/479
f 2207/947/418 2208/950/476 2209/961/476
f 2207/947/418 2209/961/476 2210/948/418
f 2211/951/480 2212/954/430 2213/953/430
f 2211/951/480 2213/953/430 2214/952/480
f 2215/955/478 2216/958/478 2217/957/397
f 2215/955/478 2217/957/397 2218/956/397
f 2219/931/483 2220/932/483 2221/933/480
f 2219/931/483 2221/933/480 2222/934/480
f 2223/935/482 2224/936/482 2225/937/481
f 2223/935/482 2225/937/481 2226/938/481
f 2227/939/418 2228/940/418 2229/941/477
f 2227/939/418 2229/941/477 2230/942/477
f 2231/943/482 2232/944/482 2233/945/481
f 2231/943/482 2233/945/481 2234/946/481
f 2235/947/418 2236/948/418 2237/949/477
f 2235/947/418 2237/949/477 2238/950/477
f 2239/951/483 2240/952/483 2241/953/430
f 2239/951/483 2241/953/430 2242/954/430
f 2138/934/477 2137/933/477 2243/958/482
f 2138/934/477 2243/958/482 2244/955/482
f 2148/944/478 2147/943/478 2146/942/480
f 2148/944/478 2146/942/480 2145/941/480
f 2136/932/476 2135/931/476 2150/946/479
f 2136/932/476 2150/946/479 2149/945/479
f 2140/936/478 2139/935/478 2154/950/480
f 2140/936/478 2154/950/480 2153/949/480
f 2156/952/476 2155/951/476 2142/938/479
f 2156/952/476 2142/938/479 2141/937/479
f 2159/955/479 2162/958/479 2165/933/476
f 2159/955/479 2165/933/476 2164/934/476
f 2173/941/483 2172/942/483 2175/943/481
f 2173/941/483 2175/943/481 2178/944/481
f 2177/945/482 2176/946/482 2163/931/477
f 2177/945/482 2163/931/477 2166/932/477
f 2181/961/483 2180/950/483 2167/935/481
f 2181/961/483 2167/935/481 2170/960/481
f 2169/959/482 2168/938/482 2183/951/477
f 2169/959/482 2183/951/477 2186/952/477
f 2187/955/481 2190/958/481 2193/933/483
f 2187/955/481 2193/933/483 2192/934/483
f 2201/941/476 2200/942/476 2203/943/479
f 2201/941/476 2203/943/479 2206/944/479
f 2205/945/478 2204/946/478 2191/931/480
f 2205/945/478 2191/931/480 2194/932/480
f 2209/961/476 2208/950/476 2195/935/479
f 2209/961/476 2195/935/479 2198/960/479
f 2197/959/478 2196/938/478 2211/951/480
f 2197/959/478 2211/951/480 2214/952/480
f 2222/934/480 2221/933/480 2216/958/478
f 2222/934/480 2216/958/478 2215/955/478
f 2232/944/482 2231/943/482 2230/942/477
f 2232/944/482 2230/942/477 2229/941/477
f 2220/932/483 2219/931/483 2234/946/481
f 2220/932/483 2234/946/481 2233/945/481
f 2224/936/482 2223/935/482 2238/950/477
f 2224/936/482 2238/950/477 2237/949/477
f 2240/952/483 2239/951/483 2226/938/481
f 2240/952/483 2226/938/481 2225/937/481
f 2244/955/482 2243/958/482 2245/957/400
f 2244/955/482 2245/957/400 2246/956/400
f 2247/962/917 2248/963/917 2249/964/917
f 2247/962/917 2249/964/917 2250/965/917
f 2251/966/397 2252/967/397 2253/968/918
f 2251/966/397 2253/968/918 2254/368/919
f 2255/969/917 2256/970/917 2257/971/917
f 2255/969/917 2257/971/917 2258/972/917
f 2259/973/920 2260/974/921 2261/975/922
f 2259/973/920 2261/975/922 2262/976/923
f 2263/973/924 2264/974/924 2265/975/925
f 2263/973/924 2265/975/925 2266/977/926
f 2267/973/924 2268/977/927 2269/975/928
f 2267/973/924 2269/975/928 2270/974/924
f 2271/967/400 2272/966/400 2273/368/929
f 2271/967/400 2273/368/929 2274/978/930
f 2275/973/924 2276/977/931 2277/975/928
f 2275/973/924 2277/975/928 2278/974/924
f 2279/979/917 2280/980/917 2281/981/917
f 2279/979/917 2281/981/917 2282/982/917
f 2283/973/932 2284/974/933 2285/983/934
f 2283/973/932 2285/983/934 2286/977/935
f 2287/984/397 2288/967/397 2289/978/918
f 2287/984/397 2289/978/918 2290/368/919
f 2291/973/921 2292/977/936 2293/975/937
f 2291/973/921 2293/975/937 2294/974/921
f 2295/967/400 2296/984/400 2297/368/938
f 2295/967/400 2297/368/938 2298/978/930
f 2299/985/917 2300/986/917 2301/987/917
f 2299/985/917 2301/987/917 2302/988/917
f 2303/973/939 2304/974/924 2305/983/940
f 2303/973/939 2305/983/940 2306/989/941
f 2307/966/397 2308/967/397 2309/978/918
f 2307/966/397 2309/978/918 2310/368/942
f 2311/973/924 2312/977/931 2313/975/928
f 2311/973/924 2313/975/928 2314/974/924
f 2315/967/400 2316/966/400 2317/368/401
f 2315/967/400 2317/368/401 2318/978/930
f 2319/990/943 2320/991/944 2321/992/945
f 2319/990/943 2321/992/945 2322/993/946
f 2323/966/397 2324/967/397 2325/968/918
f 2323/966/397 2325/968/918 2326/994/947
f 2327/973/924 2328/977/948 2329/975/928
f 2327/973/924 2329/975/928 2330/974/924
f 2331/967/400 2332/995/400 2333/996/949
f 2331/967/400 2333/996/949 2334/997/950
f 2335/998/951 2336/999/952 2337/1000/953
f 2335/998/951 2337/1000/953 2338/1001/954
f 2339/973/955 2340/974/956 2341/975/957
f 2339/973/955 2341/975/957 2342/977/958
f 2343/1002/397 2344/1003/397 2345/1004/959
f 2343/1002/397 2345/1004/959 2346/996/960
f 2347/966/397 2348/1005/397 2349/1006/961
f 2347/966/397 2349/1006/961 2350/1007/962
f 2351/973/921 2352/974/921 2353/975/963
f 2351/973/921 2353/975/963 2354/977/964
f 2355/1008/951 2356/1009/952 2357/1010/953
f 2355/1008/951 2357/1010/953 2358/1011/954
f 2359/973/939 2360/974/924 2361/983/965
f 2359/973/939 2361/983/965 2362/977/966
f 2363/973/967 2364/977/968 2365/983/969
f 2363/973/967 2365/983/969 2366/974/970
f 2367/1003/400 2368/966/400 2369/994/971
f 2367/1003/400 2369/994/971 2370/968/972
f 2371/1012/397 2372/1005/397 2373/366/397
f 2371/1012/397 2373/366/397 2374/367/973
f 2375/1013/974 2376/1014/975 2377/1015/976
f 2375/1013/974 2377/1015/976 2378/1016/977
f 2379/973/924 2380/974/924 2381/975/925
f 2379/973/924 2381/975/925 2382/977/926
f 2383/973/978 2384/989/931 2385/1017/979
f 2383/973/978 2385/1017/979 2386/974/980
f 2387/1003/400 2388/966/400 2389/1018/407
f 2387/1003/400 2389/1018/407 2390/968/400
f 2391/1019/981 2392/1020/982 2393/1021/976
f 2391/1019/981 2393/1021/976 2394/1022/977
f 2395/973/932 2396/974/933 2397/983/983
f 2395/973/932 2397/983/983 2398/977/935
f 2399/966/397 2400/1003/397 2401/968/397
f 2399/966/397 2401/968/397 2402/994/984
f 2403/973/967 2404/977/968 2405/975/969
f 2403/973/967 2405/975/969 2406/974/970
f 2407/1003/400 2408/966/400 2409/994/985
f 2407/1003/400 2409/994/985 2410/968/400
f 2411/1023/981 2412/1024/982 2413/1025/976
f 2411/1023/981 2413/1025/976 2414/1026/977
f 2415/973/924 2416/974/924 2417/975/925
f 2415/973/924 2417/975/925 2418/977/926
f 2419/966/397 2420/1003/397 2421/1027/397
f 2419/966/397 2421/1027/397 2422/1028/986
f 2423/973/932 2424/989/931 2425/975/979
f 2423/973/932 2425/975/979 2426/974/980
f 2427/1003/400 2428/966/400 2429/1028/987
f 2427/1003/400 2429/1028/987 2430/1029/400
f 2431/1030/917 2432/1031/982 2433/1032/976
f 2431/1030/917 2433/1032/976 2434/1033/917
f 2435/973/924 2436/974/924 2437/975/925
f 2435/973/924 2437/975/925 2438/977/926
f 2439/984/397 2440/1003/397 2441/1027/918
f 2439/984/397 2441/1027/918 515/368/403
f 2442/973/924 2443/977/931 2444/975/928
f 2442/973/924 2444/975/928 2445/974/924
f 2446/1003/400 2447/984/400 519/368/407
f 2446/1003/400 519/368/407 2448/1027/400
f 2449/973/924 2450/977/931 2451/975/988
f 2449/973/924 2451/975/988 2452/974/924
f 2453/1034/400 2454/1035/400 2455/1036/989
f 2453/1034/400 2455/1036/989 2456/366/990
f 2457/1037/991 2458/369/992 511/367/399
f 2457/1037/991 511/367/399 510/366/398
f 514/366/402 513/367/401 2459/369/993
f 514/366/402 2459/369/993 2460/1037/994
f 2461/1037/991 2462/369/995 2254/368/919
f 2461/1037/991 2254/368/919 2253/968/918
f 2463/1038/996 2464/1039/997 2286/977/935
f 2463/1038/996 2286/977/935 2285/983/934
f 2274/978/930 2273/368/929 2465/369/998
f 2274/978/930 2465/369/998 2466/1037/994
f 2293/975/937 2292/977/936 2467/1040/999
f 2293/975/937 2467/1040/999 2468/1041/1000
f 2469/1037/991 2470/369/1001 2290/368/919
f 2469/1037/991 2290/368/919 2289/978/918
f 2298/978/930 2297/368/938 2471/369/1002
f 2298/978/930 2471/369/1002 2472/1037/994
f 2473/1037/991 2474/369/1003 2310/368/942
f 2473/1037/991 2310/368/942 2309/978/918
f 2318/978/930 2317/368/401 2475/369/993
f 2318/978/930 2475/369/993 2476/1037/994
f 2477/1037/1004 2478/1042/1005 2326/994/947
f 2477/1037/1004 2326/994/947 2325/968/918
f 2479/1043/1006 2480/1044/1007 2354/977/964
f 2479/1043/1006 2354/977/964 2353/975/963
f 2456/366/990 2455/1036/989 2481/1045/1008
f 2456/366/990 2481/1045/1008 2482/1037/1009
f 2370/968/972 2369/994/971 2483/1045/1008
f 2370/968/972 2483/1045/1008 2484/1037/1010
f 2375/1013/974 2378/1016/977 2485/1046/991
f 2375/1013/974 2485/1046/991 2486/1047/991
f 2487/1048/1011 2488/1049/997 2398/977/935
f 2487/1048/1011 2398/977/935 2397/983/983
f 2489/1050/994 2490/1051/994 2377/1015/976
f 2489/1050/994 2377/1015/976 2376/1014/975
f 2391/1019/981 2394/1022/977 2491/1052/1012
f 2391/1019/981 2491/1052/1012 2492/1053/1013
f 2493/1054/1014 2494/1055/1015 2393/1021/976
f 2493/1054/1014 2393/1021/976 2392/1020/982
f 2411/1023/981 2414/1026/977 2495/1056/991
f 2411/1023/981 2495/1056/991 2496/1057/1012
f 2497/1058/1014 2498/1059/994 2413/1025/976
f 2497/1058/1014 2413/1025/976 2412/1024/982
f 2499/1037/1012 516/369/404 515/368/403
f 2499/1037/1012 515/368/403 2441/1027/918
f 2500/1060/1014 2501/1061/1015 2433/1032/976
f 2500/1060/1014 2433/1032/976 2432/1031/982
f 2502/1062/1016 2503/1063/1017 2262/976/923
f 2502/1062/1016 2262/976/923 2261/975/922
f 2269/975/928 2268/977/927 2504/1064/1018
f 2269/975/928 2504/1064/1018 2505/1065/1019
f 2506/1066/1016 2507/1067/1020 2266/977/926
f 2506/1066/1016 2266/977/926 2265/975/925
f 2277/975/928 2276/977/931 2508/1049/1021
f 2277/975/928 2508/1049/1021 2509/1068/1019
f 2510/1069/1022 2511/1063/1023 2306/989/941
f 2510/1069/1022 2306/989/941 2305/983/940
f 2313/975/928 2312/977/931 2512/1070/1021
f 2313/975/928 2512/1070/1021 2513/1048/1019
f 2514/1043/1024 2515/1071/1025 2342/977/958
f 2514/1043/1024 2342/977/958 2341/975/957
f 2334/997/950 2333/996/949 2516/369/1026
f 2334/997/950 2516/369/1026 2517/1037/1027
f 2329/975/928 2328/977/948 2518/1072/1028
f 2329/975/928 2518/1072/1028 2519/1073/1019
f 2520/1037/1029 2521/369/1030 2346/996/960
f 2520/1037/1029 2346/996/960 2345/1004/959
f 2451/975/988 2450/977/931 2522/1074/1021
f 2451/975/988 2522/1074/1021 2523/1075/1031
f 2524/1037/1032 2525/369/1030 2350/1007/962
f 2524/1037/1032 2350/1007/962 2349/1006/961
f 2526/1076/1033 2527/1049/1034 2362/977/966
f 2526/1076/1033 2362/977/966 2361/983/965
f 2365/983/969 2364/977/968 2528/1074/1035
f 2365/983/969 2528/1074/1035 2529/1077/1019
f 2385/1017/979 2384/989/931 2530/1078/1036
f 2385/1017/979 2530/1078/1036 2531/1077/1037
f 2532/1065/1016 2533/1049/1020 2382/977/926
f 2532/1065/1016 2382/977/926 2381/975/925
f 2405/975/969 2404/977/968 2534/1078/1035
f 2405/975/969 2534/1078/1035 2535/1066/1019
f 2536/1065/1016 2537/1079/1020 2418/977/926
f 2536/1065/1016 2418/977/926 2417/975/925
f 2425/975/979 2424/989/931 2538/1078/1036
f 2425/975/979 2538/1078/1036 2539/1066/1037
f 2540/1080/1016 2541/1049/1020 2438/977/926
f 2540/1080/1016 2438/977/926 2437/975/925
f 2444/975/928 2443/977/931 2542/1078/1021
f 2444/975/928 2542/1078/1021 2543/1066/1019
f 2544/1081/397 2545/1082/397 2546/1083/479
f 2544/1081/397 2546/1083/479 2547/1084/479
f 2548/1085/479 2549/1086/397 2550/1087/397
f 2548/1085/479 2550/1087/397 2551/1088/479
f 2552/1089/476 2553/1090/476 2554/1091/477
f 2552/1089/476 2554/1091/477 2555/1092/477
f 2556/1093/400 2557/1094/482 2558/1095/482
f 2556/1093/400 2558/1095/482 2559/1096/400
f 2560/1097/479 2561/1098/397 2562/1099/397
f 2560/1097/479 2562/1099/397 2563/1100/479
f 2564/1101/477 2565/1102/476 2566/1103/476
f 2564/1101/477 2566/1103/476 2567/1104/477
f 2568/1105/400 2569/1106/482 2570/1107/482
f 2568/1105/400 2570/1107/482 2571/1108/400
f 2572/1109/477 2573/1110/476 2574/1111/476
f 2572/1109/477 2574/1111/476 2575/1112/477
f 2553/1090/476 2552/1089/476 2547/1084/479
f 2553/1090/476 2547/1084/479 2546/1083/479
f 2555/1092/477 2554/1091/477 2576/1113/482
f 2555/1092/477 2576/1113/482 2577/1114/482
f 2558/1095/482 2557/1094/482 2564/1101/477
f 2558/1095/482 2564/1101/477 2567/1104/477
f 2548/1085/479 2551/1088/479 2566/1103/476
f 2548/1085/479 2566/1103/476 2565/1102/476
f 2570/1107/482 2569/1106/482 2572/1109/477
f 2570/1107/482 2572/1109/477 2575/1112/477
f 2560/1097/479 2563/1100/479 2574/1111/476
f 2560/1097/479 2574/1111/476 2573/1110/476
f 2577/1114/482 2576/1113/482 2578/1115/400
f 2577/1114/482 2578/1115/400 2579/1116/400
f 2580/1117/478 2581/1118/478 2582/1119/479
f 2580/1117/478 2582/1119/479 2583/1120/479
f 2584/1121/430 2585/1122/430 2586/1123/480
f 2584/1121/430 2586/1123/480 2587/1124/480
f 2588/1125/479 2589/1126/397 2590/1127/397
f 2588/1125/479 2590/1127/397 2591/1128/479
f 2592/1129/476 2593/1130/476 2594/1131/477
f 2592/1129/476 2594/1131/477 2595/1132/477
f 2596/1133/481 2597/1134/482 2598/1119/482
f 2596/1133/481 2598/1119/482 2599/1118/481
f 2600/1121/430 2601/1124/483 2602/1135/483
f 2600/1121/430 2602/1135/483 2603/1122/430
f 2604/1129/477 2605/1132/476 2606/1136/476
f 2604/1129/477 2606/1136/476 2607/1137/477
f 2581/1118/478 2580/1117/478 2587/1124/480
f 2581/1118/478 2587/1124/480 2586/1123/480
f 2593/1130/476 2592/1129/476 2583/1120/479
f 2593/1130/476 2583/1120/479 2582/1119/479
f 2595/1132/477 2594/1131/477 2608/1128/482
f 2595/1132/477 2608/1128/482 2609/1125/482
f 2602/1135/483 2601/1124/483 2596/1133/481
f 2602/1135/483 2596/1133/481 2599/1118/481
f 2598/1119/482 2597/1134/482 2604/1129/477
f 2598/1119/482 2604/1129/477 2607/1137/477
f 2588/1125/479 2591/1128/479 2606/1136/476
f 2588/1125/479 2606/1136/476 2605/1132/476
f 2609/1125/482 2608/1128/482 2610/1127/400
f 2609/1125/482 2610/1127/400 2611/1126/400
f 2612/1138/318 2613/1139/318 2614/1140/318
f 2612/1138/318 2614/1140/318 2615/1141/318
f 2616/1142/1038 2617/1143/397 2618/1144/397
f 2616/1142/1038 2618/1144/397 2619/1145/1038
f 2620/1146/476 2621/1147/477 522/373/410
f 2620/1146/476 522/373/410 524/375/412
f 2622/1148/318 2623/1149/318 2624/1150/318
f 2622/1148/318 2624/1150/318 2625/1151/318
f 2626/1152/1038 2627/1153/397 2628/1154/479
f 2626/1152/1038 2628/1154/479 2629/1155/1039
f 2630/1156/878 2631/1157/1040 2632/1158/482
f 2630/1156/878 2632/1158/482 2633/1159/400
f 2634/1160/1041 2635/1161/1041 2631/1157/1040
f 2634/1160/1041 2631/1157/1040 2630/1156/878
f 2632/1158/482 2631/1157/1040 522/373/410
f 2632/1158/482 522/373/410 2621/1147/477
f 2636/1162/1041 2637/1163/1041 2638/1164/878
f 2636/1162/1041 2638/1164/878 2639/1165/878
f 524/375/412 522/373/410 521/372/409
f 524/375/412 521/372/409 525/376/413
f 2626/1152/1038 2629/1155/1039 2640/1166/884
f 2626/1152/1038 2640/1166/884 2641/1167/884
f 2620/1146/476 524/375/412 2629/1155/1039
f 2620/1146/476 2629/1155/1039 2628/1154/479
f 2616/1142/1038 2619/1145/1038 2642/1168/884
f 2616/1142/1038 2642/1168/884 2643/1169/884
f 2639/1165/878 2638/1164/878 2644/1170/400
f 2639/1165/878 2644/1170/400 2645/1171/400
f 2646/1172/397 2647/1173/397 2648/1174/1042
f 2646/1172/397 2648/1174/1042 2649/1175/1038
f 2650/1176/477 2651/1177/1043 2652/1178/1044
f 2650/1176/477 2652/1178/1044 2653/1179/476
f 2654/1180/1045 2655/1181/886 2656/1182/885
f 2654/1180/1045 2656/1182/885 2657/1183/1046
f 2658/1184/480 2659/1185/483 2660/1186/1047
f 2658/1184/480 2660/1186/1047 2661/1187/1048
f 2662/1188/400 2663/1189/878 2664/1190/1049
f 2662/1188/400 2664/1190/1049 2665/1191/400
f 2666/1192/1050 2667/1193/1051 2668/1194/1052
f 2666/1192/1050 2668/1194/1052 2669/1195/1053
f 2670/1196/400 2671/1197/878 2672/1198/1054
f 2670/1196/400 2672/1198/1054 2673/1199/400
f 2674/1200/885 2675/1201/1055 2676/1202/1056
f 2674/1200/885 2676/1202/1056 2677/1203/886
f 2678/1204/1057 2679/1205/1058 2680/1206/1058
f 2678/1204/1057 2680/1206/1058 2666/1192/1050
f 2681/1207/1059 2667/1193/1051 2682/1208/1060
f 2681/1207/1059 2682/1208/1060 2683/1209/1060
f 2684/1210/1061 2669/1195/1053 2685/1211/1062
f 2684/1210/1061 2685/1211/1062 2686/1212/1062
f 2657/1183/1046 2687/1213/1063 2688/1214/1063
f 2657/1183/1046 2688/1214/1063 2689/1215/1063
f 2690/1216/1038 2691/1217/1064 2675/1201/1055
f 2690/1216/1038 2675/1201/1055 2674/1200/885
f 2692/1218/687 2693/1219/687 2653/1179/476
f 2692/1218/687 2653/1179/476 2652/1178/1044
f 2655/1181/886 2654/1180/1045 2664/1190/1049
f 2655/1181/886 2664/1190/1049 2663/1189/878
f 2667/1193/1051 2666/1192/1050 2652/1178/1044
f 2667/1193/1051 2652/1178/1044 2651/1177/1043
f 2651/1177/1043 2650/1176/477 2694/1220/686
f 2651/1177/1043 2694/1220/686 2695/1221/686
f 2677/1203/886 2676/1202/1056 2672/1198/1054
f 2677/1203/886 2672/1198/1054 2671/1197/878
f 2660/1186/1047 2659/1185/483 2696/1222/484
f 2660/1186/1047 2696/1222/484 2697/1223/484
f 2649/1175/1038 2648/1174/1042 2657/1183/1046
f 2649/1175/1038 2657/1183/1046 2656/1182/885
f 2661/1187/1048 2660/1186/1047 2669/1195/1053
f 2661/1187/1048 2669/1195/1053 2668/1194/1052
f 2698/1224/485 2699/1225/485 2658/1184/480
f 2698/1224/485 2658/1184/480 2661/1187/1048
f 2666/1192/1050 2669/1195/1053 2684/1210/1061
f 2666/1192/1050 2684/1210/1061 2678/1204/1057
f 2681/1207/1059 2700/1226/318 2668/1194/1052
f 2681/1207/1059 2668/1194/1052 2667/1193/1051
f 2701/1227/397 2702/1228/397 2691/1217/1064
f 2701/1227/397 2691/1217/1064 2690/1216/1038
f 2703/1229/1065 2704/1230/1066 2705/1231/1067
f 2703/1229/1065 2705/1231/1067 2706/1232/1068
f 2707/1233/1069 2708/1234/1070 2709/1235/1071
f 2707/1233/1069 2709/1235/1071 2710/1236/1072
f 2711/1237/1073 2712/1238/1074 2713/1239/1075
f 2711/1237/1073 2713/1239/1075 2714/1240/1076
f 2715/1241/1077 2716/1242/1078 2717/1243/1079
f 2715/1241/1077 2717/1243/1079 2718/1244/1080
f 2710/1236/1072 2709/1235/1071 2719/1245/1081
f 2710/1236/1072 2719/1245/1081 2720/1246/1082
f 2721/1247/1083 2722/1248/1084 2712/1238/1074
f 2721/1247/1083 2712/1238/1074 2711/1237/1073
f 2723/1232/1085 2724/1231/1086 2725/1249/1087
f 2723/1232/1085 2725/1249/1087 2726/1250/1088
f 2727/1251/1089 2728/1252/1090 2729/1234/1091
f 2727/1251/1089 2729/1234/1091 2730/1233/1092
f 2731/1253/1093 2732/1254/1094 2716/1242/1078
f 2731/1253/1093 2716/1242/1078 2715/1241/1077
f 2733/1255/1095 2734/1256/1096 2735/1257/1097
f 2733/1255/1095 2735/1257/1097 2736/1258/1098
f 2737/1259/1099 2738/1260/1100 2739/1261/1101
f 2737/1259/1099 2739/1261/1101 2740/1262/1102
f 2741/1263/1103 2742/1264/1104 2743/1248/1105
f 2741/1263/1103 2743/1248/1105 2744/1247/1106
f 2745/1265/1107 2746/1266/1108 2747/1267/1109
f 2745/1265/1107 2747/1267/1109 2748/1268/1110
f 2749/1269/1111 2750/1270/1112 2751/1271/1113
f 2749/1269/1111 2751/1271/1113 2752/1272/1114
f 2753/1273/1115 2754/1274/1116 2755/1275/1117
f 2753/1273/1115 2755/1275/1117 2756/1276/1118
f 2745/1265/1107 2757/1277/1119 2758/1278/430
f 2745/1265/1107 2758/1278/430 2746/1266/1108
f 2753/1273/1115 2756/1276/1118 2759/1259/1120
f 2753/1273/1115 2759/1259/1120 2760/1262/1121
f 2761/1279/1122 2762/1280/1123 2763/1281/1124
f 2761/1279/1122 2763/1281/1124 2764/1282/1125
f 2765/1283/1126 2766/1284/1127 2767/1285/1128
f 2765/1283/1126 2767/1285/1128 2768/1286/1129
f 2742/1264/1104 2741/1263/1103 2769/1287/1130
f 2742/1264/1104 2769/1287/1130 2770/1288/1131
f 2771/1289/1132 2772/1290/1133 2773/1291/1134
f 2771/1289/1132 2773/1291/1134 2774/1292/1135
f 2761/1279/1122 2764/1282/1125 2775/1289/1136
f 2761/1279/1122 2775/1289/1136 2776/1292/1137
f 2765/1283/1126 2768/1286/1129 2777/1269/1138
f 2765/1283/1126 2777/1269/1138 2778/1272/1139
f 2779/1267/430 2780/1293/430 2781/1294/1140
f 2779/1267/430 2781/1294/1140 2782/1268/1141
f 2728/1252/1090 2727/1251/1089 2783/1295/1142
f 2728/1252/1090 2783/1295/1142 2784/1296/1143
f 2785/1250/1144 2786/1297/1145 2787/1298/1146
f 2785/1250/1144 2787/1298/1146 2788/1249/1072
f 2704/1230/1066 2703/1229/1065 2789/1299/1147
f 2704/1230/1066 2789/1299/1147 2790/1300/1148
f 2734/1256/1096 2733/1255/1095 2791/1254/1149
f 2734/1256/1096 2791/1254/1149 2792/1253/1150
f 2793/1301/1151 2794/1302/1152 2795/1231/1092
f 2793/1301/1151 2795/1231/1092 2796/1303/1089
f 2797/1233/1086 2798/1304/1153 2799/1305/1088
f 2797/1233/1086 2799/1305/1088 2800/1234/1154
f 2801/1306/1074 2802/1240/1075 2803/1239/1076
f 2801/1306/1074 2803/1239/1076 2804/1238/1073
f 2805/1241/1155 2806/1244/1156 2807/1243/1080
f 2805/1241/1155 2807/1243/1080 2808/1307/1077
f 2798/1304/1153 2809/1308/1157 2810/1309/1158
f 2798/1304/1153 2810/1309/1158 2799/1305/1088
f 2811/1247/1084 2801/1306/1074 2804/1238/1073
f 2811/1247/1084 2804/1238/1073 2812/1248/1159
f 2813/1302/1160 2785/1250/1144 2788/1249/1072
f 2813/1302/1160 2788/1249/1072 2814/1231/1161
f 2815/1310/1066 2816/1233/1067 2817/1234/1068
f 2815/1310/1066 2817/1234/1068 2818/1311/1065
f 2819/1253/1162 2805/1241/1155 2808/1307/1077
f 2819/1253/1162 2808/1307/1077 2820/1254/1093
f 2821/1255/1096 2822/1312/1163 2823/1313/1164
f 2821/1255/1096 2823/1313/1164 2824/1256/1165
f 2825/1314/1135 2826/1315/397 2827/1261/397
f 2825/1314/1135 2827/1261/397 2828/1260/1134
f 2829/1263/1166 2830/1247/1105 2831/1248/1106
f 2829/1263/1166 2831/1248/1106 2832/1264/1167
f 2833/1273/1168 2834/1315/1169 2835/1314/1137
f 2833/1273/1168 2835/1314/1137 2836/1276/1122
f 2837/1265/1170 2838/1268/1171 2839/1267/1110
f 2837/1265/1170 2839/1267/1110 2840/1266/1107
f 2833/1273/1168 2836/1276/1122 2841/1316/1123
f 2833/1273/1168 2841/1316/1123 2842/1317/397
f 2837/1265/1170 2840/1266/1107 2843/1318/1119
f 2837/1265/1170 2843/1318/1119 2844/1319/1172
f 2845/1320/1114 2846/1272/1173 2847/1271/1112
f 2845/1320/1114 2847/1271/1112 2848/1270/1113
f 2849/1279/1118 2850/1321/1115 2851/1281/1116
f 2849/1279/1118 2851/1281/1116 2852/1322/1117
f 2853/1283/1129 2854/1286/1126 2855/1285/1127
f 2853/1283/1129 2855/1285/1127 2856/1284/1128
f 2832/1264/1167 2857/1288/1130 2858/1287/1131
f 2832/1264/1167 2858/1287/1131 2829/1263/1166
f 2859/1323/1102 2860/1324/1099 2861/1291/1100
f 2859/1323/1102 2861/1291/1100 2862/1290/1101
f 2849/1279/1118 2863/1324/1120 2864/1323/1121
f 2849/1279/1118 2864/1323/1121 2850/1321/1115
f 2853/1283/1129 2865/1272/1138 2866/1320/1139
f 2853/1283/1129 2866/1320/1139 2854/1286/1126
f 2867/1267/1141 2868/1268/1174 2869/1294/1175
f 2867/1267/1141 2869/1294/1175 2870/1293/1140
f 2818/1311/1065 2871/1296/1176 2872/1295/1148
f 2818/1311/1065 2872/1295/1148 2815/1310/1066
f 2796/1303/1089 2873/1300/1142 2874/1299/1177
f 2796/1303/1089 2874/1299/1177 2793/1301/1151
f 2824/1256/1165 2875/1253/1178 2876/1254/1150
f 2824/1256/1165 2876/1254/1150 2821/1255/1096
f 2715/1241/1077 2718/1244/1080 2719/1245/1081
f 2715/1241/1077 2719/1245/1081 2709/1235/1071
f 2711/1237/1073 2714/1240/1076 2877/1298/1157
f 2711/1237/1073 2877/1298/1157 2725/1249/1087
f 2731/1253/1093 2715/1241/1077 2709/1235/1071
f 2731/1253/1093 2709/1235/1071 2708/1234/1070
f 2713/1239/1075 2712/1238/1074 2710/1236/1072
f 2713/1239/1075 2710/1236/1072 2720/1246/1082
f 2721/1247/1083 2711/1237/1073 2725/1249/1087
f 2721/1247/1083 2725/1249/1087 2724/1231/1086
f 2878/1325/1179 2879/1326/1180 2726/1250/1088
f 2878/1325/1179 2726/1250/1088 2880/1297/1158
f 2712/1238/1074 2722/1248/1084 2707/1233/1069
f 2712/1238/1074 2707/1233/1069 2710/1236/1072
f 2881/1327/1181 2882/1328/1182 2723/1232/1085
f 2881/1327/1181 2723/1232/1085 2726/1250/1088
f 2762/1280/1123 2761/1279/1122 2768/1286/1129
f 2762/1280/1123 2768/1286/1129 2767/1285/1128
f 2756/1276/1118 2755/1275/1117 2766/1284/1127
f 2756/1276/1118 2766/1284/1127 2765/1283/1126
f 2752/1272/1114 2751/1271/1113 2738/1260/1100
f 2752/1272/1114 2738/1260/1100 2737/1259/1099
f 2750/1270/1112 2749/1269/1111 2774/1292/1135
f 2750/1270/1112 2774/1292/1135 2773/1291/1134
f 2782/1268/1141 2781/1294/1140 2772/1290/1133
f 2782/1268/1141 2772/1290/1133 2771/1289/1132
f 2883/1329/1183 2884/1330/1183 2740/1262/1102
f 2883/1329/1183 2740/1262/1102 2739/1261/1101
f 2885/1330/1184 2886/1331/1185 2753/1273/1115
f 2885/1330/1184 2753/1273/1115 2760/1262/1121
f 2754/1274/1116 2753/1273/1115 2887/1332/1186
f 2754/1274/1116 2887/1332/1186 2888/1333/1187
f 2761/1279/1122 2776/1292/1137 2777/1269/1138
f 2761/1279/1122 2777/1269/1138 2768/1286/1129
f 2745/1265/1107 2748/1268/1110 2775/1289/1136
f 2745/1265/1107 2775/1289/1136 2764/1282/1125
f 2757/1277/1119 2745/1265/1107 2764/1282/1125
f 2757/1277/1119 2764/1282/1125 2763/1281/1124
f 2765/1283/1126 2778/1272/1139 2759/1259/1120
f 2765/1283/1126 2759/1259/1120 2756/1276/1118
f 2769/1287/1130 2741/1263/1103 2704/1230/1066
f 2769/1287/1130 2704/1230/1066 2790/1300/1148
f 2889/1334/1188 2890/1335/1189 2789/1299/1147
f 2889/1334/1188 2789/1299/1147 2703/1229/1065
f 2728/1252/1090 2784/1296/1143 2735/1257/1097
f 2728/1252/1090 2735/1257/1097 2734/1256/1096
f 2742/1264/1104 2770/1288/1131 2783/1295/1142
f 2742/1264/1104 2783/1295/1142 2727/1251/1089
f 2891/1336/1190 2892/1337/1191 2703/1229/1065
f 2891/1336/1190 2703/1229/1065 2706/1232/1068
f 2741/1263/1103 2744/1247/1106 2705/1231/1067
f 2741/1263/1103 2705/1231/1067 2704/1230/1066
f 2727/1251/1089 2730/1233/1092 2743/1248/1105
f 2727/1251/1089 2743/1248/1105 2742/1264/1104
f 2729/1234/1091 2728/1252/1090 2734/1256/1096
f 2729/1234/1091 2734/1256/1096 2792/1253/1150
f 2799/1305/1088 2810/1309/1158 2806/1244/1156
f 2799/1305/1088 2806/1244/1156 2805/1241/1155
f 2788/1249/1072 2787/1298/1146 2802/1240/1075
f 2788/1249/1072 2802/1240/1075 2801/1306/1074
f 2800/1234/1154 2799/1305/1088 2805/1241/1155
f 2800/1234/1154 2805/1241/1155 2819/1253/1162
f 2809/1308/1157 2798/1304/1153 2804/1238/1073
f 2809/1308/1157 2804/1238/1073 2803/1239/1076
f 2814/1231/1161 2788/1249/1072 2801/1306/1074
f 2814/1231/1161 2801/1306/1074 2811/1247/1084
f 2893/1338/1192 2894/1339/1193 2808/1307/1077
f 2893/1338/1192 2808/1307/1077 2807/1243/1080
f 2798/1304/1153 2797/1233/1086 2812/1248/1159
f 2798/1304/1153 2812/1248/1159 2804/1238/1073
f 2895/1340/1194 2896/1341/1195 2820/1254/1093
f 2895/1340/1194 2820/1254/1093 2808/1307/1077
f 2855/1285/1127 2854/1286/1126 2849/1279/1118
f 2855/1285/1127 2849/1279/1118 2852/1322/1117
f 2853/1283/1129 2856/1284/1128 2841/1316/1123
f 2853/1283/1129 2841/1316/1123 2836/1276/1122
f 2825/1314/1135 2828/1260/1134 2847/1271/1112
f 2825/1314/1135 2847/1271/1112 2846/1272/1173
f 2861/1291/1100 2860/1324/1099 2845/1320/1114
f 2861/1291/1100 2845/1320/1114 2848/1270/1113
f 2859/1323/1102 2862/1290/1101 2869/1294/1175
f 2859/1323/1102 2869/1294/1175 2868/1268/1174
f 2897/1342/1196 2898/1343/1197 2867/1267/1141
f 2897/1342/1196 2867/1267/1141 2870/1293/1140
f 2899/1343/1198 2900/1344/1199 2840/1266/1107
f 2899/1343/1198 2840/1266/1107 2839/1267/1110
f 2843/1318/1119 2840/1266/1107 2901/1345/1200
f 2843/1318/1119 2901/1345/1200 2902/1346/1201
f 2854/1286/1126 2866/1320/1139 2863/1324/1120
f 2854/1286/1126 2863/1324/1120 2849/1279/1118
f 2850/1321/1115 2864/1323/1121 2838/1268/1171
f 2850/1321/1115 2838/1268/1171 2837/1265/1170
f 2851/1281/1116 2850/1321/1115 2837/1265/1170
f 2851/1281/1116 2837/1265/1170 2844/1319/1172
f 2836/1276/1122 2835/1314/1137 2865/1272/1138
f 2836/1276/1122 2865/1272/1138 2853/1283/1129
f 2873/1300/1142 2796/1303/1089 2829/1263/1166
f 2873/1300/1142 2829/1263/1166 2858/1287/1131
f 2903/1347/1202 2904/1348/1203 2822/1312/1163
f 2903/1347/1202 2822/1312/1163 2821/1255/1096
f 2824/1256/1165 2823/1313/1164 2871/1296/1176
f 2824/1256/1165 2871/1296/1176 2818/1311/1065
f 2815/1310/1066 2872/1295/1148 2857/1288/1130
f 2815/1310/1066 2857/1288/1130 2832/1264/1167
f 2905/1349/1204 2906/1350/1205 2821/1255/1096
f 2905/1349/1204 2821/1255/1096 2876/1254/1150
f 2796/1303/1089 2795/1231/1092 2830/1247/1105
f 2796/1303/1089 2830/1247/1105 2829/1263/1166
f 2832/1264/1167 2831/1248/1106 2816/1233/1067
f 2832/1264/1167 2816/1233/1067 2815/1310/1066
f 2875/1253/1178 2824/1256/1165 2818/1311/1065
f 2875/1253/1178 2818/1311/1065 2817/1234/1068
f 2726/1250/1088 2725/1249/1087 2877/1298/1157
f 2726/1250/1088 2877/1298/1157 2880/1297/1158
f 2907/1229/1065 2908/1230/1066 2909/1231/1067
f 2907/1229/1065 2909/1231/1067 2910/1232/1068
f 2911/1233/1069 2912/1234/1070 2913/1235/1071
f 2911/1233/1069 2913/1235/1071 2914/1236/1072
f 2915/1237/1073 2916/1238/1074 2917/1239/1206
f 2915/1237/1073 2917/1239/1206 2918/1351/1076
f 2919/1241/1077 2920/1242/1078 2921/1352/1079
f 2919/1241/1077 2921/1352/1079 2922/1353/1080
f 2914/1236/1072 2913/1235/1071 2923/1245/1207
f 2914/1236/1072 2923/1245/1207 2924/1246/1208
f 2925/1247/1159 2926/1248/1084 2916/1238/1074
f 2925/1247/1159 2916/1238/1074 2915/1237/1073
f 2927/1232/1085 2928/1231/1086 2929/1249/1153
f 2927/1232/1085 2929/1249/1153 2930/1250/1088
f 2931/1251/1209 2932/1252/1090 2933/1234/1091
f 2931/1251/1209 2933/1234/1091 2934/1233/1092
f 2935/1253/1093 2936/1254/1094 2920/1242/1078
f 2935/1253/1093 2920/1242/1078 2919/1241/1077
f 2937/1255/1095 2938/1256/1096 2939/1257/1097
f 2937/1255/1095 2939/1257/1097 2940/1258/1098
f 2941/1259/1099 2942/1260/1100 2943/1261/1101
f 2941/1259/1099 2943/1261/1101 2944/1262/1102
f 2945/1263/1103 2946/1264/1104 2947/1248/1105
f 2945/1263/1103 2947/1248/1105 2948/1247/1106
f 2949/1354/1107 2950/1266/1108 2951/1355/1109
f 2949/1354/1107 2951/1355/1109 2952/1356/1110
f 2953/1357/1173 2954/1270/1112 2955/1271/1210
f 2953/1357/1173 2955/1271/1210 2956/1358/1114
f 2957/1273/1115 2958/1274/1116 2959/1275/1117
f 2957/1273/1115 2959/1275/1117 2960/1276/1118
f 2949/1354/1107 2961/1319/1119 2962/1278/430
f 2949/1354/1107 2962/1278/430 2950/1266/1108
f 2957/1273/1115 2960/1276/1118 2963/1259/1120
f 2957/1273/1115 2963/1259/1120 2964/1262/1121
f 2965/1279/1122 2966/1280/1211 2967/1281/1124
f 2965/1279/1122 2967/1281/1124 2968/1282/1125
f 2969/1359/1126 2970/1360/1127 2971/1285/1128
f 2969/1359/1126 2971/1285/1128 2972/1286/1129
f 2946/1264/1104 2945/1263/1103 2973/1287/1212
f 2946/1264/1104 2973/1287/1212 2974/1288/1131
f 2975/1289/1132 2976/1290/1133 2977/1291/1134
f 2975/1289/1132 2977/1291/1134 2978/1292/1135
f 2965/1279/1122 2968/1282/1125 2979/1289/1136
f 2965/1279/1122 2979/1289/1136 2980/1292/1137
f 2969/1359/1126 2972/1286/1129 2981/1357/1138
f 2969/1359/1126 2981/1357/1138 2982/1358/1139
f 2983/1355/430 2984/1361/430 2985/1362/1140
f 2983/1355/430 2985/1362/1140 2986/1356/1141
f 2932/1252/1090 2931/1251/1209 2987/1295/1142
f 2932/1252/1090 2987/1295/1142 2988/1296/1143
f 2989/1250/1144 2990/1297/1213 2991/1298/1146
f 2989/1250/1144 2991/1298/1146 2992/1249/1072
f 2908/1230/1066 2907/1229/1065 2993/1299/1176
f 2908/1230/1066 2993/1299/1176 2994/1300/1148
f 2938/1256/1096 2937/1255/1095 2995/1254/1149
f 2938/1256/1096 2995/1254/1149 2996/1253/1150
f 2997/1301/1151 2998/1302/1152 2999/1231/1092
f 2997/1301/1151 2999/1231/1092 3000/1303/1089
f 3001/1233/1086 3002/1304/1153 3003/1305/1088
f 3001/1233/1086 3003/1305/1088 3004/1234/1214
f 3005/1306/1074 3006/1351/1075 3007/1239/1215
f 3005/1306/1074 3007/1239/1215 3008/1238/1073
f 3009/1241/1155 3010/1244/1216 3011/1243/1080
f 3009/1241/1155 3011/1243/1080 3012/1307/1217
f 3002/1304/1153 3013/1308/1157 3014/1363/1158
f 3002/1304/1153 3014/1363/1158 3003/1305/1088
f 3015/1247/1084 3005/1306/1074 3008/1238/1073
f 3015/1247/1084 3008/1238/1073 3016/1248/1159
f 3017/1302/1160 2989/1250/1144 2992/1249/1072
f 3017/1302/1160 2992/1249/1072 3018/1231/1161
f 3019/1310/1066 3020/1233/1067 3021/1234/1068
f 3019/1310/1066 3021/1234/1068 3022/1311/1065
f 3023/1253/1162 3009/1241/1155 3012/1307/1217
f 3023/1253/1162 3012/1307/1217 3024/1254/1093
f 3025/1255/1096 3026/1312/1097 3027/1313/1164
f 3025/1255/1096 3027/1313/1164 3028/1256/1165
f 3029/1314/1135 3030/1315/397 3031/1261/397
f 3029/1314/1135 3031/1261/397 3032/1260/1134
f 3033/1263/1104 3034/1247/1105 3035/1248/1106
f 3033/1263/1104 3035/1248/1106 3036/1264/1103
f 3037/1273/1168 3038/1315/1169 3039/1314/1137
f 3037/1273/1168 3039/1314/1137 3040/1276/1122
f 3041/1354/1170 3042/1356/1171 3043/1355/1110
f 3041/1354/1170 3043/1355/1110 3044/1266/1107
f 3037/1273/1168 3040/1276/1122 3045/1316/1123
f 3037/1273/1168 3045/1316/1123 3046/1317/397
f 3041/1354/1170 3044/1266/1107 3047/1278/1119
f 3041/1354/1170 3047/1278/1119 3048/1319/1172
f 3049/1269/1114 3050/1358/1173 3051/1271/1112
f 3049/1269/1114 3051/1271/1112 3052/1270/1210
f 3053/1279/1118 3054/1321/1115 3055/1281/1116
f 3053/1279/1118 3055/1281/1116 3056/1322/1117
f 3057/1364/1129 3058/1365/1126 3059/1285/1127
f 3057/1364/1129 3059/1285/1127 3060/1284/1128
f 3036/1264/1103 3061/1288/1212 3062/1287/1131
f 3036/1264/1103 3062/1287/1131 3033/1263/1104
f 3063/1323/1102 3064/1324/1099 3065/1291/1100
f 3063/1323/1102 3065/1291/1100 3066/1290/1101
f 3053/1279/1118 3067/1324/1120 3068/1323/1121
f 3053/1279/1118 3068/1323/1121 3054/1321/1115
f 3057/1364/1129 3069/1358/1138 3070/1269/1139
f 3057/1364/1129 3070/1269/1139 3058/1365/1126
f 3071/1355/1141 3072/1356/1218 3073/1366/1175
f 3071/1355/1141 3073/1366/1175 3074/1361/1140
f 3022/1311/1065 3075/1296/1176 3076/1295/1148
f 3022/1311/1065 3076/1295/1148 3019/1310/1066
f 3000/1303/1089 3077/1300/1142 3078/1299/1219
f 3000/1303/1089 3078/1299/1219 2997/1301/1151
f 3028/1256/1165 3079/1253/1178 3080/1254/1150
f 3028/1256/1165 3080/1254/1150 3025/1255/1096
f 2919/1241/1077 2922/1353/1080 2923/1245/1207
f 2919/1241/1077 2923/1245/1207 2913/1235/1071
f 2915/1237/1073 2918/1351/1076 3081/1298/1157
f 2915/1237/1073 3081/1298/1157 2929/1249/1153
f 2935/1253/1093 2919/1241/1077 2913/1235/1071
f 2935/1253/1093 2913/1235/1071 2912/1234/1070
f 2917/1239/1206 2916/1238/1074 2914/1236/1072
f 2917/1239/1206 2914/1236/1072 2924/1246/1208
f 2925/1247/1159 2915/1237/1073 2929/1249/1153
f 2925/1247/1159 2929/1249/1153 2928/1231/1086
f 3082/1325/1179 3083/1367/1180 2930/1250/1088
f 3082/1325/1179 2930/1250/1088 3084/1297/1158
f 2916/1238/1074 2926/1248/1084 2911/1233/1069
f 2916/1238/1074 2911/1233/1069 2914/1236/1072
f 3085/1327/1220 3086/1328/1182 2927/1232/1085
f 3085/1327/1220 2927/1232/1085 2930/1250/1088
f 2966/1280/1211 2965/1279/1122 2972/1286/1129
f 2966/1280/1211 2972/1286/1129 2971/1285/1128
f 2960/1276/1118 2959/1275/1117 2970/1360/1127
f 2960/1276/1118 2970/1360/1127 2969/1359/1126
f 2956/1358/1114 2955/1271/1210 2942/1260/1100
f 2956/1358/1114 2942/1260/1100 2941/1259/1099
f 2954/1270/1112 2953/1357/1173 2978/1292/1135
f 2954/1270/1112 2978/1292/1135 2977/1291/1134
f 2986/1356/1141 2985/1362/1140 2976/1290/1133
f 2986/1356/1141 2976/1290/1133 2975/1289/1132
f 3087/1329/1183 3088/1330/1183 2944/1262/1102
f 3087/1329/1183 2944/1262/1102 2943/1261/1101
f 3089/1330/1184 3090/1368/1184 2957/1273/1115
f 3089/1330/1184 2957/1273/1115 2964/1262/1121
f 2958/1274/1116 2957/1273/1115 3091/1332/1221
f 2958/1274/1116 3091/1332/1221 3092/1333/1187
f 2965/1279/1122 2980/1292/1137 2981/1357/1138
f 2965/1279/1122 2981/1357/1138 2972/1286/1129
f 2949/1354/1107 2952/1356/1110 2979/1289/1136
f 2949/1354/1107 2979/1289/1136 2968/1282/1125
f 2961/1319/1119 2949/1354/1107 2968/1282/1125
f 2961/1319/1119 2968/1282/1125 2967/1281/1124
f 2969/1359/1126 2982/1358/1139 2963/1259/1120
f 2969/1359/1126 2963/1259/1120 2960/1276/1118
f 2973/1287/1212 2945/1263/1103 2908/1230/1066
f 2973/1287/1212 2908/1230/1066 2994/1300/1148
f 3093/1369/1188 3094/1335/1222 2993/1299/1176
f 3093/1369/1188 2993/1299/1176 2907/1229/1065
f 2932/1252/1090 2988/1296/1143 2939/1257/1097
f 2932/1252/1090 2939/1257/1097 2938/1256/1096
f 2946/1264/1104 2974/1288/1131 2987/1295/1142
f 2946/1264/1104 2987/1295/1142 2931/1251/1209
f 3095/1336/1190 3096/1337/1191 2907/1229/1065
f 3095/1336/1190 2907/1229/1065 2910/1232/1068
f 2945/1263/1103 2948/1247/1106 2909/1231/1067
f 2945/1263/1103 2909/1231/1067 2908/1230/1066
f 2931/1251/1209 2934/1233/1092 2947/1248/1105
f 2931/1251/1209 2947/1248/1105 2946/1264/1104
f 2933/1234/1091 2932/1252/1090 2938/1256/1096
f 2933/1234/1091 2938/1256/1096 2996/1253/1150
f 3003/1305/1088 3014/1363/1158 3010/1244/1216
f 3003/1305/1088 3010/1244/1216 3009/1241/1155
f 2992/1249/1072 2991/1298/1146 3006/1351/1075
f 2992/1249/1072 3006/1351/1075 3005/1306/1074
f 3004/1234/1214 3003/1305/1088 3009/1241/1155
f 3004/1234/1214 3009/1241/1155 3023/1253/1162
f 3013/1308/1157 3002/1304/1153 3008/1238/1073
f 3013/1308/1157 3008/1238/1073 3007/1239/1215
f 3018/1231/1161 2992/1249/1072 3005/1306/1074
f 3018/1231/1161 3005/1306/1074 3015/1247/1084
f 3097/1338/1223 3098/1339/1193 3012/1307/1217
f 3097/1338/1223 3012/1307/1217 3011/1243/1080
f 3002/1304/1153 3001/1233/1086 3016/1248/1159
f 3002/1304/1153 3016/1248/1159 3008/1238/1073
f 3099/1370/1194 3100/1341/1195 3024/1254/1093
f 3099/1370/1194 3024/1254/1093 3012/1307/1217
f 3059/1285/1127 3058/1365/1126 3053/1279/1118
f 3059/1285/1127 3053/1279/1118 3056/1322/1117
f 3057/1364/1129 3060/1284/1128 3045/1316/1123
f 3057/1364/1129 3045/1316/1123 3040/1276/1122
f 3029/1314/1135 3032/1260/1134 3051/1271/1112
f 3029/1314/1135 3051/1271/1112 3050/1358/1173
f 3065/1291/1100 3064/1324/1099 3049/1269/1114
f 3065/1291/1100 3049/1269/1114 3052/1270/1210
f 3063/1323/1102 3066/1290/1101 3073/1366/1175
f 3063/1323/1102 3073/1366/1175 3072/1356/1218
f 3101/1342/1196 3102/1343/1197 3071/1355/1141
f 3101/1342/1196 3071/1355/1141 3074/1361/1140
f 3103/1343/1199 3104/1344/1199 3044/1266/1107
f 3103/1343/1199 3044/1266/1107 3043/1355/1110
f 3047/1278/1119 3044/1266/1107 3105/1345/1200
f 3047/1278/1119 3105/1345/1200 3106/1346/1224
f 3058/1365/1126 3070/1269/1139 3067/1324/1120
f 3058/1365/1126 3067/1324/1120 3053/1279/1118
f 3054/1321/1115 3068/1323/1121 3042/1356/1171
f 3054/1321/1115 3042/1356/1171 3041/1354/1170
f 3055/1281/1116 3054/1321/1115 3041/1354/1170
f 3055/1281/1116 3041/1354/1170 3048/1319/1172
f 3040/1276/1122 3039/1314/1137 3069/1358/1138
f 3040/1276/1122 3069/1358/1138 3057/1364/1129
f 3077/1300/1142 3000/1303/1089 3033/1263/1104
f 3077/1300/1142 3033/1263/1104 3062/1287/1131
f 3107/1347/1202 3108/1348/1203 3026/1312/1097
f 3107/1347/1202 3026/1312/1097 3025/1255/1096
f 3028/1256/1165 3027/1313/1164 3075/1296/1176
f 3028/1256/1165 3075/1296/1176 3022/1311/1065
f 3019/1310/1066 3076/1295/1148 3061/1288/1212
f 3019/1310/1066 3061/1288/1212 3036/1264/1103
f 3109/1349/1204 3110/1350/1225 3025/1255/1096
f 3109/1349/1204 3025/1255/1096 3080/1254/1150
f 3000/1303/1089 2999/1231/1092 3034/1247/1105
f 3000/1303/1089 3034/1247/1105 3033/1263/1104
f 3036/1264/1103 3035/1248/1106 3020/1233/1067
f 3036/1264/1103 3020/1233/1067 3019/1310/1066
f 3079/1253/1178 3028/1256/1165 3022/1311/1065
f 3079/1253/1178 3022/1311/1065 3021/1234/1068
f 2930/1250/1088 2929/1249/1153 3081/1298/1157
f 2930/1250/1088 3081/1298/1157 3084/1297/1158
f 566/417/446 398/268/313 400/270/315
f 398/268/313 566/417/446 408/278/322
f 408/278/322 566/417/446 3111/1371/318
f 401/271/316 574/425/455 402/272/317
f 574/425/455 401/271/316 418/288/331
f 574/425/455 418/288/331 3112/1372/318
s 0
f 3118/1373/318 3116/1374/318 3117/1375/318
f 3116/1374/318 3118/1373/318 3115/1376/318
f 3115/1376/318 3118/1373/318 3119/1377/318
f 3115/1376/318 3119/1377/318 3114/1378/318
f 3114/1378/318 3119/1377/318 3120/1379/318
f 3114/1378/318 3120/1379/318 3113/1380/318
f 3128/1376/318 3126/1375/318 3127/1381/318
f 3126/1375/318 3128/1376/318 3125/1373/318
f 3125/1373/318 3128/1376/318 3121/1378/318
f 3125/1373/318 3121/1378/318 3124/1377/318
f 3124/1377/318 3121/1378/318 3122/1382/318
f 3124/1377/318 3122/1382/318 3123/1379/318
f 3133/1383/1226 3131/773/1226 3132/810/1226
f 3131/773/1227 3133/1383/1227 3130/780/1227
f 3130/780/1228 3133/1383/1228 3129/1384/1228
s 1
f 3295/1385/1229 3135/811/1230 3136/809/1231
f 3135/811/1230 3295/1385/1229 3134/810/1232
f 2487/1048/1011 3138/370/397 2488/1049/997
f 3138/370/397 2487/1048/1011 2374/367/973
f 2374/367/973 2487/1048/1011 2371/1012/397
f 2371/1012/397 2487/1048/1011 3137/1386/397
f 3139/1387/400 2505/1065/1019 2504/1064/1018
f 2505/1065/1019 3139/1387/400 513/367/401
f 2505/1065/1019 513/367/401 512/365/400
f 3141/371/1233 2468/1041/1000 2467/1040/999
f 2468/1041/1000 3141/371/1233 2273/368/929
f 2468/1041/1000 2273/368/929 2272/966/400
f 2468/1041/1000 2272/966/400 3140/1388/400
f 2502/1062/1016 3142/1389/397 2503/1063/1017
f 3142/1389/397 2502/1062/1016 511/367/399
f 511/367/399 2502/1062/1016 509/365/397
f 2463/1038/996 3144/371/1234 2464/1039/997
f 3144/371/1234 2463/1038/996 2254/368/919
f 2254/368/919 2463/1038/996 2251/966/397
f 2251/966/397 2463/1038/996 3143/1388/397
f 2506/1066/1016 3146/371/1234 2507/1067/1020
f 3146/371/1234 2506/1066/1016 2290/368/919
f 2290/368/919 2506/1066/1016 2287/984/397
f 2287/984/397 2506/1066/1016 3145/1386/397
f 2510/1069/1022 3148/1390/1235 2511/1063/1023
f 3148/1390/1235 2510/1069/1022 2310/368/942
f 2310/368/942 2510/1069/1022 2307/966/397
f 2307/966/397 2510/1069/1022 3147/1386/397
f 2514/1043/1024 3150/1387/397 2515/1071/1025
f 3150/1387/397 2514/1043/1024 2326/994/947
f 2326/994/947 2514/1043/1024 2323/966/397
f 2323/966/397 2514/1043/1024 3149/1388/397
f 2479/1043/1006 3152/1391/1236 2480/1044/1007
f 3152/1391/1236 2479/1043/1006 2346/996/960
f 2346/996/960 2479/1043/1006 2343/1002/397
f 2343/1002/397 2479/1043/1006 3151/1392/397
f 2526/1076/1033 3154/371/1237 2527/1049/1034
f 3154/371/1237 2526/1076/1033 2350/1007/962
f 2350/1007/962 2526/1076/1033 2347/966/397
f 2347/966/397 2526/1076/1033 3153/1393/397
f 3156/371/1238 2529/1077/1019 2528/1074/1035
f 2529/1077/1019 3156/371/1238 2369/994/971
f 2529/1077/1019 2369/994/971 2368/966/400
f 2529/1077/1019 2368/966/400 3155/1394/400
f 3158/371/400 2523/1075/1031 2522/1074/1021
f 2523/1075/1031 3158/371/400 2455/1036/989
f 2523/1075/1031 2455/1036/989 2454/1035/400
f 2523/1075/1031 2454/1035/400 3157/1395/400
f 2536/1065/1016 3160/370/1239 2537/1079/1020
f 3160/370/1239 2536/1065/1016 2422/1028/986
f 2422/1028/986 2536/1065/1016 2419/966/397
f 2419/966/397 2536/1065/1016 3159/1394/397
f 2532/1065/1016 3163/370/397 2533/1049/1020
f 3163/370/397 2532/1065/1016 2402/994/973
f 2402/994/973 2532/1065/1016 3162/966/397
f 3162/966/397 2532/1065/1016 3161/1394/397
f 2540/1080/1016 517/370/405 2541/1049/1020
f 517/370/405 2540/1080/1016 515/368/403
f 515/368/403 2540/1080/1016 2439/984/397
f 2439/984/397 2540/1080/1016 3164/1394/397
f 3166/371/1233 2509/1068/1019 2508/1049/1021
f 2509/1068/1019 3166/371/1233 2297/368/938
f 2509/1068/1019 2297/368/938 2296/984/400
f 2509/1068/1019 2296/984/400 3165/1386/400
f 3168/371/400 2513/1048/1019 2512/1070/1021
f 2513/1048/1019 3168/371/400 2317/368/401
f 2513/1048/1019 2317/368/401 2316/966/400
f 2513/1048/1019 2316/966/400 3167/1394/400
f 3170/1391/1240 2519/1073/1019 2518/1072/1028
f 2519/1073/1019 3170/1391/1240 2333/996/949
f 2519/1073/1019 2333/996/949 2332/995/400
f 2519/1073/1019 2332/995/400 3169/1394/400
f 3172/371/1233 2531/1077/1037 2530/1078/1036
f 2531/1077/1037 3172/371/1233 2389/1018/407
f 2531/1077/1037 2389/1018/407 2388/966/400
f 2531/1077/1037 2388/966/400 3171/1394/400
f 3175/371/400 2535/1066/1019 2534/1078/1035
f 2535/1066/1019 3175/371/400 2409/994/1241
f 2535/1066/1019 2409/994/1241 3173/966/400
f 2535/1066/1019 3173/966/400 3174/1394/400
f 3177/371/1233 2539/1066/1037 2538/1078/1036
f 2539/1066/1037 3177/371/1233 2429/1028/987
f 2539/1066/1037 2429/1028/987 2428/966/400
f 2539/1066/1037 2428/966/400 3176/1394/400
f 520/371/408 2543/1066/1019 2542/1078/1021
f 2543/1066/1019 520/371/408 519/368/407
f 2543/1066/1019 519/368/407 2447/984/400
f 2543/1066/1019 2447/984/400 3178/1394/400
f 511/367/399 3180/1396/1242 3142/1389/397
f 3180/1396/1242 511/367/399 2458/369/992
f 3179/369/1243 3180/1396/1242 2458/369/992
f 3182/369/1244 2459/369/993 3181/1397/1245
f 3181/1397/1245 513/367/401 3139/1387/400
f 513/367/401 3181/1397/1245 2459/369/993
f 3144/371/1234 2462/369/995 3184/1398/1246
f 2462/369/995 3144/371/1234 2254/368/919
f 3183/369/1243 3184/1398/1246 2462/369/995
f 3186/369/1247 2465/369/998 3185/1398/1248
f 3141/371/1233 2465/369/998 2273/368/929
f 2465/369/998 3141/371/1233 3185/1398/1248
f 3146/371/1234 2470/369/1001 3188/1398/1246
f 2470/369/1001 3146/371/1234 2290/368/919
f 3187/369/1243 3188/1398/1246 2470/369/1001
f 3190/369/1244 2471/369/1002 3189/1398/1248
f 3166/371/1233 2471/369/1002 2297/368/938
f 2471/369/1002 3166/371/1233 3189/1398/1248
f 3148/1390/1235 2474/369/1003 3192/1399/1249
f 2474/369/1003 3148/1390/1235 2310/368/942
f 3191/369/1250 3192/1399/1249 2474/369/1003
f 3194/369/1244 2475/369/993 3193/1400/1251
f 3193/1400/1251 2317/368/401 3168/371/400
f 2317/368/401 3193/1400/1251 2475/369/993
f 2326/994/947 3197/1401/1252 3150/1387/397
f 3197/1401/1252 2326/994/947 3195/1402/1253
f 3196/369/1254 3197/1401/1252 3195/1402/1253
f 3200/1403/1255 3198/1404/1256 3199/1405/1257
f 3170/1391/1240 3198/1404/1256 2333/996/949
f 3198/1404/1256 3170/1391/1240 3199/1405/1257
f 3203/369/1258 3201/1406/1259 3202/1407/1260
f 3202/1407/1260 2455/1036/989 3158/371/400
f 2455/1036/989 3202/1407/1260 3201/1406/1259
f 3152/1391/1236 3204/1404/1261 3206/1408/1262
f 3204/1404/1261 3152/1391/1236 2346/996/960
f 3205/1403/1263 3206/1408/1262 3204/1404/1261
f 3209/369/1258 3207/1409/1264 3208/1398/1265
f 3156/371/1238 3207/1409/1264 2369/994/971
f 3207/1409/1264 3156/371/1238 3208/1398/1265
f 3154/371/1237 3210/1410/1266 3212/1411/1267
f 3210/1410/1266 3154/371/1237 2350/1007/962
f 3211/369/1268 3212/1411/1267 3210/1410/1266
f 2374/367/973 3215/1398/1269 3138/370/397
f 3215/1398/1269 2374/367/973 3213/369/1270
f 3214/369/1243 3215/1398/1269 3213/369/1270
f 3218/369/1244 3216/369/1271 3217/1398/1272
f 3172/371/1233 3216/369/1271 2389/1018/407
f 3216/369/1271 3172/371/1233 3217/1398/1272
f 2402/994/973 3221/1398/1273 3163/370/397
f 3221/1398/1273 2402/994/973 3219/369/1274
f 3220/369/1250 3221/1398/1273 3219/369/1274
f 3224/369/1275 3222/369/1276 3223/1398/1277
f 3223/1398/1277 2409/994/1241 3175/371/400
f 2409/994/1241 3223/1398/1277 3222/369/1276
f 3160/370/1239 3225/369/1278 3227/1398/1279
f 3225/369/1278 3160/370/1239 2422/1028/986
f 3226/369/1250 3227/1398/1279 3225/369/1278
f 3230/369/1275 3228/369/1280 3229/1398/1281
f 3177/371/1233 3228/369/1280 2429/1028/987
f 3228/369/1280 3177/371/1233 3229/1398/1281
s 0
f 3238/1412/465 3236/1413/465 3237/1414/465
f 3236/1413/465 3238/1412/465 3235/1415/465
f 3235/1415/465 3238/1412/465 3231/1416/465
f 3235/1415/465 3231/1416/465 3234/1417/465
f 3234/1417/465 3231/1416/465 3232/1418/465
f 3234/1417/465 3232/1418/465 3233/1419/465
f 3244/1420/318 3242/1421/318 3243/1422/318
f 3242/1421/318 3244/1420/318 3241/1423/318
f 3241/1423/318 3244/1420/318 3245/1424/318
f 3241/1423/318 3245/1424/318 3240/1425/318
f 3240/1425/318 3245/1424/318 3246/1426/318
f 3240/1425/318 3246/1426/318 3239/1427/318
f 3252/1428/465 3250/1414/465 3251/1413/465
f 3250/1414/465 3252/1428/465 3249/1429/465
f 3249/1429/465 3252/1428/465 3253/1417/465
f 3249/1429/465 3253/1417/465 3248/1416/465
f 3248/1416/465 3253/1417/465 3254/1419/465
f 3248/1416/465 3254/1419/465 3247/1418/465
f 3262/1423/318 3260/1430/318 3261/1421/318
f 3260/1430/318 3262/1423/318 3259/1420/318
f 3259/1420/318 3262/1423/318 3255/1431/318
f 3259/1420/318 3255/1431/318 3258/1424/318
f 3258/1424/318 3255/1431/318 3256/1427/318
f 3258/1424/318 3256/1427/318 3257/1426/318
f 3270/1412/465 3268/1432/465 3269/1414/465
f 3268/1432/465 3270/1412/465 3267/1415/465
f 3267/1415/465 3270/1412/465 3263/1416/465
f 3267/1415/465 3263/1416/465 3266/1417/465
f 3266/1417/465 3263/1416/465 3264/1418/465
f 3266/1417/465 3264/1418/465 3265/1433/465
f 3276/1420/318 3274/1421/318 3275/1422/318
f 3274/1421/318 3276/1420/318 3273/1423/318
f 3273/1423/318 3276/1420/318 3277/1424/318
f 3273/1423/318 3277/1424/318 3272/1425/318
f 3272/1425/318 3277/1424/318 3278/1426/318
f 3272/1425/318 3278/1426/318 3271/1427/318
f 3284/1428/465 3282/1414/465 3283/1432/465
f 3282/1414/465 3284/1428/465 3281/1429/465
f 3281/1429/465 3284/1428/465 3285/1417/465
f 3281/1429/465 3285/1417/465 3280/1416/465
f 3280/1416/465 3285/1417/465 3286/1433/465
f 3280/1416/465 3286/1433/465 3279/1418/465
f 3294/1423/318 3292/1430/318 3293/1421/318
f 3292/1430/318 3294/1423/318 3291/1420/318
f 3291/1420/318 3294/1423/318 3287/1431/318
f 3291/1420/318 3287/1431/318 3290/1424/318
f 3290/1424/318 3287/1431/318 3288/1427/318
f 3290/1424/318 3288/1427/318 3289/1426/318
o LPHouse_MHouseWindowsDoorProps_0
v 0.615126 1.937152 2.827691
v 0.601719 1.969520 2.827691
v 0.604165 1.957253 2.841992
v 0.523574 1.937152 2.827691
v 0.536982 1.904783 2.827691
v 0.534535 1.917051 2.841992
v 0.569350 1.973777 2.868170
v 0.605975 1.937152 2.868170
v 0.569350 1.900527 2.868170
v 0.601719 1.904783 2.827691
v 0.604165 1.917051 2.841992
v 0.536982 1.969520 2.827691
v 0.534535 1.957253 2.841992
v 0.543453 1.911254 2.868170
v 0.532726 1.937152 2.868170
v 0.543453 1.963050 2.868170
v 0.595248 1.963050 2.868170
v 0.595248 1.911254 2.868170
v 0.618086 1.710053 2.832848
v 0.511089 1.838607 2.832848
v 0.593277 1.677035 2.832848
v 0.618119 2.686665 2.832848
v 0.511089 2.772951 2.832848
v 1.090252 1.710053 2.832848
v 1.115061 1.677035 2.832848
v 1.197249 1.838607 2.832848
v 1.197249 1.838607 2.832848
v 1.090219 2.686665 2.832848
v 1.090252 1.710053 2.832848
v 0.511089 1.838607 2.832848
v 0.618086 1.710053 2.832848
v 0.618119 2.686665 2.832848
v 1.197249 2.772951 2.832848
v 1.090219 2.686665 2.832848
v 1.004934 1.234259 3.709170
v 0.342099 1.217030 3.460932
v 1.015830 1.217030 3.768618
v 1.041578 1.234259 3.688801
v 1.172250 1.234259 3.342802
v 1.224313 1.217030 3.312107
v 0.561478 1.234259 3.063869
v 1.180853 1.234259 3.383834
v 1.052474 1.217030 3.748250
v 1.232917 1.217030 3.353139
v 0.394162 1.234259 3.430237
v 0.333495 1.217030 3.419899
v 0.513938 1.217030 3.024789
v 0.524834 1.234259 3.084237
v 0.385559 1.234259 3.389205
v 0.550582 1.217030 3.004421
v -2.610587 1.610443 1.963402
v -2.634358 1.634215 1.963402
v -2.610587 1.634215 1.939630
v -2.610587 1.899550 1.963402
v -2.610587 1.875778 1.939630
v -2.634358 1.875778 1.963402
v -2.610587 1.610443 2.204942
v -2.610587 1.634215 2.228714
v -2.634358 1.634215 2.204942
v -2.610587 1.899550 2.204942
v -2.634358 1.875778 2.204942
v -2.610587 1.875778 2.228714
v -2.565197 1.252847 2.296648
v -2.588969 1.276619 2.296648
v -2.565197 1.276619 2.272877
v -2.565197 1.892707 2.296648
v -2.565197 1.868936 2.272877
v -2.588969 1.868936 2.296648
v -2.565197 1.252847 2.538188
v -2.565197 1.276619 2.561960
v -2.588969 1.276619 2.538188
v -2.565197 1.892707 2.538188
v -2.588969 1.868936 2.538188
v -2.565197 1.868936 2.561960
v 2.498336 1.710747 -2.216860
v 2.498336 1.710747 -2.933746
v 2.498336 1.794618 -2.865722
v 2.498336 1.794618 -2.284883
v 2.498336 2.955490 -2.216860
v 2.498336 1.710747 -2.216860
v 2.498336 1.794618 -2.284883
v 2.498336 2.872304 -2.284883
v 2.498336 2.955490 -2.216860
v 2.498336 2.872304 -2.284883
v 2.498336 2.872304 -2.865722
v 2.498336 2.955490 -2.933746
v 2.498336 1.710747 -2.933746
v 2.498336 2.955490 -2.933746
v 2.498336 2.872304 -2.865722
v 2.498336 1.794618 -2.865722
v 2.498336 1.710747 -2.933746
v 2.498336 1.710747 -2.216860
v 2.479497 1.688387 -2.197662
v 2.479496 1.688387 -2.952945
v 2.498336 1.710747 -2.216860
v 2.498336 2.955490 -2.216860
v 2.479497 2.975952 -2.197662
v 2.479497 1.688387 -2.197662
v 2.498336 2.955490 -2.216860
v 2.498336 2.955490 -2.933746
v 2.479496 2.975952 -2.952945
v 2.479497 2.975952 -2.197662
v 2.498336 2.955490 -2.933746
v 2.498336 1.710747 -2.933746
v 2.479496 1.688387 -2.952945
v 2.479496 2.975952 -2.952945
v 2.498336 1.794618 -2.284883
v 2.498336 1.794618 -2.865722
v 2.475980 1.826398 -2.846039
v 2.475981 1.826398 -2.304567
v 2.498336 2.872304 -2.284883
v 2.498336 1.794618 -2.284883
v 2.475981 1.826398 -2.304567
v 2.475981 2.843343 -2.304567
v 2.498336 2.872304 -2.865722
v 2.498336 2.872304 -2.284883
v 2.475981 2.843343 -2.304567
v 2.475980 2.843343 -2.846039
v 2.498336 1.794618 -2.865722
v 2.498336 2.872304 -2.865722
v 2.475980 2.843343 -2.846039
v 2.475980 1.826398 -2.846039
v 2.475981 1.826398 -2.304567
v 2.475980 1.826398 -2.846039
v 2.431964 1.826398 -2.846039
v 2.431964 1.826398 -2.304567
v 2.475981 2.843343 -2.304567
v 2.475981 1.826398 -2.304567
v 2.431964 1.826398 -2.304567
v 2.431964 2.843343 -2.304567
v 2.475980 2.843343 -2.846039
v 2.475981 2.843343 -2.304567
v 2.431964 2.843343 -2.304567
v 2.431964 2.843343 -2.846039
v 2.475980 1.826398 -2.846039
v 2.475980 2.843343 -2.846039
v 2.431964 2.843343 -2.846039
v 2.431964 1.826398 -2.846039
v 2.469065 2.339687 -2.336585
v 2.469065 2.812061 -2.336585
v 2.473165 2.819727 -2.328913
v 2.473165 2.332021 -2.328913
v 2.473165 2.313664 -2.575737
v 2.473165 2.313664 -2.310571
v 2.469597 2.307645 -2.304551
v 2.469596 2.307645 -2.575737
v 2.473165 2.313664 -2.310571
v 2.473165 2.838084 -2.310571
v 2.469597 2.844103 -2.304551
v 2.469597 2.307645 -2.304551
v 2.473165 2.332021 -2.328913
v 2.473165 2.819727 -2.328913
v 2.473165 2.838084 -2.310571
v 2.473165 2.313664 -2.310571
v 2.473165 2.332021 -2.575737
v 2.473165 2.332021 -2.328913
v 2.473165 2.313664 -2.310571
v 2.473165 2.313664 -2.575737
v 2.469596 2.307645 -2.575737
v 2.469597 2.307645 -2.304551
v 2.460097 2.307645 -2.317591
v 2.460097 2.307645 -2.575303
v 2.468428 2.801471 -2.347249
v 2.468428 2.350277 -2.347249
v 2.462852 2.353190 -2.350162
v 2.462852 2.798558 -2.350162
v 2.469065 2.339687 -2.575737
v 2.469065 2.339687 -2.336585
v 2.473165 2.332021 -2.328913
v 2.473165 2.332021 -2.575737
v 2.460097 2.307645 -2.575303
v 2.460097 2.307645 -2.317591
v 2.454890 2.328696 -2.317591
v 2.454890 2.328696 -2.575303
v 2.468428 2.350277 -2.575737
v 2.468428 2.350277 -2.347249
v 2.469065 2.339687 -2.336585
v 2.469065 2.339687 -2.575737
v 2.468428 2.350277 -2.347249
v 2.468428 2.801471 -2.347249
v 2.469065 2.812061 -2.336585
v 2.469065 2.339687 -2.336585
v 2.468428 2.801471 -2.347249
v 2.468428 2.801471 -2.575737
v 2.469065 2.812061 -2.575737
v 2.469065 2.812061 -2.336585
v 2.462852 2.798558 -2.350162
v 2.462852 2.798558 -2.575737
v 2.468428 2.801471 -2.575737
v 2.468428 2.801471 -2.347249
v 2.468428 2.350277 -2.347249
v 2.468428 2.350277 -2.575737
v 2.462852 2.353190 -2.575737
v 2.462852 2.353190 -2.350162
v 2.473165 2.819727 -2.328913
v 2.473165 2.819727 -2.575737
v 2.473165 2.838084 -2.575737
v 2.473165 2.838084 -2.310571
v 2.469065 2.812061 -2.336585
v 2.469065 2.812061 -2.575737
v 2.473165 2.819727 -2.575737
v 2.473165 2.819727 -2.328913
v 2.462852 2.353190 -2.350162
v 2.462852 2.353190 -2.575737
v 2.462852 2.798558 -2.575737
v 2.462852 2.798558 -2.350162
v 2.473165 2.838084 -2.310571
v 2.473165 2.838084 -2.575737
v 2.469596 2.844103 -2.575737
v 2.469597 2.844103 -2.304551
v 2.453531 1.856875 -2.336585
v 2.453531 2.329248 -2.336585
v 2.457631 2.336915 -2.328913
v 2.457631 1.849208 -2.328913
v 2.457631 1.830852 -2.575737
v 2.457631 1.830852 -2.310571
v 2.454062 1.824832 -2.304551
v 2.454062 1.824832 -2.575737
v 2.457631 1.830852 -2.310571
v 2.457631 2.355271 -2.310571
v 2.454062 2.361290 -2.304551
v 2.454062 1.824832 -2.304551
v 2.457631 1.849208 -2.328913
v 2.457631 2.336915 -2.328913
v 2.457631 2.355271 -2.310571
v 2.457631 1.830852 -2.310571
v 2.457631 1.849208 -2.575737
v 2.457631 1.849208 -2.328913
v 2.457631 1.830852 -2.310571
v 2.457631 1.830852 -2.575737
v 2.454062 1.824832 -2.575737
v 2.454062 1.824832 -2.304551
v 2.444563 1.824832 -2.317591
v 2.444563 1.824832 -2.575303
v 2.452894 2.318658 -2.347249
v 2.452894 1.867465 -2.347249
v 2.447318 1.870378 -2.350162
v 2.447318 2.315745 -2.350162
v 2.453531 1.856875 -2.575737
v 2.453531 1.856875 -2.336585
v 2.457631 1.849208 -2.328913
v 2.457631 1.849208 -2.575737
v 2.444563 1.824832 -2.575303
v 2.444563 1.824832 -2.317591
v 2.439356 1.845883 -2.317591
v 2.439355 1.845883 -2.575303
v 2.452894 1.867465 -2.575737
v 2.452894 1.867465 -2.347249
v 2.453531 1.856875 -2.336585
v 2.453531 1.856875 -2.575737
v 2.452894 1.867465 -2.347249
v 2.452894 2.318658 -2.347249
v 2.453531 2.329248 -2.336585
v 2.453531 1.856875 -2.336585
v 2.452894 2.318658 -2.347249
v 2.452894 2.318658 -2.575737
v 2.453531 2.329248 -2.575737
v 2.453531 2.329248 -2.336585
v 2.447318 2.315745 -2.350162
v 2.447317 2.315745 -2.575737
v 2.452894 2.318658 -2.575737
v 2.452894 2.318658 -2.347249
v 2.452894 1.867465 -2.347249
v 2.452894 1.867465 -2.575737
v 2.447317 1.870378 -2.575737
v 2.447318 1.870378 -2.350162
v 2.457631 2.336915 -2.328913
v 2.457631 2.336915 -2.575737
v 2.457631 2.355271 -2.575737
v 2.457631 2.355271 -2.310571
v 2.453531 2.329248 -2.336585
v 2.453531 2.329248 -2.575737
v 2.457631 2.336915 -2.575737
v 2.457631 2.336915 -2.328913
v 2.447318 1.870378 -2.350162
v 2.447317 1.870378 -2.575737
v 2.447317 2.315745 -2.575737
v 2.447318 2.315745 -2.350162
v 2.457631 2.355271 -2.310571
v 2.457631 2.355271 -2.575737
v 2.454062 2.361290 -2.575737
v 2.454062 2.361290 -2.304551
v 2.469065 2.339687 -2.814890
v 2.473165 2.332021 -2.822561
v 2.473165 2.819727 -2.822561
v 2.469065 2.812061 -2.814890
v 2.473165 2.313664 -2.575737
v 2.469596 2.307645 -2.575737
v 2.469596 2.307645 -2.846924
v 2.473165 2.313664 -2.840904
v 2.473165 2.313664 -2.840904
v 2.469596 2.307645 -2.846924
v 2.469596 2.844103 -2.846924
v 2.473165 2.838084 -2.840904
v 2.473165 2.332021 -2.822561
v 2.473165 2.313664 -2.840904
v 2.473165 2.838084 -2.840904
v 2.473165 2.819727 -2.822561
v 2.473165 2.332021 -2.575737
v 2.473165 2.313664 -2.575737
v 2.473165 2.313664 -2.840904
v 2.473165 2.332021 -2.822561
v 2.469596 2.307645 -2.575737
v 2.460097 2.307645 -2.576172
v 2.460097 2.307645 -2.833883
v 2.469596 2.307645 -2.846924
v 2.468428 2.801471 -2.804226
v 2.462852 2.798558 -2.801313
v 2.462852 2.353190 -2.801313
v 2.468428 2.350277 -2.804226
v 2.469065 2.339687 -2.575737
v 2.473165 2.332021 -2.575737
v 2.473165 2.332021 -2.822561
v 2.469065 2.339687 -2.814890
v 2.460097 2.307645 -2.576172
v 2.454890 2.328696 -2.576172
v 2.454889 2.328696 -2.833883
v 2.460097 2.307645 -2.833883
v 2.468428 2.350277 -2.575737
v 2.469065 2.339687 -2.575737
v 2.469065 2.339687 -2.814890
v 2.468428 2.350277 -2.804226
v 2.468428 2.350277 -2.804226
v 2.469065 2.339687 -2.814890
v 2.469065 2.812061 -2.814890
v 2.468428 2.801471 -2.804226
v 2.468428 2.801471 -2.804226
v 2.469065 2.812061 -2.814890
v 2.469065 2.812061 -2.575737
v 2.468428 2.801471 -2.575737
v 2.462852 2.798558 -2.801313
v 2.468428 2.801471 -2.804226
v 2.468428 2.801471 -2.575737
v 2.462852 2.798558 -2.575737
v 2.468428 2.350277 -2.804226
v 2.462852 2.353190 -2.801313
v 2.462852 2.353190 -2.575737
v 2.468428 2.350277 -2.575737
v 2.473165 2.819727 -2.822561
v 2.473165 2.838084 -2.840904
v 2.473165 2.838084 -2.575737
v 2.473165 2.819727 -2.575737
v 2.469065 2.812061 -2.814890
v 2.473165 2.819727 -2.822561
v 2.473165 2.819727 -2.575737
v 2.469065 2.812061 -2.575737
v 2.462852 2.353190 -2.801313
v 2.462852 2.798558 -2.801313
v 2.462852 2.798558 -2.575737
v 2.462852 2.353190 -2.575737
v 2.473165 2.838084 -2.840904
v 2.469596 2.844103 -2.846924
v 2.469596 2.844103 -2.575737
v 2.473165 2.838084 -2.575737
v 2.453531 1.856875 -2.814890
v 2.457631 1.849208 -2.822561
v 2.457631 2.336915 -2.822561
v 2.453531 2.329248 -2.814890
v 2.457631 1.830852 -2.575737
v 2.454062 1.824832 -2.575737
v 2.454062 1.824832 -2.846924
v 2.457631 1.830852 -2.840904
v 2.457631 1.830852 -2.840904
v 2.454062 1.824832 -2.846924
v 2.454062 2.361290 -2.846924
v 2.457631 2.355271 -2.840904
v 2.457631 1.849208 -2.822561
v 2.457631 1.830852 -2.840904
v 2.457631 2.355271 -2.840904
v 2.457631 2.336915 -2.822561
v 2.457631 1.849208 -2.575737
v 2.457631 1.830852 -2.575737
v 2.457631 1.830852 -2.840904
v 2.457631 1.849208 -2.822561
v 2.454062 1.824832 -2.575737
v 2.444563 1.824832 -2.576172
v 2.444562 1.824832 -2.833883
v 2.454062 1.824832 -2.846924
v 2.452894 2.318658 -2.804226
v 2.447317 2.315745 -2.801313
v 2.447317 1.870378 -2.801313
v 2.452894 1.867465 -2.804226
v 2.453531 1.856875 -2.575737
v 2.457631 1.849208 -2.575737
v 2.457631 1.849208 -2.822561
v 2.453531 1.856875 -2.814890
v 2.444563 1.824832 -2.576172
v 2.439355 1.845883 -2.576172
v 2.439355 1.845883 -2.833883
v 2.444562 1.824832 -2.833883
v 2.452894 1.867465 -2.575737
v 2.453531 1.856875 -2.575737
v 2.453531 1.856875 -2.814890
v 2.452894 1.867465 -2.804226
v 2.452894 1.867465 -2.804226
v 2.453531 1.856875 -2.814890
v 2.453531 2.329248 -2.814890
v 2.452894 2.318658 -2.804226
v 2.452894 2.318658 -2.804226
v 2.453531 2.329248 -2.814890
v 2.453531 2.329248 -2.575737
v 2.452894 2.318658 -2.575737
v 2.447317 2.315745 -2.801313
v 2.452894 2.318658 -2.804226
v 2.452894 2.318658 -2.575737
v 2.447317 2.315745 -2.575737
v 2.452894 1.867465 -2.804226
v 2.447317 1.870378 -2.801313
v 2.447317 1.870378 -2.575737
v 2.452894 1.867465 -2.575737
v 2.457631 2.336915 -2.822561
v 2.457631 2.355271 -2.840904
v 2.457631 2.355271 -2.575737
v 2.457631 2.336915 -2.575737
v 2.453531 2.329248 -2.814890
v 2.457631 2.336915 -2.822561
v 2.457631 2.336915 -2.575737
v 2.453531 2.329248 -2.575737
v 2.447317 1.870378 -2.801313
v 2.447317 2.315745 -2.801313
v 2.447317 2.315745 -2.575737
v 2.447317 1.870378 -2.575737
v 2.457631 2.355271 -2.840904
v 2.454062 2.361290 -2.846924
v 2.454062 2.361290 -2.575737
v 2.457631 2.355271 -2.575737
v -0.829713 1.710747 2.845786
v -0.112827 1.710747 2.845787
v -0.180851 1.794618 2.845787
v -0.761689 1.794618 2.845787
v -0.829713 2.955490 2.845786
v -0.829713 1.710747 2.845786
v -0.761689 1.794618 2.845787
v -0.761689 2.872304 2.845787
v -0.829713 2.955490 2.845786
v -0.761689 2.872304 2.845787
v -0.180851 2.872304 2.845787
v -0.112827 2.955490 2.845787
v -0.112827 1.710747 2.845787
v -0.112827 2.955490 2.845787
v -0.180851 2.872304 2.845787
v -0.180851 1.794618 2.845787
v -0.112827 1.710747 2.845787
v -0.829713 1.710747 2.845786
v -0.848911 1.688387 2.826947
v -0.093629 1.688387 2.826947
v -0.829713 1.710747 2.845786
v -0.829713 2.955490 2.845786
v -0.848911 2.975952 2.826947
v -0.848911 1.688387 2.826947
v -0.829713 2.955490 2.845786
v -0.112827 2.955490 2.845787
v -0.093629 2.975952 2.826947
v -0.848911 2.975952 2.826947
v -0.112827 2.955490 2.845787
v -0.112827 1.710747 2.845787
v -0.093629 1.688387 2.826947
v -0.093629 2.975952 2.826947
v -0.761689 1.794618 2.845787
v -0.180851 1.794618 2.845787
v -0.200534 1.826398 2.823431
v -0.742006 1.826398 2.823431
v -0.761689 2.872304 2.845787
v -0.761689 1.794618 2.845787
v -0.742006 1.826398 2.823431
v -0.742006 2.843343 2.823431
v -0.180851 2.872304 2.845787
v -0.761689 2.872304 2.845787
v -0.742006 2.843343 2.823431
v -0.200534 2.843343 2.823431
v -0.180851 1.794618 2.845787
v -0.180851 2.872304 2.845787
v -0.200534 2.843343 2.823431
v -0.200534 1.826398 2.823431
v -0.742006 1.826398 2.823431
v -0.200534 1.826398 2.823431
v -0.200534 1.826398 2.779414
v -0.742006 1.826398 2.779414
v -0.742006 2.843343 2.823431
v -0.742006 1.826398 2.823431
v -0.742006 1.826398 2.779414
v -0.742006 2.843343 2.779414
v -0.200534 2.843343 2.823431
v -0.742006 2.843343 2.823431
v -0.742006 2.843343 2.779414
v -0.200534 2.843343 2.779414
v -0.200534 1.826398 2.823431
v -0.200534 2.843343 2.823431
v -0.200534 2.843343 2.779414
v -0.200534 1.826398 2.779414
v -0.709988 2.339687 2.816515
v -0.709988 2.812061 2.816515
v -0.717660 2.819727 2.820615
v -0.717660 2.332021 2.820615
v -0.470836 2.313664 2.820615
v -0.736002 2.313664 2.820615
v -0.742022 2.307645 2.817046
v -0.470836 2.307645 2.817046
v -0.736002 2.313664 2.820615
v -0.736002 2.838084 2.820615
v -0.742022 2.844103 2.817046
v -0.742022 2.307645 2.817046
v -0.717660 2.332021 2.820615
v -0.717660 2.819727 2.820615
v -0.736002 2.838084 2.820615
v -0.736002 2.313664 2.820615
v -0.470836 2.332021 2.820615
v -0.470836 2.313664 2.820615
v -0.470836 2.307645 2.817046
v -0.742022 2.307645 2.817046
v -0.728982 2.307645 2.807547
v -0.471270 2.307645 2.807547
v -0.699324 2.801471 2.815878
v -0.699324 2.350277 2.815878
v -0.696411 2.353190 2.810302
v -0.696411 2.798558 2.810302
v -0.470836 2.339687 2.816515
v -0.709988 2.339687 2.816515
v -0.717660 2.332021 2.820615
v -0.470836 2.332021 2.820615
v -0.471270 2.307645 2.807547
v -0.728982 2.307645 2.807547
v -0.728982 2.328696 2.802340
v -0.471270 2.328696 2.802340
v -0.470836 2.350277 2.815878
v -0.699324 2.350277 2.815878
v -0.709988 2.339687 2.816515
v -0.470836 2.339687 2.816515
v -0.699324 2.350277 2.815878
v -0.699324 2.801471 2.815878
v -0.709988 2.812061 2.816515
v -0.709988 2.339687 2.816515
v -0.699324 2.801471 2.815878
v -0.470836 2.801471 2.815878
v -0.470836 2.812061 2.816515
v -0.709988 2.812061 2.816515
v -0.696411 2.798558 2.810302
v -0.470836 2.798558 2.810302
v -0.470836 2.801471 2.815878
v -0.699324 2.801471 2.815878
v -0.699324 2.350277 2.815878
v -0.470836 2.350277 2.815878
v -0.470836 2.353190 2.810302
v -0.696411 2.353190 2.810302
v -0.470836 2.819727 2.820615
v -0.470836 2.838084 2.820615
v -0.709988 2.812061 2.816515
v -0.470836 2.812061 2.816515
v -0.470836 2.819727 2.820615
v -0.717660 2.819727 2.820615
v -0.696411 2.353190 2.810302
v -0.470836 2.353190 2.810302
v -0.470836 2.798558 2.810302
v -0.696411 2.798558 2.810302
v -0.736002 2.838084 2.820615
v -0.470836 2.838084 2.820615
v -0.470836 2.844103 2.817046
v -0.742022 2.844103 2.817046
v -0.709988 1.856875 2.800981
v -0.709988 2.329248 2.800981
v -0.717660 2.336915 2.805081
v -0.717660 1.849208 2.805081
v -0.470836 1.830852 2.805081
v -0.736002 1.830852 2.805081
v -0.742022 1.824832 2.801512
v -0.470836 1.824832 2.801512
v -0.736002 1.830852 2.805081
v -0.736002 2.355271 2.805081
v -0.742022 2.361290 2.801512
v -0.742022 1.824832 2.801512
v -0.717660 1.849208 2.805081
v -0.717660 2.336915 2.805081
v -0.736002 2.355271 2.805081
v -0.736002 1.830852 2.805081
v -0.470836 1.849208 2.805081
v -0.717660 1.849208 2.805081
v -0.736002 1.830852 2.805081
v -0.470836 1.830852 2.805081
v -0.470836 1.824832 2.801512
v -0.742022 1.824832 2.801512
v -0.728982 1.824832 2.792013
v -0.471270 1.824832 2.792013
v -0.699324 2.318658 2.800344
v -0.699324 1.867465 2.800344
v -0.696411 1.870378 2.794768
v -0.696411 2.315745 2.794768
v -0.470836 1.856875 2.800981
v -0.709988 1.856875 2.800981
v -0.717660 1.849208 2.805081
v -0.470836 1.849208 2.805081
v -0.471270 1.824832 2.792013
v -0.728982 1.824832 2.792013
v -0.728982 1.845883 2.786805
v -0.471270 1.845883 2.786806
v -0.470836 1.867465 2.800344
v -0.699324 1.867465 2.800344
v -0.709988 1.856875 2.800981
v -0.470836 1.856875 2.800981
v -0.699324 1.867465 2.800344
v -0.699324 2.318658 2.800344
v -0.709988 2.329248 2.800981
v -0.709988 1.856875 2.800981
v -0.699324 2.318658 2.800344
v -0.470836 2.318658 2.800344
v -0.470836 2.329248 2.800981
v -0.709988 2.329248 2.800981
v -0.696411 2.315745 2.794768
v -0.470836 2.315745 2.794768
v -0.470836 2.318658 2.800344
v -0.699324 2.318658 2.800344
v -0.699324 1.867465 2.800344
v -0.470836 1.867465 2.800344
v -0.470836 1.870378 2.794768
v -0.696411 1.870378 2.794768
v -0.717660 2.336915 2.805081
v -0.470836 2.336915 2.805081
v -0.470836 2.355271 2.805081
v -0.736002 2.355271 2.805081
v -0.709988 2.329248 2.800981
v -0.470836 2.329248 2.800981
v -0.470836 2.336915 2.805081
v -0.717660 2.336915 2.805081
v -0.696411 1.870378 2.794768
v -0.470836 1.870378 2.794768
v -0.470836 2.315745 2.794768
v -0.696411 2.315745 2.794768
v -0.736002 2.355271 2.805081
v -0.470836 2.355271 2.805081
v -0.470836 2.361290 2.801512
v -0.742022 2.361290 2.801512
v -0.231684 2.339687 2.816515
v -0.224011 2.332021 2.820615
v -0.224011 2.819727 2.820615
v -0.231684 2.812061 2.816515
v -0.470836 2.313664 2.820615
v -0.470836 2.307645 2.817046
v -0.199649 2.307645 2.817046
v -0.205669 2.313664 2.820615
v -0.205669 2.313664 2.820615
v -0.199649 2.307645 2.817046
v -0.199649 2.844103 2.817046
v -0.205669 2.838084 2.820615
v -0.224011 2.332021 2.820615
v -0.205669 2.313664 2.820615
v -0.205669 2.838084 2.820615
v -0.224011 2.819727 2.820615
v -0.470836 2.332021 2.820615
v -0.470836 2.313664 2.820615
v -0.205669 2.313664 2.820615
v -0.224011 2.332021 2.820615
v -0.470401 2.307645 2.807547
v -0.212690 2.307645 2.807547
v -0.199649 2.307645 2.817046
v -0.242347 2.801471 2.815878
v -0.245260 2.798558 2.810302
v -0.245260 2.353190 2.810302
v -0.242347 2.350277 2.815878
v -0.470836 2.339687 2.816515
v -0.470836 2.332021 2.820615
v -0.224011 2.332021 2.820615
v -0.231684 2.339687 2.816515
v -0.470401 2.307645 2.807547
v -0.470401 2.328696 2.802340
v -0.212690 2.328696 2.802340
v -0.212690 2.307645 2.807547
v -0.470836 2.350277 2.815878
v -0.470836 2.339687 2.816515
v -0.231684 2.339687 2.816515
v -0.242347 2.350277 2.815878
v -0.242347 2.350277 2.815878
v -0.231684 2.339687 2.816515
v -0.231684 2.812061 2.816515
v -0.242347 2.801471 2.815878
v -0.242347 2.801471 2.815878
v -0.231684 2.812061 2.816515
v -0.470836 2.812061 2.816515
v -0.470836 2.801471 2.815878
v -0.245260 2.798558 2.810302
v -0.242347 2.801471 2.815878
v -0.470836 2.801471 2.815878
v -0.470836 2.798558 2.810302
v -0.242347 2.350277 2.815878
v -0.245260 2.353190 2.810302
v -0.470836 2.353190 2.810302
v -0.470836 2.350277 2.815878
v -0.231684 2.812061 2.816515
v -0.224011 2.819727 2.820615
v -0.470836 2.819727 2.820615
v -0.470836 2.812061 2.816515
v -0.245260 2.353190 2.810302
v -0.245260 2.798558 2.810302
v -0.205669 2.838084 2.820615
v -0.199649 2.844103 2.817046
v -0.470836 2.844103 2.817046
v -0.470836 2.838084 2.820615
v -0.231684 1.856875 2.800981
v -0.224011 1.849208 2.805081
v -0.224011 2.336915 2.805081
v -0.231684 2.329248 2.800981
v -0.470836 1.830852 2.805081
v -0.470836 1.824832 2.801512
v -0.199649 1.824832 2.801512
v -0.205669 1.830852 2.805081
v -0.205669 1.830852 2.805081
v -0.199649 1.824832 2.801512
v -0.199649 2.361290 2.801512
v -0.205669 2.355271 2.805081
v -0.224011 1.849208 2.805081
v -0.205669 1.830852 2.805081
v -0.205669 2.355271 2.805081
v -0.224011 2.336915 2.805081
v -0.470836 1.849208 2.805081
v -0.470836 1.830852 2.805081
v -0.205669 1.830852 2.805081
v -0.224011 1.849208 2.805081
v -0.470401 1.824832 2.792013
v -0.212690 1.824832 2.792013
v -0.199649 1.824832 2.801512
v -0.242347 2.318658 2.800344
v -0.245260 2.315745 2.794768
v -0.245260 1.870378 2.794768
v -0.242347 1.867465 2.800344
v -0.470836 1.856875 2.800981
v -0.470836 1.849208 2.805081
v -0.224011 1.849208 2.805081
v -0.231684 1.856875 2.800981
v -0.470401 1.824832 2.792013
v -0.470401 1.845883 2.786806
v -0.212690 1.845883 2.786806
v -0.212690 1.824832 2.792013
v -0.470836 1.867465 2.800344
v -0.470836 1.856875 2.800981
v -0.231684 1.856875 2.800981
v -0.242347 1.867465 2.800344
v -0.242347 1.867465 2.800344
v -0.231684 1.856875 2.800981
v -0.231684 2.329248 2.800981
v -0.242347 2.318658 2.800344
v -0.242347 2.318658 2.800344
v -0.231684 2.329248 2.800981
v -0.470836 2.329248 2.800981
v -0.470836 2.318658 2.800344
v -0.245260 2.315745 2.794768
v -0.242347 2.318658 2.800344
v -0.470836 2.318658 2.800344
v -0.470836 2.315745 2.794768
v -0.242347 1.867465 2.800344
v -0.245260 1.870378 2.794768
v -0.470836 1.870378 2.794768
v -0.470836 1.867465 2.800344
v -0.224011 2.336915 2.805081
v -0.205669 2.355271 2.805081
v -0.470836 2.355271 2.805081
v -0.470836 2.336915 2.805081
v -0.231684 2.329248 2.800981
v -0.224011 2.336915 2.805081
v -0.470836 2.336915 2.805081
v -0.470836 2.329248 2.800981
v -0.245260 1.870378 2.794768
v -0.245260 2.315745 2.794768
v -0.205669 2.355271 2.805081
v -0.199649 2.361290 2.801512
v -0.470836 2.361290 2.801512
v -0.470836 2.355271 2.805081
v -2.052215 1.710747 2.845787
v -1.335330 1.710747 2.845787
v -1.403353 1.794618 2.845787
v -1.984191 1.794618 2.845787
v -2.052215 2.955490 2.845787
v -2.052215 1.710747 2.845787
v -1.984191 1.794618 2.845787
v -1.984191 2.872304 2.845787
v -2.052215 2.955490 2.845787
v -1.984191 2.872304 2.845787
v -1.403353 2.872304 2.845787
v -1.335330 2.955490 2.845787
v -1.335330 1.710747 2.845787
v -1.335330 2.955490 2.845787
v -1.403353 2.872304 2.845787
v -1.403353 1.794618 2.845787
v -1.335330 1.710747 2.845787
v -2.052215 1.710747 2.845787
v -2.071413 1.688387 2.826947
v -1.316131 1.688387 2.826947
v -2.052215 1.710747 2.845787
v -2.052215 2.955490 2.845787
v -2.071413 2.975952 2.826947
v -2.071413 1.688387 2.826947
v -2.052215 2.955490 2.845787
v -1.335330 2.955490 2.845787
v -1.316131 2.975952 2.826947
v -2.071413 2.975952 2.826947
v -1.335330 2.955490 2.845787
v -1.335330 1.710747 2.845787
v -1.316131 1.688387 2.826947
v -1.316131 2.975952 2.826947
v -1.984191 1.794618 2.845787
v -1.403353 1.794618 2.845787
v -1.423037 1.826398 2.823431
v -1.964507 1.826398 2.823431
v -1.984191 2.872304 2.845787
v -1.984191 1.794618 2.845787
v -1.964507 1.826398 2.823431
v -1.964507 2.843343 2.823431
v -1.403353 2.872304 2.845787
v -1.984191 2.872304 2.845787
v -1.964507 2.843343 2.823431
v -1.423037 2.843343 2.823431
v -1.403353 1.794618 2.845787
v -1.403353 2.872304 2.845787
v -1.423037 2.843343 2.823431
v -1.423037 1.826398 2.823431
v -1.964507 1.826398 2.823431
v -1.423037 1.826398 2.823431
v -1.423037 1.826398 2.779415
v -1.964507 1.826398 2.779415
v -1.964507 2.843343 2.823431
v -1.964507 1.826398 2.823431
v -1.964507 1.826398 2.779415
v -1.964507 2.843343 2.779415
v -1.423037 2.843343 2.823431
v -1.964507 2.843343 2.823431
v -1.964507 2.843343 2.779415
v -1.423037 2.843343 2.779415
v -1.423037 1.826398 2.823431
v -1.423037 2.843343 2.823431
v -1.423037 2.843343 2.779415
v -1.423037 1.826398 2.779415
v -1.932490 2.339687 2.816516
v -1.932490 2.812061 2.816516
v -1.940161 2.819727 2.820616
v -1.940161 2.332021 2.820616
v -1.693338 2.313664 2.820616
v -1.958504 2.313664 2.820616
v -1.964524 2.307645 2.817047
v -1.693338 2.307645 2.817047
v -1.958504 2.313664 2.820616
v -1.958504 2.838084 2.820616
v -1.964524 2.844103 2.817047
v -1.964524 2.307645 2.817047
v -1.940161 2.332021 2.820616
v -1.940161 2.819727 2.820616
v -1.958504 2.838084 2.820616
v -1.958504 2.313664 2.820616
v -1.693338 2.332021 2.820616
v -1.693338 2.313664 2.820616
v -1.693338 2.307645 2.817047
v -1.964524 2.307645 2.817047
v -1.951483 2.307645 2.807548
v -1.693772 2.307645 2.807548
v -1.921826 2.801471 2.815879
v -1.921826 2.350277 2.815879
v -1.918914 2.353190 2.810302
v -1.918914 2.798558 2.810302
v -1.693338 2.339687 2.816516
v -1.932490 2.339687 2.816516
v -1.940161 2.332021 2.820616
v -1.693338 2.332021 2.820616
v -1.693772 2.307645 2.807548
v -1.951483 2.307645 2.807548
v -1.951483 2.328696 2.802340
v -1.693772 2.328696 2.802340
v -1.693338 2.350277 2.815879
v -1.921826 2.350277 2.815879
v -1.932490 2.339687 2.816516
v -1.693338 2.339687 2.816516
v -1.921826 2.350277 2.815879
v -1.921826 2.801471 2.815879
v -1.932490 2.812061 2.816516
v -1.932490 2.339687 2.816516
v -1.921826 2.801471 2.815879
v -1.693338 2.801471 2.815879
v -1.693338 2.812061 2.816516
v -1.932490 2.812061 2.816516
v -1.918914 2.798558 2.810302
v -1.693338 2.798558 2.810302
v -1.693338 2.801471 2.815879
v -1.921826 2.801471 2.815879
v -1.921826 2.350277 2.815879
v -1.693338 2.350277 2.815879
v -1.693338 2.353190 2.810302
v -1.918914 2.353190 2.810302
v -1.693338 2.819727 2.820616
v -1.693338 2.838084 2.820616
v -1.932490 2.812061 2.816516
v -1.693338 2.812061 2.816516
v -1.693338 2.819727 2.820616
v -1.940161 2.819727 2.820616
v -1.918914 2.353190 2.810302
v -1.693338 2.353190 2.810302
v -1.693338 2.798558 2.810302
v -1.918914 2.798558 2.810302
v -1.958504 2.838084 2.820616
v -1.693338 2.838084 2.820616
v -1.693338 2.844103 2.817047
v -1.964524 2.844103 2.817047
v -1.932490 1.856875 2.800981
v -1.932490 2.329248 2.800981
v -1.940161 2.336915 2.805082
v -1.940161 1.849208 2.805082
v -1.693338 1.830852 2.805082
v -1.958504 1.830852 2.805082
v -1.964524 1.824832 2.801513
v -1.693338 1.824832 2.801513
v -1.958504 1.830852 2.805082
v -1.958504 2.355271 2.805082
v -1.964524 2.361290 2.801513
v -1.964524 1.824832 2.801513
v -1.940161 1.849208 2.805082
v -1.940161 2.336915 2.805082
v -1.958504 2.355271 2.805082
v -1.958504 1.830852 2.805082
v -1.693338 1.849208 2.805082
v -1.940161 1.849208 2.805082
v -1.958504 1.830852 2.805082
v -1.693338 1.830852 2.805082
v -1.693338 1.824832 2.801513
v -1.964524 1.824832 2.801513
v -1.951483 1.824832 2.792014
v -1.693772 1.824832 2.792014
v -1.921826 2.318658 2.800345
v -1.921826 1.867465 2.800345
v -1.918914 1.870378 2.794768
v -1.918914 2.315745 2.794768
v -1.693338 1.856875 2.800981
v -1.932490 1.856875 2.800981
v -1.940161 1.849208 2.805082
v -1.693338 1.849208 2.805082
v -1.693772 1.824832 2.792014
v -1.951483 1.824832 2.792014
v -1.951483 1.845883 2.786806
v -1.693772 1.845883 2.786806
v -1.693338 1.867465 2.800345
v -1.921826 1.867465 2.800345
v -1.932490 1.856875 2.800981
v -1.693338 1.856875 2.800981
v -1.921826 1.867465 2.800345
v -1.921826 2.318658 2.800345
v -1.932490 2.329248 2.800981
v -1.932490 1.856875 2.800981
v -1.921826 2.318658 2.800345
v -1.693338 2.318658 2.800345
v -1.693338 2.329248 2.800981
v -1.932490 2.329248 2.800981
v -1.918914 2.315745 2.794768
v -1.693338 2.315745 2.794768
v -1.693338 2.318658 2.800345
v -1.921826 2.318658 2.800345
v -1.921826 1.867465 2.800345
v -1.693338 1.867465 2.800345
v -1.693338 1.870378 2.794768
v -1.918914 1.870378 2.794768
v -1.940161 2.336915 2.805082
v -1.693338 2.336915 2.805082
v -1.693338 2.355271 2.805082
v -1.958504 2.355271 2.805082
v -1.932490 2.329248 2.800981
v -1.693338 2.329248 2.800981
v -1.693338 2.336915 2.805082
v -1.940161 2.336915 2.805082
v -1.918914 1.870378 2.794768
v -1.693338 1.870378 2.794768
v -1.693338 2.315745 2.794768
v -1.918914 2.315745 2.794768
v -1.958504 2.355271 2.805082
v -1.693338 2.355271 2.805082
v -1.693338 2.361290 2.801513
v -1.964524 2.361290 2.801513
v -1.454186 2.339687 2.816516
v -1.446514 2.332021 2.820616
v -1.446514 2.819727 2.820616
v -1.454186 2.812061 2.816516
v -1.693338 2.313664 2.820616
v -1.693338 2.307645 2.817047
v -1.422151 2.307645 2.817047
v -1.428171 2.313664 2.820616
v -1.428171 2.313664 2.820616
v -1.422151 2.307645 2.817047
v -1.422151 2.844103 2.817047
v -1.428171 2.838084 2.820616
v -1.446514 2.332021 2.820616
v -1.428171 2.313664 2.820616
v -1.428171 2.838084 2.820616
v -1.446514 2.819727 2.820616
v -1.693338 2.332021 2.820616
v -1.693338 2.313664 2.820616
v -1.428171 2.313664 2.820616
v -1.446514 2.332021 2.820616
v -1.692903 2.307645 2.807548
v -1.435192 2.307645 2.807548
v -1.422151 2.307645 2.817047
v -1.464849 2.801471 2.815879
v -1.467762 2.798558 2.810302
v -1.467762 2.353190 2.810302
v -1.464849 2.350277 2.815879
v -1.693338 2.339687 2.816516
v -1.693338 2.332021 2.820616
v -1.446514 2.332021 2.820616
v -1.454186 2.339687 2.816516
v -1.692903 2.307645 2.807548
v -1.692903 2.328696 2.802340
v -1.435192 2.328696 2.802340
v -1.435192 2.307645 2.807548
v -1.693338 2.350277 2.815879
v -1.693338 2.339687 2.816516
v -1.454186 2.339687 2.816516
v -1.464849 2.350277 2.815879
v -1.464849 2.350277 2.815879
v -1.454186 2.339687 2.816516
v -1.454186 2.812061 2.816516
v -1.464849 2.801471 2.815879
v -1.464849 2.801471 2.815879
v -1.454186 2.812061 2.816516
v -1.693338 2.812061 2.816516
v -1.693338 2.801471 2.815879
v -1.467762 2.798558 2.810302
v -1.464849 2.801471 2.815879
v -1.693338 2.801471 2.815879
v -1.693338 2.798558 2.810302
v -1.464849 2.350277 2.815879
v -1.467762 2.353190 2.810302
v -1.693338 2.353190 2.810302
v -1.693338 2.350277 2.815879
v -1.454186 2.812061 2.816516
v -1.446514 2.819727 2.820616
v -1.693338 2.819727 2.820616
v -1.693338 2.812061 2.816516
v -1.467762 2.353190 2.810302
v -1.467762 2.798558 2.810302
v -1.428171 2.838084 2.820616
v -1.422151 2.844103 2.817047
v -1.693338 2.844103 2.817047
v -1.693338 2.838084 2.820616
v -1.454186 1.856875 2.800981
v -1.446514 1.849208 2.805082
v -1.446514 2.336915 2.805082
v -1.454186 2.329248 2.800981
v -1.693338 1.830852 2.805082
v -1.693338 1.824832 2.801513
v -1.422151 1.824832 2.801513
v -1.428171 1.830852 2.805082
v -1.428171 1.830852 2.805082
v -1.422151 1.824832 2.801513
v -1.422151 2.361290 2.801513
v -1.428171 2.355271 2.805082
v -1.446514 1.849208 2.805082
v -1.428171 1.830852 2.805082
v -1.428171 2.355271 2.805082
v -1.446514 2.336915 2.805082
v -1.693338 1.849208 2.805082
v -1.693338 1.830852 2.805082
v -1.428171 1.830852 2.805082
v -1.446514 1.849208 2.805082
v -1.692903 1.824832 2.792014
v -1.435192 1.824832 2.792014
v -1.422151 1.824832 2.801513
v -1.464849 2.318658 2.800345
v -1.467762 2.315745 2.794768
v -1.467762 1.870378 2.794768
v -1.464849 1.867465 2.800345
v -1.693338 1.856875 2.800981
v -1.693338 1.849208 2.805082
v -1.446514 1.849208 2.805082
v -1.454186 1.856875 2.800981
v -1.692903 1.824832 2.792014
v -1.692903 1.845883 2.786806
v -1.435192 1.845883 2.786806
v -1.435192 1.824832 2.792014
v -1.693338 1.867465 2.800345
v -1.693338 1.856875 2.800981
v -1.454186 1.856875 2.800981
v -1.464849 1.867465 2.800345
v -1.464849 1.867465 2.800345
v -1.454186 1.856875 2.800981
v -1.454186 2.329248 2.800981
v -1.464849 2.318658 2.800345
v -1.464849 2.318658 2.800345
v -1.454186 2.329248 2.800981
v -1.693338 2.329248 2.800981
v -1.693338 2.318658 2.800345
v -1.467762 2.315745 2.794768
v -1.464849 2.318658 2.800345
v -1.693338 2.318658 2.800345
v -1.693338 2.315745 2.794768
v -1.464849 1.867465 2.800345
v -1.467762 1.870378 2.794768
v -1.693338 1.870378 2.794768
v -1.693338 1.867465 2.800345
v -1.446514 2.336915 2.805082
v -1.428171 2.355271 2.805082
v -1.693338 2.355271 2.805082
v -1.693338 2.336915 2.805082
v -1.454186 2.329248 2.800981
v -1.446514 2.336915 2.805082
v -1.693338 2.336915 2.805082
v -1.693338 2.329248 2.800981
v -1.467762 1.870378 2.794768
v -1.467762 2.315745 2.794768
v -1.428171 2.355271 2.805082
v -1.422151 2.361290 2.801513
v -1.693338 2.361290 2.801513
v -1.693338 2.355271 2.805082
v 1.481546 1.710747 2.845785
v 2.198431 1.710747 2.845785
v 2.130408 1.794618 2.845785
v 1.549569 1.794618 2.845786
v 1.481546 2.955490 2.845785
v 1.481546 1.710747 2.845785
v 1.549569 1.794618 2.845786
v 1.549569 2.872304 2.845786
v 1.481546 2.955490 2.845785
v 1.549569 2.872304 2.845786
v 2.130408 2.872304 2.845785
v 2.198431 2.955490 2.845785
v 2.198431 1.710747 2.845785
v 2.198431 2.955490 2.845785
v 2.130408 2.872304 2.845785
v 2.130408 1.794618 2.845785
v 2.198431 1.710747 2.845785
v 1.481546 1.710747 2.845785
v 1.462348 1.688387 2.826946
v 2.217629 1.688387 2.826945
v 1.481546 1.710747 2.845785
v 1.481546 2.955490 2.845785
v 1.462348 2.975952 2.826946
v 1.462348 1.688387 2.826946
v 1.481546 2.955490 2.845785
v 2.198431 2.955490 2.845785
v 2.217629 2.975952 2.826945
v 1.462348 2.975952 2.826946
v 2.198431 2.955490 2.845785
v 2.198431 1.710747 2.845785
v 2.217629 1.688387 2.826945
v 2.217629 2.975952 2.826945
v 1.549569 1.794618 2.845786
v 2.130408 1.794618 2.845785
v 2.110724 1.826398 2.823429
v 1.569253 1.826398 2.823430
v 1.549569 2.872304 2.845786
v 1.549569 1.794618 2.845786
v 1.569253 1.826398 2.823430
v 1.569253 2.843343 2.823430
v 2.130408 2.872304 2.845785
v 1.549569 2.872304 2.845786
v 1.569253 2.843343 2.823430
v 2.110724 2.843343 2.823429
v 2.130408 1.794618 2.845785
v 2.130408 2.872304 2.845785
v 2.110724 2.843343 2.823429
v 2.110724 1.826398 2.823429
v 1.569253 1.826398 2.823430
v 2.110724 1.826398 2.823429
v 2.110724 1.826398 2.779413
v 1.569253 1.826398 2.779413
v 1.569253 2.843343 2.823430
v 1.569253 1.826398 2.823430
v 1.569253 1.826398 2.779413
v 1.569253 2.843343 2.779413
v 2.110724 2.843343 2.823429
v 1.569253 2.843343 2.823430
v 1.569253 2.843343 2.779413
v 2.110724 2.843343 2.779413
v 2.110724 1.826398 2.823429
v 2.110724 2.843343 2.823429
v 2.110724 2.843343 2.779413
v 2.110724 1.826398 2.779413
v 1.601271 2.339687 2.816515
v 1.601271 2.812061 2.816515
v 1.593599 2.819727 2.820614
v 1.593599 2.332021 2.820614
v 1.840423 2.313664 2.820614
v 1.575256 2.313664 2.820614
v 1.569237 2.307645 2.817046
v 1.840423 2.307645 2.817046
v 1.575256 2.313664 2.820614
v 1.575256 2.838084 2.820614
v 1.569237 2.844103 2.817046
v 1.569237 2.307645 2.817046
v 1.593599 2.332021 2.820614
v 1.593599 2.819727 2.820614
v 1.575256 2.838084 2.820614
v 1.575256 2.313664 2.820614
v 1.840423 2.332021 2.820614
v 1.840423 2.313664 2.820614
v 1.840423 2.307645 2.817046
v 1.569237 2.307645 2.817046
v 1.582277 2.307645 2.807546
v 1.839988 2.307645 2.807546
v 1.611935 2.801471 2.815877
v 1.611935 2.350277 2.815877
v 1.614847 2.353190 2.810301
v 1.614847 2.798558 2.810301
v 1.840423 2.339687 2.816515
v 1.601271 2.339687 2.816515
v 1.593599 2.332021 2.820614
v 1.840423 2.332021 2.820614
v 1.839988 2.307645 2.807546
v 1.582277 2.307645 2.807546
v 1.582277 2.328696 2.802339
v 1.839988 2.328696 2.802339
v 1.840423 2.350277 2.815877
v 1.611935 2.350277 2.815877
v 1.601271 2.339687 2.816515
v 1.840423 2.339687 2.816515
v 1.611935 2.350277 2.815877
v 1.611935 2.801471 2.815877
v 1.601271 2.812061 2.816515
v 1.601271 2.339687 2.816515
v 1.611935 2.801471 2.815877
v 1.840423 2.801471 2.815877
v 1.840423 2.812061 2.816515
v 1.601271 2.812061 2.816515
v 1.614847 2.798558 2.810301
v 1.840423 2.798558 2.810301
v 1.840423 2.801471 2.815877
v 1.611935 2.801471 2.815877
v 1.611935 2.350277 2.815877
v 1.840423 2.350277 2.815877
v 1.840423 2.353190 2.810301
v 1.614847 2.353190 2.810301
v 1.840423 2.819727 2.820614
v 1.840423 2.838084 2.820614
v 1.601271 2.812061 2.816515
v 1.840423 2.812061 2.816515
v 1.840423 2.819727 2.820614
v 1.593599 2.819727 2.820614
v 1.614847 2.353190 2.810301
v 1.840423 2.353190 2.810301
v 1.840423 2.798558 2.810301
v 1.614847 2.798558 2.810301
v 1.575256 2.838084 2.820614
v 1.840423 2.838084 2.820614
v 1.840423 2.844103 2.817046
v 1.569237 2.844103 2.817046
v 1.601271 1.856875 2.800980
v 1.601271 2.329248 2.800980
v 1.593599 2.336915 2.805081
v 1.593599 1.849208 2.805081
v 1.840423 1.830852 2.805081
v 1.575256 1.830852 2.805081
v 1.569237 1.824832 2.801511
v 1.840423 1.824832 2.801511
v 1.575256 1.830852 2.805081
v 1.575256 2.355271 2.805081
v 1.569237 2.361290 2.801511
v 1.569237 1.824832 2.801511
v 1.593599 1.849208 2.805081
v 1.593599 2.336915 2.805081
v 1.575256 2.355271 2.805081
v 1.575256 1.830852 2.805081
v 1.840423 1.849208 2.805081
v 1.840423 1.830852 2.805081
v 1.840423 1.824832 2.801511
v 1.569237 1.824832 2.801511
v 1.582277 1.824832 2.792012
v 1.839988 1.824832 2.792012
v 1.611935 2.318658 2.800343
v 1.611935 1.867465 2.800343
v 1.614847 1.870378 2.794767
v 1.614847 2.315745 2.794767
v 1.840423 1.856875 2.800980
v 1.601271 1.856875 2.800980
v 1.593599 1.849208 2.805081
v 1.840423 1.849208 2.805081
v 1.839988 1.824832 2.792012
v 1.582277 1.824832 2.792012
v 1.582277 1.845883 2.786804
v 1.839988 1.845883 2.786805
v 1.840423 1.867465 2.800343
v 1.611935 1.867465 2.800343
v 1.601271 1.856875 2.800980
v 1.840423 1.856875 2.800980
v 1.611935 1.867465 2.800343
v 1.611935 2.318658 2.800343
v 1.601271 2.329248 2.800980
v 1.601271 1.856875 2.800980
v 1.611935 2.318658 2.800343
v 1.840423 2.318658 2.800343
v 1.840423 2.329248 2.800980
v 1.601271 2.329248 2.800980
v 1.614847 2.315745 2.794767
v 1.840423 2.315745 2.794767
v 1.840423 2.318658 2.800343
v 1.611935 2.318658 2.800343
v 1.611935 1.867465 2.800343
v 1.840423 1.867465 2.800343
v 1.840423 1.870378 2.794767
v 1.614847 1.870378 2.794767
v 1.840423 2.336915 2.805081
v 1.840423 2.355271 2.805081
v 1.601271 2.329248 2.800980
v 1.840423 2.329248 2.800980
v 1.840423 2.336915 2.805081
v 1.593599 2.336915 2.805081
v 1.614847 1.870378 2.794767
v 1.840423 1.870378 2.794767
v 1.840423 2.315745 2.794767
v 1.614847 2.315745 2.794767
v 1.575256 2.355271 2.805081
v 1.840423 2.355271 2.805081
v 1.840423 2.361290 2.801511
v 1.569237 2.361290 2.801511
v 2.079575 2.339687 2.816514
v 2.087247 2.332021 2.820614
v 2.087247 2.819727 2.820614
v 2.079575 2.812061 2.816514
v 1.840423 2.313664 2.820614
v 1.840423 2.307645 2.817046
v 2.111609 2.307645 2.817045
v 2.105589 2.313664 2.820614
v 2.105589 2.313664 2.820614
v 2.111609 2.307645 2.817045
v 2.111609 2.844103 2.817045
v 2.105589 2.838084 2.820614
v 2.087247 2.332021 2.820614
v 2.105589 2.313664 2.820614
v 2.105589 2.838084 2.820614
v 2.087247 2.819727 2.820614
v 1.840423 2.332021 2.820614
v 1.840423 2.313664 2.820614
v 2.105589 2.313664 2.820614
v 2.087247 2.332021 2.820614
v 1.840423 2.307645 2.817046
v 1.840858 2.307645 2.807546
v 2.098569 2.307645 2.807545
v 2.111609 2.307645 2.817045
v 2.068911 2.801471 2.815877
v 2.065999 2.798558 2.810300
v 2.065999 2.353190 2.810300
v 2.068911 2.350277 2.815877
v 1.840423 2.339687 2.816515
v 1.840423 2.332021 2.820614
v 2.087247 2.332021 2.820614
v 2.079575 2.339687 2.816514
v 1.840858 2.307645 2.807546
v 1.840858 2.328696 2.802339
v 2.098569 2.328696 2.802338
v 2.098569 2.307645 2.807545
v 1.840423 2.350277 2.815877
v 1.840423 2.339687 2.816515
v 2.079575 2.339687 2.816514
v 2.068911 2.350277 2.815877
v 2.068911 2.350277 2.815877
v 2.079575 2.339687 2.816514
v 2.079575 2.812061 2.816514
v 2.068911 2.801471 2.815877
v 2.068911 2.801471 2.815877
v 2.079575 2.812061 2.816514
v 1.840423 2.812061 2.816515
v 1.840423 2.801471 2.815877
v 2.065999 2.798558 2.810300
v 2.068911 2.801471 2.815877
v 1.840423 2.801471 2.815877
v 1.840423 2.798558 2.810301
v 2.068911 2.350277 2.815877
v 2.065999 2.353190 2.810300
v 1.840423 2.353190 2.810301
v 1.840423 2.350277 2.815877
v 2.087247 2.819727 2.820614
v 2.105589 2.838084 2.820614
v 1.840423 2.838084 2.820614
v 1.840423 2.819727 2.820614
v 2.079575 2.812061 2.816514
v 2.087247 2.819727 2.820614
v 1.840423 2.819727 2.820614
v 1.840423 2.812061 2.816515
v 2.065999 2.353190 2.810300
v 2.065999 2.798558 2.810300
v 1.840423 2.798558 2.810301
v 1.840423 2.353190 2.810301
v 2.105589 2.838084 2.820614
v 2.111609 2.844103 2.817045
v 1.840423 2.844103 2.817046
v 1.840423 2.838084 2.820614
v 2.079575 1.856875 2.800979
v 2.087247 1.849208 2.805080
v 2.087247 2.336915 2.805080
v 2.079575 2.329248 2.800979
v 1.840423 1.830852 2.805081
v 1.840423 1.824832 2.801511
v 2.111609 1.824832 2.801511
v 2.105589 1.830852 2.805080
v 2.105589 1.830852 2.805080
v 2.111609 1.824832 2.801511
v 2.111609 2.361290 2.801511
v 2.105589 2.355271 2.805080
v 2.087247 1.849208 2.805080
v 2.105589 1.830852 2.805080
v 2.105589 2.355271 2.805080
v 2.087247 2.336915 2.805080
v 1.840423 1.849208 2.805081
v 1.840423 1.830852 2.805081
v 2.105589 1.830852 2.805080
v 2.087247 1.849208 2.805080
v 1.840423 1.824832 2.801511
v 1.840858 1.824832 2.792012
v 2.098569 1.824832 2.792011
v 2.111609 1.824832 2.801511
v 2.068911 2.318658 2.800342
v 2.065999 2.315745 2.794766
v 2.065999 1.870378 2.794766
v 2.068911 1.867465 2.800342
v 1.840423 1.856875 2.800980
v 1.840423 1.849208 2.805081
v 2.087247 1.849208 2.805080
v 2.079575 1.856875 2.800979
v 1.840858 1.824832 2.792012
v 1.840858 1.845883 2.786805
v 2.098569 1.845883 2.786804
v 2.098569 1.824832 2.792011
v 1.840423 1.867465 2.800343
v 1.840423 1.856875 2.800980
v 2.079575 1.856875 2.800979
v 2.068911 1.867465 2.800342
v 2.068911 1.867465 2.800342
v 2.079575 1.856875 2.800979
v 2.079575 2.329248 2.800979
v 2.068911 2.318658 2.800342
v 2.068911 2.318658 2.800342
v 2.079575 2.329248 2.800979
v 1.840423 2.329248 2.800980
v 1.840423 2.318658 2.800343
v 2.065999 2.315745 2.794766
v 2.068911 2.318658 2.800342
v 1.840423 2.318658 2.800343
v 1.840423 2.315745 2.794767
v 2.068911 1.867465 2.800342
v 2.065999 1.870378 2.794766
v 1.840423 1.870378 2.794767
v 1.840423 1.867465 2.800343
v 2.087247 2.336915 2.805080
v 2.105589 2.355271 2.805080
v 1.840423 2.355271 2.805081
v 1.840423 2.336915 2.805081
v 2.079575 2.329248 2.800979
v 2.087247 2.336915 2.805080
v 1.840423 2.336915 2.805081
v 1.840423 2.329248 2.800980
v 2.065999 1.870378 2.794766
v 2.065999 2.315745 2.794766
v 1.840423 2.315745 2.794767
v 1.840423 1.870378 2.794767
v 2.105589 2.355271 2.805080
v 2.111609 2.361290 2.801511
v 1.840423 2.361290 2.801511
v 1.840423 2.355271 2.805081
v 2.498338 1.710747 0.942366
v 2.498337 1.710747 0.225480
v 2.498338 1.794618 0.293503
v 2.498338 1.794618 0.874342
v 2.498338 2.955490 0.942366
v 2.498338 1.710747 0.942366
v 2.498338 1.794618 0.874342
v 2.498338 2.872304 0.874342
v 2.498338 2.955490 0.942366
v 2.498338 2.872304 0.874342
v 2.498338 2.872304 0.293503
v 2.498337 2.955490 0.225480
v 2.498337 1.710747 0.225480
v 2.498337 2.955490 0.225480
v 2.498338 2.872304 0.293503
v 2.498338 1.794618 0.293503
v 2.498337 1.710747 0.225480
v 2.498338 1.710747 0.942366
v 2.479499 1.688387 0.961564
v 2.479498 1.688387 0.206281
v 2.498338 1.710747 0.942366
v 2.498338 2.955490 0.942366
v 2.479499 2.975952 0.961564
v 2.479499 1.688387 0.961564
v 2.498338 2.955490 0.942366
v 2.498337 2.955490 0.225480
v 2.479498 2.975952 0.206281
v 2.479499 2.975952 0.961564
v 2.498337 2.955490 0.225480
v 2.498337 1.710747 0.225480
v 2.479498 1.688387 0.206281
v 2.479498 2.975952 0.206281
v 2.498338 1.794618 0.874342
v 2.498338 1.794618 0.293503
v 2.475982 1.826398 0.313187
v 2.475982 1.826398 0.854658
v 2.498338 2.872304 0.874342
v 2.498338 1.794618 0.874342
v 2.475982 1.826398 0.854658
v 2.475982 2.843343 0.854658
v 2.498338 2.872304 0.293503
v 2.498338 2.872304 0.874342
v 2.475982 2.843343 0.854658
v 2.475982 2.843343 0.313187
v 2.498338 1.794618 0.293503
v 2.498338 2.872304 0.293503
v 2.475982 2.843343 0.313187
v 2.475982 1.826398 0.313187
v 2.475982 1.826398 0.854658
v 2.475982 1.826398 0.313187
v 2.431965 1.826398 0.313187
v 2.431966 1.826398 0.854658
v 2.475982 2.843343 0.854658
v 2.475982 1.826398 0.854658
v 2.431966 1.826398 0.854658
v 2.431966 2.843343 0.854658
v 2.475982 2.843343 0.313187
v 2.475982 2.843343 0.854658
v 2.431966 2.843343 0.854658
v 2.431965 2.843343 0.313187
v 2.475982 1.826398 0.313187
v 2.475982 2.843343 0.313187
v 2.431965 2.843343 0.313187
v 2.431965 1.826398 0.313187
v 2.469067 2.339687 0.822640
v 2.469067 2.812061 0.822640
v 2.473167 2.819727 0.830313
v 2.473167 2.332021 0.830313
v 2.473167 2.313664 0.583489
v 2.473167 2.313664 0.848655
v 2.469598 2.307645 0.854675
v 2.469598 2.307645 0.583489
v 2.473167 2.313664 0.848655
v 2.473167 2.838084 0.848655
v 2.469598 2.844103 0.854675
v 2.469598 2.307645 0.854675
v 2.473167 2.332021 0.830313
v 2.473167 2.819727 0.830313
v 2.473167 2.838084 0.848655
v 2.473167 2.313664 0.848655
v 2.473167 2.332021 0.583489
v 2.473167 2.332021 0.830313
v 2.473167 2.313664 0.848655
v 2.473167 2.313664 0.583489
v 2.469598 2.307645 0.583489
v 2.469598 2.307645 0.854675
v 2.460099 2.307645 0.841635
v 2.460099 2.307645 0.583923
v 2.468430 2.801471 0.811976
v 2.468430 2.350277 0.811976
v 2.462854 2.353190 0.809064
v 2.462854 2.798558 0.809064
v 2.469067 2.339687 0.583489
v 2.469067 2.339687 0.822640
v 2.473167 2.332021 0.830313
v 2.473167 2.332021 0.583489
v 2.460099 2.307645 0.583923
v 2.460099 2.307645 0.841635
v 2.454892 2.328696 0.841635
v 2.454891 2.328696 0.583923
v 2.468430 2.350277 0.583489
v 2.468430 2.350277 0.811976
v 2.469067 2.339687 0.822640
v 2.469067 2.339687 0.583489
v 2.468430 2.350277 0.811976
v 2.468430 2.801471 0.811976
v 2.469067 2.812061 0.822640
v 2.469067 2.339687 0.822640
v 2.468430 2.801471 0.811976
v 2.468430 2.801471 0.583489
v 2.469067 2.812061 0.583489
v 2.469067 2.812061 0.822640
v 2.462854 2.798558 0.809064
v 2.462853 2.798558 0.583489
v 2.468430 2.801471 0.583489
v 2.468430 2.801471 0.811976
v 2.468430 2.350277 0.811976
v 2.468430 2.350277 0.583489
v 2.462853 2.353190 0.583489
v 2.462854 2.353190 0.809064
v 2.473167 2.819727 0.830313
v 2.473167 2.819727 0.583489
v 2.473167 2.838084 0.583489
v 2.473167 2.838084 0.848655
v 2.469067 2.812061 0.822640
v 2.469067 2.812061 0.583489
v 2.473167 2.819727 0.583489
v 2.473167 2.819727 0.830313
v 2.462854 2.353190 0.809064
v 2.462853 2.353190 0.583489
v 2.462853 2.798558 0.583489
v 2.462854 2.798558 0.809064
v 2.473167 2.838084 0.848655
v 2.473167 2.838084 0.583489
v 2.469598 2.844103 0.583489
v 2.469598 2.844103 0.854675
v 2.453533 1.856875 0.822640
v 2.453533 2.329248 0.822640
v 2.457633 2.336915 0.830313
v 2.457633 1.849208 0.830313
v 2.457633 1.830852 0.583489
v 2.457633 1.830852 0.848655
v 2.454064 1.824832 0.854675
v 2.454064 1.824832 0.583489
v 2.457633 1.830852 0.848655
v 2.457633 2.355271 0.848655
v 2.454064 2.361290 0.854675
v 2.454064 1.824832 0.854675
v 2.457633 1.849208 0.830313
v 2.457633 2.336915 0.830313
v 2.457633 2.355271 0.848655
v 2.457633 1.830852 0.848655
v 2.457633 1.849208 0.583489
v 2.457633 1.849208 0.830313
v 2.457633 1.830852 0.848655
v 2.457633 1.830852 0.583489
v 2.454064 1.824832 0.583489
v 2.454064 1.824832 0.854675
v 2.444564 1.824832 0.841635
v 2.444564 1.824832 0.583923
v 2.452895 2.318658 0.811976
v 2.452895 1.867465 0.811976
v 2.447320 1.870378 0.809064
v 2.447320 2.315745 0.809064
v 2.453532 1.856875 0.583489
v 2.453533 1.856875 0.822640
v 2.457633 1.849208 0.830313
v 2.457633 1.849208 0.583489
v 2.444564 1.824832 0.583923
v 2.444564 1.824832 0.841635
v 2.439357 1.845883 0.841635
v 2.439357 1.845883 0.583923
v 2.452895 1.867465 0.583489
v 2.452895 1.867465 0.811976
v 2.453533 1.856875 0.822640
v 2.453532 1.856875 0.583489
v 2.452895 1.867465 0.811976
v 2.452895 2.318658 0.811976
v 2.453533 2.329248 0.822640
v 2.453533 1.856875 0.822640
v 2.452895 2.318658 0.811976
v 2.452895 2.318658 0.583489
v 2.453532 2.329248 0.583489
v 2.453533 2.329248 0.822640
v 2.447320 2.315745 0.809064
v 2.447319 2.315745 0.583489
v 2.452895 2.318658 0.583489
v 2.452895 2.318658 0.811976
v 2.452895 1.867465 0.811976
v 2.452895 1.867465 0.583489
v 2.447319 1.870378 0.583489
v 2.447320 1.870378 0.809064
v 2.457633 2.336915 0.830313
v 2.457633 2.336915 0.583489
v 2.457633 2.355271 0.583489
v 2.457633 2.355271 0.848655
v 2.453533 2.329248 0.822640
v 2.453532 2.329248 0.583489
v 2.457633 2.336915 0.583489
v 2.457633 2.336915 0.830313
v 2.447320 1.870378 0.809064
v 2.447319 1.870378 0.583489
v 2.447319 2.315745 0.583489
v 2.447320 2.315745 0.809064
v 2.457633 2.355271 0.848655
v 2.457633 2.355271 0.583489
v 2.454064 2.361290 0.583489
v 2.454064 2.361290 0.854675
v 2.469067 2.339687 0.344336
v 2.473167 2.332021 0.336664
v 2.473167 2.819727 0.336664
v 2.469067 2.812061 0.344336
v 2.473167 2.313664 0.583489
v 2.469598 2.307645 0.583489
v 2.469598 2.307645 0.312302
v 2.473167 2.313664 0.318322
v 2.473167 2.313664 0.318322
v 2.469598 2.307645 0.312302
v 2.469598 2.844103 0.312302
v 2.473167 2.838084 0.318322
v 2.473167 2.332021 0.336664
v 2.473167 2.313664 0.318322
v 2.473167 2.838084 0.318322
v 2.473167 2.819727 0.336664
v 2.473167 2.332021 0.583489
v 2.473167 2.313664 0.583489
v 2.473167 2.313664 0.318322
v 2.473167 2.332021 0.336664
v 2.460099 2.307645 0.583054
v 2.460099 2.307645 0.325342
v 2.469598 2.307645 0.312302
v 2.468430 2.801471 0.355000
v 2.462853 2.798558 0.357912
v 2.462853 2.353190 0.357912
v 2.468430 2.350277 0.355000
v 2.469067 2.339687 0.583489
v 2.473167 2.332021 0.583489
v 2.473167 2.332021 0.336664
v 2.469067 2.339687 0.344336
v 2.460099 2.307645 0.583054
v 2.454891 2.328696 0.583054
v 2.454891 2.328696 0.325342
v 2.460099 2.307645 0.325342
v 2.468430 2.350277 0.583489
v 2.469067 2.339687 0.583489
v 2.469067 2.339687 0.344336
v 2.468430 2.350277 0.355000
v 2.468430 2.350277 0.355000
v 2.469067 2.339687 0.344336
v 2.469067 2.812061 0.344336
v 2.468430 2.801471 0.355000
v 2.468430 2.801471 0.355000
v 2.469067 2.812061 0.344336
v 2.469067 2.812061 0.583489
v 2.468430 2.801471 0.583489
v 2.462853 2.798558 0.357912
v 2.468430 2.801471 0.355000
v 2.468430 2.801471 0.583489
v 2.462853 2.798558 0.583489
v 2.468430 2.350277 0.355000
v 2.462853 2.353190 0.357912
v 2.462853 2.353190 0.583489
v 2.468430 2.350277 0.583489
v 2.473167 2.819727 0.336664
v 2.473167 2.838084 0.318322
v 2.473167 2.838084 0.583489
v 2.473167 2.819727 0.583489
v 2.469067 2.812061 0.344336
v 2.473167 2.819727 0.336664
v 2.473167 2.819727 0.583489
v 2.469067 2.812061 0.583489
v 2.462853 2.353190 0.357912
v 2.462853 2.798558 0.357912
v 2.462853 2.798558 0.583489
v 2.462853 2.353190 0.583489
v 2.473167 2.838084 0.318322
v 2.469598 2.844103 0.312302
v 2.469598 2.844103 0.583489
v 2.473167 2.838084 0.583489
v 2.453532 1.856875 0.344336
v 2.457633 1.849208 0.336664
v 2.457633 2.336915 0.336664
v 2.453532 2.329248 0.344336
v 2.457633 1.830852 0.583489
v 2.454064 1.824832 0.583489
v 2.454064 1.824832 0.312302
v 2.457632 1.830852 0.318322
v 2.457632 1.830852 0.318322
v 2.454064 1.824832 0.312302
v 2.454064 2.361290 0.312302
v 2.457632 2.355271 0.318322
v 2.457633 1.849208 0.336664
v 2.457632 1.830852 0.318322
v 2.457632 2.355271 0.318322
v 2.457633 2.336915 0.336664
v 2.457633 1.849208 0.583489
v 2.457633 1.830852 0.583489
v 2.457632 1.830852 0.318322
v 2.457633 1.849208 0.336664
v 2.454064 1.824832 0.583489
v 2.444564 1.824832 0.583054
v 2.444564 1.824832 0.325342
v 2.454064 1.824832 0.312302
v 2.452895 2.318658 0.355000
v 2.447319 2.315745 0.357912
v 2.447319 1.870378 0.357912
v 2.452895 1.867465 0.355000
v 2.453532 1.856875 0.583489
v 2.457633 1.849208 0.583489
v 2.457633 1.849208 0.336664
v 2.453532 1.856875 0.344336
v 2.444564 1.824832 0.583054
v 2.439357 1.845883 0.583054
v 2.439357 1.845883 0.325342
v 2.444564 1.824832 0.325342
v 2.452895 1.867465 0.583489
v 2.453532 1.856875 0.583489
v 2.453532 1.856875 0.344336
v 2.452895 1.867465 0.355000
v 2.452895 1.867465 0.355000
v 2.453532 1.856875 0.344336
v 2.453532 2.329248 0.344336
v 2.452895 2.318658 0.355000
v 2.452895 2.318658 0.355000
v 2.453532 2.329248 0.344336
v 2.453532 2.329248 0.583489
v 2.452895 2.318658 0.583489
v 2.447319 2.315745 0.357912
v 2.452895 2.318658 0.355000
v 2.452895 2.318658 0.583489
v 2.447319 2.315745 0.583489
v 2.452895 1.867465 0.355000
v 2.447319 1.870378 0.357912
v 2.447319 1.870378 0.583489
v 2.452895 1.867465 0.583489
v 2.457633 2.336915 0.336664
v 2.457632 2.355271 0.318322
v 2.457633 2.355271 0.583489
v 2.457633 2.336915 0.583489
v 2.453532 2.329248 0.344336
v 2.457633 2.336915 0.336664
v 2.457633 2.336915 0.583489
v 2.453532 2.329248 0.583489
v 2.447319 1.870378 0.357912
v 2.447319 2.315745 0.357912
v 2.447319 2.315745 0.583489
v 2.447319 1.870378 0.583489
v 2.457632 2.355271 0.318322
v 2.454064 2.361290 0.312302
v 2.454064 2.361290 0.583489
v 2.457633 2.355271 0.583489
v 2.498338 1.710747 2.031616
v 2.498338 1.710747 1.314730
v 2.498338 1.794618 1.382754
v 2.498338 1.794618 1.963593
v 2.498338 2.955490 2.031616
v 2.498338 1.710747 2.031616
v 2.498338 1.794618 1.963593
v 2.498338 2.872304 1.963593
v 2.498338 2.955490 2.031616
v 2.498338 2.872304 1.963593
v 2.498338 2.872304 1.382754
v 2.498338 2.955490 1.314730
v 2.498338 1.710747 1.314730
v 2.498338 2.955490 1.314730
v 2.498338 2.872304 1.382754
v 2.498338 1.794618 1.382754
v 2.498338 1.710747 1.314730
v 2.498338 1.710747 2.031616
v 2.479499 1.688387 2.050814
v 2.479499 1.688387 1.295532
v 2.498338 1.710747 2.031616
v 2.498338 2.955490 2.031616
v 2.479499 2.975952 2.050814
v 2.479499 1.688387 2.050814
v 2.498338 2.955490 2.031616
v 2.498338 2.955490 1.314730
v 2.479499 2.975952 1.295532
v 2.479499 2.975952 2.050814
v 2.498338 2.955490 1.314730
v 2.498338 1.710747 1.314730
v 2.479499 1.688387 1.295532
v 2.479499 2.975952 1.295532
v 2.498338 1.794618 1.963593
v 2.498338 1.794618 1.382754
v 2.475982 1.826398 1.402438
v 2.475983 1.826398 1.943909
v 2.498338 2.872304 1.963593
v 2.498338 1.794618 1.963593
v 2.475983 1.826398 1.943909
v 2.475983 2.843343 1.943909
v 2.498338 2.872304 1.382754
v 2.498338 2.872304 1.963593
v 2.475983 2.843343 1.943909
v 2.475982 2.843343 1.402438
v 2.498338 1.794618 1.382754
v 2.498338 2.872304 1.382754
v 2.475982 2.843343 1.402438
v 2.475982 1.826398 1.402438
v 2.475983 1.826398 1.943909
v 2.475982 1.826398 1.402438
v 2.431966 1.826398 1.402438
v 2.431966 1.826398 1.943909
v 2.475983 2.843343 1.943909
v 2.475983 1.826398 1.943909
v 2.431966 1.826398 1.943909
v 2.431966 2.843343 1.943909
v 2.475982 2.843343 1.402438
v 2.475983 2.843343 1.943909
v 2.431966 2.843343 1.943909
v 2.431966 2.843343 1.402438
v 2.475982 1.826398 1.402438
v 2.475982 2.843343 1.402438
v 2.431966 2.843343 1.402438
v 2.431966 1.826398 1.402438
v 2.469067 2.339687 1.911891
v 2.469067 2.812061 1.911891
v 2.473167 2.819727 1.919563
v 2.473167 2.332021 1.919563
v 2.473167 2.313664 1.672739
v 2.473167 2.313664 1.937905
v 2.469599 2.307645 1.943925
v 2.469599 2.307645 1.672739
v 2.473167 2.313664 1.937905
v 2.473167 2.838084 1.937905
v 2.469599 2.844103 1.943925
v 2.469599 2.307645 1.943925
v 2.473167 2.332021 1.919563
v 2.473167 2.819727 1.919563
v 2.473167 2.838084 1.937905
v 2.473167 2.313664 1.937905
v 2.473167 2.332021 1.672739
v 2.473167 2.332021 1.919563
v 2.473167 2.313664 1.937905
v 2.473167 2.313664 1.672739
v 2.469599 2.307645 1.672739
v 2.469599 2.307645 1.943925
v 2.460099 2.307645 1.930885
v 2.460099 2.307645 1.673174
v 2.468430 2.801471 1.901227
v 2.468430 2.350277 1.901227
v 2.462854 2.353190 1.898314
v 2.462854 2.798558 1.898314
v 2.469067 2.339687 1.672739
v 2.469067 2.339687 1.911891
v 2.473167 2.332021 1.919563
v 2.473167 2.332021 1.672739
v 2.460099 2.307645 1.673174
v 2.460099 2.307645 1.930885
v 2.454892 2.328696 1.930885
v 2.454892 2.328696 1.673174
v 2.468430 2.350277 1.672739
v 2.468430 2.350277 1.901227
v 2.469067 2.339687 1.911891
v 2.469067 2.339687 1.672739
v 2.468430 2.350277 1.901227
v 2.468430 2.801471 1.901227
v 2.469067 2.812061 1.911891
v 2.469067 2.339687 1.911891
v 2.468430 2.801471 1.901227
v 2.468430 2.801471 1.672739
v 2.469067 2.812061 1.672739
v 2.469067 2.812061 1.911891
v 2.462854 2.798558 1.898314
v 2.462854 2.798558 1.672739
v 2.468430 2.801471 1.672739
v 2.468430 2.801471 1.901227
v 2.468430 2.350277 1.901227
v 2.468430 2.350277 1.672739
v 2.462854 2.353190 1.672739
v 2.462854 2.353190 1.898314
v 2.473167 2.819727 1.919563
v 2.473167 2.819727 1.672739
v 2.473167 2.838084 1.672739
v 2.473167 2.838084 1.937905
v 2.469067 2.812061 1.911891
v 2.469067 2.812061 1.672739
v 2.473167 2.819727 1.672739
v 2.473167 2.819727 1.919563
v 2.462854 2.353190 1.898314
v 2.462854 2.353190 1.672739
v 2.462854 2.798558 1.672739
v 2.462854 2.798558 1.898314
v 2.473167 2.838084 1.937905
v 2.473167 2.838084 1.672739
v 2.469599 2.844103 1.672739
v 2.469599 2.844103 1.943925
v 2.453533 1.856875 1.911891
v 2.453533 2.329248 1.911891
v 2.457633 2.336915 1.919563
v 2.457633 1.849208 1.919563
v 2.457633 1.830852 1.672739
v 2.457633 1.830852 1.937905
v 2.454064 1.824832 1.943925
v 2.454064 1.824832 1.672739
v 2.457633 1.830852 1.937905
v 2.457633 2.355271 1.937905
v 2.454064 2.361290 1.943925
v 2.454064 1.824832 1.943925
v 2.457633 1.849208 1.919563
v 2.457633 2.336915 1.919563
v 2.457633 2.355271 1.937905
v 2.457633 1.830852 1.937905
v 2.457633 1.849208 1.672739
v 2.457633 1.849208 1.919563
v 2.457633 1.830852 1.937905
v 2.457633 1.830852 1.672739
v 2.454064 1.824832 1.672739
v 2.454064 1.824832 1.943925
v 2.444565 1.824832 1.930885
v 2.444565 1.824832 1.673174
v 2.452896 2.318658 1.901227
v 2.452896 1.867465 1.901227
v 2.447320 1.870378 1.898314
v 2.447320 2.315745 1.898314
v 2.453533 1.856875 1.672739
v 2.453533 1.856875 1.911891
v 2.457633 1.849208 1.919563
v 2.457633 1.849208 1.672739
v 2.444565 1.824832 1.673174
v 2.444565 1.824832 1.930885
v 2.439358 1.845883 1.930885
v 2.439358 1.845883 1.673174
v 2.452896 1.867465 1.672739
v 2.452896 1.867465 1.901227
v 2.453533 1.856875 1.911891
v 2.453533 1.856875 1.672739
v 2.452896 1.867465 1.901227
v 2.452896 2.318658 1.901227
v 2.453533 2.329248 1.911891
v 2.453533 1.856875 1.911891
v 2.452896 2.318658 1.901227
v 2.452896 2.318658 1.672739
v 2.453533 2.329248 1.672739
v 2.453533 2.329248 1.911891
v 2.447320 2.315745 1.898314
v 2.447320 2.315745 1.672739
v 2.452896 2.318658 1.672739
v 2.452896 2.318658 1.901227
v 2.452896 1.867465 1.901227
v 2.452896 1.867465 1.672739
v 2.447320 1.870378 1.672739
v 2.447320 1.870378 1.898314
v 2.457633 2.336915 1.919563
v 2.457633 2.336915 1.672739
v 2.457633 2.355271 1.672739
v 2.457633 2.355271 1.937905
v 2.453533 2.329248 1.911891
v 2.453533 2.329248 1.672739
v 2.457633 2.336915 1.672739
v 2.457633 2.336915 1.919563
v 2.447320 1.870378 1.898314
v 2.447320 1.870378 1.672739
v 2.447320 2.315745 1.672739
v 2.447320 2.315745 1.898314
v 2.457633 2.355271 1.937905
v 2.457633 2.355271 1.672739
v 2.454064 2.361290 1.672739
v 2.454064 2.361290 1.943925
v 2.469067 2.339687 1.433587
v 2.473167 2.332021 1.425915
v 2.473167 2.819727 1.425915
v 2.469067 2.812061 1.433587
v 2.473167 2.313664 1.672739
v 2.469599 2.307645 1.672739
v 2.469599 2.307645 1.401552
v 2.473167 2.313664 1.407572
v 2.473167 2.313664 1.407572
v 2.469599 2.307645 1.401552
v 2.469599 2.844103 1.401552
v 2.473167 2.838084 1.407572
v 2.473167 2.332021 1.425915
v 2.473167 2.313664 1.407572
v 2.473167 2.838084 1.407572
v 2.473167 2.819727 1.425915
v 2.473167 2.332021 1.672739
v 2.473167 2.313664 1.672739
v 2.473167 2.313664 1.407572
v 2.473167 2.332021 1.425915
v 2.469599 2.307645 1.672739
v 2.460099 2.307645 1.672304
v 2.460099 2.307645 1.414593
v 2.469599 2.307645 1.401552
v 2.468430 2.801471 1.444250
v 2.462854 2.798558 1.447163
v 2.462854 2.353190 1.447163
v 2.468430 2.350277 1.444250
v 2.469067 2.339687 1.672739
v 2.473167 2.332021 1.672739
v 2.473167 2.332021 1.425915
v 2.469067 2.339687 1.433587
v 2.460099 2.307645 1.672304
v 2.454892 2.328696 1.672304
v 2.454892 2.328696 1.414593
v 2.460099 2.307645 1.414593
v 2.468430 2.350277 1.672739
v 2.469067 2.339687 1.672739
v 2.469067 2.339687 1.433587
v 2.468430 2.350277 1.444250
v 2.468430 2.350277 1.444250
v 2.469067 2.339687 1.433587
v 2.469067 2.812061 1.433587
v 2.468430 2.801471 1.444250
v 2.468430 2.801471 1.444250
v 2.469067 2.812061 1.433587
v 2.469067 2.812061 1.672739
v 2.468430 2.801471 1.672739
v 2.462854 2.798558 1.447163
v 2.468430 2.801471 1.444250
v 2.468430 2.801471 1.672739
v 2.462854 2.798558 1.672739
v 2.468430 2.350277 1.444250
v 2.462854 2.353190 1.447163
v 2.462854 2.353190 1.672739
v 2.468430 2.350277 1.672739
v 2.473167 2.819727 1.425915
v 2.473167 2.838084 1.407572
v 2.473167 2.838084 1.672739
v 2.473167 2.819727 1.672739
v 2.469067 2.812061 1.433587
v 2.473167 2.819727 1.425915
v 2.473167 2.819727 1.672739
v 2.469067 2.812061 1.672739
v 2.462854 2.353190 1.447163
v 2.462854 2.798558 1.447163
v 2.462854 2.798558 1.672739
v 2.462854 2.353190 1.672739
v 2.473167 2.838084 1.407572
v 2.469599 2.844103 1.401552
v 2.469599 2.844103 1.672739
v 2.473167 2.838084 1.672739
v 2.453533 1.856875 1.433587
v 2.457633 1.849208 1.425915
v 2.457633 2.336915 1.425915
v 2.453533 2.329248 1.433587
v 2.457633 1.830852 1.672739
v 2.454064 1.824832 1.672739
v 2.454064 1.824832 1.401552
v 2.457633 1.830852 1.407572
v 2.457633 1.830852 1.407572
v 2.454064 1.824832 1.401552
v 2.454064 2.361290 1.401552
v 2.457633 2.355271 1.407572
v 2.457633 1.849208 1.425915
v 2.457633 1.830852 1.407572
v 2.457633 2.355271 1.407572
v 2.457633 2.336915 1.425915
v 2.457633 1.849208 1.672739
v 2.457633 1.830852 1.672739
v 2.457633 1.830852 1.407572
v 2.457633 1.849208 1.425915
v 2.454064 1.824832 1.672739
v 2.444565 1.824832 1.672304
v 2.444565 1.824832 1.414593
v 2.454064 1.824832 1.401552
v 2.452896 2.318658 1.444250
v 2.447320 2.315745 1.447163
v 2.447320 1.870378 1.447163
v 2.452896 1.867465 1.444250
v 2.453533 1.856875 1.672739
v 2.457633 1.849208 1.672739
v 2.457633 1.849208 1.425915
v 2.453533 1.856875 1.433587
v 2.444565 1.824832 1.672304
v 2.439358 1.845883 1.672304
v 2.439357 1.845883 1.414593
v 2.444565 1.824832 1.414593
v 2.452896 1.867465 1.672739
v 2.453533 1.856875 1.672739
v 2.453533 1.856875 1.433587
v 2.452896 1.867465 1.444250
v 2.452896 1.867465 1.444250
v 2.453533 1.856875 1.433587
v 2.453533 2.329248 1.433587
v 2.452896 2.318658 1.444250
v 2.452896 2.318658 1.444250
v 2.453533 2.329248 1.433587
v 2.453533 2.329248 1.672739
v 2.452896 2.318658 1.672739
v 2.447320 2.315745 1.447163
v 2.452896 2.318658 1.444250
v 2.452896 2.318658 1.672739
v 2.447320 2.315745 1.672739
v 2.452896 1.867465 1.444250
v 2.447320 1.870378 1.447163
v 2.447320 1.870378 1.672739
v 2.452896 1.867465 1.672739
v 2.457633 2.336915 1.425915
v 2.457633 2.355271 1.407572
v 2.457633 2.355271 1.672739
v 2.457633 2.336915 1.672739
v 2.453533 2.329248 1.433587
v 2.457633 2.336915 1.425915
v 2.457633 2.336915 1.672739
v 2.453533 2.329248 1.672739
v 2.447320 1.870378 1.447163
v 2.447320 2.315745 1.447163
v 2.447320 2.315745 1.672739
v 2.447320 1.870378 1.672739
v 2.457633 2.355271 1.407572
v 2.454064 2.361290 1.401552
v 2.454064 2.361290 1.672739
v 2.457633 2.355271 1.672739
v 2.498337 1.710747 -1.102390
v 2.498336 1.710747 -1.819275
v 2.498337 1.794618 -1.751251
v 2.498337 1.794618 -1.170413
v 2.498337 2.955490 -1.102390
v 2.498337 1.710747 -1.102390
v 2.498337 1.794618 -1.170413
v 2.498337 2.872304 -1.170413
v 2.498337 2.955490 -1.102390
v 2.498337 2.872304 -1.170413
v 2.498337 2.872304 -1.751251
v 2.498336 2.955490 -1.819275
v 2.498336 1.710747 -1.819275
v 2.498336 2.955490 -1.819275
v 2.498337 2.872304 -1.751251
v 2.498337 1.794618 -1.751251
v 2.498336 1.710747 -1.819275
v 2.498337 1.710747 -1.102390
v 2.479497 1.688387 -1.083191
v 2.479497 1.688387 -1.838474
v 2.498337 1.710747 -1.102390
v 2.498337 2.955490 -1.102390
v 2.479497 2.975952 -1.083191
v 2.479497 1.688387 -1.083191
v 2.498337 2.955490 -1.102390
v 2.498336 2.955490 -1.819275
v 2.479497 2.975952 -1.838474
v 2.479497 2.975952 -1.083191
v 2.498336 2.955490 -1.819275
v 2.498336 1.710747 -1.819275
v 2.479497 1.688387 -1.838474
v 2.479497 2.975952 -1.838474
v 2.498337 1.794618 -1.170413
v 2.498337 1.794618 -1.751251
v 2.475981 1.826398 -1.731568
v 2.475981 1.826398 -1.190097
v 2.498337 2.872304 -1.170413
v 2.498337 1.794618 -1.170413
v 2.475981 1.826398 -1.190097
v 2.475981 2.843343 -1.190097
v 2.498337 2.872304 -1.751251
v 2.498337 2.872304 -1.170413
v 2.475981 2.843343 -1.190097
v 2.475981 2.843343 -1.731568
v 2.498337 1.794618 -1.751251
v 2.498337 2.872304 -1.751251
v 2.475981 2.843343 -1.731568
v 2.475981 1.826398 -1.731568
v 2.475981 1.826398 -1.190097
v 2.475981 1.826398 -1.731568
v 2.431964 1.826398 -1.731568
v 2.431964 1.826398 -1.190097
v 2.475981 2.843343 -1.190097
v 2.475981 1.826398 -1.190097
v 2.431964 1.826398 -1.190097
v 2.431964 2.843343 -1.190097
v 2.475981 2.843343 -1.731568
v 2.475981 2.843343 -1.190097
v 2.431964 2.843343 -1.190097
v 2.431964 2.843343 -1.731568
v 2.475981 1.826398 -1.731568
v 2.475981 2.843343 -1.731568
v 2.431964 2.843343 -1.731568
v 2.431964 1.826398 -1.731568
v 2.469066 2.339687 -1.222115
v 2.469066 2.812061 -1.222115
v 2.473166 2.819727 -1.214442
v 2.473166 2.332021 -1.214442
v 2.473166 2.313664 -1.461267
v 2.473166 2.313664 -1.196100
v 2.469597 2.307645 -1.190080
v 2.469597 2.307645 -1.461267
v 2.473166 2.313664 -1.196100
v 2.473166 2.838084 -1.196100
v 2.469597 2.844103 -1.190080
v 2.469597 2.307645 -1.190080
v 2.473166 2.332021 -1.214442
v 2.473166 2.819727 -1.214442
v 2.473166 2.838084 -1.196100
v 2.473166 2.313664 -1.196100
v 2.473166 2.332021 -1.461267
v 2.473166 2.332021 -1.214442
v 2.473166 2.313664 -1.196100
v 2.473166 2.313664 -1.461267
v 2.469597 2.307645 -1.461267
v 2.469597 2.307645 -1.190080
v 2.460098 2.307645 -1.203121
v 2.460098 2.307645 -1.460832
v 2.468429 2.801471 -1.232779
v 2.468429 2.350277 -1.232779
v 2.462852 2.353190 -1.235691
v 2.462852 2.798558 -1.235691
v 2.469065 2.339687 -1.461267
v 2.469066 2.339687 -1.222115
v 2.473166 2.332021 -1.214442
v 2.473166 2.332021 -1.461267
v 2.460098 2.307645 -1.460832
v 2.460098 2.307645 -1.203121
v 2.454890 2.328696 -1.203121
v 2.454890 2.328696 -1.460832
v 2.468428 2.350277 -1.461267
v 2.468429 2.350277 -1.232779
v 2.469066 2.339687 -1.222115
v 2.469065 2.339687 -1.461267
v 2.468429 2.350277 -1.232779
v 2.468429 2.801471 -1.232779
v 2.469066 2.812061 -1.222115
v 2.469066 2.339687 -1.222115
v 2.468429 2.801471 -1.232779
v 2.468428 2.801471 -1.461267
v 2.469065 2.812061 -1.461267
v 2.469066 2.812061 -1.222115
v 2.462852 2.798558 -1.235691
v 2.462852 2.798558 -1.461267
v 2.468428 2.801471 -1.461267
v 2.468429 2.801471 -1.232779
v 2.468429 2.350277 -1.232779
v 2.468428 2.350277 -1.461267
v 2.462852 2.353190 -1.461267
v 2.462852 2.353190 -1.235691
v 2.473166 2.819727 -1.214442
v 2.473166 2.819727 -1.461267
v 2.473166 2.838084 -1.461267
v 2.473166 2.838084 -1.196100
v 2.469066 2.812061 -1.222115
v 2.469065 2.812061 -1.461267
v 2.473166 2.819727 -1.461267
v 2.473166 2.819727 -1.214442
v 2.462852 2.353190 -1.235691
v 2.462852 2.353190 -1.461267
v 2.462852 2.798558 -1.461267
v 2.462852 2.798558 -1.235691
v 2.473166 2.838084 -1.196100
v 2.473166 2.838084 -1.461267
v 2.469597 2.844103 -1.461267
v 2.469597 2.844103 -1.190080
v 2.453531 1.856875 -1.222115
v 2.453531 2.329248 -1.222115
v 2.457632 2.336915 -1.214442
v 2.457632 1.849208 -1.214442
v 2.457632 1.830852 -1.461267
v 2.457632 1.830852 -1.196100
v 2.454063 1.824832 -1.190080
v 2.454063 1.824832 -1.461267
v 2.457632 1.830852 -1.196100
v 2.457632 2.355271 -1.196100
v 2.454063 2.361290 -1.190080
v 2.454063 1.824832 -1.190080
v 2.457632 1.849208 -1.214442
v 2.457632 2.336915 -1.214442
v 2.457632 2.355271 -1.196100
v 2.457632 1.830852 -1.196100
v 2.457632 1.849208 -1.461267
v 2.457632 1.849208 -1.214442
v 2.457632 1.830852 -1.196100
v 2.457632 1.830852 -1.461267
v 2.454063 1.824832 -1.461267
v 2.454063 1.824832 -1.190080
v 2.444563 1.824832 -1.203121
v 2.444563 1.824832 -1.460832
v 2.452894 2.318658 -1.232779
v 2.452894 1.867465 -1.232779
v 2.447318 1.870378 -1.235691
v 2.447318 2.315745 -1.235691
v 2.453531 1.856875 -1.461267
v 2.453531 1.856875 -1.222115
v 2.457632 1.849208 -1.214442
v 2.457632 1.849208 -1.461267
v 2.444563 1.824832 -1.460832
v 2.444563 1.824832 -1.203121
v 2.439356 1.845883 -1.203121
v 2.439356 1.845883 -1.460832
v 2.452894 1.867465 -1.461267
v 2.452894 1.867465 -1.232779
v 2.453531 1.856875 -1.222115
v 2.453531 1.856875 -1.461267
v 2.452894 1.867465 -1.232779
v 2.452894 2.318658 -1.232779
v 2.453531 2.329248 -1.222115
v 2.453531 1.856875 -1.222115
v 2.452894 2.318658 -1.232779
v 2.452894 2.318658 -1.461267
v 2.453531 2.329248 -1.461267
v 2.453531 2.329248 -1.222115
v 2.447318 2.315745 -1.235691
v 2.447318 2.315745 -1.461267
v 2.452894 2.318658 -1.461267
v 2.452894 2.318658 -1.232779
v 2.452894 1.867465 -1.232779
v 2.452894 1.867465 -1.461267
v 2.447318 1.870378 -1.461267
v 2.447318 1.870378 -1.235691
v 2.457632 2.336915 -1.214442
v 2.457632 2.336915 -1.461267
v 2.457632 2.355271 -1.461267
v 2.457632 2.355271 -1.196100
v 2.453531 2.329248 -1.222115
v 2.453531 2.329248 -1.461267
v 2.457632 2.336915 -1.461267
v 2.457632 2.336915 -1.214442
v 2.447318 1.870378 -1.235691
v 2.447318 1.870378 -1.461267
v 2.447318 2.315745 -1.461267
v 2.447318 2.315745 -1.235691
v 2.457632 2.355271 -1.196100
v 2.457632 2.355271 -1.461267
v 2.454063 2.361290 -1.461267
v 2.454063 2.361290 -1.190080
v 2.469065 2.339687 -1.700419
v 2.473166 2.332021 -1.708091
v 2.473166 2.819727 -1.708091
v 2.469065 2.812061 -1.700419
v 2.473166 2.313664 -1.461267
v 2.469597 2.307645 -1.461267
v 2.469597 2.307645 -1.732453
v 2.473166 2.313664 -1.726433
v 2.473166 2.313664 -1.726433
v 2.469597 2.307645 -1.732453
v 2.469597 2.844103 -1.732453
v 2.473166 2.838084 -1.726433
v 2.473166 2.332021 -1.708091
v 2.473166 2.313664 -1.726433
v 2.473166 2.838084 -1.726433
v 2.473166 2.819727 -1.708091
v 2.473166 2.332021 -1.461267
v 2.473166 2.313664 -1.461267
v 2.473166 2.313664 -1.726433
v 2.473166 2.332021 -1.708091
v 2.469597 2.307645 -1.461267
v 2.460098 2.307645 -1.461701
v 2.460098 2.307645 -1.719412
v 2.469597 2.307645 -1.732453
v 2.468428 2.801471 -1.689755
v 2.462852 2.798558 -1.686843
v 2.462852 2.353190 -1.686843
v 2.468428 2.350277 -1.689755
v 2.469065 2.339687 -1.461267
v 2.473166 2.332021 -1.461267
v 2.473166 2.332021 -1.708091
v 2.469065 2.339687 -1.700419
v 2.460098 2.307645 -1.461701
v 2.454890 2.328696 -1.461701
v 2.454890 2.328696 -1.719412
v 2.460098 2.307645 -1.719412
v 2.468428 2.350277 -1.461267
v 2.469065 2.339687 -1.461267
v 2.469065 2.339687 -1.700419
v 2.468428 2.350277 -1.689755
v 2.468428 2.350277 -1.689755
v 2.469065 2.339687 -1.700419
v 2.469065 2.812061 -1.700419
v 2.468428 2.801471 -1.689755
v 2.468428 2.801471 -1.689755
v 2.469065 2.812061 -1.700419
v 2.469065 2.812061 -1.461267
v 2.468428 2.801471 -1.461267
v 2.462852 2.798558 -1.686843
v 2.468428 2.801471 -1.689755
v 2.468428 2.801471 -1.461267
v 2.462852 2.798558 -1.461267
v 2.468428 2.350277 -1.689755
v 2.462852 2.353190 -1.686843
v 2.462852 2.353190 -1.461267
v 2.468428 2.350277 -1.461267
v 2.473166 2.819727 -1.708091
v 2.473166 2.838084 -1.726433
v 2.473166 2.838084 -1.461267
v 2.473166 2.819727 -1.461267
v 2.469065 2.812061 -1.700419
v 2.473166 2.819727 -1.708091
v 2.473166 2.819727 -1.461267
v 2.469065 2.812061 -1.461267
v 2.462852 2.353190 -1.686843
v 2.462852 2.798558 -1.686843
v 2.462852 2.798558 -1.461267
v 2.462852 2.353190 -1.461267
v 2.473166 2.838084 -1.726433
v 2.469597 2.844103 -1.732453
v 2.469597 2.844103 -1.461267
v 2.473166 2.838084 -1.461267
v 2.453531 1.856875 -1.700419
v 2.457631 1.849208 -1.708091
v 2.457631 2.336915 -1.708091
v 2.453531 2.329248 -1.700419
v 2.457632 1.830852 -1.461267
v 2.454063 1.824832 -1.461267
v 2.454063 1.824832 -1.732453
v 2.457631 1.830852 -1.726433
v 2.457631 1.830852 -1.726433
v 2.454063 1.824832 -1.732453
v 2.454063 2.361290 -1.732453
v 2.457631 2.355271 -1.726433
v 2.457631 1.849208 -1.708091
v 2.457631 1.830852 -1.726433
v 2.457631 2.355271 -1.726433
v 2.457631 2.336915 -1.708091
v 2.457632 1.849208 -1.461267
v 2.457632 1.830852 -1.461267
v 2.457631 1.830852 -1.726433
v 2.457631 1.849208 -1.708091
v 2.454063 1.824832 -1.461267
v 2.444563 1.824832 -1.461701
v 2.444563 1.824832 -1.719412
v 2.454063 1.824832 -1.732453
v 2.452894 2.318658 -1.689755
v 2.447318 2.315745 -1.686843
v 2.447318 1.870378 -1.686843
v 2.452894 1.867465 -1.689755
v 2.453531 1.856875 -1.461267
v 2.457632 1.849208 -1.461267
v 2.457631 1.849208 -1.708091
v 2.453531 1.856875 -1.700419
v 2.444563 1.824832 -1.461701
v 2.439356 1.845883 -1.461701
v 2.439356 1.845883 -1.719412
v 2.444563 1.824832 -1.719412
v 2.452894 1.867465 -1.461267
v 2.453531 1.856875 -1.461267
v 2.453531 1.856875 -1.700419
v 2.452894 1.867465 -1.689755
v 2.452894 1.867465 -1.689755
v 2.453531 1.856875 -1.700419
v 2.453531 2.329248 -1.700419
v 2.452894 2.318658 -1.689755
v 2.452894 2.318658 -1.689755
v 2.453531 2.329248 -1.700419
v 2.453531 2.329248 -1.461267
v 2.452894 2.318658 -1.461267
v 2.447318 2.315745 -1.686843
v 2.452894 2.318658 -1.689755
v 2.452894 2.318658 -1.461267
v 2.447318 2.315745 -1.461267
v 2.452894 1.867465 -1.689755
v 2.447318 1.870378 -1.686843
v 2.447318 1.870378 -1.461267
v 2.452894 1.867465 -1.461267
v 2.457631 2.336915 -1.708091
v 2.457631 2.355271 -1.726433
v 2.457632 2.355271 -1.461267
v 2.457632 2.336915 -1.461267
v 2.453531 2.329248 -1.700419
v 2.457631 2.336915 -1.708091
v 2.457632 2.336915 -1.461267
v 2.453531 2.329248 -1.461267
v 2.447318 1.870378 -1.686843
v 2.447318 2.315745 -1.686843
v 2.457631 2.355271 -1.726433
v 2.454063 2.361290 -1.732453
v 2.454063 2.361290 -1.461267
v 2.457632 2.355271 -1.461267
v -2.500765 1.710747 -1.801908
v -2.500764 1.710747 -1.085023
v -2.500764 1.794618 -1.153046
v -2.500765 1.794618 -1.733885
v -2.500765 2.955490 -1.801908
v -2.500765 1.710747 -1.801908
v -2.500765 1.794618 -1.733885
v -2.500765 2.872304 -1.733885
v -2.500765 2.955490 -1.801908
v -2.500765 2.872304 -1.733885
v -2.500764 2.872304 -1.153046
v -2.500764 2.955490 -1.085023
v -2.500764 1.710747 -1.085023
v -2.500764 2.955490 -1.085023
v -2.500764 2.872304 -1.153046
v -2.500764 1.794618 -1.153046
v -2.500764 1.710747 -1.085023
v -2.500765 1.710747 -1.801908
v -2.481926 1.688387 -1.821106
v -2.481925 1.688387 -1.065824
v -2.500765 1.710747 -1.801908
v -2.500765 2.955490 -1.801908
v -2.481926 2.975952 -1.821106
v -2.481926 1.688387 -1.821106
v -2.500765 2.955490 -1.801908
v -2.500764 2.955490 -1.085023
v -2.481925 2.975952 -1.065824
v -2.481926 2.975952 -1.821106
v -2.500764 2.955490 -1.085023
v -2.500764 1.710747 -1.085023
v -2.481925 1.688387 -1.065824
v -2.481925 2.975952 -1.065824
v -2.500765 1.794618 -1.733885
v -2.500764 1.794618 -1.153046
v -2.478409 1.826398 -1.172730
v -2.478409 1.826398 -1.714201
v -2.500765 2.872304 -1.733885
v -2.500765 1.794618 -1.733885
v -2.478409 1.826398 -1.714201
v -2.478409 2.843343 -1.714201
v -2.500764 2.872304 -1.153046
v -2.500765 2.872304 -1.733885
v -2.478409 2.843343 -1.714201
v -2.478409 2.843343 -1.172730
v -2.500764 1.794618 -1.153046
v -2.500764 2.872304 -1.153046
v -2.478409 2.843343 -1.172730
v -2.478409 1.826398 -1.172730
v -2.478409 1.826398 -1.714201
v -2.478409 1.826398 -1.172730
v -2.434392 1.826398 -1.172730
v -2.434393 1.826398 -1.714201
v -2.478409 2.843343 -1.714201
v -2.478409 1.826398 -1.714201
v -2.434393 1.826398 -1.714201
v -2.434393 2.843343 -1.714201
v -2.478409 2.843343 -1.172730
v -2.478409 2.843343 -1.714201
v -2.434393 2.843343 -1.714201
v -2.434392 2.843343 -1.172730
v -2.478409 1.826398 -1.172730
v -2.478409 2.843343 -1.172730
v -2.434392 2.843343 -1.172730
v -2.434392 1.826398 -1.172730
v -2.471494 2.339687 -1.682183
v -2.471494 2.812061 -1.682183
v -2.475594 2.819727 -1.689855
v -2.475594 2.332021 -1.689855
v -2.475594 2.313664 -1.443031
v -2.475594 2.313664 -1.708197
v -2.472025 2.307645 -1.714217
v -2.472025 2.307645 -1.443031
v -2.475594 2.313664 -1.708197
v -2.475594 2.838084 -1.708197
v -2.472025 2.844103 -1.714217
v -2.472025 2.307645 -1.714217
v -2.475594 2.332021 -1.689855
v -2.475594 2.819727 -1.689855
v -2.475594 2.838084 -1.708197
v -2.475594 2.313664 -1.708197
v -2.475594 2.332021 -1.443031
v -2.475594 2.332021 -1.689855
v -2.475594 2.313664 -1.708197
v -2.475594 2.313664 -1.443031
v -2.472025 2.307645 -1.443031
v -2.472025 2.307645 -1.714217
v -2.462526 2.307645 -1.701177
v -2.462525 2.307645 -1.443466
v -2.470857 2.801471 -1.671519
v -2.470857 2.350277 -1.671519
v -2.465281 2.353190 -1.668607
v -2.465281 2.798558 -1.668607
v -2.471493 2.339687 -1.443031
v -2.471494 2.339687 -1.682183
v -2.475594 2.332021 -1.689855
v -2.475594 2.332021 -1.443031
v -2.462525 2.307645 -1.443466
v -2.462526 2.307645 -1.701177
v -2.457318 2.328696 -1.701177
v -2.457318 2.328696 -1.443466
v -2.470857 2.350277 -1.443031
v -2.470857 2.350277 -1.671519
v -2.471494 2.339687 -1.682183
v -2.471493 2.339687 -1.443031
v -2.470857 2.350277 -1.671519
v -2.470857 2.801471 -1.671519
v -2.471494 2.812061 -1.682183
v -2.471494 2.339687 -1.682183
v -2.470857 2.801471 -1.671519
v -2.470857 2.801471 -1.443031
v -2.471493 2.812061 -1.443031
v -2.471494 2.812061 -1.682183
v -2.465281 2.798558 -1.668607
v -2.465280 2.798558 -1.443031
v -2.470857 2.801471 -1.443031
v -2.470857 2.801471 -1.671519
v -2.470857 2.350277 -1.671519
v -2.470857 2.350277 -1.443031
v -2.465280 2.353190 -1.443031
v -2.465281 2.353190 -1.668607
v -2.475594 2.819727 -1.689855
v -2.475594 2.819727 -1.443031
v -2.475594 2.838084 -1.443031
v -2.475594 2.838084 -1.708197
v -2.471494 2.812061 -1.682183
v -2.471493 2.812061 -1.443031
v -2.475594 2.819727 -1.443031
v -2.475594 2.819727 -1.689855
v -2.465281 2.353190 -1.668607
v -2.465280 2.353190 -1.443031
v -2.465280 2.798558 -1.443031
v -2.465281 2.798558 -1.668607
v -2.475594 2.838084 -1.708197
v -2.475594 2.838084 -1.443031
v -2.472025 2.844103 -1.443031
v -2.472025 2.844103 -1.714217
v -2.455960 1.856875 -1.682183
v -2.455960 2.329248 -1.682183
v -2.460060 2.336915 -1.689855
v -2.460060 1.849208 -1.689855
v -2.460059 1.830852 -1.443031
v -2.460060 1.830852 -1.708197
v -2.456491 1.824832 -1.714217
v -2.456491 1.824832 -1.443031
v -2.460060 1.830852 -1.708197
v -2.460060 2.355271 -1.708197
v -2.456491 2.361290 -1.714217
v -2.456491 1.824832 -1.714217
v -2.460060 1.849208 -1.689855
v -2.460060 2.336915 -1.689855
v -2.460060 2.355271 -1.708197
v -2.460060 1.830852 -1.708197
v -2.460059 1.849208 -1.443031
v -2.460060 1.849208 -1.689855
v -2.460060 1.830852 -1.708197
v -2.460059 1.830852 -1.443031
v -2.456491 1.824832 -1.443031
v -2.456491 1.824832 -1.714217
v -2.446992 1.824832 -1.701177
v -2.446991 1.824832 -1.443466
v -2.455323 2.318658 -1.671519
v -2.455323 1.867465 -1.671519
v -2.449746 1.870378 -1.668607
v -2.449746 2.315745 -1.668607
v -2.455959 1.856875 -1.443031
v -2.455960 1.856875 -1.682183
v -2.460060 1.849208 -1.689855
v -2.460059 1.849208 -1.443031
v -2.446991 1.824832 -1.443466
v -2.446992 1.824832 -1.701177
v -2.441785 1.845883 -1.701177
v -2.441784 1.845883 -1.443466
v -2.455323 1.867465 -1.443031
v -2.455323 1.867465 -1.671519
v -2.455960 1.856875 -1.682183
v -2.455959 1.856875 -1.443031
v -2.455323 1.867465 -1.671519
v -2.455323 2.318658 -1.671519
v -2.455960 2.329248 -1.682183
v -2.455960 1.856875 -1.682183
v -2.455323 2.318658 -1.671519
v -2.455323 2.318658 -1.443031
v -2.455959 2.329248 -1.443031
v -2.455960 2.329248 -1.682183
v -2.449746 2.315745 -1.668607
v -2.449746 2.315745 -1.443031
v -2.455323 2.318658 -1.443031
v -2.455323 2.318658 -1.671519
v -2.455323 1.867465 -1.671519
v -2.455323 1.867465 -1.443031
v -2.449746 1.870378 -1.443031
v -2.449746 1.870378 -1.668607
v -2.460060 2.336915 -1.689855
v -2.460059 2.336915 -1.443031
v -2.460059 2.355271 -1.443031
v -2.460060 2.355271 -1.708197
v -2.455960 2.329248 -1.682183
v -2.455959 2.329248 -1.443031
v -2.460059 2.336915 -1.443031
v -2.460060 2.336915 -1.689855
v -2.449746 1.870378 -1.668607
v -2.449746 1.870378 -1.443031
v -2.449746 2.315745 -1.443031
v -2.449746 2.315745 -1.668607
v -2.460060 2.355271 -1.708197
v -2.460059 2.355271 -1.443031
v -2.456491 2.361290 -1.443031
v -2.456491 2.361290 -1.714217
v -2.471493 2.339687 -1.203879
v -2.475594 2.332021 -1.196207
v -2.475594 2.819727 -1.196207
v -2.471493 2.812061 -1.203879
v -2.475594 2.313664 -1.443031
v -2.472025 2.307645 -1.443031
v -2.472025 2.307645 -1.171844
v -2.475594 2.313664 -1.177864
v -2.475594 2.313664 -1.177864
v -2.472025 2.307645 -1.171844
v -2.472025 2.844103 -1.171844
v -2.475594 2.838084 -1.177864
v -2.475594 2.332021 -1.196207
v -2.475594 2.313664 -1.177864
v -2.475594 2.838084 -1.177864
v -2.475594 2.819727 -1.196207
v -2.475594 2.332021 -1.443031
v -2.475594 2.313664 -1.443031
v -2.475594 2.313664 -1.177864
v -2.475594 2.332021 -1.196207
v -2.472025 2.307645 -1.443031
v -2.462525 2.307645 -1.442596
v -2.462525 2.307645 -1.184885
v -2.472025 2.307645 -1.171844
v -2.470857 2.801471 -1.214543
v -2.465280 2.798558 -1.217455
v -2.465280 2.353190 -1.217455
v -2.470857 2.350277 -1.214543
v -2.471493 2.339687 -1.443031
v -2.475594 2.332021 -1.443031
v -2.475594 2.332021 -1.196207
v -2.471493 2.339687 -1.203879
v -2.462525 2.307645 -1.442596
v -2.457318 2.328696 -1.442597
v -2.457318 2.328696 -1.184885
v -2.462525 2.307645 -1.184885
v -2.470857 2.350277 -1.443031
v -2.471493 2.339687 -1.443031
v -2.471493 2.339687 -1.203879
v -2.470857 2.350277 -1.214543
v -2.470857 2.350277 -1.214543
v -2.471493 2.339687 -1.203879
v -2.471493 2.812061 -1.203879
v -2.470857 2.801471 -1.214543
v -2.470857 2.801471 -1.214543
v -2.471493 2.812061 -1.203879
v -2.471493 2.812061 -1.443031
v -2.470857 2.801471 -1.443031
v -2.465280 2.798558 -1.217455
v -2.470857 2.801471 -1.214543
v -2.470857 2.801471 -1.443031
v -2.465280 2.798558 -1.443031
v -2.470857 2.350277 -1.214543
v -2.465280 2.353190 -1.217455
v -2.465280 2.353190 -1.443031
v -2.470857 2.350277 -1.443031
v -2.475594 2.819727 -1.196207
v -2.475594 2.838084 -1.177864
v -2.475594 2.838084 -1.443031
v -2.475594 2.819727 -1.443031
v -2.471493 2.812061 -1.203879
v -2.475594 2.819727 -1.196207
v -2.475594 2.819727 -1.443031
v -2.471493 2.812061 -1.443031
v -2.465280 2.353190 -1.217455
v -2.465280 2.798558 -1.217455
v -2.465280 2.798558 -1.443031
v -2.465280 2.353190 -1.443031
v -2.475594 2.838084 -1.177864
v -2.472025 2.844103 -1.171844
v -2.472025 2.844103 -1.443031
v -2.475594 2.838084 -1.443031
v -2.455959 1.856875 -1.203879
v -2.460059 1.849208 -1.196207
v -2.460059 2.336915 -1.196207
v -2.455959 2.329248 -1.203879
v -2.460059 1.830852 -1.443031
v -2.456491 1.824832 -1.443031
v -2.456491 1.824832 -1.171845
v -2.460059 1.830852 -1.177864
v -2.460059 1.830852 -1.177864
v -2.456491 1.824832 -1.171845
v -2.456491 2.361290 -1.171845
v -2.460059 2.355271 -1.177864
v -2.460059 1.849208 -1.196207
v -2.460059 1.830852 -1.177864
v -2.460059 2.355271 -1.177864
v -2.460059 2.336915 -1.196207
v -2.460059 1.849208 -1.443031
v -2.460059 1.830852 -1.443031
v -2.460059 1.830852 -1.177864
v -2.460059 1.849208 -1.196207
v -2.456491 1.824832 -1.443031
v -2.446991 1.824832 -1.442597
v -2.446991 1.824832 -1.184885
v -2.456491 1.824832 -1.171845
v -2.455322 2.318658 -1.214543
v -2.449746 2.315745 -1.217455
v -2.449746 1.870378 -1.217455
v -2.455322 1.867465 -1.214543
v -2.455959 1.856875 -1.443031
v -2.460059 1.849208 -1.443031
v -2.460059 1.849208 -1.196207
v -2.455959 1.856875 -1.203879
v -2.446991 1.824832 -1.442597
v -2.441784 1.845883 -1.442597
v -2.441784 1.845883 -1.184885
v -2.446991 1.824832 -1.184885
v -2.455323 1.867465 -1.443031
v -2.455959 1.856875 -1.443031
v -2.455959 1.856875 -1.203879
v -2.455322 1.867465 -1.214543
v -2.455322 1.867465 -1.214543
v -2.455959 1.856875 -1.203879
v -2.455959 2.329248 -1.203879
v -2.455322 2.318658 -1.214543
v -2.455322 2.318658 -1.214543
v -2.455959 2.329248 -1.203879
v -2.455959 2.329248 -1.443031
v -2.455323 2.318658 -1.443031
v -2.449746 2.315745 -1.217455
v -2.455322 2.318658 -1.214543
v -2.455323 2.318658 -1.443031
v -2.449746 2.315745 -1.443031
v -2.455322 1.867465 -1.214543
v -2.449746 1.870378 -1.217455
v -2.449746 1.870378 -1.443031
v -2.455323 1.867465 -1.443031
v -2.460059 2.336915 -1.196207
v -2.460059 2.355271 -1.177864
v -2.460059 2.355271 -1.443031
v -2.460059 2.336915 -1.443031
v -2.455959 2.329248 -1.203879
v -2.460059 2.336915 -1.196207
v -2.460059 2.336915 -1.443031
v -2.455959 2.329248 -1.443031
v -2.449746 1.870378 -1.217455
v -2.449746 2.315745 -1.217455
v -2.460059 2.355271 -1.177864
v -2.456491 2.361290 -1.171845
v -2.456491 2.361290 -1.443031
v -2.460059 2.355271 -1.443031
v -2.500766 1.710747 -3.026692
v -2.500766 1.710747 -2.309806
v -2.500766 1.794618 -2.377829
v -2.500766 1.794618 -2.958668
v -2.500766 2.955490 -3.026692
v -2.500766 1.710747 -3.026692
v -2.500766 1.794618 -2.958668
v -2.500766 2.872304 -2.958668
v -2.500766 2.955490 -3.026692
v -2.500766 2.872304 -2.958668
v -2.500766 2.872304 -2.377829
v -2.500766 2.955490 -2.309806
v -2.500766 1.710747 -2.309806
v -2.500766 2.955490 -2.309806
v -2.500766 2.872304 -2.377829
v -2.500766 1.794618 -2.377829
v -2.500766 1.710747 -2.309806
v -2.500766 1.710747 -3.026692
v -2.481927 1.688387 -3.045890
v -2.481926 1.688387 -2.290607
v -2.500766 1.710747 -3.026692
v -2.500766 2.955490 -3.026692
v -2.481927 2.975952 -3.045890
v -2.481927 1.688387 -3.045890
v -2.500766 2.955490 -3.026692
v -2.500766 2.955490 -2.309806
v -2.481926 2.975952 -2.290607
v -2.481927 2.975952 -3.045890
v -2.500766 2.955490 -2.309806
v -2.500766 1.710747 -2.309806
v -2.481926 1.688387 -2.290607
v -2.481926 2.975952 -2.290607
v -2.500766 1.794618 -2.958668
v -2.500766 1.794618 -2.377829
v -2.478410 1.826398 -2.397513
v -2.478411 1.826398 -2.938984
v -2.500766 2.872304 -2.958668
v -2.500766 1.794618 -2.958668
v -2.478411 1.826398 -2.938984
v -2.478411 2.843343 -2.938984
v -2.500766 2.872304 -2.377829
v -2.500766 2.872304 -2.958668
v -2.478411 2.843343 -2.938984
v -2.478410 2.843343 -2.397513
v -2.500766 1.794618 -2.377829
v -2.500766 2.872304 -2.377829
v -2.478410 2.843343 -2.397513
v -2.478410 1.826398 -2.397513
v -2.478411 1.826398 -2.938984
v -2.478410 1.826398 -2.397513
v -2.434394 1.826398 -2.397513
v -2.434394 1.826398 -2.938984
v -2.478411 2.843343 -2.938984
v -2.478411 1.826398 -2.938984
v -2.434394 1.826398 -2.938984
v -2.434394 2.843343 -2.938984
v -2.478410 2.843343 -2.397513
v -2.478411 2.843343 -2.938984
v -2.434394 2.843343 -2.938984
v -2.434394 2.843343 -2.397513
v -2.478410 1.826398 -2.397513
v -2.478410 2.843343 -2.397513
v -2.434394 2.843343 -2.397513
v -2.434394 1.826398 -2.397513
v -2.471495 2.339687 -2.906966
v -2.471495 2.812061 -2.906966
v -2.475595 2.819727 -2.914638
v -2.475595 2.332021 -2.914638
v -2.475595 2.313664 -2.667814
v -2.475595 2.313664 -2.932980
v -2.472027 2.307645 -2.939001
v -2.472027 2.307645 -2.667814
v -2.475595 2.313664 -2.932980
v -2.475595 2.838084 -2.932980
v -2.472027 2.844103 -2.939001
v -2.472027 2.307645 -2.939001
v -2.475595 2.332021 -2.914638
v -2.475595 2.819727 -2.914638
v -2.475595 2.838084 -2.932980
v -2.475595 2.313664 -2.932980
v -2.475595 2.332021 -2.667814
v -2.475595 2.332021 -2.914638
v -2.475595 2.313664 -2.932980
v -2.475595 2.313664 -2.667814
v -2.472027 2.307645 -2.667814
v -2.472027 2.307645 -2.939001
v -2.462527 2.307645 -2.925960
v -2.462527 2.307645 -2.668249
v -2.470858 2.801471 -2.896302
v -2.470858 2.350277 -2.896302
v -2.465282 2.353190 -2.893390
v -2.465282 2.798558 -2.893390
v -2.471495 2.339687 -2.667814
v -2.471495 2.339687 -2.906966
v -2.475595 2.332021 -2.914638
v -2.475595 2.332021 -2.667814
v -2.462527 2.307645 -2.668249
v -2.462527 2.307645 -2.925960
v -2.457320 2.328696 -2.925960
v -2.457319 2.328696 -2.668249
v -2.470858 2.350277 -2.667814
v -2.470858 2.350277 -2.896302
v -2.471495 2.339687 -2.906966
v -2.471495 2.339687 -2.667814
v -2.470858 2.350277 -2.896302
v -2.470858 2.801471 -2.896302
v -2.471495 2.812061 -2.906966
v -2.471495 2.339687 -2.906966
v -2.470858 2.801471 -2.896302
v -2.470858 2.801471 -2.667814
v -2.471495 2.812061 -2.667814
v -2.471495 2.812061 -2.906966
v -2.465282 2.798558 -2.893390
v -2.465281 2.798558 -2.667814
v -2.470858 2.801471 -2.667814
v -2.470858 2.801471 -2.896302
v -2.470858 2.350277 -2.896302
v -2.470858 2.350277 -2.667814
v -2.465281 2.353190 -2.667814
v -2.465282 2.353190 -2.893390
v -2.475595 2.819727 -2.914638
v -2.475595 2.819727 -2.667814
v -2.475595 2.838084 -2.667814
v -2.475595 2.838084 -2.932980
v -2.471495 2.812061 -2.906966
v -2.471495 2.812061 -2.667814
v -2.475595 2.819727 -2.667814
v -2.475595 2.819727 -2.914638
v -2.465282 2.353190 -2.893390
v -2.465281 2.353190 -2.667814
v -2.465281 2.798558 -2.667814
v -2.465282 2.798558 -2.893390
v -2.475595 2.838084 -2.932980
v -2.475595 2.838084 -2.667814
v -2.472027 2.844103 -2.667814
v -2.472027 2.844103 -2.939001
v -2.455961 1.856875 -2.906966
v -2.455961 2.329248 -2.906966
v -2.460061 2.336915 -2.914638
v -2.460061 1.849208 -2.914638
v -2.460061 1.830852 -2.667814
v -2.460061 1.830852 -2.932980
v -2.456492 1.824832 -2.939001
v -2.456492 1.824832 -2.667814
v -2.460061 1.830852 -2.932980
v -2.460061 2.355271 -2.932980
v -2.456492 2.361290 -2.939001
v -2.456492 1.824832 -2.939001
v -2.460061 1.849208 -2.914638
v -2.460061 2.336915 -2.914638
v -2.460061 2.355271 -2.932980
v -2.460061 1.830852 -2.932980
v -2.460061 1.849208 -2.667814
v -2.460061 1.849208 -2.914638
v -2.460061 1.830852 -2.932980
v -2.460061 1.830852 -2.667814
v -2.456492 1.824832 -2.667814
v -2.456492 1.824832 -2.939001
v -2.446993 1.824832 -2.925960
v -2.446993 1.824832 -2.668249
v -2.455324 2.318658 -2.896303
v -2.455324 1.867465 -2.896303
v -2.449748 1.870378 -2.893390
v -2.449748 2.315745 -2.893390
v -2.455961 1.856875 -2.667814
v -2.455961 1.856875 -2.906966
v -2.460061 1.849208 -2.914638
v -2.460061 1.849208 -2.667814
v -2.446993 1.824832 -2.668249
v -2.446993 1.824832 -2.925960
v -2.441786 1.845883 -2.925960
v -2.441785 1.845883 -2.668249
v -2.455324 1.867465 -2.667814
v -2.455324 1.867465 -2.896303
v -2.455961 1.856875 -2.906966
v -2.455961 1.856875 -2.667814
v -2.455324 1.867465 -2.896303
v -2.455324 2.318658 -2.896303
v -2.455961 2.329248 -2.906966
v -2.455961 1.856875 -2.906966
v -2.455324 2.318658 -2.896303
v -2.455324 2.318658 -2.667814
v -2.455961 2.329248 -2.667814
v -2.455961 2.329248 -2.906966
v -2.449748 2.315745 -2.893390
v -2.449748 2.315745 -2.667814
v -2.455324 2.318658 -2.667814
v -2.455324 2.318658 -2.896303
v -2.455324 1.867465 -2.896303
v -2.455324 1.867465 -2.667814
v -2.449748 1.870378 -2.667814
v -2.449748 1.870378 -2.893390
v -2.460061 2.336915 -2.914638
v -2.460061 2.336915 -2.667814
v -2.460061 2.355271 -2.667814
v -2.460061 2.355271 -2.932980
v -2.455961 2.329248 -2.906966
v -2.455961 2.329248 -2.667814
v -2.460061 2.336915 -2.667814
v -2.460061 2.336915 -2.914638
v -2.449748 1.870378 -2.893390
v -2.449748 1.870378 -2.667814
v -2.449748 2.315745 -2.667814
v -2.449748 2.315745 -2.893390
v -2.460061 2.355271 -2.932980
v -2.460061 2.355271 -2.667814
v -2.456492 2.361290 -2.667814
v -2.456492 2.361290 -2.939001
v -2.471495 2.339687 -2.428663
v -2.475595 2.332021 -2.420990
v -2.475595 2.819727 -2.420990
v -2.471495 2.812061 -2.428663
v -2.475595 2.313664 -2.667814
v -2.472027 2.307645 -2.667814
v -2.472026 2.307645 -2.396628
v -2.475595 2.313664 -2.402647
v -2.475595 2.313664 -2.402647
v -2.472026 2.307645 -2.396628
v -2.472026 2.844103 -2.396628
v -2.475595 2.838084 -2.402647
v -2.475595 2.332021 -2.420990
v -2.475595 2.313664 -2.402647
v -2.475595 2.838084 -2.402647
v -2.475595 2.819727 -2.420990
v -2.475595 2.332021 -2.667814
v -2.475595 2.313664 -2.667814
v -2.475595 2.313664 -2.402647
v -2.475595 2.332021 -2.420990
v -2.472027 2.307645 -2.667814
v -2.462527 2.307645 -2.667379
v -2.462527 2.307645 -2.409668
v -2.472026 2.307645 -2.396628
v -2.470858 2.801471 -2.439326
v -2.465281 2.798558 -2.442239
v -2.465281 2.353190 -2.442239
v -2.470858 2.350277 -2.439326
v -2.471495 2.339687 -2.667814
v -2.475595 2.332021 -2.667814
v -2.475595 2.332021 -2.420990
v -2.471495 2.339687 -2.428663
v -2.462527 2.307645 -2.667379
v -2.457319 2.328696 -2.667379
v -2.457319 2.328696 -2.409668
v -2.462527 2.307645 -2.409668
v -2.470858 2.350277 -2.667814
v -2.471495 2.339687 -2.667814
v -2.471495 2.339687 -2.428663
v -2.470858 2.350277 -2.439326
v -2.470858 2.350277 -2.439326
v -2.471495 2.339687 -2.428663
v -2.471495 2.812061 -2.428663
v -2.470858 2.801471 -2.439326
v -2.470858 2.801471 -2.439326
v -2.471495 2.812061 -2.428663
v -2.471495 2.812061 -2.667814
v -2.470858 2.801471 -2.667814
v -2.465281 2.798558 -2.442239
v -2.470858 2.801471 -2.439326
v -2.470858 2.801471 -2.667814
v -2.465281 2.798558 -2.667814
v -2.470858 2.350277 -2.439326
v -2.465281 2.353190 -2.442239
v -2.465281 2.353190 -2.667814
v -2.470858 2.350277 -2.667814
v -2.475595 2.819727 -2.420990
v -2.475595 2.838084 -2.402647
v -2.475595 2.838084 -2.667814
v -2.475595 2.819727 -2.667814
v -2.471495 2.812061 -2.428663
v -2.475595 2.819727 -2.420990
v -2.475595 2.819727 -2.667814
v -2.471495 2.812061 -2.667814
v -2.465281 2.353190 -2.442239
v -2.465281 2.798558 -2.442239
v -2.465281 2.798558 -2.667814
v -2.465281 2.353190 -2.667814
v -2.475595 2.838084 -2.402647
v -2.472026 2.844103 -2.396628
v -2.472027 2.844103 -2.667814
v -2.475595 2.838084 -2.667814
v -2.455961 1.856875 -2.428663
v -2.460061 1.849208 -2.420990
v -2.460061 2.336915 -2.420990
v -2.455961 2.329248 -2.428663
v -2.460061 1.830852 -2.667814
v -2.456492 1.824832 -2.667814
v -2.456492 1.824832 -2.396628
v -2.460061 1.830852 -2.402647
v -2.460061 1.830852 -2.402647
v -2.456492 1.824832 -2.396628
v -2.456492 2.361290 -2.396628
v -2.460061 2.355271 -2.402647
v -2.460061 1.849208 -2.420990
v -2.460061 1.830852 -2.402647
v -2.460061 2.355271 -2.402647
v -2.460061 2.336915 -2.420990
v -2.460061 1.849208 -2.667814
v -2.460061 1.830852 -2.667814
v -2.456492 1.824832 -2.667814
v -2.446993 1.824832 -2.667379
v -2.446993 1.824832 -2.409668
v -2.456492 1.824832 -2.396628
v -2.455323 2.318658 -2.439326
v -2.449748 2.315745 -2.442239
v -2.449748 1.870378 -2.442239
v -2.455323 1.867465 -2.439326
v -2.455961 1.856875 -2.667814
v -2.460061 1.849208 -2.667814
v -2.460061 1.849208 -2.420990
v -2.455961 1.856875 -2.428663
v -2.446993 1.824832 -2.667379
v -2.441785 1.845883 -2.667379
v -2.441785 1.845883 -2.409668
v -2.446993 1.824832 -2.409668
v -2.455324 1.867465 -2.667814
v -2.455961 1.856875 -2.667814
v -2.455961 1.856875 -2.428663
v -2.455323 1.867465 -2.439326
v -2.455323 1.867465 -2.439326
v -2.455961 1.856875 -2.428663
v -2.455961 2.329248 -2.428663
v -2.455323 2.318658 -2.439326
v -2.455323 2.318658 -2.439326
v -2.455961 2.329248 -2.428663
v -2.455961 2.329248 -2.667814
v -2.455324 2.318658 -2.667814
v -2.449748 2.315745 -2.442239
v -2.455323 2.318658 -2.439326
v -2.455324 2.318658 -2.667814
v -2.449748 2.315745 -2.667814
v -2.455323 1.867465 -2.439326
v -2.449748 1.870378 -2.442239
v -2.449748 1.870378 -2.667814
v -2.455324 1.867465 -2.667814
v -2.460061 2.355271 -2.667814
v -2.460061 2.336915 -2.667814
v -2.455961 2.329248 -2.428663
v -2.460061 2.336915 -2.420990
v -2.460061 2.336915 -2.667814
v -2.455961 2.329248 -2.667814
v -2.449748 1.870378 -2.442239
v -2.449748 2.315745 -2.442239
v -2.460061 2.355271 -2.402647
v -2.456492 2.361290 -2.396628
v -2.456492 2.361290 -2.667814
v -2.460061 2.355271 -2.667814
v -2.500764 1.710747 0.342651
v -2.500763 1.710747 1.059536
v -2.500763 1.794618 0.991513
v -2.500763 1.794618 0.410674
v -2.500764 2.955490 0.342651
v -2.500764 1.710747 0.342651
v -2.500763 1.794618 0.410674
v -2.500763 2.872304 0.410674
v -2.500764 2.955490 0.342651
v -2.500763 2.872304 0.410674
v -2.500763 2.872304 0.991513
v -2.500763 2.955490 1.059536
v -2.500763 1.710747 1.059536
v -2.500763 2.955490 1.059536
v -2.500763 2.872304 0.991513
v -2.500763 1.794618 0.991513
v -2.500763 1.710747 1.059536
v -2.500764 1.710747 0.342651
v -2.481925 1.688387 0.323452
v -2.481923 1.688387 1.078735
v -2.500764 1.710747 0.342651
v -2.500764 2.955490 0.342651
v -2.481925 2.975952 0.323452
v -2.481925 1.688387 0.323452
v -2.500764 2.955490 0.342651
v -2.500763 2.955490 1.059536
v -2.481923 2.975952 1.078735
v -2.481925 2.975952 0.323452
v -2.500763 2.955490 1.059536
v -2.500763 1.710747 1.059536
v -2.481923 1.688387 1.078735
v -2.481923 2.975952 1.078735
v -2.500763 1.794618 0.410674
v -2.500763 1.794618 0.991513
v -2.478407 1.826398 0.971829
v -2.478408 1.826398 0.430358
v -2.500763 2.872304 0.410674
v -2.500763 1.794618 0.410674
v -2.478408 1.826398 0.430358
v -2.478408 2.843343 0.430358
v -2.500763 2.872304 0.991513
v -2.500763 2.872304 0.410674
v -2.478408 2.843343 0.430358
v -2.478407 2.843343 0.971829
v -2.500763 1.794618 0.991513
v -2.500763 2.872304 0.991513
v -2.478407 2.843343 0.971829
v -2.478407 1.826398 0.971829
v -2.478408 1.826398 0.430358
v -2.478407 1.826398 0.971829
v -2.434391 1.826398 0.971829
v -2.434391 1.826398 0.430358
v -2.478408 2.843343 0.430358
v -2.478408 1.826398 0.430358
v -2.434391 1.826398 0.430358
v -2.434391 2.843343 0.430358
v -2.478407 2.843343 0.971829
v -2.478408 2.843343 0.430358
v -2.434391 2.843343 0.430358
v -2.434391 2.843343 0.971829
v -2.478407 1.826398 0.971829
v -2.478407 2.843343 0.971829
v -2.434391 2.843343 0.971829
v -2.434391 1.826398 0.971829
v -2.471492 2.339687 0.462376
v -2.471492 2.812061 0.462376
v -2.475592 2.819727 0.454704
v -2.475592 2.332021 0.454704
v -2.475592 2.313664 0.701528
v -2.475592 2.313664 0.436361
v -2.472024 2.307645 0.430341
v -2.472024 2.307645 0.701528
v -2.475592 2.313664 0.436361
v -2.475592 2.838084 0.436361
v -2.472024 2.844103 0.430341
v -2.472024 2.307645 0.430341
v -2.475592 2.332021 0.454704
v -2.475592 2.819727 0.454704
v -2.475592 2.838084 0.436361
v -2.475592 2.313664 0.436361
v -2.475592 2.332021 0.701528
v -2.475592 2.332021 0.454704
v -2.475592 2.313664 0.436361
v -2.475592 2.313664 0.701528
v -2.472024 2.307645 0.701528
v -2.472024 2.307645 0.430341
v -2.462524 2.307645 0.443382
v -2.462524 2.307645 0.701093
v -2.470855 2.801471 0.473040
v -2.470855 2.350277 0.473040
v -2.465279 2.353190 0.475952
v -2.465279 2.798558 0.475952
v -2.471492 2.339687 0.701528
v -2.471492 2.339687 0.462376
v -2.475592 2.332021 0.454704
v -2.475592 2.332021 0.701528
v -2.462524 2.307645 0.701093
v -2.462524 2.307645 0.443382
v -2.457317 2.328696 0.443382
v -2.457317 2.328696 0.701093
v -2.470855 2.350277 0.701528
v -2.470855 2.350277 0.473040
v -2.471492 2.339687 0.462376
v -2.471492 2.339687 0.701528
v -2.470855 2.350277 0.473040
v -2.470855 2.801471 0.473040
v -2.471492 2.812061 0.462376
v -2.471492 2.339687 0.462376
v -2.470855 2.801471 0.473040
v -2.470855 2.801471 0.701528
v -2.471492 2.812061 0.701528
v -2.471492 2.812061 0.462376
v -2.465279 2.798558 0.475952
v -2.465279 2.798558 0.701528
v -2.470855 2.801471 0.701528
v -2.470855 2.801471 0.473040
v -2.470855 2.350277 0.473040
v -2.470855 2.350277 0.701528
v -2.465279 2.353190 0.701528
v -2.465279 2.353190 0.475952
v -2.475592 2.819727 0.454704
v -2.475592 2.819727 0.701528
v -2.475592 2.838084 0.701528
v -2.475592 2.838084 0.436361
v -2.471492 2.812061 0.462376
v -2.471492 2.812061 0.701528
v -2.475592 2.819727 0.701528
v -2.475592 2.819727 0.454704
v -2.465279 2.353190 0.475952
v -2.465279 2.353190 0.701528
v -2.465279 2.798558 0.701528
v -2.465279 2.798558 0.475952
v -2.475592 2.838084 0.436361
v -2.475592 2.838084 0.701528
v -2.472024 2.844103 0.701528
v -2.472024 2.844103 0.430341
v -2.455958 1.856875 0.462376
v -2.455958 2.329248 0.462376
v -2.460058 2.336915 0.454704
v -2.460058 1.849208 0.454704
v -2.460058 1.830852 0.701528
v -2.460058 1.830852 0.436361
v -2.456490 1.824832 0.430341
v -2.456489 1.824832 0.701528
v -2.460058 1.830852 0.436361
v -2.460058 2.355271 0.436361
v -2.456490 2.361290 0.430341
v -2.456490 1.824832 0.430341
v -2.460058 1.849208 0.454704
v -2.460058 2.336915 0.454704
v -2.460058 2.355271 0.436361
v -2.460058 1.830852 0.436361
v -2.460058 1.849208 0.701528
v -2.460058 1.830852 0.701528
v -2.456489 1.824832 0.701528
v -2.456490 1.824832 0.430341
v -2.446990 1.824832 0.443382
v -2.446990 1.824832 0.701093
v -2.455321 2.318658 0.473040
v -2.455321 1.867465 0.473040
v -2.449745 1.870378 0.475952
v -2.449745 2.315745 0.475952
v -2.455958 1.856875 0.701528
v -2.455958 1.856875 0.462376
v -2.460058 1.849208 0.454704
v -2.460058 1.849208 0.701528
v -2.446990 1.824832 0.701093
v -2.446990 1.824832 0.443382
v -2.441783 1.845883 0.443382
v -2.441783 1.845883 0.701093
v -2.455321 1.867465 0.701528
v -2.455321 1.867465 0.473040
v -2.455958 1.856875 0.462376
v -2.455958 1.856875 0.701528
v -2.455321 1.867465 0.473040
v -2.455321 2.318658 0.473040
v -2.455958 2.329248 0.462376
v -2.455958 1.856875 0.462376
v -2.455321 2.318658 0.473040
v -2.455321 2.318658 0.701528
v -2.455958 2.329248 0.701528
v -2.455958 2.329248 0.462376
v -2.449745 2.315745 0.475952
v -2.449745 2.315745 0.701528
v -2.455321 2.318658 0.701528
v -2.455321 2.318658 0.473040
v -2.455321 1.867465 0.473040
v -2.455321 1.867465 0.701528
v -2.449745 1.870378 0.701528
v -2.449745 1.870378 0.475952
v -2.460058 2.336915 0.701528
v -2.460058 2.355271 0.701528
v -2.455958 2.329248 0.462376
v -2.455958 2.329248 0.701528
v -2.460058 2.336915 0.701528
v -2.460058 2.336915 0.454704
v -2.449745 1.870378 0.475952
v -2.449745 1.870378 0.701528
v -2.449745 2.315745 0.701528
v -2.449745 2.315745 0.475952
v -2.460058 2.355271 0.436361
v -2.460058 2.355271 0.701528
v -2.456489 2.361290 0.701528
v -2.456490 2.361290 0.430341
v -2.471492 2.339687 0.940680
v -2.475592 2.332021 0.948352
v -2.475592 2.819727 0.948352
v -2.471492 2.812061 0.940680
v -2.475592 2.313664 0.701528
v -2.472024 2.307645 0.701528
v -2.472023 2.307645 0.972714
v -2.475592 2.313664 0.966694
v -2.475592 2.313664 0.966694
v -2.472023 2.307645 0.972714
v -2.472023 2.844103 0.972714
v -2.475592 2.838084 0.966694
v -2.475592 2.332021 0.948352
v -2.475592 2.313664 0.966694
v -2.475592 2.838084 0.966694
v -2.475592 2.819727 0.948352
v -2.475592 2.332021 0.701528
v -2.475592 2.313664 0.701528
v -2.475592 2.313664 0.966694
v -2.475592 2.332021 0.948352
v -2.472024 2.307645 0.701528
v -2.462524 2.307645 0.701963
v -2.462524 2.307645 0.959674
v -2.472023 2.307645 0.972714
v -2.470855 2.801471 0.930016
v -2.465278 2.798558 0.927104
v -2.465278 2.353190 0.927104
v -2.470855 2.350277 0.930016
v -2.471492 2.339687 0.701528
v -2.475592 2.332021 0.701528
v -2.475592 2.332021 0.948352
v -2.471492 2.339687 0.940680
v -2.462524 2.307645 0.701963
v -2.457317 2.328696 0.701963
v -2.457317 2.328696 0.959674
v -2.462524 2.307645 0.959674
v -2.470855 2.350277 0.701528
v -2.471492 2.339687 0.701528
v -2.471492 2.339687 0.940680
v -2.470855 2.350277 0.930016
v -2.470855 2.350277 0.930016
v -2.471492 2.339687 0.940680
v -2.471492 2.812061 0.940680
v -2.470855 2.801471 0.930016
v -2.470855 2.801471 0.930016
v -2.471492 2.812061 0.940680
v -2.471492 2.812061 0.701528
v -2.470855 2.801471 0.701528
v -2.465278 2.798558 0.927104
v -2.470855 2.801471 0.930016
v -2.470855 2.801471 0.701528
v -2.465279 2.798558 0.701528
v -2.470855 2.350277 0.930016
v -2.465278 2.353190 0.927104
v -2.465279 2.353190 0.701528
v -2.470855 2.350277 0.701528
v -2.475592 2.819727 0.948352
v -2.475592 2.838084 0.966694
v -2.475592 2.838084 0.701528
v -2.475592 2.819727 0.701528
v -2.471492 2.812061 0.940680
v -2.475592 2.819727 0.948352
v -2.475592 2.819727 0.701528
v -2.471492 2.812061 0.701528
v -2.465278 2.353190 0.927104
v -2.465278 2.798558 0.927104
v -2.465279 2.798558 0.701528
v -2.465279 2.353190 0.701528
v -2.475592 2.838084 0.966694
v -2.472023 2.844103 0.972714
v -2.472024 2.844103 0.701528
v -2.475592 2.838084 0.701528
v -2.455958 1.856875 0.940680
v -2.460058 1.849208 0.948352
v -2.460058 2.336915 0.948352
v -2.455958 2.329248 0.940680
v -2.460058 1.830852 0.701528
v -2.456489 1.824832 0.701528
v -2.456489 1.824832 0.972714
v -2.460058 1.830852 0.966694
v -2.460058 1.830852 0.966694
v -2.456489 1.824832 0.972714
v -2.456489 2.361290 0.972714
v -2.460058 2.355271 0.966694
v -2.460058 1.849208 0.948352
v -2.460058 1.830852 0.966694
v -2.460058 2.355271 0.966694
v -2.460058 2.336915 0.948352
v -2.460058 1.849208 0.701528
v -2.460058 1.830852 0.701528
v -2.460058 1.830852 0.966694
v -2.460058 1.849208 0.948352
v -2.456489 1.824832 0.701528
v -2.446990 1.824832 0.701963
v -2.446990 1.824832 0.959674
v -2.456489 1.824832 0.972714
v -2.455320 2.318658 0.930016
v -2.449744 2.315745 0.927104
v -2.449744 1.870378 0.927104
v -2.455320 1.867465 0.930016
v -2.455958 1.856875 0.701528
v -2.460058 1.849208 0.701528
v -2.460058 1.849208 0.948352
v -2.455958 1.856875 0.940680
v -2.446990 1.824832 0.701963
v -2.441783 1.845883 0.701963
v -2.441782 1.845883 0.959674
v -2.446990 1.824832 0.959674
v -2.455321 1.867465 0.701528
v -2.455958 1.856875 0.701528
v -2.455958 1.856875 0.940680
v -2.455320 1.867465 0.930016
v -2.455320 1.867465 0.930016
v -2.455958 1.856875 0.940680
v -2.455958 2.329248 0.940680
v -2.455320 2.318658 0.930016
v -2.455320 2.318658 0.930016
v -2.455958 2.329248 0.940680
v -2.455958 2.329248 0.701528
v -2.455321 2.318658 0.701528
v -2.449744 2.315745 0.927104
v -2.455320 2.318658 0.930016
v -2.455321 2.318658 0.701528
v -2.449745 2.315745 0.701528
v -2.455320 1.867465 0.930016
v -2.449744 1.870378 0.927104
v -2.449745 1.870378 0.701528
v -2.455321 1.867465 0.701528
v -2.460058 2.336915 0.948352
v -2.460058 2.355271 0.966694
v -2.460058 2.355271 0.701528
v -2.460058 2.336915 0.701528
v -2.455958 2.329248 0.940680
v -2.460058 2.336915 0.948352
v -2.460058 2.336915 0.701528
v -2.455958 2.329248 0.701528
v -2.449744 1.870378 0.927104
v -2.449744 2.315745 0.927104
v -2.449745 2.315745 0.701528
v -2.449745 1.870378 0.701528
v -2.460058 2.355271 0.966694
v -2.456489 2.361290 0.972714
v -2.456489 2.361290 0.701528
v -2.460058 2.355271 0.701528
v 0.569350 1.977353 2.841992
v 0.547405 1.949822 2.852280
v 0.569350 1.962492 2.852280
v 0.591296 1.949822 2.852280
v 0.569350 1.896951 2.841992
v 0.591296 1.924482 2.852280
v 0.569350 1.911811 2.852280
v 0.547405 1.924482 2.852280
v 0.569350 1.891376 2.827691
v 0.569350 1.982928 2.827691
v 0.561071 1.925674 2.850420
v 0.577630 1.925674 2.850420
v 0.577630 1.925674 2.874720
v 0.561071 1.925674 2.874720
v 0.569350 1.951154 2.850420
v 0.555955 1.941422 2.850420
v 0.555955 1.941422 2.874720
v 0.569350 1.951154 2.874720
v 0.582746 1.941422 2.850420
v 0.582746 1.941422 2.874720
v 0.577630 1.925674 2.850420
v 0.577630 1.925674 2.874720
v 0.543453 1.911254 2.882774
v 0.548205 1.916006 2.895974
v 0.543453 1.937152 2.898941
v 0.532726 1.937152 2.882774
v 0.548205 1.958297 2.895974
v 0.543453 1.963050 2.882774
v 0.569350 1.963050 2.898941
v 0.569350 1.973777 2.882774
v 0.590496 1.958297 2.895974
v 0.595248 1.963050 2.882774
v 0.532726 1.937152 2.868170
v 0.543453 1.911254 2.868170
v 0.595248 1.937152 2.898941
v 0.605975 1.937152 2.882774
v 0.590496 1.916006 2.895974
v 0.595248 1.911254 2.882774
v 0.543453 1.963050 2.868170
v 0.569350 1.973777 2.868170
v 0.569350 1.911254 2.898941
v 0.569350 1.900527 2.882774
v 0.595248 1.963050 2.868170
v 0.605975 1.937152 2.868170
v 0.595248 1.911254 2.868170
v 0.569350 1.900527 2.868170
v 0.569350 1.937152 2.905637
v 0.670005 2.216329 2.821436
v 0.670005 2.625191 2.821436
v 0.660510 2.634686 2.824176
v 0.660510 2.206834 2.824176
v 0.853866 2.179716 2.824176
v 0.638096 2.179716 2.824176
v 0.632077 2.173697 2.822133
v 0.853866 2.173697 2.822133
v 0.638096 2.179716 2.824176
v 0.638096 2.661804 2.824176
v 0.632077 2.667824 2.822133
v 0.632077 2.173697 2.822133
v 0.660510 2.206834 2.824176
v 0.660510 2.634686 2.824176
v 0.638096 2.661804 2.824176
v 0.638096 2.179716 2.824176
v 0.853866 2.206834 2.824176
v 0.853866 2.179716 2.824176
v 0.853866 2.173697 2.822133
v 0.632077 2.173697 2.822133
v 0.645117 2.173697 2.817096
v 0.853866 2.173697 2.817096
v 0.670005 2.625191 2.821436
v 0.670005 2.216329 2.821436
v 0.672917 2.219242 2.818102
v 0.672917 2.622278 2.818102
v 0.853866 2.216329 2.821436
v 0.670005 2.216329 2.821436
v 0.660510 2.206834 2.824176
v 0.853866 2.206834 2.824176
v 0.853866 2.173697 2.817096
v 0.645117 2.173697 2.817096
v 0.645117 2.188119 2.813993
v 0.853866 2.188119 2.813993
v 0.672917 2.622278 2.818102
v 0.853866 2.622278 2.818102
v 0.853866 2.625191 2.821436
v 0.670005 2.625191 2.821436
v 0.670005 2.216329 2.821436
v 0.853866 2.216329 2.821436
v 0.853866 2.219242 2.818102
v 0.672917 2.219242 2.818102
v 0.853866 2.634686 2.824176
v 0.853866 2.661804 2.824176
v 0.670005 2.625191 2.821436
v 0.853866 2.625191 2.821436
v 0.853866 2.634686 2.824176
v 0.660510 2.634686 2.824176
v 0.672917 2.219242 2.818102
v 0.853866 2.219242 2.818102
v 0.853866 2.622278 2.818102
v 0.672917 2.622278 2.818102
v 0.638096 2.661804 2.824176
v 0.853866 2.661804 2.824176
v 0.853866 2.667824 2.822133
v 0.632077 2.667824 2.822133
v 1.037726 2.216329 2.821436
v 1.047221 2.206834 2.824176
v 1.047221 2.634686 2.824176
v 1.037726 2.625191 2.821436
v 0.853866 2.179716 2.824176
v 0.853866 2.173697 2.822133
v 1.075654 2.173697 2.822133
v 1.069635 2.179716 2.824176
v 1.069635 2.179716 2.824176
v 1.075654 2.173697 2.822133
v 1.075654 2.667824 2.822133
v 1.069635 2.661804 2.824176
v 1.047221 2.206834 2.824176
v 1.069635 2.179716 2.824176
v 1.069635 2.661804 2.824176
v 1.047221 2.634686 2.824176
v 0.853866 2.206834 2.824176
v 0.853866 2.179716 2.824176
v 1.069635 2.179716 2.824176
v 1.047221 2.206834 2.824176
v 1.062614 2.173697 2.817096
v 1.075654 2.173697 2.822133
v 1.037726 2.625191 2.821436
v 1.034814 2.622278 2.818102
v 1.034814 2.219242 2.818102
v 1.037726 2.216329 2.821436
v 0.853866 2.216329 2.821436
v 0.853866 2.206834 2.824176
v 1.047221 2.206834 2.824176
v 1.037726 2.216329 2.821436
v 0.853866 2.173697 2.817096
v 0.853866 2.188119 2.813993
v 1.062614 2.188119 2.813992
v 1.062614 2.173697 2.817096
v 1.034814 2.622278 2.818102
v 1.037726 2.625191 2.821436
v 0.853866 2.625191 2.821436
v 0.853866 2.622278 2.818102
v 1.037726 2.216329 2.821436
v 1.034814 2.219242 2.818102
v 0.853866 2.219242 2.818102
v 0.853866 2.216329 2.821436
v 1.047221 2.634686 2.824176
v 1.069635 2.661804 2.824176
v 0.853866 2.661804 2.824176
v 0.853866 2.634686 2.824176
v 1.037726 2.625191 2.821436
v 1.047221 2.634686 2.824176
v 0.853866 2.634686 2.824176
v 0.853866 2.625191 2.821436
v 1.034814 2.219242 2.818102
v 1.034814 2.622278 2.818102
v 1.069635 2.661804 2.824176
v 1.075654 2.667824 2.822133
v 0.853866 2.667824 2.822133
v 0.853866 2.661804 2.824176
v 0.670005 1.771614 2.812780
v 0.670005 2.180477 2.812780
v 0.660510 2.189971 2.815520
v 0.660510 1.762119 2.815520
v 0.853866 1.735001 2.815520
v 0.638096 1.735001 2.815520
v 0.632077 1.728981 2.813476
v 0.853866 1.728981 2.813476
v 0.638096 1.735001 2.815520
v 0.638096 2.217090 2.815520
v 0.632077 2.223109 2.813476
v 0.632077 1.728981 2.813476
v 0.660510 1.762119 2.815520
v 0.660510 2.189971 2.815520
v 0.638096 2.217090 2.815520
v 0.638096 1.735001 2.815520
v 0.853866 1.762119 2.815520
v 0.853866 1.735001 2.815520
v 0.853866 1.728981 2.813476
v 0.632077 1.728981 2.813476
v 0.645117 1.728981 2.808440
v 0.853866 1.728981 2.808440
v 0.670005 2.180477 2.812780
v 0.670005 1.771614 2.812780
v 0.672917 1.774527 2.809446
v 0.672917 2.177564 2.809446
v 0.853866 1.771614 2.812780
v 0.670005 1.771614 2.812780
v 0.660510 1.762119 2.815520
v 0.853866 1.762119 2.815520
v 0.853866 1.728981 2.808440
v 0.645117 1.728981 2.808440
v 0.645117 1.743405 2.805336
v 0.853866 1.743405 2.805336
v 0.672917 2.177564 2.809446
v 0.853866 2.177564 2.809446
v 0.853866 2.180477 2.812780
v 0.670005 2.180477 2.812780
v 0.670005 1.771614 2.812780
v 0.853866 1.771614 2.812780
v 0.853866 1.774527 2.809446
v 0.672917 1.774527 2.809446
v 0.853866 2.189971 2.815520
v 0.853866 2.217090 2.815520
v 0.670005 2.180477 2.812780
v 0.853866 2.180477 2.812780
v 0.853866 2.189971 2.815520
v 0.660510 2.189971 2.815520
v 0.672917 1.774527 2.809446
v 0.853866 1.774527 2.809446
v 0.853866 2.177564 2.809446
v 0.672917 2.177564 2.809446
v 0.638096 2.217090 2.815520
v 0.853866 2.217090 2.815520
v 0.853866 2.223109 2.813476
v 0.632077 2.223109 2.813476
v 1.037726 1.771614 2.812780
v 1.047221 1.762119 2.815520
v 1.047221 2.189971 2.815520
v 1.037726 2.180477 2.812780
v 0.853866 1.735001 2.815520
v 0.853866 1.728981 2.813476
v 1.075654 1.728981 2.813476
v 1.069635 1.735001 2.815520
v 1.069635 1.735001 2.815520
v 1.075654 1.728981 2.813476
v 1.075654 2.223109 2.813476
v 1.069635 2.217090 2.815520
v 1.047221 1.762119 2.815520
v 1.069635 1.735001 2.815520
v 1.069635 2.217090 2.815520
v 1.047221 2.189971 2.815520
v 0.853866 1.762119 2.815520
v 0.853866 1.735001 2.815520
v 1.069635 1.735001 2.815520
v 1.047221 1.762119 2.815520
v 0.853866 1.728981 2.813476
v 0.853866 1.728981 2.808440
v 1.062614 1.728981 2.808440
v 1.075654 1.728981 2.813476
v 1.037726 2.180477 2.812780
v 1.034814 2.177564 2.809446
v 1.034814 1.774527 2.809446
v 1.037726 1.771614 2.812780
v 0.853866 1.771614 2.812780
v 0.853866 1.762119 2.815520
v 1.047221 1.762119 2.815520
v 1.037726 1.771614 2.812780
v 0.853866 1.728981 2.808440
v 0.853866 1.743405 2.805336
v 1.062614 1.743405 2.805336
v 1.062614 1.728981 2.808440
v 1.034814 2.177564 2.809446
v 1.037726 2.180477 2.812780
v 0.853866 2.180477 2.812780
v 0.853866 2.177564 2.809446
v 1.037726 1.771614 2.812780
v 1.034814 1.774527 2.809446
v 0.853866 1.774527 2.809446
v 0.853866 1.771614 2.812780
v 1.047221 2.189971 2.815520
v 1.069635 2.217090 2.815520
v 0.853866 2.217090 2.815520
v 0.853866 2.189971 2.815520
v 1.037726 2.180477 2.812780
v 1.047221 2.189971 2.815520
v 0.853866 2.189971 2.815520
v 0.853866 2.180477 2.812780
v 1.034814 1.774527 2.809446
v 1.034814 2.177564 2.809446
v 1.069635 2.217090 2.815520
v 1.075654 2.223109 2.813476
v 0.853866 2.223109 2.813476
v 0.853866 2.217090 2.815520
v 0.635144 2.667824 2.824059
v 0.635144 1.729713 2.824059
v 0.635144 1.729713 2.804660
v 0.635144 2.667824 2.804660
v 0.593277 1.275229 2.832848
v 0.511089 1.231457 2.832848
v 0.654836 1.334859 2.832848
v 0.654836 1.610678 2.832848
v 0.620894 1.648223 2.818849
v 0.620894 1.300678 2.818849
v 0.488441 1.842735 2.821758
v 0.511089 1.838607 2.832848
v 0.511089 2.772951 2.832848
v 0.488441 2.799232 2.821758
v 0.620894 1.300678 2.818849
v 0.620894 1.648223 2.818849
v 0.593277 1.677035 2.832848
v 0.593277 1.275229 2.832848
v 0.654836 1.610678 2.832848
v 1.053502 1.610678 2.832848
v 1.087443 1.648223 2.818849
v 0.620894 1.648223 2.818849
v 0.654836 1.334859 2.832848
v 1.053502 1.334859 2.832848
v 1.053502 1.610678 2.832848
v 0.654836 1.610678 2.832848
v 1.090252 1.710053 2.832848
v 1.073194 1.729713 2.824059
v 0.635144 1.729713 2.824059
v 0.618086 1.710053 2.832848
v 0.620894 1.648223 2.818849
v 1.087443 1.648223 2.818849
v 1.115061 1.677035 2.832848
v 0.593277 1.677035 2.832848
v 0.620894 1.300678 2.818849
v 1.087443 1.300678 2.818849
v 1.053502 1.334859 2.832848
v 0.654836 1.334859 2.832848
v 0.488441 1.214077 2.821758
v 1.219897 1.214077 2.821758
v 1.197249 1.231457 2.832848
v 0.511089 1.231457 2.832848
v 0.511089 1.231457 2.832848
v 0.511089 1.838607 2.832848
v 0.488441 1.842735 2.821758
v 0.488441 1.214077 2.821758
v 0.511089 2.772951 2.832848
v 1.197249 2.772951 2.832848
v 1.219897 2.799232 2.821758
v 0.488441 2.799232 2.821758
v 0.593277 1.677035 2.832848
v 1.115061 1.677035 2.832848
v 1.090252 1.710053 2.832848
v 0.618086 1.710053 2.832848
v 0.593277 1.275229 2.832848
v 1.115061 1.275229 2.832848
v 1.087443 1.300678 2.818849
v 0.620894 1.300678 2.818849
v 0.635144 2.667824 2.824059
v 1.073194 2.667824 2.824059
v 1.090219 2.686665 2.832848
v 0.618119 2.686665 2.832848
v 0.511089 1.231457 2.832848
v 1.197249 1.231457 2.832848
v 1.115061 1.275229 2.832848
v 0.593277 1.275229 2.832848
v 0.635144 2.667824 2.804660
v 1.073194 2.667824 2.804660
v 1.073194 2.667824 2.824059
v 0.635144 2.667824 2.824059
v 1.073194 1.729713 2.824059
v 1.073194 1.729713 2.804660
v 0.635144 1.729713 2.804660
v 0.635144 1.729713 2.824059
v 0.618119 2.686665 2.832848
v 0.618086 1.710053 2.832848
v 0.635144 1.729713 2.824059
v 0.635144 2.667824 2.824059
v 1.073194 2.667824 2.824059
v 1.073194 2.667824 2.804660
v 1.073194 1.729713 2.804660
v 1.073194 1.729713 2.824059
v 1.115061 1.275229 2.832848
v 1.197249 1.231457 2.832848
v 1.053502 1.334859 2.832848
v 1.087443 1.300678 2.818849
v 1.087443 1.648223 2.818849
v 1.053502 1.610678 2.832848
v 1.219897 1.842735 2.821758
v 1.219897 2.799232 2.821758
v 1.197249 2.772951 2.832848
v 1.197249 1.838607 2.832848
v 1.087443 1.300678 2.818849
v 1.115061 1.275229 2.832848
v 1.115061 1.677035 2.832848
v 1.087443 1.648223 2.818849
v 1.197249 1.231457 2.832848
v 1.219897 1.214077 2.821758
v 1.219897 1.842735 2.821758
v 1.197249 1.838607 2.832848
v 1.090219 2.686665 2.832848
v 1.073194 2.667824 2.824059
v 1.073194 1.729713 2.824059
v 1.090252 1.710053 2.832848
v -2.454281 1.252847 2.538188
v -2.565197 1.252847 2.538188
v -2.565197 1.252847 2.296648
v -2.454281 1.252847 2.296648
v -2.610587 1.899550 2.204942
v -2.454281 1.899550 2.204942
v -2.454281 1.899550 1.963402
v -2.610587 1.899550 1.963402
v -2.610587 1.634215 1.939630
v -2.610587 1.875778 1.939630
v -2.454281 1.875778 1.939630
v -2.454281 1.634215 1.939630
v -2.454281 1.634215 2.228714
v -2.454281 1.875778 2.228714
v -2.610587 1.875778 2.228714
v -2.610587 1.634215 2.228714
v -2.565197 1.892707 2.538188
v -2.454281 1.892707 2.538188
v -2.454281 1.892707 2.296648
v -2.565197 1.892707 2.296648
v -2.565197 1.276619 2.272877
v -2.565197 1.868936 2.272877
v -2.454281 1.868936 2.272876
v -2.454281 1.276619 2.272876
v -2.454281 1.276619 2.561960
v -2.454281 1.868936 2.561960
v -2.565197 1.868936 2.561960
v -2.565197 1.276619 2.561960
v -2.610587 1.610443 2.204942
v -2.454281 1.610443 2.204942
v -2.454281 1.610443 1.963402
v -2.610587 1.610443 1.963402
v -2.454281 1.875778 1.939630
v -2.610587 1.875778 1.939630
v -2.565197 1.868936 2.561960
v -2.454281 1.868936 2.561960
v -2.454281 1.252847 2.296648
v -2.565197 1.252847 2.296648
v -2.454281 1.610443 2.204942
v -2.610587 1.610443 2.204942
v -2.525496 1.944770 2.175433
v -2.517937 1.936225 2.174447
v -2.530658 1.920069 2.168514
v -2.541045 1.924367 2.168449
v -2.521740 1.932682 2.184757
v -2.531893 1.920101 2.179893
v -2.521740 1.932682 2.184757
v -2.529299 1.941226 2.185743
v -2.542279 1.924399 2.179829
v -2.531893 1.920101 2.179893
v -2.533502 1.883762 2.173188
v -2.543538 1.884844 2.173008
v -2.533656 1.885952 2.183084
v -2.543692 1.887034 2.182904
v -2.533656 1.885952 2.183084
v -2.498876 1.963539 2.194600
v -2.490681 1.958383 2.195452
v -2.500854 1.942628 2.187793
v -2.508346 1.951252 2.188386
v -2.493369 1.957352 2.204865
v -2.505377 1.938989 2.197795
v -2.493369 1.957352 2.204865
v -2.501563 1.962507 2.204013
v -2.512869 1.947613 2.198388
v -2.505377 1.938989 2.197795
v -2.786937 3.118250 2.231636
v -2.783997 3.128263 2.226073
v -2.777250 3.207427 2.302972
v -2.780690 3.197909 2.309167
v -2.796064 3.117662 2.225008
v -2.791448 3.198996 2.304675
v -2.498567 3.067556 2.193746
v -2.493837 3.032884 2.201498
v -2.503886 3.031849 2.201711
v -2.508726 3.063320 2.194959
v -2.498860 3.070684 2.205158
v -2.493923 3.034635 2.211540
v -2.509018 3.066449 2.206372
v -2.503973 3.033600 2.211752
v -2.493923 3.034635 2.211540
v -2.498860 3.070684 2.205158
v -2.538327 3.099808 2.177318
v -2.543947 3.090958 2.180456
v -2.538661 3.103954 2.188371
v -2.544281 3.095104 2.191509
v -2.538661 3.103954 2.188371
v -2.793123 3.127676 2.219446
v -2.744074 3.094241 2.182300
v -2.745759 3.083524 2.186909
v -2.783997 3.128263 2.226073
v -2.739321 3.097276 2.191872
v -2.741007 3.086560 2.196481
v -2.739321 3.097276 2.191872
v -2.788008 3.208514 2.298479
v -2.792317 3.281532 2.373846
v -2.789170 3.289782 2.368074
v -2.777250 3.207427 2.302972
v -2.779299 3.288101 2.371143
v -2.779299 3.288101 2.371143
v -2.782445 3.279852 2.376915
v -2.627542 3.093478 2.175506
v -2.629360 3.082732 2.179535
v -2.626611 3.097691 2.186248
v -2.628430 3.086945 2.190278
v -2.626611 3.097691 2.186248
v -2.543539 3.091068 2.245613
v -2.508560 3.063787 2.228705
v -2.498275 3.068114 2.229482
v -2.537154 3.099921 2.247978
v -2.545981 3.094991 2.234802
v -2.509310 3.065891 2.217190
v -2.539596 3.103844 2.237168
v -2.499025 3.070219 2.217968
v -2.499025 3.070219 2.217968
v -2.539596 3.103844 2.237168
v -2.503877 3.032426 2.225970
v -2.493841 3.033520 2.226062
v -2.503969 3.032965 2.215793
v -2.493933 3.034058 2.215885
v -2.493933 3.034058 2.215885
v -2.790288 3.118993 2.358464
v -2.740962 3.084978 2.327279
v -2.735639 3.094693 2.329858
v -2.781262 3.125842 2.358773
v -2.793617 3.123630 2.348054
v -2.744716 3.089653 2.317047
v -2.784591 3.130479 2.348362
v -2.739393 3.099369 2.319625
v -2.739393 3.099369 2.319625
v -2.784591 3.130479 2.348362
v -2.776262 3.203228 2.386246
v -2.786948 3.198800 2.387520
v -2.790080 3.203194 2.376939
v -2.779394 3.207623 2.375665
v -2.780657 3.284279 2.408691
v -2.790580 3.281562 2.410456
v -2.793322 3.285354 2.400995
v -2.783400 3.288071 2.399232
v -2.779394 3.207623 2.375665
v -2.783400 3.288071 2.399232
v -2.629751 3.082737 2.285257
v -2.626140 3.093455 2.288408
v -2.633408 3.086969 2.274817
v -2.629797 3.097686 2.277969
v -2.629797 3.097686 2.277969
v -2.506509 1.943515 2.222968
v -2.495164 1.941504 2.225678
v -2.505219 1.928160 2.246811
v -2.516154 1.931130 2.243334
v -2.495164 1.941504 2.225678
v -2.496029 1.947033 2.235109
v -2.503936 1.938012 2.252033
v -2.505219 1.928160 2.246811
v -2.507374 1.949044 2.232398
v -2.514870 1.940982 2.248555
v -2.503354 1.957550 2.220417
v -2.493393 1.956459 2.222394
v -2.493393 1.956459 2.222394
v -2.495031 1.958372 2.232118
v -2.504992 1.959462 2.230141
v -2.531840 1.916924 2.316108
v -2.543445 1.918529 2.314989
v -2.534288 1.932300 2.287413
v -2.523229 1.929396 2.290328
v -2.531136 1.923841 2.324791
v -2.531840 1.916924 2.316108
v -2.523229 1.929396 2.290328
v -2.521374 1.939670 2.294990
v -2.542741 1.925445 2.323673
v -2.532433 1.942574 2.292074
v -2.533552 1.878432 2.323892
v -2.543739 1.878874 2.323692
v -2.533455 1.881888 2.333323
v -2.533552 1.878432 2.323892
v -2.543642 1.882330 2.333123
v -2.521587 1.960486 2.232741
v -2.521587 3.046187 2.232741
v -2.521587 3.046187 2.191859
v -2.521587 1.960486 2.191859
v -2.521587 1.960486 2.191859
v -2.521587 3.046187 2.191859
v -2.480705 3.046187 2.183826
v -2.480705 1.960485 2.183826
v -2.480705 1.960485 2.240775
v -2.480705 3.046187 2.240775
v -2.521587 3.046187 2.232741
v -2.521587 1.960486 2.232741
v -2.521587 1.960486 2.232741
v -2.521587 1.960486 2.191859
v -2.480705 1.960485 2.183826
v -2.480705 1.960485 2.240775
v -2.521587 3.046187 2.232741
v -2.480705 3.046187 2.240775
v -2.480705 3.046187 2.183826
v -2.521587 3.046187 2.191859
v 0.498719 2.799232 2.832848
v 0.849937 2.799232 2.832848
v 0.849937 2.818963 2.844480
v 0.476190 2.818998 2.844500
v 0.498719 1.216937 2.832848
v 0.498719 2.799232 2.832848
v 0.476190 2.818998 2.844500
v 0.476157 1.216937 2.844518
v 0.396514 1.216937 2.844518
v 0.396480 2.917570 2.844500
v 0.373951 2.937336 2.832848
v 0.373951 1.216937 2.832848
v 0.396480 2.917570 2.844500
v 0.396514 1.216937 2.844518
v 0.476157 1.216937 2.844518
v 0.476190 2.818998 2.844500
v 0.849937 2.917606 2.844480
v 0.396480 2.917570 2.844500
v 0.476190 2.818998 2.844500
v 0.849937 2.818963 2.844480
v 0.396480 2.917570 2.844500
v 0.849937 2.917606 2.844480
v 0.849937 2.937336 2.832848
v 0.373951 2.937336 2.832848
v 0.849937 2.799232 2.832848
v 0.498719 2.799232 2.832848
v 0.498719 2.799232 2.810505
v 0.849937 2.799232 2.810505
v 0.498719 2.799232 2.832848
v 0.498719 1.216937 2.832848
v 0.498719 1.216937 2.810505
v 0.498719 2.799232 2.810505
v 1.201154 2.799232 2.832848
v 1.223684 2.818998 2.844500
v 0.849937 2.818963 2.844480
v 0.849937 2.799232 2.832848
v 1.201154 1.216937 2.832848
v 1.223717 1.216937 2.844518
v 1.223684 2.818998 2.844500
v 1.201154 2.799232 2.832848
v 1.303360 1.216937 2.844518
v 1.325923 1.216937 2.832848
v 1.325923 2.937336 2.832848
v 1.303393 2.917570 2.844500
v 1.303393 2.917570 2.844500
v 1.223684 2.818998 2.844500
v 1.223717 1.216937 2.844518
v 1.303360 1.216937 2.844518
v 0.849937 2.917606 2.844480
v 0.849937 2.818963 2.844480
v 1.223684 2.818998 2.844500
v 1.303393 2.917570 2.844500
v 1.303393 2.917570 2.844500
v 1.325923 2.937336 2.832848
v 0.849937 2.937336 2.832848
v 0.849937 2.917606 2.844480
v 1.201154 2.799232 2.810505
v 1.201154 2.799232 2.832848
v 1.201154 2.799232 2.832848
v 1.201154 2.799232 2.810505
v 1.201154 1.216937 2.810505
v 1.201154 1.216937 2.832848
vn 0.8900 -0.0000 0.4559
vn 0.5963 0.6806 0.4257
vn 0.6988 0.3945 0.5967
vn -0.8900 -0.0000 0.4559
vn -0.5963 -0.6806 0.4257
vn -0.6988 -0.3945 0.5967
vn -0.0000 -0.0000 -1.0000
vn 0.5352 -0.6842 0.4954
vn 0.6926 -0.4094 0.5939
vn -0.5352 0.6842 0.4954
vn -0.6926 0.4094 0.5939
vn -0.0000 -0.0000 1.0000
vn -0.0049 0.9833 0.1819
vn -0.2201 0.9612 0.1662
vn 0.0186 0.9612 0.2752
vn 0.1937 0.9728 0.1273
vn 0.1342 0.9833 -0.1228
vn 0.2201 0.9612 -0.1662
vn 0.0049 0.9833 -0.1819
vn 0.2230 0.9728 0.0631
vn 0.2107 0.9486 0.2363
vn 0.3165 0.9486 0.0045
vn -0.1342 0.9833 0.1228
vn -0.3165 0.9486 -0.0045
vn -0.2107 0.9486 -0.2363
vn -0.1938 0.9728 -0.1273
vn -0.2230 0.9728 -0.0631
vn -0.0186 0.9612 -0.2752
vn -0.6861 -0.6861 -0.2418
vn -0.8756 -0.3416 -0.3416
vn -0.6861 -0.2418 -0.6861
vn -0.6861 0.6861 -0.2418
vn -0.6861 0.2418 -0.6861
vn -0.8756 0.3416 -0.3416
vn -0.6861 -0.6861 0.2418
vn -0.6861 -0.2418 0.6861
vn -0.8756 -0.3416 0.3416
vn -0.6861 0.6861 0.2418
vn -0.8756 0.3416 0.3416
vn -0.6861 0.2418 0.6861
vn 1.0000 -0.0000 -0.0000
vn 0.7647 -0.6443 -0.0000
vn 0.7137 -0.0000 0.7004
vn 0.7357 0.6773 -0.0000
vn 0.7137 -0.0000 -0.7004
vn 0.7138 -0.0000 -0.7004
vn 0.8179 0.5753 -0.0000
vn 0.8179 0.5754 -0.0000
vn 0.6608 -0.0000 -0.7505
vn 0.7916 -0.6111 -0.0000
vn 0.6608 -0.0000 0.7505
vn -0.0000 1.0000 -0.0000
vn -0.0000 -1.0000 -0.0000
vn 0.8820 -0.0000 -0.4713
vn 0.8602 -0.5100 -0.0000
vn 0.8602 -0.0000 0.5099
vn 0.4629 -0.0000 -0.8864
vn 0.8818 0.4716 -0.0000
vn -0.9707 -0.2401 -0.0000
vn 0.9982 0.0600 -0.0000
vn 0.9982 -0.0000 -0.0596
vn 0.9982 -0.0600 -0.0000
vn 0.4630 -0.8863 -0.0000
vn 0.4630 -0.8864 -0.0000
vn 0.4630 0.8864 -0.0000
vn 0.4629 0.8864 -0.0000
vn 0.8818 -0.4716 -0.0000
vn 0.8602 0.5100 -0.0000
vn 0.4630 -0.0000 -0.8864
vn 0.4631 -0.8863 -0.0000
vn 0.4630 0.8863 -0.0000
vn 0.8602 0.5099 -0.0000
vn 0.8819 -0.0000 0.4714
vn 0.8820 -0.0000 0.4713
vn 0.8602 -0.5099 -0.0000
vn 0.8602 -0.0000 -0.5100
vn 0.8602 -0.0000 -0.5099
vn 0.4630 -0.0000 0.8864
vn 0.9982 -0.0000 0.0596
vn 0.4629 -0.0000 0.8864
vn -0.0000 -0.6443 0.7647
vn -0.7004 -0.0000 0.7138
vn -0.0000 0.6774 0.7357
vn -0.0000 0.6773 0.7357
vn 0.7004 -0.0000 0.7137
vn -0.0000 0.5753 0.8179
vn 0.7505 -0.0000 0.6608
vn -0.0000 -0.6111 0.7916
vn -0.7505 -0.0000 0.6608
vn -1.0000 -0.0000 -0.0000
vn 0.4713 -0.0000 0.8820
vn -0.0000 -0.5100 0.8602
vn -0.0000 -0.5099 0.8602
vn -0.5099 -0.0000 0.8602
vn 0.8864 -0.0000 0.4629
vn -0.0000 0.4716 0.8818
vn -0.0000 0.4715 0.8819
vn -0.0000 -0.2401 -0.9707
vn -0.0000 0.0600 0.9982
vn -0.0000 0.0601 0.9982
vn 0.0596 -0.0000 0.9982
vn -0.0000 -0.0601 0.9982
vn -0.0000 -0.8864 0.4630
vn -0.0000 -0.8863 0.4630
vn -0.0000 0.8864 0.4630
vn -0.0000 0.8864 0.4629
vn -0.0000 -0.4715 0.8818
vn -0.0000 -0.4715 0.8819
vn -0.0000 0.5100 0.8602
vn 0.4714 -0.0000 0.8819
vn -0.5100 -0.0000 0.8602
vn 0.8864 -0.0000 0.4630
vn -0.0000 -0.2402 -0.9707
vn -0.0000 -0.0600 0.9982
vn -0.0000 -0.8863 0.4631
vn -0.0000 -0.4716 0.8818
vn -0.4713 -0.0000 0.8820
vn 0.5099 -0.0000 0.8602
vn -0.8864 -0.0000 0.4629
vn -0.0000 0.4715 0.8818
vn -0.0596 -0.0000 0.9982
vn -0.4714 -0.0000 0.8819
vn -0.0000 -0.5101 0.8601
vn 0.5100 -0.0000 0.8602
vn -0.8864 -0.0000 0.4630
vn -0.0000 -0.4717 0.8818
vn -0.0000 -0.6443 0.7648
vn -0.7004 -0.0000 0.7137
vn 0.7004 -0.0000 0.7138
vn -0.0000 0.5754 0.8179
vn -0.0000 0.5099 0.8602
vn -0.0000 0.4717 0.8818
vn -0.0000 -0.6110 0.7916
vn 0.0597 -0.0000 0.9982
vn -0.0000 0.5101 0.8601
vn -0.4713 -0.0000 0.8819
vn -0.8863 -0.0000 0.4630
vn 0.7138 -0.0000 0.7004
vn 0.8819 -0.0000 -0.4714
vn 0.8602 -0.0000 0.5100
vn 0.9982 0.0601 -0.0000
vn 0.9982 -0.0000 -0.0597
vn 0.9982 -0.0601 -0.0000
vn 0.4631 0.8863 -0.0000
vn 0.9982 -0.0000 0.0597
vn 0.8819 -0.0000 -0.4713
vn 0.8819 -0.0000 0.4713
vn -0.7647 -0.6443 -0.0000
vn -0.7138 -0.0000 -0.7004
vn -0.7357 0.6773 -0.0000
vn -0.7137 -0.0000 0.7004
vn -0.7138 -0.0000 0.7004
vn -0.8179 0.5753 -0.0000
vn -0.6608 -0.0000 0.7505
vn -0.7916 -0.6110 -0.0000
vn -0.6608 -0.0000 -0.7505
vn -0.8820 -0.0000 0.4713
vn -0.8819 -0.0000 0.4714
vn -0.8602 -0.5100 -0.0000
vn -0.8602 -0.5099 -0.0000
vn -0.8602 -0.0000 -0.5100
vn -0.8602 -0.0000 -0.5099
vn -0.4630 -0.0000 0.8864
vn -0.8818 0.4716 -0.0000
vn 0.9707 -0.2401 -0.0000
vn -0.9982 0.0601 -0.0000
vn -0.9982 0.0600 -0.0000
vn -0.9982 -0.0000 0.0597
vn -0.9982 -0.0000 0.0596
vn -0.9982 -0.0600 -0.0000
vn -0.9982 -0.0601 -0.0000
vn -0.4630 -0.8864 -0.0000
vn -0.4631 -0.8863 -0.0000
vn -0.4630 0.8864 -0.0000
vn -0.8818 -0.4716 -0.0000
vn -0.8602 0.5100 -0.0000
vn -0.8818 0.4715 -0.0000
vn -0.8818 -0.4715 -0.0000
vn -0.8602 0.5099 -0.0000
vn -0.8819 -0.0000 -0.4714
vn -0.8820 -0.0000 -0.4713
vn -0.8602 -0.0000 0.5099
vn -0.8602 -0.0000 0.5100
vn -0.4629 -0.0000 -0.8864
vn -0.9982 -0.0000 -0.0596
vn -0.4630 -0.8863 -0.0000
vn -0.4629 0.8864 -0.0000
vn -0.4630 -0.0000 -0.8864
vn -0.9982 -0.0000 -0.0597
vn -0.7137 -0.0000 -0.7004
vn -0.7916 -0.6111 -0.0000
vn -0.4631 -0.0000 0.8863
vn -0.4630 -0.0000 0.8863
vn -0.4630 -0.0000 -0.8863
vn -0.4631 -0.0000 -0.8863
vn -0.4631 0.8863 -0.0000
vn -0.8179 0.5754 -0.0000
vn -0.8819 -0.0000 -0.4713
vn -0.4630 0.8863 -0.0000
vn -0.0321 0.8045 0.5931
vn -0.3313 0.1913 0.9239
vn -0.0000 0.3825 0.9239
vn 0.3313 0.1913 0.9239
vn 0.0321 -0.8045 0.5931
vn 0.3313 -0.1913 0.9239
vn -0.0000 -0.3825 0.9239
vn -0.3313 -0.1913 0.9239
vn 0.0402 -0.9149 0.4017
vn -0.0402 0.9149 0.4017
vn -0.5878 -0.8090 -0.0000
vn -0.9511 0.3090 -0.0000
vn 0.9511 0.3090 -0.0000
vn 0.9511 -0.3090 -0.0000
vn -0.6952 -0.6800 0.2331
vn -0.5299 -0.4890 0.6929
vn -0.6000 -0.0078 0.7999
vn -0.9650 -0.0090 0.2620
vn -0.4784 0.5198 0.7077
vn -0.6800 0.6952 0.2331
vn -0.0217 0.5999 0.7998
vn -0.0090 0.9650 0.2620
vn 0.5299 0.4890 0.6929
vn 0.6952 0.6800 0.2331
vn -0.7071 -0.7071 -0.0000
vn 0.6000 0.0078 0.7999
vn 0.9650 0.0090 0.2620
vn 0.4784 -0.5199 0.7077
vn 0.6800 -0.6952 0.2331
vn -0.7071 0.7071 -0.0000
vn 0.0217 -0.5999 0.7998
vn 0.0090 -0.9650 0.2620
vn 0.7071 0.7071 -0.0000
vn 0.7071 -0.7071 -0.0000
vn 0.2773 -0.0000 0.9608
vn -0.0000 -0.3214 0.9469
vn -0.0000 -0.3214 0.9470
vn -0.3214 -0.0000 0.9470
vn 0.7531 -0.0000 0.6579
vn -0.0000 0.2772 0.9608
vn -0.0000 0.2773 0.9608
vn -0.0000 -0.2104 -0.9776
vn -0.0000 -0.7531 0.6580
vn -0.0000 -0.7531 0.6579
vn -0.0000 0.7531 0.6579
vn -0.0000 -0.2773 0.9608
vn -0.0000 0.3214 0.9470
vn -0.0000 0.3214 0.9469
vn -0.2772 -0.0000 0.9608
vn 0.3214 -0.0000 0.9470
vn -0.7531 -0.0000 0.6579
vn -0.0000 -0.2103 -0.9776
vn -0.0000 -0.7530 0.6580
vn -0.0000 0.7530 0.6580
vn -0.0000 -0.3215 0.9469
vn -0.3215 -0.0000 0.9469
vn -0.0000 0.3215 0.9469
vn -0.2773 -0.0000 0.9608
vn 0.3214 -0.0000 0.9469
vn -0.7530 -0.0000 0.6580
vn -0.3813 -0.0000 0.9245
vn -0.4398 -0.0000 0.8981
vn 0.4521 -0.0000 0.8919
vn -0.0000 0.3494 0.9370
vn -0.0000 0.4081 0.9129
vn -0.0000 -0.4370 0.8995
vn -0.0000 -0.4370 0.8994
vn -0.0000 -0.3790 0.9254
vn -0.0000 -0.5379 0.8430
vn -0.0000 0.3888 0.9213
vn -0.0000 0.4820 0.8762
vn -0.0000 -0.4228 0.9062
vn 0.4588 -0.0000 0.8885
vn 0.4581 -0.0000 0.8889
vn 0.4588 -0.0000 0.8886
vn 0.4582 -0.0000 0.8888
vn 0.3813 -0.0000 0.9245
vn 0.4398 -0.0000 0.8981
vn -0.4521 -0.0000 0.8919
vn -0.4588 -0.0000 0.8886
vn -0.4580 -0.0000 0.8890
vn -0.4587 -0.0000 0.8886
vn -0.4581 -0.0000 0.8889
vn -0.0000 -0.9239 0.3827
vn -0.0000 0.9239 0.3827
vn -0.0000 0.9239 -0.3827
vn -0.0000 -0.3827 -0.9239
vn -0.0000 -0.3827 0.9239
vn -0.0000 0.3827 0.9239
vn -0.0000 0.3827 -0.9239
vn -0.0000 -0.7071 0.7071
vn -0.0000 -0.9239 -0.3827
vn -0.0000 0.7071 -0.7071
vn -0.0000 0.7071 0.7071
vn -0.0000 -0.7071 -0.7071
vn -0.2413 0.7790 -0.5787
vn 0.6354 -0.1970 -0.7466
vn 0.6054 -0.1661 -0.7784
vn -0.6318 0.2858 -0.7205
vn 0.6215 -0.7824 -0.0396
vn 0.9211 -0.3787 0.0904
vn -0.2884 -0.3593 0.8876
vn -0.6946 0.4108 0.5906
vn -0.8040 0.2376 0.5451
vn -0.0432 -0.0896 0.9950
vn 0.7065 -0.1306 -0.6955
vn -0.6656 -0.0519 -0.7445
vn 0.9984 -0.0491 0.0265
vn -0.7357 0.0977 0.6702
vn -0.0017 0.0840 0.9965
vn -0.3259 0.6195 -0.7141
vn 0.8117 -0.2658 -0.5200
vn 0.7414 -0.3881 -0.5474
vn -0.1615 0.7702 -0.6170
vn 0.7957 -0.5832 0.1633
vn 0.6385 -0.7696 0.0079
vn -0.2133 -0.2078 0.9546
vn -0.7031 0.3023 0.6436
vn -0.6567 0.2135 0.7233
vn -0.3301 -0.3472 0.8778
vn 0.1994 -0.6173 0.7610
vn 0.9029 -0.0268 0.4291
vn 0.9554 -0.2057 0.2119
vn 0.4443 -0.6091 0.6570
vn -0.8577 -0.5142 -0.0018
vn -0.8882 -0.2950 0.3521
vn 0.7133 0.1771 -0.6781
vn 0.7230 -0.0546 -0.6887
vn -0.6936 -0.2562 -0.6733
vn -0.5295 -0.5348 -0.6585
vn 0.8876 0.4495 -0.1008
vn 0.9910 0.1331 -0.0146
vn -0.5286 -0.0320 0.8483
vn -0.6926 0.0121 0.7212
vn 0.0117 0.1658 0.9861
vn -0.0066 0.2845 0.9586
vn 0.2916 0.4537 -0.8421
vn -0.1291 -0.8168 -0.5623
vn 0.3410 0.8852 -0.3165
vn -0.2445 -0.2297 0.9420
vn -0.0644 0.3694 0.9270
vn -0.5316 0.4836 -0.6954
vn -0.2268 0.3093 -0.9235
vn -0.3788 -0.8383 -0.3922
vn 0.3602 0.7433 -0.5638
vn 0.1335 0.9229 -0.3611
vn 0.1237 -0.5844 0.8020
vn 0.3819 0.3137 0.8693
vn -0.4329 0.6097 -0.6639
vn -0.9183 -0.2595 0.2989
vn -0.3509 0.6043 -0.7153
vn 0.3535 0.6221 -0.6986
vn 0.3277 0.6146 -0.7175
vn 0.9500 -0.1867 0.2504
vn 0.5219 -0.5385 0.6615
vn -0.0268 0.3881 -0.9212
vn 0.0254 -0.9096 -0.4146
vn -0.0411 0.9315 -0.3614
vn 0.0434 -0.4326 0.9005
vn -0.0050 0.3532 0.9355
vn -0.0115 -0.8863 0.4629
vn -0.5141 -0.5124 0.6878
vn 0.7417 0.2432 0.6251
vn 0.4725 0.4698 0.7457
vn -0.4843 -0.1838 -0.8554
vn -0.5411 -0.0831 -0.8369
vn -0.2535 0.4221 -0.8704
vn -0.0239 0.2191 -0.9754
vn 0.8831 0.4682 0.0300
vn 0.4136 0.8816 0.2276
vn -0.6892 -0.1713 0.7040
vn 0.7177 0.0297 0.6957
vn -0.6880 -0.0720 -0.7222
vn 0.0029 0.0579 -0.9983
vn 0.9914 0.1303 -0.0097
vn -0.5202 -0.5988 0.6089
vn -0.1040 -0.9213 0.3746
vn 0.4866 0.2488 0.8374
vn 0.7052 -0.0498 0.7072
vn -0.8639 -0.1320 -0.4860
vn -0.5047 -0.4149 -0.7571
vn -0.2504 0.3681 -0.8954
vn -0.3030 0.3950 -0.8673
vn 0.4001 0.8798 0.2565
vn 0.8902 0.4475 -0.0854
vn 0.8594 -0.1529 0.4880
vn -0.4857 -0.2720 0.8307
vn -0.8636 0.1624 -0.4774
vn -0.2331 0.2939 -0.9270
vn 0.9006 -0.0714 0.4287
vn -0.4987 -0.2514 0.8295
vn -0.8125 0.1325 -0.5677
vn -0.2380 0.2621 -0.9352
vn 0.9641 0.0779 -0.2540
vn 0.9653 0.1169 -0.2334
vn 0.1746 -0.9151 0.3635
vn 0.3500 0.3796 0.8564
vn -0.3317 -0.4257 -0.8419
vn -0.3748 0.3792 -0.8460
vn 0.1140 0.9335 0.3399
vn -0.5256 -0.3228 -0.7871
vn 0.0867 -0.5774 -0.8118
vn -0.1461 -0.9352 -0.3226
vn -0.7110 -0.5399 -0.4505
vn 0.9624 -0.1826 0.2010
vn 0.7627 0.1911 0.6179
vn 0.8114 0.3780 0.4458
vn 0.9048 -0.2862 0.3154
vn -0.7826 0.5623 0.2670
vn -0.5575 0.8273 -0.0690
vn -0.5381 -0.0401 -0.8419
vn 0.1651 -0.2302 -0.9590
vn 0.9854 -0.0617 0.1585
vn 0.5802 0.1525 0.8001
vn -0.7886 0.2982 0.5378
vn -0.0162 -0.6084 -0.7935
vn -0.8463 -0.2059 -0.4913
vn -0.8329 -0.3776 -0.4047
vn -0.1785 -0.9469 -0.2674
vn 0.5995 0.3792 0.7048
vn 0.9819 -0.1786 0.0625
vn 0.9123 -0.2974 0.2817
vn 0.7307 0.5581 0.3932
vn -0.6256 0.5435 0.5596
vn -0.4908 0.8707 0.0332
vn 0.0106 -0.1986 -0.9800
vn -0.6598 -0.1466 -0.7370
vn 0.7309 0.1053 0.6743
vn 0.9986 -0.0532 0.0018
vn -0.7273 0.1535 0.6689
vn -0.1928 -0.0000 -0.9812
vn -0.1928 -0.0000 0.9812
vn -0.0000 -0.5079 0.8614
vn -0.0000 -0.5078 0.8615
vn 0.4594 -0.0000 0.8882
vn -0.4594 -0.0000 0.8882
vn 0.0001 -0.0000 1.0000
vn -0.0000 0.5079 0.8614
vn -0.0001 -0.0000 1.0000
vn -0.0000 0.5078 0.8614
vt 0.716454 0.846812
vt 0.674246 0.846812
vt 0.689674 0.858987
vt 0.669183 0.948594
vt 0.711391 0.948594
vt 0.695963 0.936418
vt 0.773838 1.001821
vt 0.792903 0.955794
vt 0.746876 0.936729
vt 0.743671 0.879066
vt 0.724415 0.875141
vt 0.641966 0.916339
vt 0.661222 0.920265
vt 0.727811 0.955794
vt 0.727811 0.982756
vt 0.746876 1.001821
vt 0.792903 0.982757
vt 0.773838 0.936729
vt 0.078850 0.530576
vt 0.028478 0.470054
vt 0.067170 0.546119
vt 0.078866 0.070805
vt 0.028478 0.030184
vt 0.301137 0.530576
vt 0.312816 0.546119
vt 0.351509 0.470055
vt 0.301121 0.070805
vt 0.351509 0.030184
vt 0.040798 0.798828
vt 0.305188 0.779704
vt 0.027147 0.779704
vt 0.031512 0.811431
vt 0.040816 0.949225
vt 0.027165 0.968339
vt 0.291555 0.949215
vt 0.031526 0.936622
vt 0.017811 0.792390
vt 0.017827 0.955653
vt 0.291538 0.798818
vt 0.314526 0.792390
vt 0.314542 0.955653
vt 0.300842 0.936612
vt 0.300827 0.811421
vt 0.305207 0.968339
vt 0.612609 0.847622
vt 0.609908 0.862914
vt 0.625209 0.860309
vt 0.612609 0.990727
vt 0.625209 0.978039
vt 0.609908 0.975435
vt 0.494737 0.846835
vt 0.481815 0.859820
vt 0.497350 0.862585
vt 0.494737 0.991513
vt 0.497350 0.975763
vt 0.481815 0.978528
vt 0.480173 0.700164
vt 0.495484 0.702787
vt 0.492811 0.687547
vt 0.788450 0.700164
vt 0.775812 0.687547
vt 0.773139 0.702787
vt 0.479822 0.818433
vt 0.492591 0.831181
vt 0.495335 0.815854
vt 0.788801 0.818433
vt 0.773288 0.815854
vt 0.776032 0.831181
vt 0.490057 0.660658
vt 0.814897 0.660658
vt 0.783947 0.624146
vt 0.520184 0.624146
vt 0.490074 0.119112
vt 0.520197 0.155316
vt 0.783928 0.155316
vt 0.814873 0.119112
vt 0.479817 0.671921
vt 0.825446 0.671921
vt 0.479816 0.108584
vt 0.825403 0.108584
vt 0.772670 0.608625
vt 0.531135 0.608625
vt 0.531168 0.169718
vt 0.772677 0.169718
vt 0.763778 0.599636
vt 0.539858 0.599636
vt 0.539887 0.178702
vt 0.763790 0.178702
vt 0.714843 0.243950
vt 0.714937 0.546121
vt 0.720833 0.551999
vt 0.720808 0.237975
vt 0.561956 0.226455
vt 0.732693 0.226056
vt 0.737569 0.221171
vt 0.561993 0.221616
vt 0.732656 0.563804
vt 0.737458 0.568595
vt 0.561925 0.238317
vt 0.729097 0.210039
vt 0.562246 0.210464
vt 0.708093 0.539338
vt 0.707929 0.250831
vt 0.703615 0.255154
vt 0.703848 0.535105
vt 0.561890 0.244244
vt 0.729069 0.198878
vt 0.562217 0.199303
vt 0.561856 0.251076
vt 0.562018 0.539582
vt 0.561984 0.546414
vt 0.562054 0.535305
vt 0.561820 0.255354
vt 0.561949 0.552341
vt 0.561918 0.564202
vt 0.561882 0.569041
vt 0.658250 0.881656
vt 0.674702 0.910446
vt 0.673127 0.888395
vt 0.691241 0.875593
vt 0.727387 0.913749
vt 0.710936 0.884959
vt 0.712511 0.907010
vt 0.694396 0.919812
vt 0.741499 0.920303
vt 0.644139 0.875103
vt 0.856131 0.770996
vt 0.856131 0.736709
vt 0.805814 0.736709
vt 0.805814 0.770995
vt 0.856131 0.839570
vt 0.856131 0.805282
vt 0.805814 0.805282
vt 0.805814 0.839569
vt 0.856131 0.873856
vt 0.805814 0.873856
vt 0.856131 0.908143
vt 0.805814 0.908143
vt 0.916970 0.914671
vt 0.913577 0.927084
vt 0.924909 0.939806
vt 0.940982 0.930825
vt 0.929805 0.956125
vt 0.942154 0.959741
vt 0.916342 0.967024
vt 0.924214 0.981112
vt 0.900004 0.972777
vt 0.896612 0.985190
vt 0.957764 0.921447
vt 0.920923 0.898781
vt 0.888672 0.960056
vt 0.872599 0.969037
vt 0.883776 0.943736
vt 0.871426 0.940120
vt 0.957759 0.964702
vt 0.931880 0.994830
vt 0.897239 0.932838
vt 0.889367 0.918749
vt 0.892658 1.001080
vt 0.855817 0.978414
vt 0.855822 0.935159
vt 0.881701 0.905031
vt 0.906790 0.949931
vt 0.248069 0.142599
vt 0.248069 0.443865
vt 0.255232 0.450988
vt 0.255231 0.135475
vt 0.103961 0.114657
vt 0.271812 0.115520
vt 0.276390 0.110970
vt 0.103986 0.109955
vt 0.271812 0.470945
vt 0.276390 0.475494
vt 0.103854 0.134666
vt 0.266789 0.107196
vt 0.104328 0.106240
vt 0.245364 0.145284
vt 0.245364 0.441180
vt 0.103822 0.141964
vt 0.266853 0.096309
vt 0.104393 0.095353
vt 0.103817 0.441214
vt 0.103822 0.444500
vt 0.103817 0.145250
vt 0.103855 0.451798
vt 0.103961 0.471807
vt 0.103986 0.476509
vt 0.086880 0.079675
vt 0.086880 0.521320
vt 0.067170 0.735282
vt 0.028478 0.755889
vt 0.096151 0.707210
vt 0.096151 0.577359
vt 0.080172 0.559684
vt 0.080172 0.723302
vt 0.017815 0.468111
vt 0.017815 0.017811
vt 0.283835 0.577359
vt 0.299815 0.559684
vt 0.283835 0.707210
vt 0.293106 0.521320
vt 0.299815 0.723302
vt 0.017816 0.764071
vt 0.362171 0.764072
vt 0.351509 0.755889
vt 0.362171 0.017811
vt 0.312816 0.735282
vt 0.293106 0.079675
vt 0.362171 0.468111
vt 0.955819 0.728526
vt 0.982189 0.728526
vt 0.982189 0.663280
vt 0.955818 0.663280
vt 0.745234 0.017814
vt 0.745234 0.060037
vt 0.810481 0.060037
vt 0.810481 0.017814
vt 0.871812 0.811034
vt 0.871812 0.876287
vt 0.914035 0.876287
vt 0.914035 0.811034
vt 0.670900 0.060037
vt 0.736153 0.060037
vt 0.736153 0.017814
vt 0.670900 0.017814
vt 0.969771 0.404250
vt 0.939810 0.404250
vt 0.939810 0.469497
vt 0.969771 0.469497
vt 0.969771 0.638579
vt 0.969771 0.478578
vt 0.939810 0.478578
vt 0.939810 0.638579
vt 0.955819 0.737608
vt 0.955819 0.897609
vt 0.982189 0.897609
vt 0.982189 0.737608
vt 0.661819 0.017814
vt 0.661819 0.060037
vt 0.914035 0.801953
vt 0.871812 0.801953
vt 0.819562 0.060037
vt 0.819562 0.017814
vt 0.969771 0.395169
vt 0.939810 0.395169
vt 0.939810 0.647661
vt 0.969771 0.647661
vt 0.914035 0.736706
vt 0.871812 0.736706
vt 0.346757 0.805434
vt 0.339326 0.805434
vt 0.339326 0.818737
vt 0.346757 0.818737
vt 0.331812 0.805434
vt 0.331812 0.818737
vt 0.361702 0.805434
vt 0.354270 0.805434
vt 0.354270 0.818736
vt 0.361702 0.818736
vt 0.339326 0.841451
vt 0.346757 0.841451
vt 0.331812 0.841451
vt 0.354270 0.841451
vt 0.361702 0.841451
vt 0.346757 0.779704
vt 0.339326 0.779704
vt 0.339326 0.791877
vt 0.346757 0.791877
vt 0.331812 0.779704
vt 0.331812 0.791877
vt 0.361702 0.779704
vt 0.354270 0.779704
vt 0.354270 0.791877
vt 0.361702 0.791877
vt 0.105396 0.987903
vt 0.105396 0.983970
vt 0.062825 0.983970
vt 0.062825 0.987903
vt 0.105396 0.991845
vt 0.062825 0.991846
vt 0.230488 0.995778
vt 0.245151 0.995778
vt 0.245151 0.991846
vt 0.230488 0.991846
vt 0.230488 0.999721
vt 0.245151 0.999721
vt 0.230488 0.987903
vt 0.245151 0.987903
vt 0.245151 0.983970
vt 0.230488 0.983970
vt 0.209056 0.995778
vt 0.209056 0.991846
vt 0.209056 0.999721
vt 0.209056 0.987903
vt 0.209056 0.983970
vt 0.105396 0.995778
vt 0.134086 0.995778
vt 0.134085 0.991845
vt 0.105396 0.999721
vt 0.134086 0.999721
vt 0.134085 0.987903
vt 0.134085 0.983970
vt 0.062825 0.995778
vt 0.017814 0.991846
vt 0.017814 0.995778
vt 0.062825 0.999721
vt 0.017814 0.999721
vt 0.017814 0.983970
vt 0.017814 0.987903
vt 0.172342 0.995778
vt 0.172342 0.991846
vt 0.172342 0.999721
vt 0.172342 0.987903
vt 0.172342 0.983970
vt 0.954881 0.079718
vt 0.954881 0.042440
vt 0.947463 0.042440
vt 0.947463 0.079718
vt 0.962525 0.079718
vt 0.962525 0.042440
vt 0.969943 0.079718
vt 0.969943 0.042440
vt 0.939819 0.042440
vt 0.939819 0.079718
vt 0.954881 0.017810
vt 0.947463 0.017810
vt 0.962525 0.017810
vt 0.969943 0.017810
vt 0.939819 0.017810
vt 0.954881 0.269123
vt 0.954881 0.222509
vt 0.947463 0.222509
vt 0.947463 0.269123
vt 0.962525 0.269123
vt 0.962525 0.222509
vt 0.969943 0.269123
vt 0.969943 0.222509
vt 0.939819 0.222509
vt 0.939819 0.269123
vt 0.947463 0.318382
vt 0.954881 0.318382
vt 0.962525 0.318382
vt 0.969943 0.318382
vt 0.947463 0.379540
vt 0.954881 0.379540
vt 0.962525 0.379540
vt 0.969943 0.379540
vt 0.939819 0.318382
vt 0.939819 0.379540
vt 0.954881 0.149716
vt 0.947463 0.149716
vt 0.962525 0.149716
vt 0.969943 0.149716
vt 0.939819 0.149716
vt 0.349101 0.948074
vt 0.355028 0.948074
vt 0.355028 0.933557
vt 0.349101 0.933557
vt 0.331817 0.948074
vt 0.337496 0.948074
vt 0.337496 0.933557
vt 0.331817 0.933557
vt 0.343422 0.948074
vt 0.343422 0.933557
vt 0.349101 0.956308
vt 0.355028 0.956308
vt 0.331817 0.956308
vt 0.337496 0.956308
vt 0.343422 0.956308
vt 0.355027 0.883153
vt 0.349101 0.883153
vt 0.349101 0.904172
vt 0.355028 0.904172
vt 0.337496 0.883153
vt 0.331817 0.883153
vt 0.331817 0.904172
vt 0.337496 0.904172
vt 0.343422 0.883153
vt 0.343422 0.904172
vt 0.355027 0.857081
vt 0.349101 0.857081
vt 0.337496 0.857081
vt 0.331817 0.857081
vt 0.343422 0.857081
vt 0.868804 0.017815
vt 0.868804 0.721084
vt 0.895286 0.721084
vt 0.895286 0.017815
vt 0.922273 0.721084
vt 0.922273 0.017814
vt 0.841817 0.017814
vt 0.841817 0.721084
vt 0.349190 0.973291
vt 0.322709 0.973291
vt 0.317505 0.999772
vt 0.354394 0.999772
vt 0.668293 0.964814
vt 0.641812 0.959611
vt 0.641812 0.996500
vt 0.668293 0.991296
vt 0.452140 0.081166
vt 0.644357 0.081166
vt 0.644357 0.069023
vt 0.437922 0.069023
vt 0.452101 1.002110
vt 0.437678 1.002193
vt 0.392301 1.002120
vt 0.391701 0.030547
vt 0.377814 0.017817
vt 0.377815 1.002122
vt 0.644357 0.030547
vt 0.644357 0.017817
vt 0.459082 0.092952
vt 0.644357 0.092952
vt 0.464774 1.002030
s 1
f 3296/1434/1282 3297/1435/1283 3298/1436/1284
f 3299/1437/1285 3300/1438/1286 3301/1439/1287
s 0
f 3302/1440/1288 3303/1441/1288 3304/1442/1288
s 1
f 3305/1443/1289 3296/1434/1282 3306/1444/1290
f 3306/1444/1290 3296/1434/1282 3298/1436/1284
f 3307/1445/1291 3299/1437/1285 3308/1446/1292
f 3308/1446/1292 3299/1437/1285 3301/1439/1287
s 0
f 3304/1442/1288 3309/1447/1288 3310/1448/1288
f 3310/1448/1288 3311/1449/1288 3302/1440/1288
f 3302/1440/1288 3312/1450/1288 3303/1441/1288
f 3303/1441/1288 3313/1451/1288 3304/1442/1288
f 3304/1442/1288 3310/1448/1288 3302/1440/1288
f 3314/1452/1293 3315/1453/1293 3316/1454/1293
f 3315/1453/1293 3317/1455/1293 3318/1456/1293
f 3319/1457/1293 3320/1458/1293 3321/1459/1293
f 3322/1459/1293 3323/1460/1293 3324/1457/1293
f 3325/1453/1293 3326/1452/1293 3327/1455/1293
f 3321/1459/1293 3328/1461/1293 3329/1460/1293
s 1
f 3330/1462/1294 3331/1463/1295 3332/1464/1296
f 3330/1462/1294 3333/1465/1297 3334/1466/1298
f 3335/1467/1299 3336/1468/1300 3334/1466/1298
f 3337/1469/1301 3338/1470/1302 3339/1471/1303
f 3340/1472/1304 3341/1473/1305 3331/1463/1295
f 3336/1468/1300 3342/1474/1306 3343/1475/1307
f 3339/1471/1303 3334/1466/1298 3337/1469/1301
f 3330/1462/1294 3338/1470/1302 3333/1465/1297
f 3341/1473/1305 3343/1475/1307 3342/1474/1306
f 3330/1462/1294 3340/1472/1304 3331/1463/1295
f 3333/1465/1297 3337/1469/1301 3334/1466/1298
f 3334/1466/1298 3336/1468/1300 3340/1472/1304
f 3336/1468/1300 3343/1475/1307 3340/1472/1304
f 3343/1475/1307 3344/1476/1308 3340/1472/1304
f 3340/1472/1304 3330/1462/1294 3334/1466/1298
f 3335/1467/1299 3345/1477/1309 3336/1468/1300
f 3337/1469/1301 3333/1465/1297 3338/1470/1302
f 3340/1472/1304 3344/1476/1308 3341/1473/1305
f 3336/1468/1300 3345/1477/1309 3342/1474/1306
f 3339/1471/1303 3335/1467/1299 3334/1466/1298
f 3330/1462/1294 3332/1464/1296 3338/1470/1302
f 3341/1473/1305 3344/1476/1308 3343/1475/1307
f 3346/1478/1310 3347/1479/1311 3348/1480/1312
f 3349/1481/1313 3350/1482/1314 3351/1483/1315
f 3352/1484/1316 3353/1485/1317 3354/1486/1318
f 3355/1487/1319 3356/1488/1320 3357/1489/1321
f 3358/1490/1310 3359/1491/1311 3360/1492/1312
f 3361/1493/1313 3362/1494/1314 3363/1495/1315
f 3364/1496/1316 3365/1497/1317 3366/1498/1318
f 3367/1499/1319 3368/1500/1320 3369/1501/1321
s 0
f 3370/1502/1322 3371/1503/1322 3372/1504/1322
f 3370/1502/1322 3372/1504/1322 3373/1505/1322
f 3374/1506/1322 3375/1502/1322 3376/1505/1322
f 3374/1506/1322 3376/1505/1322 3377/1507/1322
f 3378/1506/1322 3379/1507/1322 3380/1508/1322
f 3378/1506/1322 3380/1508/1322 3381/1509/1322
f 3382/1503/1322 3383/1509/1322 3384/1508/1322
f 3382/1503/1322 3384/1508/1322 3385/1504/1322
f 3386/1503/1323 3387/1502/1323 3388/1510/1323
f 3386/1503/1323 3388/1510/1323 3389/1511/1323
f 3390/1502/1324 3391/1506/1324 3392/1512/1324
f 3390/1502/1324 3392/1512/1324 3393/1510/1324
f 3394/1506/1325 3395/1509/1325 3396/1513/1325
f 3394/1506/1325 3396/1513/1325 3397/1512/1325
f 3398/1509/1326 3399/1503/1326 3400/1511/1326
f 3398/1509/1327 3400/1511/1327 3401/1513/1327
f 3402/1505/1328 3403/1504/1328 3404/1514/1328
f 3402/1505/1329 3404/1514/1329 3405/1515/1329
f 3406/1507/1330 3407/1505/1330 3408/1515/1330
f 3406/1507/1330 3408/1515/1330 3409/1516/1330
f 3410/1508/1331 3411/1507/1331 3412/1516/1331
f 3410/1508/1331 3412/1516/1331 3413/1517/1331
f 3414/1504/1332 3415/1508/1332 3416/1517/1332
f 3414/1504/1332 3416/1517/1332 3417/1514/1332
f 3418/1515/1333 3419/1514/1333 3420/1518/1333
f 3418/1515/1333 3420/1518/1333 3421/1519/1333
f 3422/1516/1288 3423/1515/1288 3424/1519/1288
f 3422/1516/1288 3424/1519/1288 3425/1520/1288
f 3426/1517/1334 3427/1516/1334 3428/1520/1334
f 3426/1517/1334 3428/1520/1334 3429/1521/1334
f 3430/1514/1293 3431/1517/1293 3432/1521/1293
f 3430/1514/1293 3432/1521/1293 3433/1518/1293
f 3434/1522/1335 3435/1523/1335 3436/1524/1335
f 3434/1522/1335 3436/1524/1335 3437/1525/1335
f 3438/1526/1336 3439/1527/1336 3440/1528/1336
f 3438/1526/1336 3440/1528/1336 3441/1529/1336
f 3442/1527/1337 3443/1530/1337 3444/1531/1337
f 3442/1527/1337 3444/1531/1337 3445/1528/1337
f 3446/1525/1322 3447/1524/1322 3448/1530/1322
f 3446/1525/1322 3448/1530/1322 3449/1527/1322
f 3450/1532/1322 3451/1525/1322 3452/1527/1322
f 3450/1532/1322 3452/1527/1322 3453/1526/1322
f 3454/1529/1334 3455/1528/1334 3456/1533/1334
f 3454/1529/1334 3456/1533/1334 3457/1534/1334
f 3458/1535/1338 3459/1536/1338 3460/1537/1338
f 3458/1535/1338 3460/1537/1338 3461/1538/1338
f 3462/1539/1339 3463/1522/1339 3464/1525/1339
s 1
f 3462/1539/1339 3464/1525/1339 3465/1532/1339
s 0
f 3466/1534/1340 3467/1533/1340 3468/1540/1340
f 3466/1534/1340 3468/1540/1340 3469/1541/1340
f 3470/1542/1341 3471/1536/1341 3472/1522/1341
f 3470/1542/1341 3472/1522/1341 3473/1539/1341
f 3474/1536/1342 3475/1535/1342 3476/1523/1342
f 3474/1536/1342 3476/1523/1342 3477/1522/1342
f 3478/1535/1343 3479/1543/1343 3480/1544/1343
f 3478/1535/1343 3480/1544/1343 3481/1523/1343
f 3482/1538/1344 3483/1545/1344 3484/1543/1344
f 3482/1538/1345 3484/1543/1345 3485/1535/1345
f 3486/1536/1346 3487/1542/1346 3488/1546/1346
f 3486/1536/1347 3488/1546/1347 3489/1537/1347
f 3490/1524/1322 3491/1547/1322 3492/1548/1322
f 3490/1524/1322 3492/1548/1322 3493/1530/1322
f 3494/1523/1348 3495/1544/1348 3496/1547/1348
f 3494/1523/1348 3496/1547/1348 3497/1524/1348
f 3498/1537/1322 3499/1546/1322 3500/1545/1322
f 3498/1537/1322 3500/1545/1322 3501/1538/1322
f 3502/1530/1349 3503/1548/1349 3504/1549/1349
f 3502/1530/1349 3504/1549/1349 3505/1531/1349
f 3506/1522/1335 3507/1523/1335 3508/1524/1335
f 3506/1522/1335 3508/1524/1335 3509/1525/1335
f 3510/1526/1336 3511/1527/1336 3512/1528/1336
f 3510/1526/1336 3512/1528/1336 3513/1529/1336
f 3514/1527/1337 3515/1530/1337 3516/1531/1337
f 3514/1527/1337 3516/1531/1337 3517/1528/1337
f 3518/1525/1322 3519/1524/1322 3520/1530/1322
f 3518/1525/1322 3520/1530/1322 3521/1527/1322
f 3522/1532/1322 3523/1525/1322 3524/1527/1322
f 3522/1532/1322 3524/1527/1322 3525/1526/1322
f 3526/1529/1334 3527/1528/1334 3528/1533/1334
f 3526/1529/1334 3528/1533/1334 3529/1534/1334
f 3530/1535/1350 3531/1536/1350 3532/1537/1350
f 3530/1535/1338 3532/1537/1338 3533/1538/1338
f 3534/1539/1339 3535/1522/1339 3536/1525/1339
f 3534/1539/1339 3536/1525/1339 3537/1532/1339
f 3538/1534/1340 3539/1533/1340 3540/1540/1340
f 3538/1534/1340 3540/1540/1340 3541/1541/1340
f 3542/1542/1341 3543/1536/1341 3544/1522/1341
f 3542/1542/1341 3544/1522/1341 3545/1539/1341
f 3546/1536/1342 3547/1535/1342 3548/1523/1342
f 3546/1536/1342 3548/1523/1342 3549/1522/1342
f 3550/1535/1343 3551/1543/1343 3552/1544/1343
f 3550/1535/1343 3552/1544/1343 3553/1523/1343
f 3554/1538/1345 3555/1545/1345 3556/1543/1345
f 3554/1538/1351 3556/1543/1351 3557/1535/1351
f 3558/1536/1347 3559/1542/1347 3560/1546/1347
f 3558/1536/1352 3560/1546/1352 3561/1537/1352
f 3562/1524/1322 3563/1547/1322 3564/1548/1322
f 3562/1524/1322 3564/1548/1322 3565/1530/1322
f 3566/1523/1348 3567/1544/1348 3568/1547/1348
f 3566/1523/1348 3568/1547/1348 3569/1524/1348
f 3570/1537/1322 3571/1546/1322 3572/1545/1322
f 3570/1537/1322 3572/1545/1322 3573/1538/1322
s 1
f 3574/1530/1349 3575/1548/1353 3576/1549/1353
f 3574/1530/1349 3576/1549/1353 3577/1531/1349
s 0
f 3578/1522/1354 3579/1525/1354 3580/1524/1354
f 3578/1522/1355 3580/1524/1355 3581/1523/1355
f 3582/1526/1336 3583/1529/1336 3584/1528/1336
f 3582/1526/1356 3584/1528/1356 3585/1527/1356
f 3586/1527/1357 3587/1528/1357 3588/1531/1357
f 3586/1527/1358 3588/1531/1358 3589/1530/1358
f 3590/1525/1322 3591/1527/1322 3592/1530/1322
f 3590/1525/1322 3592/1530/1322 3593/1524/1322
f 3594/1532/1322 3595/1526/1322 3596/1527/1322
f 3594/1532/1322 3596/1527/1322 3597/1525/1322
f 3598/1529/1334 3599/1534/1334 3600/1533/1334
f 3598/1529/1334 3600/1533/1334 3601/1528/1334
f 3602/1535/1359 3603/1538/1359 3604/1537/1359
f 3602/1535/1359 3604/1537/1359 3605/1536/1359
f 3606/1539/1339 3607/1532/1339 3608/1525/1339
f 3606/1539/1339 3608/1525/1339 3609/1522/1339
f 3610/1534/1340 3611/1541/1340 3612/1540/1340
f 3610/1534/1340 3612/1540/1340 3613/1533/1340
f 3614/1542/1341 3615/1539/1341 3616/1522/1341
f 3614/1542/1341 3616/1522/1341 3617/1536/1341
f 3618/1536/1360 3619/1522/1360 3620/1523/1360
f 3618/1536/1360 3620/1523/1360 3621/1535/1360
f 3622/1535/1343 3623/1523/1343 3624/1544/1343
f 3622/1535/1343 3624/1544/1343 3625/1543/1343
f 3626/1538/1351 3627/1535/1351 3628/1543/1351
f 3626/1538/1344 3628/1543/1344 3629/1545/1344
f 3630/1536/1347 3631/1537/1347 3632/1546/1347
f 3630/1536/1346 3632/1546/1346 3633/1542/1346
f 3634/1524/1322 3635/1530/1322 3636/1548/1322
f 3634/1524/1322 3636/1548/1322 3637/1547/1322
f 3638/1523/1348 3639/1524/1348 3640/1547/1348
f 3638/1523/1348 3640/1547/1348 3641/1544/1348
f 3642/1537/1322 3643/1538/1322 3644/1545/1322
f 3642/1537/1322 3644/1545/1322 3645/1546/1322
f 3646/1530/1353 3647/1531/1353 3648/1549/1353
f 3646/1530/1349 3648/1549/1349 3649/1548/1349
f 3650/1522/1354 3651/1525/1354 3652/1524/1354
f 3650/1522/1354 3652/1524/1354 3653/1523/1354
f 3654/1526/1336 3655/1529/1336 3656/1528/1336
f 3654/1526/1336 3656/1528/1336 3657/1527/1336
f 3658/1527/1357 3659/1528/1357 3660/1531/1357
f 3658/1527/1357 3660/1531/1357 3661/1530/1357
f 3662/1525/1322 3663/1527/1322 3664/1530/1322
f 3662/1525/1322 3664/1530/1322 3665/1524/1322
f 3666/1532/1322 3667/1526/1322 3668/1527/1322
f 3666/1532/1322 3668/1527/1322 3669/1525/1322
f 3670/1529/1334 3671/1534/1334 3672/1533/1334
f 3670/1529/1334 3672/1533/1334 3673/1528/1334
f 3674/1535/1359 3675/1538/1359 3676/1537/1359
f 3674/1535/1361 3676/1537/1361 3677/1536/1361
f 3678/1539/1339 3679/1532/1339 3680/1525/1339
f 3678/1539/1339 3680/1525/1339 3681/1522/1339
f 3682/1534/1340 3683/1541/1340 3684/1540/1340
f 3682/1534/1340 3684/1540/1340 3685/1533/1340
f 3686/1542/1341 3687/1539/1341 3688/1522/1341
f 3686/1542/1341 3688/1522/1341 3689/1536/1341
f 3690/1536/1360 3691/1522/1360 3692/1523/1360
f 3690/1536/1360 3692/1523/1360 3693/1535/1360
f 3694/1535/1343 3695/1523/1343 3696/1544/1343
f 3694/1535/1343 3696/1544/1343 3697/1543/1343
f 3698/1538/1351 3699/1535/1351 3700/1543/1351
f 3698/1538/1345 3700/1543/1345 3701/1545/1345
f 3702/1536/1352 3703/1537/1352 3704/1546/1352
f 3702/1536/1347 3704/1546/1347 3705/1542/1347
f 3706/1524/1322 3707/1530/1322 3708/1548/1322
f 3706/1524/1322 3708/1548/1322 3709/1547/1322
f 3710/1523/1348 3711/1524/1348 3712/1547/1348
f 3710/1523/1348 3712/1547/1348 3713/1544/1348
f 3714/1537/1322 3715/1538/1322 3716/1545/1322
f 3714/1537/1322 3716/1545/1322 3717/1546/1322
f 3718/1530/1349 3719/1531/1349 3720/1549/1349
f 3718/1530/1353 3720/1549/1353 3721/1548/1353
f 3722/1502/1293 3723/1503/1293 3724/1504/1293
f 3722/1502/1293 3724/1504/1293 3725/1505/1293
f 3726/1506/1293 3727/1502/1293 3728/1505/1293
f 3726/1506/1293 3728/1505/1293 3729/1507/1293
f 3730/1506/1293 3731/1507/1293 3732/1508/1293
f 3730/1506/1293 3732/1508/1293 3733/1509/1293
f 3734/1503/1293 3735/1509/1293 3736/1508/1293
f 3734/1503/1293 3736/1508/1293 3737/1504/1293
f 3738/1503/1362 3739/1502/1362 3740/1510/1362
f 3738/1503/1362 3740/1510/1362 3741/1511/1362
f 3742/1502/1363 3743/1506/1363 3744/1512/1363
f 3742/1502/1363 3744/1512/1363 3745/1510/1363
f 3746/1506/1364 3747/1509/1364 3748/1513/1364
f 3746/1506/1365 3748/1513/1365 3749/1512/1365
f 3750/1509/1366 3751/1503/1366 3752/1511/1366
f 3750/1509/1366 3752/1511/1366 3753/1513/1366
f 3754/1505/1367 3755/1504/1367 3756/1514/1367
f 3754/1505/1367 3756/1514/1367 3757/1515/1367
f 3758/1507/1368 3759/1505/1368 3760/1515/1368
f 3758/1507/1368 3760/1515/1368 3761/1516/1368
f 3762/1508/1369 3763/1507/1369 3764/1516/1369
f 3762/1508/1369 3764/1516/1369 3765/1517/1369
f 3766/1504/1370 3767/1508/1370 3768/1517/1370
f 3766/1504/1370 3768/1517/1370 3769/1514/1370
f 3770/1515/1333 3771/1514/1333 3772/1518/1333
f 3770/1515/1333 3772/1518/1333 3773/1519/1333
f 3774/1516/1322 3775/1515/1322 3776/1519/1322
f 3774/1516/1322 3776/1519/1322 3777/1520/1322
f 3778/1517/1334 3779/1516/1334 3780/1520/1334
f 3778/1517/1334 3780/1520/1334 3781/1521/1334
f 3782/1514/1371 3783/1517/1371 3784/1521/1371
f 3782/1514/1371 3784/1521/1371 3785/1518/1371
f 3786/1522/1372 3787/1523/1372 3788/1524/1372
f 3786/1522/1372 3788/1524/1372 3789/1525/1372
f 3790/1526/1373 3791/1527/1373 3792/1528/1373
f 3790/1526/1374 3792/1528/1374 3793/1529/1374
f 3794/1527/1375 3795/1530/1375 3796/1531/1375
f 3794/1527/1375 3796/1531/1375 3797/1528/1375
f 3798/1525/1293 3799/1524/1293 3800/1530/1293
f 3798/1525/1293 3800/1530/1293 3801/1527/1293
f 3802/1532/1293 3798/1525/1293 3801/1527/1293
f 3802/1532/1293 3801/1527/1293 3803/1526/1293
f 3804/1529/1334 3805/1528/1334 3806/1533/1334
f 3804/1529/1334 3806/1533/1334 3807/1534/1334
f 3808/1535/1376 3809/1536/1376 3810/1537/1376
f 3808/1535/1376 3810/1537/1376 3811/1538/1376
f 3812/1539/1377 3813/1522/1377 3814/1525/1377
f 3812/1539/1378 3814/1525/1378 3815/1532/1378
f 3816/1534/1379 3817/1533/1379 3818/1540/1379
f 3816/1534/1379 3818/1540/1379 3819/1541/1379
f 3820/1542/1380 3821/1536/1380 3822/1522/1380
f 3820/1542/1381 3822/1522/1381 3823/1539/1381
f 3824/1536/1382 3825/1535/1382 3826/1523/1382
f 3824/1536/1382 3826/1523/1382 3827/1522/1382
f 3828/1535/1383 3829/1543/1383 3830/1544/1383
f 3828/1535/1383 3830/1544/1383 3831/1523/1383
f 3832/1538/1384 3833/1545/1384 3834/1543/1384
f 3832/1538/1385 3834/1543/1385 3835/1535/1385
f 3836/1536/1386 3837/1542/1386 3838/1546/1386
f 3836/1536/1387 3838/1546/1387 3839/1537/1387
f 3799/1524/1293 3840/1547/1293 3841/1548/1293
f 3799/1524/1293 3841/1548/1293 3800/1530/1293
f 3842/1523/1388 3843/1544/1388 3844/1547/1388
f 3842/1523/1389 3844/1547/1389 3845/1524/1389
f 3846/1537/1293 3847/1546/1293 3848/1545/1293
f 3846/1537/1293 3848/1545/1293 3849/1538/1293
f 3850/1530/1390 3851/1548/1390 3852/1549/1390
f 3850/1530/1390 3852/1549/1390 3853/1531/1390
f 3854/1522/1391 3855/1523/1391 3856/1524/1391
f 3854/1522/1391 3856/1524/1391 3857/1525/1391
f 3858/1526/1373 3859/1527/1373 3860/1528/1373
f 3858/1526/1373 3860/1528/1373 3861/1529/1373
f 3862/1527/1392 3863/1530/1392 3864/1531/1392
f 3862/1527/1392 3864/1531/1392 3865/1528/1392
f 3866/1525/1293 3867/1524/1293 3868/1530/1293
f 3866/1525/1293 3868/1530/1293 3869/1527/1293
f 3870/1532/1293 3871/1525/1293 3872/1527/1293
f 3870/1532/1293 3872/1527/1293 3873/1526/1293
f 3874/1529/1334 3875/1528/1334 3876/1533/1334
f 3874/1529/1334 3876/1533/1334 3877/1534/1334
f 3878/1535/1393 3879/1536/1393 3880/1537/1393
f 3878/1535/1393 3880/1537/1393 3881/1538/1393
f 3882/1539/1377 3883/1522/1377 3884/1525/1377
f 3882/1539/1377 3884/1525/1377 3885/1532/1377
f 3886/1534/1394 3887/1533/1394 3888/1540/1394
f 3886/1534/1379 3888/1540/1379 3889/1541/1379
f 3890/1542/1380 3891/1536/1380 3892/1522/1380
f 3890/1542/1381 3892/1522/1381 3893/1539/1381
f 3894/1536/1382 3895/1535/1382 3896/1523/1382
f 3894/1536/1382 3896/1523/1382 3897/1522/1382
f 3898/1535/1395 3899/1543/1395 3900/1544/1395
f 3898/1535/1383 3900/1544/1383 3901/1523/1383
f 3902/1538/1396 3903/1545/1396 3904/1543/1396
f 3902/1538/1385 3904/1543/1385 3905/1535/1385
f 3906/1536/1386 3907/1542/1386 3908/1546/1386
f 3906/1536/1386 3908/1546/1386 3909/1537/1386
f 3910/1524/1293 3911/1547/1293 3912/1548/1293
f 3910/1524/1293 3912/1548/1293 3913/1530/1293
f 3914/1523/1397 3915/1544/1397 3916/1547/1397
f 3914/1523/1397 3916/1547/1397 3917/1524/1397
f 3918/1537/1293 3919/1546/1293 3920/1545/1293
f 3918/1537/1293 3920/1545/1293 3921/1538/1293
f 3922/1530/1390 3923/1548/1390 3924/1549/1390
f 3922/1530/1390 3924/1549/1390 3925/1531/1390
f 3926/1522/1398 3927/1525/1398 3928/1524/1398
f 3926/1522/1398 3928/1524/1398 3929/1523/1398
f 3930/1526/1374 3931/1529/1374 3932/1528/1374
f 3930/1526/1374 3932/1528/1374 3933/1527/1374
f 3934/1527/1399 3935/1528/1399 3936/1531/1399
f 3934/1527/1399 3936/1531/1399 3937/1530/1399
f 3938/1525/1293 3939/1527/1293 3940/1530/1293
f 3938/1525/1293 3940/1530/1293 3941/1524/1293
f 3942/1532/1293 3943/1526/1293 3944/1527/1293
f 3942/1532/1293 3944/1527/1293 3945/1525/1293
f 3804/1529/1334 3946/1534/1334 3947/1533/1334
f 3804/1529/1334 3947/1533/1334 3948/1528/1334
f 3949/1535/1400 3950/1538/1400 3951/1537/1400
f 3949/1535/1400 3951/1537/1400 3952/1536/1400
f 3953/1539/1377 3954/1532/1377 3955/1525/1377
f 3953/1539/1401 3955/1525/1401 3956/1522/1401
f 3957/1534/1379 3958/1541/1379 3959/1540/1379
f 3957/1534/1379 3959/1540/1379 3960/1533/1379
f 3961/1542/1381 3962/1539/1381 3963/1522/1381
f 3961/1542/1381 3963/1522/1381 3964/1536/1381
f 3965/1536/1402 3966/1522/1402 3967/1523/1402
f 3965/1536/1402 3967/1523/1402 3968/1535/1402
f 3969/1535/1383 3970/1523/1383 3971/1544/1383
f 3969/1535/1383 3971/1544/1383 3972/1543/1383
f 3973/1538/1385 3974/1535/1385 3975/1543/1385
f 3973/1538/1384 3975/1543/1384 3976/1545/1384
f 3977/1536/1387 3978/1537/1387 3979/1546/1387
f 3977/1536/1386 3979/1546/1386 3980/1542/1386
f 3941/1524/1293 3940/1530/1293 3841/1548/1293
f 3941/1524/1293 3841/1548/1293 3840/1547/1293
f 3981/1523/1397 3982/1524/1397 3983/1547/1397
f 3981/1523/1388 3983/1547/1388 3984/1544/1388
f 3985/1537/1293 3986/1538/1293 3848/1545/1293
f 3985/1537/1293 3848/1545/1293 3847/1546/1293
f 3987/1530/1390 3988/1531/1390 3989/1549/1390
f 3987/1530/1390 3989/1549/1390 3990/1548/1390
f 3991/1522/1403 3992/1525/1403 3993/1524/1403
f 3991/1522/1403 3993/1524/1403 3994/1523/1403
f 3995/1526/1404 3996/1529/1404 3997/1528/1404
f 3995/1526/1373 3997/1528/1373 3998/1527/1373
f 3999/1527/1405 4000/1528/1405 4001/1531/1405
f 3999/1527/1405 4001/1531/1405 4002/1530/1405
f 4003/1525/1293 4004/1527/1293 4005/1530/1293
f 4003/1525/1293 4005/1530/1293 4006/1524/1293
f 4007/1532/1293 4008/1526/1293 4009/1527/1293
f 4007/1532/1293 4009/1527/1293 4010/1525/1293
f 3874/1529/1334 4011/1534/1334 4012/1533/1334
f 3874/1529/1334 4012/1533/1334 4013/1528/1334
f 4014/1535/1406 4015/1538/1406 4016/1537/1406
f 4014/1535/1406 4016/1537/1406 4017/1536/1406
f 4018/1539/1377 4019/1532/1377 4020/1525/1377
f 4018/1539/1377 4020/1525/1377 4021/1522/1377
f 4022/1534/1379 4023/1541/1379 4024/1540/1379
f 4022/1534/1379 4024/1540/1379 4025/1533/1379
f 4026/1542/1381 4027/1539/1381 4028/1522/1381
f 4026/1542/1380 4028/1522/1380 4029/1536/1380
f 4030/1536/1402 4031/1522/1402 4032/1523/1402
f 4030/1536/1402 4032/1523/1402 4033/1535/1402
f 4034/1535/1383 4035/1523/1383 4036/1544/1383
f 4034/1535/1395 4036/1544/1395 4037/1543/1395
f 4038/1538/1385 4039/1535/1385 4040/1543/1385
f 4038/1538/1385 4040/1543/1385 4041/1545/1385
f 4042/1536/1386 4043/1537/1386 4044/1546/1386
f 4042/1536/1386 4044/1546/1386 4045/1542/1386
f 4046/1524/1293 4047/1530/1293 4048/1548/1293
f 4046/1524/1293 4048/1548/1293 4049/1547/1293
f 4050/1523/1407 4051/1524/1407 4052/1547/1407
f 4050/1523/1397 4052/1547/1397 4053/1544/1397
f 4054/1537/1293 4055/1538/1293 3920/1545/1293
f 4054/1537/1293 3920/1545/1293 3919/1546/1293
f 4056/1530/1390 4057/1531/1390 4058/1549/1390
f 4056/1530/1390 4058/1549/1390 4059/1548/1390
f 4060/1502/1293 4061/1503/1293 4062/1504/1293
f 4060/1502/1293 4062/1504/1293 4063/1505/1293
f 4064/1506/1293 4065/1502/1293 4066/1505/1293
f 4064/1506/1293 4066/1505/1293 4067/1507/1293
f 4068/1506/1293 4069/1507/1293 4070/1508/1293
f 4068/1506/1293 4070/1508/1293 4071/1509/1293
f 4072/1503/1293 4073/1509/1293 4074/1508/1293
f 4072/1503/1293 4074/1508/1293 4075/1504/1293
f 4076/1503/1408 4077/1502/1408 4078/1510/1408
f 4076/1503/1362 4078/1510/1362 4079/1511/1362
f 4080/1502/1409 4081/1506/1409 4082/1512/1409
f 4080/1502/1363 4082/1512/1363 4083/1510/1363
f 4084/1506/1365 4085/1509/1365 4086/1513/1365
f 4084/1506/1365 4086/1513/1365 4087/1512/1365
f 4088/1509/1410 4089/1503/1410 4090/1511/1410
f 4088/1509/1366 4090/1511/1366 4091/1513/1366
f 4092/1505/1411 4093/1504/1411 4094/1514/1411
f 4092/1505/1411 4094/1514/1411 4095/1515/1411
f 4096/1507/1368 4097/1505/1368 4098/1515/1368
f 4096/1507/1368 4098/1515/1368 4099/1516/1368
f 4100/1508/1369 4101/1507/1369 4102/1516/1369
s 1
f 4100/1508/1369 4102/1516/1369 4103/1517/1369
s 0
f 4104/1504/1370 4105/1508/1370 4106/1517/1370
f 4104/1504/1370 4106/1517/1370 4107/1514/1370
f 4108/1515/1333 4109/1514/1333 4110/1518/1333
f 4108/1515/1333 4110/1518/1333 4111/1519/1333
f 4112/1516/1322 4113/1515/1322 4114/1519/1322
f 4112/1516/1322 4114/1519/1322 4115/1520/1322
f 4116/1517/1334 4117/1516/1334 4118/1520/1334
f 4116/1517/1334 4118/1520/1334 4119/1521/1334
f 4120/1514/1371 4121/1517/1371 4122/1521/1371
f 4120/1514/1371 4122/1521/1371 4123/1518/1371
f 4124/1522/1372 4125/1523/1372 4126/1524/1372
f 4124/1522/1372 4126/1524/1372 4127/1525/1372
f 4128/1526/1373 4129/1527/1373 4130/1528/1373
s 1
f 4128/1526/1374 4130/1528/1374 4131/1529/1374
s 0
f 4132/1527/1375 4133/1530/1375 4134/1531/1375
f 4132/1527/1375 4134/1531/1375 4135/1528/1375
f 4136/1525/1293 4137/1524/1293 4138/1530/1293
f 4136/1525/1293 4138/1530/1293 4139/1527/1293
f 4140/1532/1293 4136/1525/1293 4139/1527/1293
f 4140/1532/1293 4139/1527/1293 4141/1526/1293
f 4142/1529/1334 4143/1528/1334 4144/1533/1334
f 4142/1529/1334 4144/1533/1334 4145/1534/1334
f 4146/1535/1376 4147/1536/1376 4148/1537/1376
f 4146/1535/1376 4148/1537/1376 4149/1538/1376
f 4150/1539/1377 4151/1522/1377 4152/1525/1377
f 4150/1539/1378 4152/1525/1378 4153/1532/1378
f 4154/1534/1379 4155/1533/1379 4156/1540/1379
f 4154/1534/1379 4156/1540/1379 4157/1541/1379
f 4158/1542/1380 4159/1536/1380 4160/1522/1380
f 4158/1542/1381 4160/1522/1381 4161/1539/1381
f 4162/1536/1382 4163/1535/1382 4164/1523/1382
f 4162/1536/1382 4164/1523/1382 4165/1522/1382
f 4166/1535/1383 4167/1543/1383 4168/1544/1383
f 4166/1535/1395 4168/1544/1395 4169/1523/1395
f 4170/1538/1385 4171/1545/1385 4172/1543/1385
f 4170/1538/1384 4172/1543/1384 4173/1535/1384
f 4174/1536/1387 4175/1542/1387 4176/1546/1387
f 4174/1536/1386 4176/1546/1386 4177/1537/1386
f 4137/1524/1293 4178/1547/1293 4179/1548/1293
f 4137/1524/1293 4179/1548/1293 4138/1530/1293
f 4180/1523/1388 4181/1544/1388 4182/1547/1388
f 4180/1523/1389 4182/1547/1389 4183/1524/1389
f 4184/1537/1293 4185/1546/1293 4186/1545/1293
f 4184/1537/1293 4186/1545/1293 4187/1538/1293
f 4188/1530/1390 4189/1548/1390 4190/1549/1390
f 4188/1530/1412 4190/1549/1412 4191/1531/1412
f 4192/1522/1391 4193/1523/1391 4194/1524/1391
f 4192/1522/1391 4194/1524/1391 4195/1525/1391
f 4196/1526/1373 4197/1527/1373 4198/1528/1373
f 4196/1526/1373 4198/1528/1373 4199/1529/1373
f 4200/1527/1392 4201/1530/1392 4202/1531/1392
f 4200/1527/1392 4202/1531/1392 4203/1528/1392
f 4204/1525/1293 4205/1524/1293 4206/1530/1293
f 4204/1525/1293 4206/1530/1293 4207/1527/1293
f 4208/1532/1293 4209/1525/1293 4210/1527/1293
f 4208/1532/1293 4210/1527/1293 4211/1526/1293
f 4212/1529/1334 4213/1528/1334 4214/1533/1334
f 4212/1529/1334 4214/1533/1334 4215/1534/1334
f 4216/1535/1376 4217/1536/1376 4218/1537/1376
f 4216/1535/1376 4218/1537/1376 4219/1538/1376
f 4220/1539/1377 4221/1522/1377 4222/1525/1377
f 4220/1539/1413 4222/1525/1413 4223/1532/1413
f 4224/1534/1379 4225/1533/1379 4226/1540/1379
f 4224/1534/1394 4226/1540/1394 4227/1541/1394
f 4228/1542/1380 4229/1536/1380 4230/1522/1380
f 4228/1542/1380 4230/1522/1380 4231/1539/1380
f 4232/1536/1382 4233/1535/1382 4234/1523/1382
f 4232/1536/1382 4234/1523/1382 4235/1522/1382
f 4236/1535/1395 4237/1543/1395 4238/1544/1395
f 4236/1535/1395 4238/1544/1395 4239/1523/1395
f 4240/1538/1385 4241/1545/1385 4242/1543/1385
f 4240/1538/1385 4242/1543/1385 4243/1535/1385
f 4244/1536/1387 4245/1542/1387 4246/1546/1387
f 4244/1536/1386 4246/1546/1386 4247/1537/1386
f 4248/1524/1293 4249/1547/1293 4250/1548/1293
f 4248/1524/1293 4250/1548/1293 4251/1530/1293
f 4252/1523/1397 4253/1544/1397 4254/1547/1397
f 4252/1523/1407 4254/1547/1407 4255/1524/1407
f 4256/1537/1293 4257/1546/1293 4258/1545/1293
f 4256/1537/1293 4258/1545/1293 4259/1538/1293
f 4260/1530/1390 4261/1548/1390 4262/1549/1390
f 4260/1530/1390 4262/1549/1390 4263/1531/1390
f 4264/1522/1398 4265/1525/1398 4266/1524/1398
f 4264/1522/1398 4266/1524/1398 4267/1523/1398
f 4268/1526/1374 4269/1529/1374 4270/1528/1374
f 4268/1526/1374 4270/1528/1374 4271/1527/1374
s 1
f 4272/1527/1399 4273/1528/1399 4274/1531/1399
s 0
f 4272/1527/1399 4274/1531/1399 4275/1530/1399
f 4276/1525/1293 4277/1527/1293 4278/1530/1293
f 4276/1525/1293 4278/1530/1293 4279/1524/1293
f 4280/1532/1293 4281/1526/1293 4282/1527/1293
f 4280/1532/1293 4282/1527/1293 4283/1525/1293
f 4142/1529/1334 4284/1534/1334 4285/1533/1334
f 4142/1529/1334 4285/1533/1334 4286/1528/1334
f 4287/1535/1400 4288/1538/1400 4289/1537/1400
f 4287/1535/1400 4289/1537/1400 4290/1536/1400
f 4291/1539/1377 4292/1532/1377 4293/1525/1377
f 4291/1539/1401 4293/1525/1401 4294/1522/1401
f 4295/1534/1379 4296/1541/1379 4297/1540/1379
f 4295/1534/1379 4297/1540/1379 4298/1533/1379
f 4299/1542/1380 4300/1539/1380 4301/1522/1380
f 4299/1542/1381 4301/1522/1381 4302/1536/1381
f 4303/1536/1402 4304/1522/1402 4305/1523/1402
f 4303/1536/1402 4305/1523/1402 4306/1535/1402
f 4307/1535/1395 4308/1523/1395 4309/1544/1395
f 4307/1535/1383 4309/1544/1383 4310/1543/1383
f 4311/1538/1385 4312/1535/1385 4313/1543/1385
f 4311/1538/1385 4313/1543/1385 4314/1545/1385
f 4315/1536/1386 4316/1537/1386 4317/1546/1386
f 4315/1536/1387 4317/1546/1387 4318/1542/1387
f 4279/1524/1293 4278/1530/1293 4179/1548/1293
f 4279/1524/1293 4179/1548/1293 4178/1547/1293
f 4319/1523/1397 4320/1524/1397 4321/1547/1397
f 4319/1523/1388 4321/1547/1388 4322/1544/1388
f 4323/1537/1293 4324/1538/1293 4186/1545/1293
f 4323/1537/1293 4186/1545/1293 4185/1546/1293
f 4325/1530/1412 4326/1531/1412 4327/1549/1412
f 4325/1530/1390 4327/1549/1390 4328/1548/1390
f 4329/1522/1403 4330/1525/1403 4331/1524/1403
f 4329/1522/1403 4331/1524/1403 4332/1523/1403
f 4333/1526/1373 4334/1529/1373 4335/1528/1373
f 4333/1526/1404 4335/1528/1404 4336/1527/1404
f 4337/1527/1405 4338/1528/1405 4339/1531/1405
f 4337/1527/1405 4339/1531/1405 4340/1530/1405
f 4341/1525/1293 4342/1527/1293 4343/1530/1293
f 4341/1525/1293 4343/1530/1293 4344/1524/1293
f 4345/1532/1293 4346/1526/1293 4347/1527/1293
f 4345/1532/1293 4347/1527/1293 4348/1525/1293
f 4212/1529/1334 4349/1534/1334 4350/1533/1334
f 4212/1529/1334 4350/1533/1334 4351/1528/1334
f 4352/1535/1400 4353/1538/1400 4354/1537/1400
f 4352/1535/1406 4354/1537/1406 4355/1536/1406
f 4356/1539/1377 4357/1532/1377 4358/1525/1377
f 4356/1539/1377 4358/1525/1377 4359/1522/1377
f 4360/1534/1379 4361/1541/1379 4362/1540/1379
f 4360/1534/1379 4362/1540/1379 4363/1533/1379
f 4364/1542/1380 4365/1539/1380 4366/1522/1380
f 4364/1542/1380 4366/1522/1380 4367/1536/1380
f 4368/1536/1402 4369/1522/1402 4370/1523/1402
f 4368/1536/1402 4370/1523/1402 4371/1535/1402
f 4372/1535/1395 4373/1523/1395 4374/1544/1395
f 4372/1535/1395 4374/1544/1395 4375/1543/1395
f 4376/1538/1385 4377/1535/1385 4378/1543/1385
f 4376/1538/1385 4378/1543/1385 4379/1545/1385
f 4380/1536/1386 4381/1537/1386 4382/1546/1386
s 1
f 4380/1536/1387 4382/1546/1387 4383/1542/1387
s 0
f 4384/1524/1293 4385/1530/1293 4386/1548/1293
f 4384/1524/1293 4386/1548/1293 4387/1547/1293
f 4388/1523/1407 4389/1524/1407 4390/1547/1407
f 4388/1523/1397 4390/1547/1397 4391/1544/1397
f 4392/1537/1293 4393/1538/1293 4258/1545/1293
f 4392/1537/1293 4258/1545/1293 4257/1546/1293
f 4394/1530/1390 4395/1531/1390 4396/1549/1390
f 4394/1530/1390 4396/1549/1390 4397/1548/1390
f 4398/1502/1293 4399/1503/1293 4400/1504/1293
f 4398/1502/1293 4400/1504/1293 4401/1505/1293
f 4402/1506/1293 4403/1502/1293 4404/1505/1293
f 4402/1506/1293 4404/1505/1293 4405/1507/1293
f 4406/1506/1293 4407/1507/1293 4408/1508/1293
f 4406/1506/1293 4408/1508/1293 4409/1509/1293
f 4410/1503/1293 4411/1509/1293 4412/1508/1293
f 4410/1503/1293 4412/1508/1293 4413/1504/1293
f 4414/1503/1408 4415/1502/1408 4416/1510/1408
f 4414/1503/1362 4416/1510/1362 4417/1511/1362
f 4418/1502/1363 4419/1506/1363 4420/1512/1363
f 4418/1502/1363 4420/1512/1363 4421/1510/1363
f 4422/1506/1364 4423/1509/1364 4424/1513/1364
f 4422/1506/1365 4424/1513/1365 4425/1512/1365
f 4426/1509/1366 4427/1503/1366 4428/1511/1366
f 4426/1509/1366 4428/1511/1366 4429/1513/1366
f 4430/1505/1367 4431/1504/1367 4432/1514/1367
f 4430/1505/1411 4432/1514/1411 4433/1515/1411
f 4434/1507/1368 4435/1505/1368 4436/1515/1368
f 4434/1507/1368 4436/1515/1368 4437/1516/1368
s 1
f 4438/1508/1414 4439/1507/1414 4440/1516/1414
s 0
f 4438/1508/1369 4440/1516/1369 4441/1517/1369
f 4442/1504/1370 4443/1508/1370 4444/1517/1370
f 4442/1504/1370 4444/1517/1370 4445/1514/1370
f 4446/1515/1333 4447/1514/1333 4448/1518/1333
f 4446/1515/1333 4448/1518/1333 4449/1519/1333
f 4450/1516/1322 4451/1515/1322 4452/1519/1322
f 4450/1516/1322 4452/1519/1322 4453/1520/1322
f 4454/1517/1334 4455/1516/1334 4456/1520/1334
f 4454/1517/1334 4456/1520/1334 4457/1521/1334
f 4458/1514/1371 4459/1517/1371 4460/1521/1371
f 4458/1514/1371 4460/1521/1371 4461/1518/1371
f 4462/1522/1372 4463/1523/1372 4464/1524/1372
f 4462/1522/1372 4464/1524/1372 4465/1525/1372
f 4466/1526/1374 4467/1527/1374 4468/1528/1374
f 4466/1526/1374 4468/1528/1374 4469/1529/1374
f 4470/1527/1375 4471/1530/1375 4472/1531/1375
f 4470/1527/1375 4472/1531/1375 4473/1528/1375
f 4474/1525/1293 4475/1524/1293 4476/1530/1293
f 4474/1525/1293 4476/1530/1293 4477/1527/1293
f 4478/1532/1293 4474/1525/1293 4477/1527/1293
f 4478/1532/1293 4477/1527/1293 4479/1526/1293
f 4480/1529/1334 4481/1528/1334 4482/1533/1334
f 4480/1529/1334 4482/1533/1334 4483/1534/1334
f 4484/1535/1393 4485/1536/1393 4486/1537/1393
f 4484/1535/1376 4486/1537/1376 4487/1538/1376
f 4488/1539/1401 4489/1522/1401 4490/1525/1401
f 4488/1539/1377 4490/1525/1377 4491/1532/1377
f 4492/1534/1379 4493/1533/1379 4494/1540/1379
f 4492/1534/1379 4494/1540/1379 4495/1541/1379
f 4496/1542/1381 4497/1536/1381 4498/1522/1381
f 4496/1542/1380 4498/1522/1380 4499/1539/1380
f 4500/1536/1415 4501/1535/1415 4502/1523/1415
f 4500/1536/1415 4502/1523/1415 4503/1522/1415
f 4504/1535/1383 4505/1543/1383 4506/1544/1383
f 4504/1535/1395 4506/1544/1395 4507/1523/1395
f 4508/1538/1385 4509/1545/1385 4510/1543/1385
f 4508/1538/1385 4510/1543/1385 4511/1535/1385
f 4512/1536/1386 4513/1542/1386 4514/1546/1386
f 4512/1536/1387 4514/1546/1387 4515/1537/1387
f 4475/1524/1293 4516/1547/1293 4517/1548/1293
f 4475/1524/1293 4517/1548/1293 4476/1530/1293
f 4518/1523/1388 4519/1544/1388 4520/1547/1388
f 4518/1523/1397 4520/1547/1397 4521/1524/1397
f 4522/1537/1293 4523/1546/1293 4524/1545/1293
f 4522/1537/1293 4524/1545/1293 4525/1538/1293
f 4526/1530/1390 4527/1548/1390 4528/1549/1390
f 4526/1530/1412 4528/1549/1412 4529/1531/1412
f 4530/1522/1391 4531/1523/1391 4532/1524/1391
f 4530/1522/1391 4532/1524/1391 4533/1525/1391
f 4534/1526/1404 4535/1527/1404 4536/1528/1404
s 1
f 4534/1526/1373 4536/1528/1373 4537/1529/1373
s 0
f 4538/1527/1392 4539/1530/1392 4540/1531/1392
f 4538/1527/1392 4540/1531/1392 4541/1528/1392
f 4542/1525/1293 4543/1524/1293 4544/1530/1293
f 4542/1525/1293 4544/1530/1293 4545/1527/1293
f 4546/1532/1293 4542/1525/1293 4545/1527/1293
f 4546/1532/1293 4545/1527/1293 4547/1526/1293
f 4548/1529/1334 4549/1528/1334 4550/1533/1334
f 4548/1529/1334 4550/1533/1334 4551/1534/1334
f 4552/1535/1393 4553/1536/1393 4554/1537/1393
f 4552/1535/1376 4554/1537/1376 4555/1538/1376
f 4556/1539/1377 4557/1522/1377 4558/1525/1377
f 4556/1539/1377 4558/1525/1377 4559/1532/1377
f 4560/1534/1394 4561/1533/1394 4562/1540/1394
f 4560/1534/1379 4562/1540/1379 4563/1541/1379
f 4564/1542/1381 4565/1536/1381 4566/1522/1381
f 4564/1542/1380 4566/1522/1380 4567/1539/1380
f 4568/1536/1382 4569/1535/1382 4570/1523/1382
f 4568/1536/1382 4570/1523/1382 4571/1522/1382
f 4572/1535/1383 4573/1543/1383 4574/1544/1383
f 4572/1535/1383 4574/1544/1383 4575/1523/1383
f 4576/1538/1396 4577/1545/1396 4578/1543/1396
f 4576/1538/1396 4578/1543/1396 4579/1535/1396
f 4580/1536/1386 4581/1542/1386 4582/1546/1386
f 4580/1536/1386 4582/1546/1386 4583/1537/1386
f 4543/1524/1293 4584/1547/1293 4585/1548/1293
f 4543/1524/1293 4585/1548/1293 4544/1530/1293
f 4586/1523/1397 4587/1544/1397 4588/1547/1397
f 4586/1523/1397 4588/1547/1397 4589/1524/1397
f 4590/1537/1293 4591/1546/1293 4592/1545/1293
f 4590/1537/1293 4592/1545/1293 4593/1538/1293
f 4594/1530/1416 4595/1548/1416 4596/1549/1416
f 4594/1530/1390 4596/1549/1390 4597/1531/1390
f 4598/1522/1398 4599/1525/1398 4600/1524/1398
f 4598/1522/1398 4600/1524/1398 4601/1523/1398
f 4602/1526/1374 4603/1529/1374 4604/1528/1374
f 4602/1526/1373 4604/1528/1373 4605/1527/1373
f 4606/1527/1405 4607/1528/1405 4608/1531/1405
f 4606/1527/1399 4608/1531/1399 4609/1530/1399
f 4610/1525/1293 4611/1527/1293 4612/1530/1293
f 4610/1525/1293 4612/1530/1293 4613/1524/1293
f 4614/1532/1293 4615/1526/1293 4616/1527/1293
f 4614/1532/1293 4616/1527/1293 4617/1525/1293
f 4618/1529/1334 4619/1534/1334 4620/1533/1334
f 4618/1529/1334 4620/1533/1334 4621/1528/1334
f 4622/1535/1406 4623/1538/1406 4624/1537/1406
f 4622/1535/1400 4624/1537/1400 4625/1536/1400
f 4626/1539/1377 4627/1532/1377 4628/1525/1377
f 4626/1539/1377 4628/1525/1377 4629/1522/1377
f 4630/1534/1379 4631/1541/1379 4632/1540/1379
f 4630/1534/1379 4632/1540/1379 4633/1533/1379
f 4634/1542/1381 4635/1539/1381 4636/1522/1381
f 4634/1542/1381 4636/1522/1381 4637/1536/1381
f 4638/1536/1402 4639/1522/1402 4640/1523/1402
f 4638/1536/1402 4640/1523/1402 4641/1535/1402
f 4642/1535/1383 4643/1523/1383 4644/1544/1383
f 4642/1535/1383 4644/1544/1383 4645/1543/1383
f 4646/1538/1385 4647/1535/1385 4648/1543/1385
f 4646/1538/1385 4648/1543/1385 4649/1545/1385
f 4650/1536/1386 4651/1537/1386 4652/1546/1386
f 4650/1536/1386 4652/1546/1386 4653/1542/1386
f 4654/1524/1293 4655/1530/1293 4656/1548/1293
f 4654/1524/1293 4656/1548/1293 4657/1547/1293
f 4658/1523/1397 4659/1524/1397 4660/1547/1397
f 4658/1523/1389 4660/1547/1389 4661/1544/1389
f 4662/1537/1293 4663/1538/1293 4664/1545/1293
f 4662/1537/1293 4664/1545/1293 4665/1546/1293
f 4666/1530/1412 4667/1531/1412 4668/1549/1412
f 4666/1530/1390 4668/1549/1390 4669/1548/1390
f 4670/1522/1417 4671/1525/1417 4672/1524/1417
f 4670/1522/1403 4672/1524/1403 4673/1523/1403
f 4674/1526/1373 4675/1529/1373 4676/1528/1373
f 4674/1526/1404 4676/1528/1404 4677/1527/1404
f 4678/1527/1405 4679/1528/1405 4680/1531/1405
f 4678/1527/1405 4680/1531/1405 4681/1530/1405
f 4682/1525/1293 4683/1527/1293 4684/1530/1293
f 4682/1525/1293 4684/1530/1293 4685/1524/1293
f 4686/1532/1293 4687/1526/1293 4688/1527/1293
f 4686/1532/1293 4688/1527/1293 4689/1525/1293
f 4690/1529/1334 4691/1534/1334 4692/1533/1334
f 4690/1529/1334 4692/1533/1334 4693/1528/1334
f 4694/1535/1418 4695/1538/1418 4696/1537/1418
f 4694/1535/1406 4696/1537/1406 4697/1536/1406
f 4698/1539/1377 4699/1532/1377 4700/1525/1377
f 4698/1539/1377 4700/1525/1377 4701/1522/1377
f 4702/1534/1379 4703/1541/1379 4704/1540/1379
f 4702/1534/1379 4704/1540/1379 4705/1533/1379
f 4706/1542/1381 4707/1539/1381 4708/1522/1381
f 4706/1542/1380 4708/1522/1380 4709/1536/1380
f 4710/1536/1402 4711/1522/1402 4712/1523/1402
f 4710/1536/1402 4712/1523/1402 4713/1535/1402
f 4714/1535/1383 4715/1523/1383 4716/1544/1383
f 4714/1535/1395 4716/1544/1395 4717/1543/1395
f 4718/1538/1385 4719/1535/1385 4720/1543/1385
f 4718/1538/1396 4720/1543/1396 4721/1545/1396
f 4722/1536/1386 4723/1537/1386 4724/1546/1386
f 4722/1536/1386 4724/1546/1386 4725/1542/1386
f 4726/1524/1293 4727/1530/1293 4728/1548/1293
f 4726/1524/1293 4728/1548/1293 4729/1547/1293
f 4730/1523/1397 4731/1524/1397 4732/1547/1397
f 4730/1523/1397 4732/1547/1397 4733/1544/1397
f 4734/1537/1293 4735/1538/1293 4736/1545/1293
f 4734/1537/1293 4736/1545/1293 4737/1546/1293
f 4738/1530/1390 4739/1531/1390 4740/1549/1390
f 4738/1530/1390 4740/1549/1390 4741/1548/1390
f 4742/1502/1322 4743/1503/1322 4744/1504/1322
f 4742/1502/1322 4744/1504/1322 4745/1505/1322
f 4746/1506/1322 4747/1502/1322 4748/1505/1322
f 4746/1506/1322 4748/1505/1322 4749/1507/1322
f 4750/1506/1322 4751/1507/1322 4752/1508/1322
f 4750/1506/1322 4752/1508/1322 4753/1509/1322
f 4754/1503/1322 4755/1509/1322 4756/1508/1322
f 4754/1503/1322 4756/1508/1322 4757/1504/1322
f 4758/1503/1323 4759/1502/1323 4760/1510/1323
f 4758/1503/1323 4760/1510/1323 4761/1511/1323
f 4762/1502/1324 4763/1506/1324 4764/1512/1324
f 4762/1502/1419 4764/1512/1419 4765/1510/1419
f 4766/1506/1325 4767/1509/1325 4768/1513/1325
f 4766/1506/1325 4768/1513/1325 4769/1512/1325
f 4770/1509/1326 4771/1503/1326 4772/1511/1326
f 4770/1509/1326 4772/1511/1326 4773/1513/1326
f 4774/1505/1328 4775/1504/1328 4776/1514/1328
f 4774/1505/1329 4776/1514/1329 4777/1515/1329
f 4778/1507/1330 4779/1505/1330 4780/1515/1330
f 4778/1507/1330 4780/1515/1330 4781/1516/1330
f 4782/1508/1331 4783/1507/1331 4784/1516/1331
f 4782/1508/1331 4784/1516/1331 4785/1517/1331
f 4786/1504/1332 4787/1508/1332 4788/1517/1332
f 4786/1504/1332 4788/1517/1332 4789/1514/1332
f 4790/1515/1333 4791/1514/1333 4792/1518/1333
f 4790/1515/1333 4792/1518/1333 4793/1519/1333
f 4794/1516/1288 4795/1515/1288 4796/1519/1288
f 4794/1516/1288 4796/1519/1288 4797/1520/1288
f 4798/1517/1334 4799/1516/1334 4800/1520/1334
f 4798/1517/1334 4800/1520/1334 4801/1521/1334
f 4802/1514/1293 4803/1517/1293 4804/1521/1293
f 4802/1514/1293 4804/1521/1293 4805/1518/1293
f 4806/1522/1335 4807/1523/1335 4808/1524/1335
f 4806/1522/1420 4808/1524/1420 4809/1525/1420
f 4810/1526/1336 4811/1527/1336 4812/1528/1336
f 4810/1526/1336 4812/1528/1336 4813/1529/1336
f 4814/1527/1421 4815/1530/1421 4816/1531/1421
f 4814/1527/1337 4816/1531/1337 4817/1528/1337
f 4818/1525/1322 4819/1524/1322 4820/1530/1322
f 4818/1525/1322 4820/1530/1322 4821/1527/1322
f 4822/1532/1322 4823/1525/1322 4824/1527/1322
f 4822/1532/1322 4824/1527/1322 4825/1526/1322
f 4826/1529/1334 4827/1528/1334 4828/1533/1334
f 4826/1529/1334 4828/1533/1334 4829/1534/1334
s 1
f 4830/1535/1338 4831/1536/1338 4832/1537/1338
s 0
f 4830/1535/1338 4832/1537/1338 4833/1538/1338
f 4834/1539/1339 4835/1522/1339 4836/1525/1339
f 4834/1539/1339 4836/1525/1339 4837/1532/1339
f 4838/1534/1340 4839/1533/1340 4840/1540/1340
f 4838/1534/1340 4840/1540/1340 4841/1541/1340
f 4842/1542/1341 4843/1536/1341 4844/1522/1341
f 4842/1542/1341 4844/1522/1341 4845/1539/1341
f 4846/1536/1342 4847/1535/1342 4848/1523/1342
f 4846/1536/1342 4848/1523/1342 4849/1522/1342
f 4850/1535/1343 4851/1543/1343 4852/1544/1343
f 4850/1535/1343 4852/1544/1343 4853/1523/1343
f 4854/1538/1344 4855/1545/1344 4856/1543/1344
f 4854/1538/1345 4856/1543/1345 4857/1535/1345
f 4858/1536/1346 4859/1542/1346 4860/1546/1346
f 4858/1536/1346 4860/1546/1346 4861/1537/1346
f 4862/1524/1322 4863/1547/1322 4864/1548/1322
f 4862/1524/1322 4864/1548/1322 4865/1530/1322
f 4866/1523/1348 4867/1544/1348 4868/1547/1348
s 1
f 4866/1523/1348 4868/1547/1348 4869/1524/1348
s 0
f 4870/1537/1322 4871/1546/1322 4872/1545/1322
f 4870/1537/1322 4872/1545/1322 4873/1538/1322
f 4874/1530/1349 4875/1548/1349 4876/1549/1349
f 4874/1530/1349 4876/1549/1349 4877/1531/1349
f 4878/1522/1335 4879/1523/1335 4880/1524/1335
f 4878/1522/1420 4880/1524/1420 4881/1525/1420
f 4882/1526/1336 4883/1527/1336 4884/1528/1336
f 4882/1526/1336 4884/1528/1336 4885/1529/1336
f 4886/1527/1337 4887/1530/1337 4888/1531/1337
f 4886/1527/1421 4888/1531/1421 4889/1528/1421
f 4890/1525/1322 4891/1524/1322 4892/1530/1322
f 4890/1525/1322 4892/1530/1322 4893/1527/1322
f 4894/1532/1322 4895/1525/1322 4896/1527/1322
f 4894/1532/1322 4896/1527/1322 4897/1526/1322
f 4898/1529/1334 4899/1528/1334 4900/1533/1334
f 4898/1529/1334 4900/1533/1334 4901/1534/1334
f 4902/1535/1350 4903/1536/1350 4904/1537/1350
f 4902/1535/1350 4904/1537/1350 4905/1538/1350
f 4906/1539/1339 4907/1522/1339 4908/1525/1339
f 4906/1539/1339 4908/1525/1339 4909/1532/1339
f 4910/1534/1340 4911/1533/1340 4912/1540/1340
f 4910/1534/1340 4912/1540/1340 4913/1541/1340
f 4914/1542/1422 4915/1536/1422 4916/1522/1422
f 4914/1542/1341 4916/1522/1341 4917/1539/1341
f 4918/1536/1423 4919/1535/1423 4920/1523/1423
f 4918/1536/1342 4920/1523/1342 4921/1522/1342
f 4922/1535/1343 4923/1543/1343 4924/1544/1343
f 4922/1535/1424 4924/1544/1424 4925/1523/1424
f 4926/1538/1351 4927/1545/1351 4928/1543/1351
f 4926/1538/1344 4928/1543/1344 4929/1535/1344
f 4930/1536/1346 4931/1542/1346 4932/1546/1346
f 4930/1536/1425 4932/1546/1425 4933/1537/1425
f 4934/1524/1322 4935/1547/1322 4936/1548/1322
f 4934/1524/1322 4936/1548/1322 4937/1530/1322
f 4938/1523/1348 4939/1544/1348 4940/1547/1348
f 4938/1523/1348 4940/1547/1348 4941/1524/1348
f 4942/1537/1322 4943/1546/1322 4944/1545/1322
f 4942/1537/1322 4944/1545/1322 4945/1538/1322
f 4946/1530/1349 4947/1548/1349 4948/1549/1349
f 4946/1530/1349 4948/1549/1349 4949/1531/1349
f 4950/1522/1355 4951/1525/1355 4952/1524/1355
f 4950/1522/1354 4952/1524/1354 4953/1523/1354
f 4954/1526/1336 4955/1529/1336 4956/1528/1336
f 4954/1526/1336 4956/1528/1336 4957/1527/1336
f 4958/1527/1357 4959/1528/1357 4960/1531/1357
f 4958/1527/1357 4960/1531/1357 4961/1530/1357
f 4962/1525/1322 4963/1527/1322 4964/1530/1322
f 4962/1525/1322 4964/1530/1322 4965/1524/1322
f 4966/1532/1322 4967/1526/1322 4968/1527/1322
f 4966/1532/1322 4968/1527/1322 4969/1525/1322
f 4826/1529/1334 4970/1534/1334 4971/1533/1334
f 4826/1529/1334 4971/1533/1334 4972/1528/1334
f 4973/1535/1361 4974/1538/1361 4975/1537/1361
f 4973/1535/1359 4975/1537/1359 4976/1536/1359
f 4977/1539/1339 4978/1532/1339 4979/1525/1339
f 4977/1539/1339 4979/1525/1339 4980/1522/1339
f 4981/1534/1340 4982/1541/1340 4983/1540/1340
f 4981/1534/1340 4983/1540/1340 4984/1533/1340
f 4985/1542/1341 4986/1539/1341 4987/1522/1341
f 4985/1542/1341 4987/1522/1341 4988/1536/1341
f 4989/1536/1360 4990/1522/1360 4991/1523/1360
f 4989/1536/1360 4991/1523/1360 4992/1535/1360
f 4993/1535/1343 4994/1523/1343 4995/1544/1343
f 4993/1535/1343 4995/1544/1343 4996/1543/1343
f 4997/1538/1344 4998/1535/1344 4999/1543/1344
f 4997/1538/1344 4999/1543/1344 5000/1545/1344
f 5001/1536/1347 5002/1537/1347 5003/1546/1347
f 5001/1536/1346 5003/1546/1346 5004/1542/1346
f 5005/1524/1322 5006/1530/1322 5007/1548/1322
f 5005/1524/1322 5007/1548/1322 5008/1547/1322
f 5009/1523/1348 5010/1524/1348 5011/1547/1348
f 5009/1523/1348 5011/1547/1348 5012/1544/1348
f 5013/1537/1322 5014/1538/1322 5015/1545/1322
f 5013/1537/1322 5015/1545/1322 5016/1546/1322
f 5017/1530/1349 5018/1531/1349 5019/1549/1349
f 5017/1530/1349 5019/1549/1349 5020/1548/1349
f 5021/1522/1354 5022/1525/1354 5023/1524/1354
f 5021/1522/1354 5023/1524/1354 5024/1523/1354
f 5025/1526/1336 5026/1529/1336 5027/1528/1336
f 5025/1526/1356 5027/1528/1356 5028/1527/1356
f 5029/1527/1358 5030/1528/1358 5031/1531/1358
f 5029/1527/1357 5031/1531/1357 5032/1530/1357
f 5033/1525/1322 5034/1527/1322 5035/1530/1322
f 5033/1525/1322 5035/1530/1322 5036/1524/1322
f 5037/1532/1322 5038/1526/1322 5039/1527/1322
f 5037/1532/1322 5039/1527/1322 5040/1525/1322
f 5041/1529/1334 5042/1534/1334 5043/1533/1334
f 5041/1529/1334 5043/1533/1334 5044/1528/1334
f 5045/1535/1359 5046/1538/1359 5047/1537/1359
f 5045/1535/1359 5047/1537/1359 5048/1536/1359
f 5049/1539/1339 5050/1532/1339 5051/1525/1339
f 5049/1539/1339 5051/1525/1339 5052/1522/1339
f 5053/1534/1340 5054/1541/1340 5055/1540/1340
f 5053/1534/1340 5055/1540/1340 5056/1533/1340
f 5057/1542/1341 5058/1539/1341 5059/1522/1341
f 5057/1542/1341 5059/1522/1341 5060/1536/1341
f 5061/1536/1360 5062/1522/1360 5063/1523/1360
f 5061/1536/1426 5063/1523/1426 5064/1535/1426
f 5065/1535/1424 5066/1523/1424 5067/1544/1424
f 5065/1535/1424 5067/1544/1424 5068/1543/1424
f 5069/1538/1351 5070/1535/1351 5071/1543/1351
f 5069/1538/1351 5071/1543/1351 5072/1545/1351
f 5073/1536/1352 5074/1537/1352 5075/1546/1352
f 5073/1536/1347 5075/1546/1347 5076/1542/1347
f 5077/1524/1322 5078/1530/1322 5079/1548/1322
f 5077/1524/1322 5079/1548/1322 5080/1547/1322
f 5081/1523/1348 5082/1524/1348 5083/1547/1348
f 5081/1523/1348 5083/1547/1348 5084/1544/1348
f 5085/1537/1322 5086/1538/1322 5087/1545/1322
f 5085/1537/1322 5087/1545/1322 5088/1546/1322
f 5089/1530/1349 5090/1531/1349 5091/1549/1349
f 5089/1530/1349 5091/1549/1349 5092/1548/1349
f 5093/1502/1322 5094/1503/1322 5095/1504/1322
f 5093/1502/1322 5095/1504/1322 5096/1505/1322
f 5097/1506/1322 5098/1502/1322 5099/1505/1322
f 5097/1506/1322 5099/1505/1322 5100/1507/1322
f 5101/1506/1322 5102/1507/1322 5103/1508/1322
f 5101/1506/1322 5103/1508/1322 5104/1509/1322
f 5105/1503/1322 5106/1509/1322 5107/1508/1322
f 5105/1503/1322 5107/1508/1322 5108/1504/1322
f 5109/1503/1323 5110/1502/1323 5111/1510/1323
f 5109/1503/1323 5111/1510/1323 5112/1511/1323
f 5113/1502/1419 5114/1506/1419 5115/1512/1419
f 5113/1502/1324 5115/1512/1324 5116/1510/1324
f 5117/1506/1325 5118/1509/1325 5119/1513/1325
f 5117/1506/1325 5119/1513/1325 5120/1512/1325
f 5121/1509/1327 5122/1503/1327 5123/1511/1327
f 5121/1509/1327 5123/1511/1327 5124/1513/1327
f 5125/1505/1328 5126/1504/1328 5127/1514/1328
f 5125/1505/1329 5127/1514/1329 5128/1515/1329
f 5129/1507/1330 5130/1505/1330 5131/1515/1330
f 5129/1507/1330 5131/1515/1330 5132/1516/1330
f 5133/1508/1331 5134/1507/1331 5135/1516/1331
f 5133/1508/1331 5135/1516/1331 5136/1517/1331
f 5137/1504/1332 5138/1508/1332 5139/1517/1332
f 5137/1504/1332 5139/1517/1332 5140/1514/1332
f 5141/1515/1333 5142/1514/1333 5143/1518/1333
f 5141/1515/1333 5143/1518/1333 5144/1519/1333
f 5145/1516/1288 5146/1515/1288 5147/1519/1288
f 5145/1516/1288 5147/1519/1288 5148/1520/1288
f 5149/1517/1334 5150/1516/1334 5151/1520/1334
f 5149/1517/1334 5151/1520/1334 5152/1521/1334
f 5153/1514/1293 5154/1517/1293 5155/1521/1293
f 5153/1514/1293 5155/1521/1293 5156/1518/1293
f 5157/1522/1335 5158/1523/1335 5159/1524/1335
f 5157/1522/1420 5159/1524/1420 5160/1525/1420
f 5161/1526/1356 5162/1527/1356 5163/1528/1356
f 5161/1526/1336 5163/1528/1336 5164/1529/1336
f 5165/1527/1337 5166/1530/1337 5167/1531/1337
f 5165/1527/1337 5167/1531/1337 5168/1528/1337
f 5169/1525/1322 5170/1524/1322 5171/1530/1322
f 5169/1525/1322 5171/1530/1322 5172/1527/1322
f 5173/1532/1322 5174/1525/1322 5175/1527/1322
f 5173/1532/1322 5175/1527/1322 5176/1526/1322
f 5177/1529/1334 5178/1528/1334 5179/1533/1334
f 5177/1529/1334 5179/1533/1334 5180/1534/1334
f 5181/1535/1350 5182/1536/1350 5183/1537/1350
f 5181/1535/1350 5183/1537/1350 5184/1538/1350
f 5185/1539/1339 5186/1522/1339 5187/1525/1339
f 5185/1539/1339 5187/1525/1339 5188/1532/1339
f 5189/1534/1340 5190/1533/1340 5191/1540/1340
f 5189/1534/1340 5191/1540/1340 5192/1541/1340
f 5193/1542/1341 5194/1536/1341 5195/1522/1341
f 5193/1542/1341 5195/1522/1341 5196/1539/1341
f 5197/1536/1342 5198/1535/1342 5199/1523/1342
f 5197/1536/1342 5199/1523/1342 5200/1522/1342
f 5201/1535/1343 5202/1543/1343 5203/1544/1343
f 5201/1535/1343 5203/1544/1343 5204/1523/1343
f 5205/1538/1351 5206/1545/1351 5207/1543/1351
f 5205/1538/1351 5207/1543/1351 5208/1535/1351
f 5209/1536/1352 5210/1542/1352 5211/1546/1352
f 5209/1536/1347 5211/1546/1347 5212/1537/1347
f 5213/1524/1322 5214/1547/1322 5215/1548/1322
f 5213/1524/1322 5215/1548/1322 5216/1530/1322
f 5217/1523/1348 5218/1544/1348 5219/1547/1348
f 5217/1523/1348 5219/1547/1348 5220/1524/1348
f 5221/1537/1322 5222/1546/1322 5223/1545/1322
f 5221/1537/1322 5223/1545/1322 5224/1538/1322
f 5225/1530/1349 5226/1548/1349 5227/1549/1349
f 5225/1530/1353 5227/1549/1353 5228/1531/1353
f 5229/1522/1427 5230/1523/1427 5231/1524/1427
f 5229/1522/1335 5231/1524/1335 5232/1525/1335
f 5233/1526/1336 5234/1527/1336 5235/1528/1336
f 5233/1526/1336 5235/1528/1336 5236/1529/1336
f 5237/1527/1421 5238/1530/1421 5239/1531/1421
f 5237/1527/1337 5239/1531/1337 5240/1528/1337
f 5241/1525/1322 5242/1524/1322 5243/1530/1322
f 5241/1525/1322 5243/1530/1322 5244/1527/1322
f 5245/1532/1322 5246/1525/1322 5247/1527/1322
f 5245/1532/1322 5247/1527/1322 5248/1526/1322
f 5249/1529/1334 5250/1528/1334 5251/1533/1334
f 5249/1529/1334 5251/1533/1334 5252/1534/1334
s 1
f 5253/1535/1350 5254/1536/1350 5255/1537/1350
s 0
f 5253/1535/1350 5255/1537/1350 5256/1538/1350
f 5257/1539/1339 5258/1522/1339 5259/1525/1339
f 5257/1539/1339 5259/1525/1339 5260/1532/1339
f 5261/1534/1340 5262/1533/1340 5263/1540/1340
f 5261/1534/1340 5263/1540/1340 5264/1541/1340
f 5265/1542/1341 5266/1536/1341 5267/1522/1341
f 5265/1542/1341 5267/1522/1341 5268/1539/1341
f 5269/1536/1423 5270/1535/1423 5271/1523/1423
f 5269/1536/1342 5271/1523/1342 5272/1522/1342
f 5273/1535/1343 5274/1543/1343 5275/1544/1343
f 5273/1535/1343 5275/1544/1343 5276/1523/1343
f 5277/1538/1345 5278/1545/1345 5279/1543/1345
f 5277/1538/1344 5279/1543/1344 5280/1535/1344
f 5281/1536/1347 5282/1542/1347 5283/1546/1347
f 5281/1536/1346 5283/1546/1346 5284/1537/1346
f 5285/1524/1322 5286/1547/1322 5287/1548/1322
f 5285/1524/1322 5287/1548/1322 5288/1530/1322
f 5289/1523/1348 5290/1544/1348 5291/1547/1348
f 5289/1523/1348 5291/1547/1348 5292/1524/1348
f 5293/1537/1322 5294/1546/1322 5295/1545/1322
f 5293/1537/1322 5295/1545/1322 5296/1538/1322
f 5297/1530/1349 5298/1548/1349 5299/1549/1349
f 5297/1530/1349 5299/1549/1349 5300/1531/1349
f 5301/1522/1355 5302/1525/1355 5303/1524/1355
f 5301/1522/1428 5303/1524/1428 5304/1523/1428
f 5305/1526/1336 5306/1529/1336 5307/1528/1336
s 1
f 5305/1526/1356 5307/1528/1356 5308/1527/1356
s 0
f 5309/1527/1358 5310/1528/1358 5311/1531/1358
f 5309/1527/1358 5311/1531/1358 5312/1530/1358
f 5313/1525/1322 5314/1527/1322 5315/1530/1322
f 5313/1525/1322 5315/1530/1322 5316/1524/1322
f 5317/1532/1322 5318/1526/1322 5319/1527/1322
f 5317/1532/1322 5319/1527/1322 5320/1525/1322
f 5321/1529/1334 5322/1534/1334 5323/1533/1334
f 5321/1529/1334 5323/1533/1334 5324/1528/1334
f 5325/1535/1361 5326/1538/1361 5327/1537/1361
f 5325/1535/1361 5327/1537/1361 5328/1536/1361
f 5329/1539/1339 5330/1532/1339 5331/1525/1339
f 5329/1539/1339 5331/1525/1339 5332/1522/1339
f 5333/1534/1340 5334/1541/1340 5335/1540/1340
f 5333/1534/1340 5335/1540/1340 5336/1533/1340
f 5337/1542/1341 5338/1539/1341 5339/1522/1341
f 5337/1542/1422 5339/1522/1422 5340/1536/1422
f 5341/1536/1360 5342/1522/1360 5343/1523/1360
f 5341/1536/1360 5343/1523/1360 5344/1535/1360
f 5345/1535/1424 5346/1523/1424 5347/1544/1424
f 5345/1535/1343 5347/1544/1343 5348/1543/1343
f 5349/1538/1344 5350/1535/1344 5351/1543/1344
f 5349/1538/1351 5351/1543/1351 5352/1545/1351
f 5353/1536/1346 5354/1537/1346 5355/1546/1346
f 5353/1536/1346 5355/1546/1346 5356/1542/1346
f 5357/1524/1322 5358/1530/1322 5359/1548/1322
f 5357/1524/1322 5359/1548/1322 5360/1547/1322
f 5361/1523/1348 5362/1524/1348 5363/1547/1348
f 5361/1523/1348 5363/1547/1348 5364/1544/1348
f 5365/1537/1322 5366/1538/1322 5367/1545/1322
f 5365/1537/1322 5367/1545/1322 5368/1546/1322
f 5369/1530/1349 5370/1531/1349 5371/1549/1349
f 5369/1530/1349 5371/1549/1349 5372/1548/1349
f 5373/1522/1354 5374/1525/1354 5375/1524/1354
f 5373/1522/1354 5375/1524/1354 5376/1523/1354
f 5377/1526/1336 5378/1529/1336 5379/1528/1336
f 5377/1526/1336 5379/1528/1336 5380/1527/1336
f 5381/1527/1357 5382/1528/1357 5383/1531/1357
f 5381/1527/1358 5383/1531/1358 5384/1530/1358
f 5385/1525/1322 5386/1527/1322 5387/1530/1322
f 5385/1525/1322 5387/1530/1322 5388/1524/1322
f 5389/1532/1322 5390/1526/1322 5391/1527/1322
f 5389/1532/1322 5391/1527/1322 5392/1525/1322
f 5393/1529/1334 5394/1534/1334 5395/1533/1334
f 5393/1529/1334 5395/1533/1334 5396/1528/1334
f 5397/1535/1361 5398/1538/1361 5399/1537/1361
f 5397/1535/1359 5399/1537/1359 5400/1536/1359
f 5401/1539/1339 5402/1532/1339 5403/1525/1339
f 5401/1539/1339 5403/1525/1339 5404/1522/1339
f 5405/1534/1340 5406/1541/1340 5407/1540/1340
f 5405/1534/1340 5407/1540/1340 5408/1533/1340
f 5409/1542/1341 5410/1539/1341 5411/1522/1341
f 5409/1542/1341 5411/1522/1341 5412/1536/1341
f 5413/1536/1360 5414/1522/1360 5415/1523/1360
f 5413/1536/1360 5415/1523/1360 5416/1535/1360
f 5417/1535/1343 5418/1523/1343 5419/1544/1343
f 5417/1535/1343 5419/1544/1343 5420/1543/1343
f 5421/1538/1351 5422/1535/1351 5423/1543/1351
f 5421/1538/1345 5423/1543/1345 5424/1545/1345
f 5425/1536/1352 5426/1537/1352 5427/1546/1352
f 5425/1536/1347 5427/1546/1347 5428/1542/1347
f 5429/1524/1322 5430/1530/1322 5431/1548/1322
f 5429/1524/1322 5431/1548/1322 5432/1547/1322
f 5433/1523/1348 5434/1524/1348 5435/1547/1348
f 5433/1523/1348 5435/1547/1348 5436/1544/1348
f 5437/1537/1322 5438/1538/1322 5439/1545/1322
f 5437/1537/1322 5439/1545/1322 5440/1546/1322
f 5441/1530/1349 5442/1531/1349 5443/1549/1349
f 5441/1530/1349 5443/1549/1349 5444/1548/1349
f 5445/1502/1322 5446/1503/1322 5447/1504/1322
f 5445/1502/1322 5447/1504/1322 5448/1505/1322
f 5449/1506/1322 5450/1502/1322 5451/1505/1322
f 5449/1506/1322 5451/1505/1322 5452/1507/1322
f 5453/1506/1322 5454/1507/1322 5455/1508/1322
f 5453/1506/1322 5455/1508/1322 5456/1509/1322
f 5457/1503/1322 5458/1509/1322 5459/1508/1322
f 5457/1503/1322 5459/1508/1322 5460/1504/1322
f 5461/1503/1323 5462/1502/1323 5463/1510/1323
f 5461/1503/1323 5463/1510/1323 5464/1511/1323
f 5465/1502/1324 5466/1506/1324 5467/1512/1324
f 5465/1502/1324 5467/1512/1324 5468/1510/1324
f 5469/1506/1325 5470/1509/1325 5471/1513/1325
f 5469/1506/1325 5471/1513/1325 5472/1512/1325
f 5473/1509/1327 5474/1503/1327 5475/1511/1327
f 5473/1509/1326 5475/1511/1326 5476/1513/1326
f 5477/1505/1329 5478/1504/1329 5479/1514/1329
f 5477/1505/1329 5479/1514/1329 5480/1515/1329
f 5481/1507/1330 5482/1505/1330 5483/1515/1330
f 5481/1507/1330 5483/1515/1330 5484/1516/1330
f 5485/1508/1331 5486/1507/1331 5487/1516/1331
f 5485/1508/1331 5487/1516/1331 5488/1517/1331
f 5489/1504/1332 5490/1508/1332 5491/1517/1332
f 5489/1504/1332 5491/1517/1332 5492/1514/1332
f 5493/1515/1333 5494/1514/1333 5495/1518/1333
f 5493/1515/1333 5495/1518/1333 5496/1519/1333
f 5497/1516/1288 5498/1515/1288 5499/1519/1288
f 5497/1516/1288 5499/1519/1288 5500/1520/1288
f 5501/1517/1334 5502/1516/1334 5503/1520/1334
f 5501/1517/1334 5503/1520/1334 5504/1521/1334
f 5505/1514/1293 5506/1517/1293 5507/1521/1293
f 5505/1514/1293 5507/1521/1293 5508/1518/1293
f 5509/1522/1335 5510/1523/1335 5511/1524/1335
f 5509/1522/1335 5511/1524/1335 5512/1525/1335
f 5513/1526/1336 5514/1527/1336 5515/1528/1336
f 5513/1526/1336 5515/1528/1336 5516/1529/1336
f 5517/1527/1337 5518/1530/1337 5519/1531/1337
f 5517/1527/1421 5519/1531/1421 5520/1528/1421
f 5521/1525/1322 5522/1524/1322 5523/1530/1322
f 5521/1525/1322 5523/1530/1322 5524/1527/1322
f 5525/1532/1322 5526/1525/1322 5527/1527/1322
f 5525/1532/1322 5527/1527/1322 5528/1526/1322
f 5529/1529/1334 5530/1528/1334 5531/1533/1334
f 5529/1529/1334 5531/1533/1334 5532/1534/1334
f 5533/1535/1350 5534/1536/1350 5535/1537/1350
f 5533/1535/1338 5535/1537/1338 5536/1538/1338
f 5537/1539/1339 5538/1522/1339 5539/1525/1339
f 5537/1539/1339 5539/1525/1339 5540/1532/1339
f 5541/1534/1340 5542/1533/1340 5543/1540/1340
f 5541/1534/1340 5543/1540/1340 5544/1541/1340
f 5545/1542/1341 5546/1536/1341 5547/1522/1341
f 5545/1542/1341 5547/1522/1341 5548/1539/1341
f 5549/1536/1342 5550/1535/1342 5551/1523/1342
f 5549/1536/1342 5551/1523/1342 5552/1522/1342
f 5553/1535/1343 5554/1543/1343 5555/1544/1343
f 5553/1535/1343 5555/1544/1343 5556/1523/1343
f 5557/1538/1344 5558/1545/1344 5559/1543/1344
f 5557/1538/1351 5559/1543/1351 5560/1535/1351
f 5561/1536/1352 5562/1542/1352 5563/1546/1352
f 5561/1536/1346 5563/1546/1346 5564/1537/1346
f 5565/1524/1322 5566/1547/1322 5567/1548/1322
f 5565/1524/1322 5567/1548/1322 5568/1530/1322
f 5569/1523/1348 5570/1544/1348 5571/1547/1348
f 5569/1523/1348 5571/1547/1348 5572/1524/1348
f 5573/1537/1322 5574/1546/1322 5575/1545/1322
f 5573/1537/1322 5575/1545/1322 5576/1538/1322
f 5577/1530/1349 5578/1548/1349 5579/1549/1349
f 5577/1530/1349 5579/1549/1349 5580/1531/1349
s 1
f 5581/1522/1335 5582/1523/1335 5583/1524/1335
s 0
f 5581/1522/1420 5583/1524/1420 5584/1525/1420
f 5585/1526/1356 5586/1527/1356 5587/1528/1356
f 5585/1526/1336 5587/1528/1336 5588/1529/1336
f 5589/1527/1337 5590/1530/1337 5591/1531/1337
f 5589/1527/1337 5591/1531/1337 5592/1528/1337
f 5593/1525/1322 5594/1524/1322 5595/1530/1322
f 5593/1525/1322 5595/1530/1322 5596/1527/1322
f 5597/1532/1322 5598/1525/1322 5599/1527/1322
f 5597/1532/1322 5599/1527/1322 5600/1526/1322
f 5601/1529/1334 5602/1528/1334 5603/1533/1334
f 5601/1529/1334 5603/1533/1334 5604/1534/1334
f 5605/1535/1338 5606/1536/1338 5607/1537/1338
f 5605/1535/1350 5607/1537/1350 5608/1538/1350
f 5609/1539/1339 5610/1522/1339 5611/1525/1339
f 5609/1539/1339 5611/1525/1339 5612/1532/1339
f 5613/1534/1340 5614/1533/1340 5615/1540/1340
f 5613/1534/1340 5615/1540/1340 5616/1541/1340
f 5617/1542/1341 5618/1536/1341 5619/1522/1341
f 5617/1542/1341 5619/1522/1341 5620/1539/1341
f 5621/1536/1342 5622/1535/1342 5623/1523/1342
f 5621/1536/1342 5623/1523/1342 5624/1522/1342
f 5625/1535/1343 5626/1543/1343 5627/1544/1343
f 5625/1535/1343 5627/1544/1343 5628/1523/1343
f 5629/1538/1351 5630/1545/1351 5631/1543/1351
f 5629/1538/1345 5631/1543/1345 5632/1535/1345
f 5633/1536/1347 5634/1542/1347 5635/1546/1347
f 5633/1536/1352 5635/1546/1352 5636/1537/1352
f 5637/1524/1322 5638/1547/1322 5639/1548/1322
f 5637/1524/1322 5639/1548/1322 5640/1530/1322
f 5641/1523/1348 5642/1544/1348 5643/1547/1348
f 5641/1523/1348 5643/1547/1348 5644/1524/1348
f 5645/1537/1322 5646/1546/1322 5647/1545/1322
f 5645/1537/1322 5647/1545/1322 5648/1538/1322
f 5649/1530/1349 5650/1548/1349 5651/1549/1349
f 5649/1530/1353 5651/1549/1353 5652/1531/1353
f 5653/1522/1355 5654/1525/1355 5655/1524/1355
f 5653/1522/1355 5655/1524/1355 5656/1523/1355
f 5657/1526/1336 5658/1529/1336 5659/1528/1336
f 5657/1526/1336 5659/1528/1336 5660/1527/1336
f 5661/1527/1357 5662/1528/1357 5663/1531/1357
f 5661/1527/1357 5663/1531/1357 5664/1530/1357
f 5665/1525/1322 5666/1527/1322 5667/1530/1322
f 5665/1525/1322 5667/1530/1322 5668/1524/1322
f 5669/1532/1322 5670/1526/1322 5671/1527/1322
f 5669/1532/1322 5671/1527/1322 5672/1525/1322
f 5673/1529/1334 5674/1534/1334 5675/1533/1334
f 5673/1529/1334 5675/1533/1334 5676/1528/1334
f 5677/1535/1361 5678/1538/1361 5679/1537/1361
f 5677/1535/1359 5679/1537/1359 5680/1536/1359
f 5681/1539/1339 5682/1532/1339 5683/1525/1339
f 5681/1539/1339 5683/1525/1339 5684/1522/1339
f 5685/1534/1340 5686/1541/1340 5687/1540/1340
f 5685/1534/1340 5687/1540/1340 5688/1533/1340
f 5689/1542/1341 5690/1539/1341 5691/1522/1341
f 5689/1542/1341 5691/1522/1341 5692/1536/1341
f 5693/1536/1360 5694/1522/1360 5695/1523/1360
f 5693/1536/1360 5695/1523/1360 5696/1535/1360
f 5697/1535/1343 5698/1523/1343 5699/1544/1343
f 5697/1535/1343 5699/1544/1343 5700/1543/1343
f 5701/1538/1351 5702/1535/1351 5703/1543/1351
f 5701/1538/1344 5703/1543/1344 5704/1545/1344
f 5705/1536/1347 5706/1537/1347 5707/1546/1347
f 5705/1536/1352 5707/1546/1352 5708/1542/1352
f 5709/1524/1322 5710/1530/1322 5711/1548/1322
f 5709/1524/1322 5711/1548/1322 5712/1547/1322
f 5713/1523/1348 5714/1524/1348 5715/1547/1348
f 5713/1523/1348 5715/1547/1348 5716/1544/1348
f 5717/1537/1322 5718/1538/1322 5719/1545/1322
f 5717/1537/1322 5719/1545/1322 5720/1546/1322
f 5721/1530/1349 5722/1531/1349 5723/1549/1349
f 5721/1530/1349 5723/1549/1349 5724/1548/1349
f 5725/1522/1355 5726/1525/1355 5727/1524/1355
f 5725/1522/1354 5727/1524/1354 5728/1523/1354
s 1
f 5729/1526/1336 5730/1529/1336 5731/1528/1336
s 0
f 5729/1526/1336 5731/1528/1336 5732/1527/1336
f 5733/1527/1357 5734/1528/1357 5735/1531/1357
f 5733/1527/1358 5735/1531/1358 5736/1530/1358
f 5737/1525/1322 5738/1527/1322 5739/1530/1322
f 5737/1525/1322 5739/1530/1322 5740/1524/1322
f 5741/1532/1322 5742/1526/1322 5743/1527/1322
f 5741/1532/1322 5743/1527/1322 5744/1525/1322
f 5745/1529/1334 5746/1534/1334 5747/1533/1334
f 5745/1529/1334 5747/1533/1334 5748/1528/1334
f 5749/1535/1359 5750/1538/1359 5751/1537/1359
f 5749/1535/1359 5751/1537/1359 5752/1536/1359
f 5753/1539/1339 5754/1532/1339 5755/1525/1339
f 5753/1539/1339 5755/1525/1339 5756/1522/1339
f 5757/1534/1340 5758/1541/1340 5759/1540/1340
f 5757/1534/1340 5759/1540/1340 5760/1533/1340
f 5761/1542/1341 5762/1539/1341 5763/1522/1341
f 5761/1542/1422 5763/1522/1422 5764/1536/1422
f 5765/1536/1426 5766/1522/1426 5767/1523/1426
f 5765/1536/1360 5767/1523/1360 5768/1535/1360
f 5769/1535/1424 5770/1523/1424 5771/1544/1424
f 5769/1535/1343 5771/1544/1343 5772/1543/1343
f 5773/1538/1351 5774/1535/1351 5775/1543/1351
f 5773/1538/1351 5775/1543/1351 5776/1545/1351
f 5777/1536/1425 5778/1537/1425 5779/1546/1425
f 5777/1536/1347 5779/1546/1347 5780/1542/1347
f 5781/1524/1322 5782/1530/1322 5783/1548/1322
f 5781/1524/1322 5783/1548/1322 5784/1547/1322
f 5785/1523/1348 5786/1524/1348 5787/1547/1348
f 5785/1523/1348 5787/1547/1348 5788/1544/1348
f 5789/1537/1322 5790/1538/1322 5647/1545/1322
f 5789/1537/1322 5647/1545/1322 5646/1546/1322
f 5791/1530/1349 5792/1531/1349 5793/1549/1349
f 5791/1530/1349 5793/1549/1349 5794/1548/1349
f 5795/1502/1371 5796/1503/1371 5797/1504/1371
f 5795/1502/1371 5797/1504/1371 5798/1505/1371
f 5799/1506/1371 5800/1502/1371 5801/1505/1371
f 5799/1506/1371 5801/1505/1371 5802/1507/1371
f 5803/1506/1371 5804/1507/1371 5805/1508/1371
f 5803/1506/1371 5805/1508/1371 5806/1509/1371
f 5807/1503/1371 5808/1509/1371 5809/1508/1371
f 5807/1503/1371 5809/1508/1371 5810/1504/1371
f 5811/1503/1429 5812/1502/1429 5813/1510/1429
f 5811/1503/1429 5813/1510/1429 5814/1511/1429
f 5815/1502/1430 5816/1506/1430 5817/1512/1430
f 5815/1502/1430 5817/1512/1430 5818/1510/1430
f 5819/1506/1431 5820/1509/1431 5821/1513/1431
f 5819/1506/1431 5821/1513/1431 5822/1512/1431
f 5823/1509/1432 5824/1503/1432 5825/1511/1432
f 5823/1509/1433 5825/1511/1433 5826/1513/1433
f 5827/1505/1434 5828/1504/1434 5829/1514/1434
f 5827/1505/1434 5829/1514/1434 5830/1515/1434
f 5831/1507/1435 5832/1505/1435 5833/1515/1435
f 5831/1507/1435 5833/1515/1435 5834/1516/1435
f 5835/1508/1436 5836/1507/1436 5837/1516/1436
f 5835/1508/1436 5837/1516/1436 5838/1517/1436
f 5839/1504/1437 5840/1508/1437 5841/1517/1437
f 5839/1504/1437 5841/1517/1437 5842/1514/1437
f 5843/1515/1333 5844/1514/1333 5845/1518/1333
f 5843/1515/1333 5845/1518/1333 5846/1519/1333
f 5847/1516/1293 5848/1515/1293 5849/1519/1293
f 5847/1516/1293 5849/1519/1293 5850/1520/1293
f 5851/1517/1334 5852/1516/1334 5853/1520/1334
f 5851/1517/1334 5853/1520/1334 5854/1521/1334
f 5855/1514/1288 5856/1517/1288 5857/1521/1288
f 5855/1514/1288 5857/1521/1288 5858/1518/1288
f 5859/1522/1438 5860/1523/1438 5861/1524/1438
f 5859/1522/1439 5861/1524/1439 5862/1525/1439
f 5863/1526/1440 5864/1527/1440 5865/1528/1440
f 5863/1526/1441 5865/1528/1441 5866/1529/1441
f 5867/1527/1442 5868/1530/1442 5869/1531/1442
f 5867/1527/1443 5869/1531/1443 5870/1528/1443
f 5871/1525/1371 5872/1524/1371 5873/1530/1371
f 5871/1525/1371 5873/1530/1371 5874/1527/1371
f 5875/1532/1371 5876/1525/1371 5877/1527/1371
f 5875/1532/1371 5877/1527/1371 5878/1526/1371
f 5879/1529/1334 5880/1528/1334 5881/1533/1334
f 5879/1529/1334 5881/1533/1334 5882/1534/1334
f 5883/1535/1444 5884/1536/1444 5885/1537/1444
f 5883/1535/1444 5885/1537/1444 5886/1538/1444
f 5887/1539/1445 5888/1522/1445 5889/1525/1445
f 5887/1539/1445 5889/1525/1445 5890/1532/1445
f 5891/1534/1446 5892/1533/1446 5893/1540/1446
f 5891/1534/1446 5893/1540/1446 5894/1541/1446
f 5895/1542/1447 5896/1536/1447 5897/1522/1447
f 5895/1542/1448 5897/1522/1448 5898/1539/1448
f 5899/1536/1449 5900/1535/1449 5901/1523/1449
f 5899/1536/1450 5901/1523/1450 5902/1522/1450
f 5903/1535/1451 5904/1543/1451 5905/1544/1451
f 5903/1535/1452 5905/1544/1452 5906/1523/1452
f 5907/1538/1453 5908/1545/1453 5909/1543/1453
f 5907/1538/1454 5909/1543/1454 5910/1535/1454
f 5911/1536/1455 5912/1542/1455 5913/1546/1455
f 5911/1536/1455 5913/1546/1455 5914/1537/1455
f 5915/1524/1371 5916/1547/1371 5917/1548/1371
f 5915/1524/1371 5917/1548/1371 5918/1530/1371
s 1
f 5919/1523/1456 5920/1544/1456 5921/1547/1456
s 0
f 5919/1523/1456 5921/1547/1456 5922/1524/1456
f 5923/1537/1371 5924/1546/1371 5925/1545/1371
f 5923/1537/1371 5925/1545/1371 5926/1538/1371
f 5927/1530/1457 5928/1548/1457 5929/1549/1457
f 5927/1530/1457 5929/1549/1457 5930/1531/1457
f 5931/1522/1438 5932/1523/1438 5933/1524/1438
f 5931/1522/1438 5933/1524/1438 5934/1525/1438
f 5935/1526/1441 5936/1527/1441 5937/1528/1441
f 5935/1526/1440 5937/1528/1440 5938/1529/1440
f 5939/1527/1443 5940/1530/1443 5941/1531/1443
f 5939/1527/1443 5941/1531/1443 5942/1528/1443
f 5943/1525/1371 5944/1524/1371 5945/1530/1371
f 5943/1525/1371 5945/1530/1371 5946/1527/1371
f 5947/1532/1371 5948/1525/1371 5949/1527/1371
f 5947/1532/1371 5949/1527/1371 5950/1526/1371
f 5951/1529/1334 5952/1528/1334 5953/1533/1334
f 5951/1529/1334 5953/1533/1334 5954/1534/1334
f 5955/1535/1444 5956/1536/1444 5957/1537/1444
f 5955/1535/1444 5957/1537/1444 5958/1538/1444
s 1
f 5959/1539/1458 5960/1522/1458 5961/1525/1458
s 0
f 5959/1539/1445 5961/1525/1445 5962/1532/1445
f 5963/1534/1446 5964/1533/1446 5965/1540/1446
f 5963/1534/1446 5965/1540/1446 5966/1541/1446
f 5967/1542/1447 5968/1536/1447 5969/1522/1447
f 5967/1542/1448 5969/1522/1448 5970/1539/1448
f 5971/1536/1449 5972/1535/1449 5973/1523/1449
f 5971/1536/1450 5973/1523/1450 5974/1522/1450
f 5975/1535/1451 5976/1543/1451 5977/1544/1451
f 5975/1535/1452 5977/1544/1452 5978/1523/1452
f 5979/1538/1454 5980/1545/1454 5981/1543/1454
f 5979/1538/1453 5981/1543/1453 5982/1535/1453
f 5983/1536/1455 5984/1542/1455 5985/1546/1455
f 5983/1536/1455 5985/1546/1455 5986/1537/1455
f 5987/1524/1371 5988/1547/1371 5989/1548/1371
f 5987/1524/1371 5989/1548/1371 5990/1530/1371
f 5991/1523/1456 5992/1544/1456 5993/1547/1456
s 1
f 5991/1523/1459 5993/1547/1459 5994/1524/1459
s 0
f 5995/1537/1371 5996/1546/1371 5997/1545/1371
f 5995/1537/1371 5997/1545/1371 5998/1538/1371
f 5999/1530/1460 6000/1548/1460 6001/1549/1460
f 5999/1530/1460 6001/1549/1460 6002/1531/1460
f 6003/1522/1461 6004/1525/1461 6005/1524/1461
f 6003/1522/1462 6005/1524/1462 6006/1523/1462
f 6007/1526/1441 6008/1529/1441 6009/1528/1441
f 6007/1526/1440 6009/1528/1440 6010/1527/1440
f 6011/1527/1463 6012/1528/1463 6013/1531/1463
f 6011/1527/1464 6013/1531/1464 6014/1530/1464
f 6015/1525/1371 6016/1527/1371 6017/1530/1371
f 6015/1525/1371 6017/1530/1371 6018/1524/1371
f 6019/1532/1371 6020/1526/1371 6021/1527/1371
f 6019/1532/1371 6021/1527/1371 6022/1525/1371
f 6023/1529/1334 6024/1534/1334 6025/1533/1334
f 6023/1529/1334 6025/1533/1334 6026/1528/1334
f 6027/1535/1465 6028/1538/1465 6029/1537/1465
f 6027/1535/1465 6029/1537/1465 6030/1536/1465
f 6031/1539/1445 6032/1532/1445 6033/1525/1445
f 6031/1539/1445 6033/1525/1445 6034/1522/1445
f 6035/1534/1446 6036/1541/1446 6037/1540/1446
f 6035/1534/1446 6037/1540/1446 6038/1533/1446
f 6039/1542/1448 6040/1539/1448 6041/1522/1448
f 6039/1542/1448 6041/1522/1448 6042/1536/1448
f 6043/1536/1466 6044/1522/1466 6045/1523/1466
f 6043/1536/1466 6045/1523/1466 6046/1535/1466
f 6047/1535/1451 6048/1523/1451 6049/1544/1451
f 6047/1535/1451 6049/1544/1451 6050/1543/1451
f 6051/1538/1467 6052/1535/1467 6053/1543/1467
f 6051/1538/1453 6053/1543/1453 6054/1545/1453
f 6055/1536/1468 6056/1537/1468 6057/1546/1468
f 6055/1536/1455 6057/1546/1455 6058/1542/1455
f 6059/1524/1371 6060/1530/1371 6061/1548/1371
f 6059/1524/1371 6061/1548/1371 6062/1547/1371
f 6063/1523/1456 6064/1524/1456 6065/1547/1456
f 6063/1523/1456 6065/1547/1456 6066/1544/1456
f 6067/1537/1371 6068/1538/1371 6069/1545/1371
f 6067/1537/1371 6069/1545/1371 6070/1546/1371
f 6071/1530/1457 6072/1531/1457 6073/1549/1457
f 6071/1530/1457 6073/1549/1457 6074/1548/1457
f 6075/1522/1462 6076/1525/1462 6077/1524/1462
f 6075/1522/1462 6077/1524/1462 6078/1523/1462
f 6079/1526/1440 6080/1529/1440 6081/1528/1440
f 6079/1526/1441 6081/1528/1441 6082/1527/1441
f 6083/1527/1464 6084/1528/1464 6085/1531/1464
f 6083/1527/1463 6085/1531/1463 6086/1530/1463
f 6087/1525/1371 6088/1527/1371 6089/1530/1371
f 6087/1525/1371 6089/1530/1371 6090/1524/1371
f 6091/1532/1371 6092/1526/1371 6093/1527/1371
f 6091/1532/1371 6093/1527/1371 6094/1525/1371
f 6095/1529/1334 6096/1534/1334 6097/1533/1334
f 6095/1529/1334 6097/1533/1334 6098/1528/1334
f 6099/1535/1469 6100/1538/1469 6101/1537/1469
f 6099/1535/1469 6101/1537/1469 6102/1536/1469
f 6103/1539/1445 6104/1532/1445 6105/1525/1445
f 6103/1539/1445 6105/1525/1445 6106/1522/1445
f 6107/1534/1446 6108/1541/1446 6109/1540/1446
s 1
f 6107/1534/1446 6109/1540/1446 6110/1533/1446
s 0
f 6111/1542/1448 6112/1539/1448 6113/1522/1448
f 6111/1542/1447 6113/1522/1447 6114/1536/1447
f 6115/1536/1466 6116/1522/1466 6117/1523/1466
f 6115/1536/1470 6117/1523/1470 6118/1535/1470
f 6119/1535/1452 6120/1523/1452 6121/1544/1452
f 6119/1535/1451 6121/1544/1451 6122/1543/1451
f 6123/1538/1467 6124/1535/1467 6125/1543/1467
f 6123/1538/1454 6125/1543/1454 6126/1545/1454
f 6127/1536/1455 6128/1537/1455 6129/1546/1455
f 6127/1536/1455 6129/1546/1455 6130/1542/1455
f 6131/1524/1371 6132/1530/1371 6133/1548/1371
f 6131/1524/1371 6133/1548/1371 6134/1547/1371
f 6135/1523/1456 6136/1524/1456 6137/1547/1456
f 6135/1523/1456 6137/1547/1456 6138/1544/1456
f 6139/1537/1371 6140/1538/1371 5997/1545/1371
f 6139/1537/1371 5997/1545/1371 5996/1546/1371
f 6141/1530/1457 6142/1531/1457 6143/1549/1457
f 6141/1530/1457 6143/1549/1457 6144/1548/1457
f 6145/1502/1371 6146/1503/1371 6147/1504/1371
f 6145/1502/1371 6147/1504/1371 6148/1505/1371
f 6149/1506/1371 6150/1502/1371 6151/1505/1371
f 6149/1506/1371 6151/1505/1371 6152/1507/1371
f 6153/1506/1371 6154/1507/1371 6155/1508/1371
f 6153/1506/1371 6155/1508/1371 6156/1509/1371
f 6157/1503/1371 6158/1509/1371 6159/1508/1371
f 6157/1503/1371 6159/1508/1371 6160/1504/1371
f 6161/1503/1429 6162/1502/1429 6163/1510/1429
f 6161/1503/1429 6163/1510/1429 6164/1511/1429
f 6165/1502/1471 6166/1506/1471 6167/1512/1471
s 1
f 6165/1502/1471 6167/1512/1471 6168/1510/1471
s 0
f 6169/1506/1431 6170/1509/1431 6171/1513/1431
f 6169/1506/1431 6171/1513/1431 6172/1512/1431
f 6173/1509/1433 6174/1503/1433 6175/1511/1433
f 6173/1509/1432 6175/1511/1432 6176/1513/1432
f 6177/1505/1434 6178/1504/1434 6179/1514/1434
f 6177/1505/1434 6179/1514/1434 6180/1515/1434
f 6181/1507/1435 6182/1505/1435 6183/1515/1435
f 6181/1507/1435 6183/1515/1435 6184/1516/1435
f 6185/1508/1472 6186/1507/1472 6187/1516/1472
f 6185/1508/1472 6187/1516/1472 6188/1517/1472
f 6189/1504/1437 6190/1508/1437 6191/1517/1437
f 6189/1504/1437 6191/1517/1437 6192/1514/1437
f 6193/1515/1333 6194/1514/1333 6195/1518/1333
f 6193/1515/1333 6195/1518/1333 6196/1519/1333
f 6197/1516/1293 6198/1515/1293 6199/1519/1293
f 6197/1516/1293 6199/1519/1293 6200/1520/1293
f 6201/1517/1334 6202/1516/1334 6203/1520/1334
f 6201/1517/1334 6203/1520/1334 6204/1521/1334
f 6205/1514/1288 6206/1517/1288 6207/1521/1288
f 6205/1514/1288 6207/1521/1288 6208/1518/1288
f 6209/1522/1438 6210/1523/1438 6211/1524/1438
f 6209/1522/1439 6211/1524/1439 6212/1525/1439
f 6213/1526/1440 6214/1527/1440 6215/1528/1440
f 6213/1526/1441 6215/1528/1441 6216/1529/1441
f 6217/1527/1443 6218/1530/1443 6219/1531/1443
f 6217/1527/1443 6219/1531/1443 6220/1528/1443
f 6221/1525/1371 6222/1524/1371 6223/1530/1371
f 6221/1525/1371 6223/1530/1371 6224/1527/1371
f 6225/1532/1371 6226/1525/1371 6227/1527/1371
f 6225/1532/1371 6227/1527/1371 6228/1526/1371
f 6229/1529/1334 6230/1528/1334 6231/1533/1334
f 6229/1529/1334 6231/1533/1334 6232/1534/1334
f 6233/1535/1444 6234/1536/1444 6235/1537/1444
f 6233/1535/1444 6235/1537/1444 6236/1538/1444
f 6237/1539/1445 6238/1522/1445 6239/1525/1445
f 6237/1539/1445 6239/1525/1445 6240/1532/1445
f 6241/1534/1446 6242/1533/1446 6243/1540/1446
f 6241/1534/1446 6243/1540/1446 6244/1541/1446
f 6245/1542/1448 6246/1536/1448 6247/1522/1448
f 6245/1542/1448 6247/1522/1448 6248/1539/1448
f 6249/1536/1450 6250/1535/1450 6251/1523/1450
f 6249/1536/1450 6251/1523/1450 6252/1522/1450
f 6253/1535/1451 6254/1543/1451 6255/1544/1451
f 6253/1535/1451 6255/1544/1451 6256/1523/1451
f 6257/1538/1453 6258/1545/1453 6259/1543/1453
f 6257/1538/1454 6259/1543/1454 6260/1535/1454
f 6261/1536/1455 6262/1542/1455 6263/1546/1455
f 6261/1536/1468 6263/1546/1468 6264/1537/1468
f 6265/1524/1371 6266/1547/1371 6267/1548/1371
f 6265/1524/1371 6267/1548/1371 6268/1530/1371
f 6269/1523/1456 6270/1544/1456 6271/1547/1456
f 6269/1523/1456 6271/1547/1456 6272/1524/1456
f 6273/1537/1371 6274/1546/1371 6275/1545/1371
f 6273/1537/1371 6275/1545/1371 6276/1538/1371
f 6277/1530/1460 6278/1548/1460 6279/1549/1460
f 6277/1530/1457 6279/1549/1457 6280/1531/1457
f 6281/1522/1438 6282/1523/1438 6283/1524/1438
f 6281/1522/1438 6283/1524/1438 6284/1525/1438
f 6285/1526/1440 6286/1527/1440 6287/1528/1440
f 6285/1526/1440 6287/1528/1440 6288/1529/1440
f 6289/1527/1443 6290/1530/1443 6291/1531/1443
f 6289/1527/1443 6291/1531/1443 6292/1528/1443
f 6293/1525/1371 6294/1524/1371 6295/1530/1371
f 6293/1525/1371 6295/1530/1371 6296/1527/1371
f 6297/1532/1371 6298/1525/1371 6299/1527/1371
f 6297/1532/1371 6299/1527/1371 6300/1526/1371
f 6301/1529/1334 6302/1528/1334 6303/1533/1334
f 6301/1529/1334 6303/1533/1334 6304/1534/1334
f 6305/1535/1473 6306/1536/1473 6307/1537/1473
f 6305/1535/1474 6307/1537/1474 6308/1538/1474
f 6309/1539/1445 6310/1522/1445 6311/1525/1445
f 6309/1539/1445 6311/1525/1445 6312/1532/1445
f 6313/1534/1446 6314/1533/1446 6315/1540/1446
f 6313/1534/1446 6315/1540/1446 6316/1541/1446
f 6317/1542/1448 6318/1536/1448 6319/1522/1448
f 6317/1542/1448 6319/1522/1448 6320/1539/1448
f 6321/1536/1450 6322/1535/1450 6323/1523/1450
f 6321/1536/1450 6323/1523/1450 6324/1522/1450
f 6325/1535/1451 6326/1543/1451 6327/1544/1451
f 6325/1535/1451 6327/1544/1451 6328/1523/1451
f 6329/1538/1467 6330/1545/1467 6331/1543/1467
f 6329/1538/1467 6331/1543/1467 6332/1535/1467
f 6333/1536/1468 6334/1542/1468 6335/1546/1468
f 6333/1536/1455 6335/1546/1455 6336/1537/1455
f 6337/1524/1371 6338/1547/1371 6339/1548/1371
f 6337/1524/1371 6339/1548/1371 6340/1530/1371
f 6341/1523/1456 6342/1544/1456 6343/1547/1456
f 6341/1523/1456 6343/1547/1456 6344/1524/1456
f 6345/1537/1371 6346/1546/1371 6347/1545/1371
f 6345/1537/1371 6347/1545/1371 6348/1538/1371
f 6349/1530/1460 6350/1548/1460 6351/1549/1460
f 6349/1530/1457 6351/1549/1457 6352/1531/1457
f 6353/1522/1461 6354/1525/1461 6355/1524/1461
f 6353/1522/1462 6355/1524/1462 6356/1523/1462
f 6357/1526/1441 6358/1529/1441 6359/1528/1441
f 6357/1526/1440 6359/1528/1440 6360/1527/1440
f 6361/1527/1463 6362/1528/1463 6363/1531/1463
f 6361/1527/1464 6363/1531/1464 6364/1530/1464
f 6365/1525/1371 6366/1527/1371 6367/1530/1371
f 6365/1525/1371 6367/1530/1371 6368/1524/1371
f 6369/1532/1371 6370/1526/1371 6371/1527/1371
f 6369/1532/1371 6371/1527/1371 6372/1525/1371
f 6373/1529/1334 6374/1534/1334 6375/1533/1334
f 6373/1529/1334 6375/1533/1334 6376/1528/1334
f 6377/1535/1475 6378/1538/1475 6379/1537/1475
f 6377/1535/1475 6379/1537/1475 6380/1536/1475
f 6381/1539/1445 6382/1532/1445 6383/1525/1445
f 6381/1539/1445 6383/1525/1445 6384/1522/1445
f 6385/1534/1446 6386/1541/1446 6387/1540/1446
f 6385/1534/1446 6387/1540/1446 6388/1533/1446
f 6389/1542/1448 6390/1539/1448 6391/1522/1448
f 6389/1542/1448 6391/1522/1448 6392/1536/1448
f 6393/1536/1466 6394/1522/1466 6395/1523/1466
f 6393/1536/1466 6395/1523/1466 6396/1535/1466
f 6397/1535/1451 6398/1523/1451 6399/1544/1451
f 6397/1535/1451 6399/1544/1451 6400/1543/1451
f 6401/1538/1453 6402/1535/1453 6403/1543/1453
f 6401/1538/1453 6403/1543/1453 6404/1545/1453
f 6405/1536/1468 6406/1537/1468 6407/1546/1468
f 6405/1536/1455 6407/1546/1455 6408/1542/1455
f 6409/1524/1371 6410/1530/1371 6411/1548/1371
f 6409/1524/1371 6411/1548/1371 6412/1547/1371
f 6413/1523/1456 6414/1524/1456 6415/1547/1456
f 6413/1523/1456 6415/1547/1456 6416/1544/1456
f 6417/1537/1371 6418/1538/1371 6419/1545/1371
f 6417/1537/1371 6419/1545/1371 6420/1546/1371
f 6421/1530/1457 6422/1531/1457 6423/1549/1457
f 6421/1530/1460 6423/1549/1460 6424/1548/1460
f 6425/1522/1462 6426/1525/1462 6427/1524/1462
f 6425/1522/1462 6427/1524/1462 6428/1523/1462
f 6429/1526/1440 6430/1529/1440 6431/1528/1440
f 6429/1526/1441 6431/1528/1441 6432/1527/1441
f 6433/1527/1464 6434/1528/1464 6435/1531/1464
f 6433/1527/1464 6435/1531/1464 6436/1530/1464
f 6437/1525/1371 6438/1527/1371 6439/1530/1371
f 6437/1525/1371 6439/1530/1371 6440/1524/1371
f 6441/1532/1371 6442/1526/1371 6438/1527/1371
f 6441/1532/1371 6438/1527/1371 6437/1525/1371
f 6443/1529/1334 6444/1534/1334 6445/1533/1334
f 6443/1529/1334 6445/1533/1334 6446/1528/1334
f 6447/1535/1476 6448/1538/1476 6449/1537/1476
f 6447/1535/1476 6449/1537/1476 6450/1536/1476
f 6451/1539/1445 6452/1532/1445 6453/1525/1445
f 6451/1539/1445 6453/1525/1445 6454/1522/1445
f 6455/1534/1446 6456/1541/1446 6457/1540/1446
f 6455/1534/1446 6457/1540/1446 6458/1533/1446
f 6459/1542/1448 6460/1539/1448 6461/1522/1448
f 6459/1542/1447 6461/1522/1447 6462/1536/1447
f 6463/1536/1466 6464/1522/1466 6465/1523/1466
f 6463/1536/1470 6465/1523/1470 6466/1535/1470
f 6467/1535/1452 6468/1523/1452 6469/1544/1452
f 6467/1535/1451 6469/1544/1451 6470/1543/1451
f 6471/1538/1454 6472/1535/1454 6473/1543/1454
f 6471/1538/1467 6473/1543/1467 6474/1545/1467
f 6475/1536/1477 6476/1537/1477 6477/1546/1477
f 6475/1536/1468 6477/1546/1468 6478/1542/1468
f 6440/1524/1371 6439/1530/1371 6479/1548/1371
f 6440/1524/1371 6479/1548/1371 6480/1547/1371
f 6481/1523/1456 6482/1524/1456 6483/1547/1456
f 6481/1523/1456 6483/1547/1456 6484/1544/1456
f 6485/1537/1371 6486/1538/1371 6347/1545/1371
f 6485/1537/1371 6347/1545/1371 6346/1546/1371
f 6487/1530/1457 6488/1531/1457 6489/1549/1457
f 6487/1530/1457 6489/1549/1457 6490/1548/1457
f 6491/1502/1371 6492/1503/1371 6493/1504/1371
f 6491/1502/1371 6493/1504/1371 6494/1505/1371
f 6495/1506/1371 6496/1502/1371 6497/1505/1371
f 6495/1506/1371 6497/1505/1371 6498/1507/1371
f 6499/1506/1371 6500/1507/1371 6501/1508/1371
f 6499/1506/1371 6501/1508/1371 6502/1509/1371
f 6503/1503/1371 6504/1509/1371 6505/1508/1371
f 6503/1503/1371 6505/1508/1371 6506/1504/1371
f 6507/1503/1429 6508/1502/1429 6509/1510/1429
f 6507/1503/1429 6509/1510/1429 6510/1511/1429
f 6511/1502/1430 6512/1506/1430 6513/1512/1430
f 6511/1502/1430 6513/1512/1430 6514/1510/1430
f 6515/1506/1431 6516/1509/1431 6517/1513/1431
f 6515/1506/1431 6517/1513/1431 6518/1512/1431
f 6519/1509/1432 6520/1503/1432 6521/1511/1432
f 6519/1509/1433 6521/1511/1433 6522/1513/1433
f 6523/1505/1478 6524/1504/1478 6525/1514/1478
f 6523/1505/1434 6525/1514/1434 6526/1515/1434
f 6527/1507/1435 6528/1505/1435 6529/1515/1435
f 6527/1507/1435 6529/1515/1435 6530/1516/1435
f 6531/1508/1436 6532/1507/1436 6533/1516/1436
f 6531/1508/1472 6533/1516/1472 6534/1517/1472
f 6535/1504/1437 6536/1508/1437 6537/1517/1437
f 6535/1504/1437 6537/1517/1437 6538/1514/1437
f 6539/1515/1333 6540/1514/1333 6541/1518/1333
f 6539/1515/1333 6541/1518/1333 6542/1519/1333
f 6543/1516/1293 6544/1515/1293 6545/1519/1293
f 6543/1516/1293 6545/1519/1293 6546/1520/1293
f 6547/1517/1334 6548/1516/1334 6549/1520/1334
f 6547/1517/1334 6549/1520/1334 6550/1521/1334
f 6551/1514/1288 6552/1517/1288 6553/1521/1288
f 6551/1514/1288 6553/1521/1288 6554/1518/1288
f 6555/1522/1439 6556/1523/1439 6557/1524/1439
f 6555/1522/1439 6557/1524/1439 6558/1525/1439
f 6559/1526/1440 6560/1527/1440 6561/1528/1440
f 6559/1526/1440 6561/1528/1440 6562/1529/1440
f 6563/1527/1443 6564/1530/1443 6565/1531/1443
f 6563/1527/1443 6565/1531/1443 6566/1528/1443
f 6567/1525/1371 6568/1524/1371 6569/1530/1371
f 6567/1525/1371 6569/1530/1371 6570/1527/1371
f 6571/1532/1371 6572/1525/1371 6573/1527/1371
f 6571/1532/1371 6573/1527/1371 6574/1526/1371
f 6575/1529/1334 6576/1528/1334 6577/1533/1334
f 6575/1529/1334 6577/1533/1334 6578/1534/1334
f 6579/1535/1444 6580/1536/1444 6581/1537/1444
f 6579/1535/1444 6581/1537/1444 6582/1538/1444
f 6583/1539/1445 6584/1522/1445 6585/1525/1445
f 6583/1539/1445 6585/1525/1445 6586/1532/1445
f 6587/1534/1446 6588/1533/1446 6589/1540/1446
f 6587/1534/1446 6589/1540/1446 6590/1541/1446
f 6591/1542/1448 6592/1536/1448 6593/1522/1448
f 6591/1542/1448 6593/1522/1448 6594/1539/1448
f 6595/1536/1450 6596/1535/1450 6597/1523/1450
f 6595/1536/1450 6597/1523/1450 6598/1522/1450
f 6599/1535/1451 6600/1543/1451 6601/1544/1451
f 6599/1535/1451 6601/1544/1451 6602/1523/1451
f 6603/1538/1453 6604/1545/1453 6605/1543/1453
f 6603/1538/1454 6605/1543/1454 6606/1535/1454
f 6607/1536/1455 6608/1542/1455 6609/1546/1455
f 6607/1536/1468 6609/1546/1468 6610/1537/1468
f 6611/1524/1371 6612/1547/1371 6613/1548/1371
f 6611/1524/1371 6613/1548/1371 6614/1530/1371
f 6615/1523/1456 6616/1544/1456 6617/1547/1456
f 6615/1523/1456 6617/1547/1456 6618/1524/1456
f 6619/1537/1371 6620/1546/1371 6621/1545/1371
f 6619/1537/1371 6621/1545/1371 6622/1538/1371
f 6623/1530/1457 6624/1548/1457 6625/1549/1457
f 6623/1530/1457 6625/1549/1457 6626/1531/1457
f 6627/1522/1438 6628/1523/1438 6629/1524/1438
f 6627/1522/1438 6629/1524/1438 6630/1525/1438
f 6631/1526/1441 6632/1527/1441 6633/1528/1441
f 6631/1526/1440 6633/1528/1440 6634/1529/1440
f 6635/1527/1443 6636/1530/1443 6637/1531/1443
f 6635/1527/1443 6637/1531/1443 6638/1528/1443
f 6639/1525/1371 6640/1524/1371 6641/1530/1371
f 6639/1525/1371 6641/1530/1371 6642/1527/1371
f 6643/1532/1371 6639/1525/1371 6642/1527/1371
f 6643/1532/1371 6642/1527/1371 6644/1526/1371
f 6645/1529/1334 6646/1528/1334 6647/1533/1334
f 6645/1529/1334 6647/1533/1334 6648/1534/1334
f 6649/1535/1444 6650/1536/1444 6651/1537/1444
f 6649/1535/1444 6651/1537/1444 6652/1538/1444
f 6653/1539/1445 6654/1522/1445 6655/1525/1445
f 6653/1539/1458 6655/1525/1458 6656/1532/1458
f 6657/1534/1446 6658/1533/1446 6659/1540/1446
f 6657/1534/1446 6659/1540/1446 6660/1541/1446
f 6661/1542/1448 6662/1536/1448 6663/1522/1448
f 6661/1542/1448 6663/1522/1448 6664/1539/1448
f 6665/1536/1450 6666/1535/1450 6667/1523/1450
f 6665/1536/1450 6667/1523/1450 6668/1522/1450
f 6669/1535/1451 6670/1543/1451 6671/1544/1451
f 6669/1535/1451 6671/1544/1451 6672/1523/1451
f 6673/1538/1453 6674/1545/1453 6675/1543/1453
f 6673/1538/1454 6675/1543/1454 6676/1535/1454
f 6677/1536/1468 6678/1542/1468 6679/1546/1468
f 6677/1536/1455 6679/1546/1455 6680/1537/1455
f 6640/1524/1371 6681/1547/1371 6682/1548/1371
f 6640/1524/1371 6682/1548/1371 6641/1530/1371
f 6683/1523/1459 6684/1544/1459 6685/1547/1459
f 6683/1523/1456 6685/1547/1456 6686/1524/1456
f 6687/1537/1371 6688/1546/1371 6689/1545/1371
f 6687/1537/1371 6689/1545/1371 6690/1538/1371
f 6691/1530/1457 6692/1548/1457 6693/1549/1457
f 6691/1530/1460 6693/1549/1460 6694/1531/1460
f 6695/1522/1462 6696/1525/1462 6697/1524/1462
f 6695/1522/1461 6697/1524/1461 6698/1523/1461
f 6699/1526/1440 6700/1529/1440 6701/1528/1440
f 6699/1526/1440 6701/1528/1440 6702/1527/1440
f 6703/1527/1464 6704/1528/1464 6705/1531/1464
f 6703/1527/1464 6705/1531/1464 6706/1530/1464
f 6707/1525/1371 6708/1527/1371 6709/1530/1371
f 6707/1525/1371 6709/1530/1371 6710/1524/1371
f 6711/1532/1371 6712/1526/1371 6713/1527/1371
f 6711/1532/1371 6713/1527/1371 6714/1525/1371
f 6715/1529/1334 6716/1534/1334 6717/1533/1334
f 6715/1529/1334 6717/1533/1334 6718/1528/1334
f 6719/1535/1465 6720/1538/1465 6721/1537/1465
f 6719/1535/1465 6721/1537/1465 6722/1536/1465
f 6723/1539/1445 6724/1532/1445 6725/1525/1445
f 6723/1539/1445 6725/1525/1445 6726/1522/1445
f 6727/1534/1446 6728/1541/1446 6729/1540/1446
f 6727/1534/1446 6729/1540/1446 6730/1533/1446
f 6731/1542/1448 6732/1539/1448 6733/1522/1448
f 6731/1542/1448 6733/1522/1448 6734/1536/1448
f 6735/1536/1466 6736/1522/1466 6737/1523/1466
f 6735/1536/1466 6737/1523/1466 6738/1535/1466
f 6739/1535/1451 6740/1523/1451 6741/1544/1451
f 6739/1535/1451 6741/1544/1451 6742/1543/1451
f 6743/1538/1467 6744/1535/1467 6745/1543/1467
f 6743/1538/1453 6745/1543/1453 6746/1545/1453
f 6747/1536/1455 6748/1537/1455 6749/1546/1455
f 6747/1536/1468 6749/1546/1468 6750/1542/1468
f 6751/1524/1371 6752/1530/1371 6753/1548/1371
f 6751/1524/1371 6753/1548/1371 6754/1547/1371
f 6755/1523/1456 6756/1524/1456 6757/1547/1456
f 6755/1523/1456 6757/1547/1456 6758/1544/1456
f 6759/1537/1371 6760/1538/1371 6761/1545/1371
f 6759/1537/1371 6761/1545/1371 6762/1546/1371
f 6763/1530/1457 6764/1531/1457 6765/1549/1457
f 6763/1530/1457 6765/1549/1457 6766/1548/1457
f 6767/1522/1461 6768/1525/1461 6769/1524/1461
f 6767/1522/1479 6769/1524/1479 6770/1523/1479
f 6771/1526/1440 6772/1529/1440 6773/1528/1440
f 6771/1526/1440 6773/1528/1440 6774/1527/1440
f 6775/1527/1463 6776/1528/1463 6777/1531/1463
f 6775/1527/1464 6777/1531/1464 6778/1530/1464
f 6779/1525/1371 6780/1527/1371 6781/1530/1371
f 6779/1525/1371 6781/1530/1371 6782/1524/1371
f 6783/1532/1371 6784/1526/1371 6785/1527/1371
f 6783/1532/1371 6785/1527/1371 6786/1525/1371
f 6787/1529/1334 6788/1534/1334 6789/1533/1334
f 6787/1529/1334 6789/1533/1334 6790/1528/1334
f 6791/1535/1465 6792/1538/1465 6793/1537/1465
f 6791/1535/1469 6793/1537/1469 6794/1536/1469
f 6795/1539/1458 6796/1532/1458 6797/1525/1458
f 6795/1539/1445 6797/1525/1445 6798/1522/1445
f 6799/1534/1446 6800/1541/1446 6801/1540/1446
f 6799/1534/1446 6801/1540/1446 6802/1533/1446
f 6803/1542/1448 6804/1539/1448 6805/1522/1448
f 6803/1542/1447 6805/1522/1447 6806/1536/1447
f 6807/1536/1466 6808/1522/1466 6809/1523/1466
f 6807/1536/1470 6809/1523/1470 6810/1535/1470
f 6811/1535/1452 6812/1523/1452 6813/1544/1452
f 6811/1535/1451 6813/1544/1451 6814/1543/1451
f 6815/1538/1454 6816/1535/1454 6817/1543/1454
f 6815/1538/1453 6817/1543/1453 6818/1545/1453
f 6819/1536/1480 6820/1537/1480 6821/1546/1480
f 6819/1536/1468 6821/1546/1468 6822/1542/1468
f 6823/1524/1371 6824/1530/1371 6825/1548/1371
f 6823/1524/1371 6825/1548/1371 6826/1547/1371
f 6827/1523/1456 6828/1524/1456 6829/1547/1456
f 6827/1523/1456 6829/1547/1456 6830/1544/1456
f 6831/1537/1371 6832/1538/1371 6833/1545/1371
f 6831/1537/1371 6833/1545/1371 6834/1546/1371
f 6835/1530/1457 6836/1531/1457 6837/1549/1457
f 6835/1530/1457 6837/1549/1457 6838/1548/1457
s 1
f 6839/1550/1481 3308/1446/1292 6840/1551/1482
f 6839/1550/1481 6840/1551/1482 6841/1552/1483
f 3298/1436/1284 6839/1550/1481 6841/1552/1483
f 3298/1436/1284 6841/1552/1483 6842/1553/1484
f 6843/1554/1485 3306/1444/1290 6844/1555/1486
f 6843/1554/1485 6844/1555/1486 6845/1556/1487
f 3308/1446/1292 3301/1439/1287 6846/1557/1488
f 3308/1446/1292 6846/1557/1488 6840/1551/1482
f 3306/1444/1290 3298/1436/1284 6842/1553/1484
f 3306/1444/1290 6842/1553/1484 6844/1555/1486
f 3301/1439/1287 6843/1554/1485 6845/1556/1487
f 3301/1439/1287 6845/1556/1487 6846/1557/1488
f 6845/1556/1487 6844/1555/1486 6842/1553/1484
f 6845/1556/1487 6842/1553/1484 6841/1552/1483
f 6846/1557/1488 6845/1556/1487 6841/1552/1483
f 6846/1557/1488 6841/1552/1483 6840/1551/1482
f 3300/1438/1286 6847/1558/1489 6843/1554/1485
f 3300/1438/1286 6843/1554/1485 3301/1439/1287
f 6847/1558/1489 3305/1443/1289 3306/1444/1290
f 6847/1558/1489 3306/1444/1290 6843/1554/1485
f 3297/1435/1283 6848/1559/1490 6839/1550/1481
f 3297/1435/1283 6839/1550/1481 3298/1436/1284
f 6848/1559/1490 3307/1445/1291 3308/1446/1292
f 6848/1559/1490 3308/1446/1292 6839/1550/1481
f 6849/1560/1491 6850/1561/1334 6851/1562/1334
f 6849/1560/1491 6851/1562/1334 6852/1563/1491
f 6853/1564/1333 6854/1565/1492 6855/1566/1492
f 6853/1564/1333 6855/1566/1492 6856/1567/1333
f 6857/1568/1493 6853/1564/1333 6856/1567/1333
f 6857/1568/1493 6856/1567/1333 6858/1569/1493
f 6854/1565/1492 6849/1560/1491 6852/1563/1491
f 6854/1565/1492 6852/1563/1491 6855/1566/1492
f 6859/1570/1494 6857/1568/1493 6858/1569/1493
f 6859/1570/1494 6858/1569/1493 6860/1571/1494
f 6861/1572/1495 6862/1573/1496 6863/1574/1497
f 6861/1572/1495 6863/1574/1497 6864/1575/1498
f 6864/1575/1498 6863/1574/1497 6865/1576/1499
f 6864/1575/1498 6865/1576/1499 6866/1577/1500
f 6866/1577/1500 6865/1576/1499 6867/1578/1501
f 6866/1577/1500 6867/1578/1501 6868/1579/1502
f 6868/1579/1502 6867/1578/1501 6869/1580/1503
f 6868/1579/1502 6869/1580/1503 6870/1581/1504
f 6861/1572/1495 6864/1575/1498 6871/1582/1371
f 6861/1572/1495 6871/1582/1371 6872/1583/1505
f 6870/1581/1504 6869/1580/1503 6873/1584/1506
f 6870/1581/1504 6873/1584/1506 6874/1585/1507
f 6874/1585/1507 6873/1584/1506 6875/1586/1508
f 6874/1585/1507 6875/1586/1508 6876/1587/1509
f 6864/1575/1498 6866/1577/1500 6877/1588/1510
f 6864/1575/1498 6877/1588/1510 6871/1582/1371
f 6866/1577/1500 6868/1579/1502 6878/1589/1333
f 6866/1577/1500 6878/1589/1333 6877/1588/1510
f 6876/1587/1509 6875/1586/1508 6879/1590/1511
f 6876/1587/1509 6879/1590/1511 6880/1591/1512
f 6880/1591/1512 6879/1590/1511 6862/1573/1496
f 6880/1591/1512 6862/1573/1496 6861/1572/1495
f 6868/1579/1502 6870/1581/1504 6881/1592/1513
f 6868/1579/1502 6881/1592/1513 6878/1589/1333
f 6870/1581/1504 6874/1585/1507 6882/1593/1322
f 6870/1581/1504 6882/1593/1322 6881/1592/1513
f 6874/1585/1507 6876/1587/1509 6883/1594/1514
f 6874/1585/1507 6883/1594/1514 6882/1593/1322
f 6876/1587/1509 6880/1591/1512 6884/1595/1334
f 6876/1587/1509 6884/1595/1334 6883/1594/1514
f 6880/1591/1512 6861/1572/1495 6872/1583/1505
f 6880/1591/1512 6872/1583/1505 6884/1595/1334
f 6869/1580/1503 6867/1578/1501 6885/1596/1293
f 6869/1580/1503 6885/1596/1293 6873/1584/1506
f 6867/1578/1501 6865/1576/1499 6863/1574/1497
f 6867/1578/1501 6863/1574/1497 6885/1596/1293
f 6885/1596/1293 6863/1574/1497 6862/1573/1496
f 6885/1596/1293 6862/1573/1496 6879/1590/1511
f 6873/1584/1506 6885/1596/1293 6879/1590/1511
f 6873/1584/1506 6879/1590/1511 6875/1586/1508
s 0
f 6886/1597/1515 6887/1598/1515 6888/1599/1515
f 6886/1597/1515 6888/1599/1515 6889/1600/1515
f 6890/1601/1516 6891/1602/1516 6892/1603/1516
f 6890/1601/1517 6892/1603/1517 6893/1604/1517
f 6894/1602/1518 6895/1605/1518 6896/1606/1518
f 6894/1602/1518 6896/1606/1518 6897/1603/1518
f 6898/1600/1293 6899/1599/1293 6900/1605/1293
f 6898/1600/1293 6900/1605/1293 6901/1602/1293
f 6902/1607/1293 6898/1600/1293 6901/1602/1293
f 6902/1607/1293 6901/1602/1293 6903/1601/1293
f 6904/1604/1334 6905/1603/1334 6906/1608/1334
f 6904/1604/1334 6906/1608/1334 6907/1609/1334
f 6908/1598/1519 6909/1597/1519 6910/1610/1519
f 6908/1598/1519 6910/1610/1519 6911/1611/1519
f 6912/1612/1520 6913/1597/1520 6914/1600/1520
f 6912/1612/1521 6914/1600/1521 6915/1607/1521
f 6916/1609/1522 6917/1608/1522 6918/1613/1522
f 6916/1609/1522 6918/1613/1522 6919/1614/1522
f 6920/1611/1523 6921/1615/1523 6922/1616/1523
f 6920/1611/1524 6922/1616/1524 6923/1598/1524
f 6924/1597/1525 6925/1612/1525 6926/1617/1525
f 6924/1597/1525 6926/1617/1525 6927/1610/1525
f 6899/1599/1293 6928/1618/1293 6929/1619/1293
f 6899/1599/1293 6929/1619/1293 6900/1605/1293
f 6930/1598/1526 6931/1616/1526 6932/1618/1526
f 6930/1598/1526 6932/1618/1526 6933/1599/1526
f 6934/1610/1293 6935/1617/1293 6936/1615/1293
f 6934/1610/1293 6936/1615/1293 6937/1611/1293
f 6938/1605/1527 6939/1619/1527 6940/1620/1527
f 6938/1605/1528 6940/1620/1528 6941/1606/1528
f 6942/1597/1529 6943/1600/1529 6944/1599/1529
f 6942/1597/1529 6944/1599/1529 6945/1598/1529
f 6946/1601/1516 6947/1604/1516 6948/1603/1516
f 6946/1601/1516 6948/1603/1516 6949/1602/1516
f 6950/1602/1530 6951/1603/1530 6952/1606/1530
f 6950/1602/1530 6952/1606/1530 6953/1605/1530
f 6954/1600/1293 6955/1602/1293 6956/1605/1293
f 6954/1600/1293 6956/1605/1293 6957/1599/1293
f 6958/1607/1293 6959/1601/1293 6960/1602/1293
f 6958/1607/1293 6960/1602/1293 6961/1600/1293
f 6904/1604/1334 6907/1609/1334 6962/1608/1334
f 6904/1604/1334 6962/1608/1334 6963/1603/1334
f 6964/1598/1531 6965/1611/1531 6966/1610/1531
f 6964/1598/1531 6966/1610/1531 6967/1597/1531
f 6968/1612/1521 6969/1607/1521 6970/1600/1521
f 6968/1612/1520 6970/1600/1520 6971/1597/1520
f 6972/1609/1522 6973/1614/1522 6974/1613/1522
f 6972/1609/1532 6974/1613/1532 6975/1608/1532
f 6976/1611/1524 6977/1598/1524 6978/1616/1524
f 6976/1611/1533 6978/1616/1533 6979/1615/1533
f 6980/1597/1534 6981/1610/1534 6982/1617/1534
f 6980/1597/1525 6982/1617/1525 6983/1612/1525
f 6984/1599/1293 6985/1605/1293 6986/1619/1293
f 6984/1599/1293 6986/1619/1293 6987/1618/1293
f 6988/1598/1526 6989/1599/1526 6990/1618/1526
f 6988/1598/1526 6990/1618/1526 6991/1616/1526
f 6992/1610/1293 6993/1611/1293 6936/1615/1293
f 6992/1610/1293 6936/1615/1293 6935/1617/1293
f 6994/1605/1527 6995/1606/1527 6996/1620/1527
f 6994/1605/1528 6996/1620/1528 6997/1619/1528
f 6998/1597/1515 6999/1598/1515 7000/1599/1515
f 6998/1597/1515 7000/1599/1515 7001/1600/1515
f 7002/1601/1535 7003/1602/1535 7004/1603/1535
f 7002/1601/1535 7004/1603/1535 7005/1604/1535
f 7006/1602/1536 7007/1605/1536 7008/1606/1536
f 7006/1602/1536 7008/1606/1536 7009/1603/1536
f 7010/1600/1293 7011/1599/1293 7012/1605/1293
f 7010/1600/1293 7012/1605/1293 7013/1602/1293
f 7014/1607/1293 7010/1600/1293 7013/1602/1293
f 7014/1607/1293 7013/1602/1293 7015/1601/1293
f 7016/1604/1334 7017/1603/1334 7018/1608/1334
f 7016/1604/1334 7018/1608/1334 7019/1609/1334
f 7020/1598/1519 7021/1597/1519 7022/1610/1519
f 7020/1598/1519 7022/1610/1519 7023/1611/1519
f 7024/1612/1520 7025/1597/1520 7026/1600/1520
f 7024/1612/1520 7026/1600/1520 7027/1607/1520
f 7028/1609/1522 7029/1608/1522 7030/1613/1522
f 7028/1609/1522 7030/1613/1522 7031/1614/1522
f 7032/1611/1533 7033/1615/1533 7034/1616/1533
f 7032/1611/1524 7034/1616/1524 7035/1598/1524
f 7036/1597/1525 7037/1612/1525 7038/1617/1525
f 7036/1597/1534 7038/1617/1534 7039/1610/1534
f 7011/1599/1293 7040/1618/1293 7041/1619/1293
f 7011/1599/1293 7041/1619/1293 7012/1605/1293
f 7042/1598/1526 7043/1616/1526 7044/1618/1526
f 7042/1598/1526 7044/1618/1526 7045/1599/1526
f 7046/1610/1293 7047/1617/1293 7048/1615/1293
f 7046/1610/1293 7048/1615/1293 7049/1611/1293
f 7050/1605/1537 7051/1619/1537 7052/1620/1537
f 7050/1605/1537 7052/1620/1537 7053/1606/1537
f 7054/1597/1529 7055/1600/1529 7056/1599/1529
f 7054/1597/1538 7056/1599/1538 7057/1598/1538
f 7058/1601/1535 7059/1604/1535 7060/1603/1535
f 7058/1601/1535 7060/1603/1535 7061/1602/1535
f 7062/1602/1539 7063/1603/1539 7064/1606/1539
f 7062/1602/1539 7064/1606/1539 7065/1605/1539
f 7066/1600/1293 7067/1602/1293 7068/1605/1293
f 7066/1600/1293 7068/1605/1293 7069/1599/1293
f 7070/1607/1293 7071/1601/1293 7072/1602/1293
f 7070/1607/1293 7072/1602/1293 7073/1600/1293
f 7074/1604/1334 7075/1609/1334 7076/1608/1334
f 7074/1604/1334 7076/1608/1334 7077/1603/1334
f 7078/1598/1540 7079/1611/1540 7080/1610/1540
f 7078/1598/1531 7080/1610/1531 7081/1597/1531
f 7082/1612/1520 7083/1607/1520 7084/1600/1520
f 7082/1612/1521 7084/1600/1521 7085/1597/1521
f 7086/1609/1522 7087/1614/1522 7088/1613/1522
f 7086/1609/1522 7088/1613/1522 7089/1608/1522
f 7090/1611/1533 7091/1598/1533 7092/1616/1533
f 7090/1611/1523 7092/1616/1523 7093/1615/1523
f 7094/1597/1525 7095/1610/1525 7096/1617/1525
f 7094/1597/1534 7096/1617/1534 7097/1612/1534
f 7098/1599/1293 7099/1605/1293 7100/1619/1293
f 7098/1599/1293 7100/1619/1293 7101/1618/1293
f 7102/1598/1526 7103/1599/1526 7104/1618/1526
f 7102/1598/1526 7104/1618/1526 7105/1616/1526
f 7106/1610/1293 7107/1611/1293 7048/1615/1293
f 7106/1610/1293 7048/1615/1293 7047/1617/1293
f 7108/1605/1528 7109/1606/1528 7110/1620/1528
f 7108/1605/1537 7110/1620/1537 7111/1619/1537
f 7112/1621/1322 7113/1622/1322 7114/1622/1322
f 7112/1621/1322 7114/1622/1322 7115/1621/1322
f 7116/1623/1293 3316/1454/1293 3315/1453/1293
f 7116/1623/1293 3315/1453/1293 7117/1624/1293
f 7118/1625/1541 7119/1626/1541 7120/1627/1541
f 7118/1625/1541 7120/1627/1541 7121/1628/1541
f 7122/1629/1542 7123/1453/1542 7124/1456/1542
f 7122/1629/1542 7124/1456/1542 7125/1630/1542
f 7126/1628/1543 7127/1627/1543 7128/1454/1543
f 7126/1628/1543 7128/1454/1543 7129/1623/1543
f 7130/1626/1544 7131/1631/1544 7132/1632/1544
f 7130/1626/1544 7132/1632/1544 7133/1627/1544
f 7134/1625/1293 7135/1633/1293 7136/1631/1293
f 7134/1625/1293 7136/1631/1293 7137/1626/1293
f 7138/1457/1545 7139/1634/1545 7140/1622/1545
f 7138/1457/1545 7140/1622/1545 7141/1452/1545
f 7142/1627/1546 7143/1632/1546 7144/1458/1546
f 7142/1627/1547 7144/1458/1547 7145/1454/1547
f 7146/1628/1548 7147/1635/1548 7148/1633/1548
f 7146/1628/1548 7148/1633/1548 7149/1625/1548
f 7150/1636/1549 7151/1637/1549 7152/1638/1549
f 7150/1636/1549 7152/1638/1549 7153/1624/1549
f 7154/1624/1542 7155/1453/1542 7156/1629/1542
f 7154/1624/1542 7156/1629/1542 7157/1636/1542
f 7158/1456/1550 7159/1461/1550 7160/1639/1550
f 7158/1456/1550 7160/1639/1550 7161/1630/1550
f 7162/1454/1293 7163/1458/1293 7164/1457/1293
f 7162/1454/1293 7164/1457/1293 7165/1452/1293
f 7166/1623/1551 7167/1640/1551 7168/1635/1551
f 7166/1623/1551 7168/1635/1551 7169/1628/1551
f 7170/1621/1552 7171/1641/1552 7172/1460/1552
f 7170/1621/1552 7172/1460/1552 7173/1455/1552
f 7174/1624/1293 7175/1638/1293 7176/1640/1293
f 7174/1624/1293 7176/1640/1293 7177/1623/1293
f 7178/1621/1334 7179/1641/1334 7180/1641/1334
f 7178/1621/1334 7180/1641/1334 7181/1621/1334
f 7182/1634/1333 7183/1634/1333 7184/1622/1333
f 7182/1634/1333 7184/1622/1333 7185/1622/1333
f 7186/1455/1553 7187/1452/1554 7188/1622/1554
f 7186/1455/1555 7188/1622/1556 7189/1621/1555
f 3317/1455/1293 3329/1460/1293 3328/1461/1293
f 3317/1455/1293 3328/1461/1293 3318/1456/1293
f 7190/1641/1371 7191/1641/1371 7192/1634/1371
f 7190/1641/1371 7192/1634/1371 7193/1634/1371
f 7194/1640/1293 7195/1638/1293 3321/1459/1293
f 7194/1640/1293 3321/1459/1293 3320/1458/1293
f 7196/1633/1557 7197/1635/1557 7198/1632/1557
f 7196/1633/1557 7198/1632/1557 7199/1631/1557
f 7200/1642/1558 7201/1639/1558 7202/1461/1558
f 7200/1642/1558 7202/1461/1558 7203/1459/1558
f 7204/1635/1559 7205/1640/1559 7206/1458/1559
f 7204/1635/1559 7206/1458/1559 7207/1632/1559
f 7208/1638/1558 7209/1637/1558 7210/1642/1558
f 7208/1638/1558 7210/1642/1558 7211/1459/1558
f 7212/1460/1560 7213/1641/1560 7214/1634/1561
f 7212/1460/1562 7214/1634/1563 7215/1457/1563
s 1
f 3354/1486/1318 3356/1488/1320 3351/1483/1315
f 3354/1486/1318 3351/1483/1315 3347/1479/1311
f 7216/1643/1564 7217/1644/1564 7218/1645/1334
f 7216/1643/1564 7218/1645/1334 7219/1646/1334
f 7220/1647/1565 7221/1648/1565 7222/1649/1566
f 7220/1647/1565 7222/1649/1566 7223/1650/1566
f 7224/1651/1567 7225/1652/1288 7226/1653/1288
f 7224/1651/1567 7226/1653/1288 7227/1654/1567
f 7228/1655/1568 7229/1656/1569 7230/1657/1569
f 7228/1655/1568 7230/1657/1569 7231/1658/1568
f 3366/1498/1318 3368/1500/1320 3363/1495/1315
f 3366/1498/1318 3363/1495/1315 3359/1491/1311
f 7232/1659/1565 7233/1660/1565 7234/1661/1566
f 7232/1659/1565 7234/1661/1566 7235/1662/1566
f 7236/1663/1567 7237/1664/1570 7238/1665/1570
f 7236/1663/1567 7238/1665/1570 7239/1666/1567
f 7240/1667/1568 7241/1668/1293 7242/1669/1293
f 7240/1667/1568 7242/1669/1293 7243/1670/1568
f 7244/1671/1571 7245/1672/1571 7228/1655/1568
f 7244/1671/1571 7228/1655/1568 7231/1658/1568
f 7221/1648/1565 7220/1647/1565 7230/1657/1569
f 7221/1648/1565 7230/1657/1569 7229/1656/1569
f 3356/1488/1320 3354/1486/1318 3353/1485/1317
f 3356/1488/1320 3353/1485/1317 3357/1489/1321
f 3346/1478/1310 3352/1484/1316 3354/1486/1318
f 3346/1478/1310 3354/1486/1318 3347/1479/1311
f 3355/1487/1319 3349/1481/1313 3351/1483/1315
f 3355/1487/1319 3351/1483/1315 3356/1488/1320
f 3350/1482/1314 3348/1480/1312 3347/1479/1311
f 3350/1482/1314 3347/1479/1311 3351/1483/1315
f 7246/1673/1572 7247/1674/1572 7224/1651/1567
f 7246/1673/1572 7224/1651/1567 7227/1654/1567
f 7223/1650/1566 7222/1649/1566 7248/1675/1573
f 7223/1650/1566 7248/1675/1573 7249/1676/1573
f 7217/1644/1564 7216/1643/1564 7240/1667/1568
f 7217/1644/1564 7240/1667/1568 7243/1670/1568
f 7233/1660/1565 7232/1659/1565 7250/1677/1574
f 7233/1660/1565 7250/1677/1574 7251/1678/1574
f 3368/1500/1320 3366/1498/1318 3365/1497/1317
f 3368/1500/1320 3365/1497/1317 3369/1501/1321
f 3358/1490/1310 3364/1496/1316 3366/1498/1318
f 3358/1490/1310 3366/1498/1318 3359/1491/1311
f 3367/1499/1319 3361/1493/1313 3363/1495/1315
f 3367/1499/1319 3363/1495/1315 3368/1500/1320
f 3362/1494/1314 3360/1492/1312 3359/1491/1311
f 3362/1494/1314 3359/1491/1311 3363/1495/1315
f 7252/1679/1575 7253/1680/1575 7236/1663/1567
f 7252/1679/1575 7236/1663/1567 7239/1666/1567
f 7235/1662/1566 7234/1661/1566 7238/1665/1570
f 7235/1662/1566 7238/1665/1570 7237/1664/1570
f 7254/1681/1334 7255/1682/1334 7247/1674/1572
f 7254/1681/1334 7247/1674/1572 7246/1673/1572
f 7256/1683/1576 7257/1684/1577 7258/1685/1578
f 7256/1683/1576 7258/1685/1578 7259/1686/1579
f 7257/1684/1577 7260/1687/1580 7261/1688/1581
f 7257/1684/1577 7261/1688/1581 7258/1685/1578
f 7262/1689/1582 7263/1690/1583 7264/1691/1584
f 7262/1689/1582 7264/1691/1584 7265/1692/1585
f 7263/1690/1583 7256/1683/1576 7259/1686/1579
f 7263/1690/1583 7259/1686/1579 7264/1691/1584
f 7258/1685/1578 7266/1693/1586 7267/1694/1587
f 7258/1685/1578 7267/1694/1587 7259/1686/1579
f 7261/1688/1581 7268/1695/1588 7266/1693/1586
f 7261/1688/1581 7266/1693/1586 7258/1685/1578
f 7264/1691/1584 7269/1696/1589 7270/1697/1590
f 7264/1691/1584 7270/1697/1590 7265/1692/1585
f 7259/1686/1579 7267/1694/1587 7269/1696/1589
f 7259/1686/1579 7269/1696/1589 7264/1691/1584
f 7271/1698/1591 7272/1699/1592 7273/1700/1593
f 7271/1698/1591 7273/1700/1593 7274/1701/1594
f 7272/1699/1592 7275/1702/1595 7276/1703/1596
f 7272/1699/1592 7276/1703/1596 7273/1700/1593
f 7277/1704/1597 7278/1705/1598 7279/1706/1599
f 7277/1704/1597 7279/1706/1599 7280/1707/1600
f 7278/1705/1598 7271/1698/1591 7274/1701/1594
f 7278/1705/1598 7274/1701/1594 7279/1706/1599
f 7273/1700/1593 7257/1684/1577 7256/1683/1576
f 7273/1700/1593 7256/1683/1576 7274/1701/1594
f 7276/1703/1596 7260/1687/1580 7257/1684/1577
f 7276/1703/1596 7257/1684/1577 7273/1700/1593
f 7279/1706/1599 7263/1690/1583 7262/1689/1582
f 7279/1706/1599 7262/1689/1582 7280/1707/1600
f 7274/1701/1594 7256/1683/1576 7263/1690/1583
f 7274/1701/1594 7263/1690/1583 7279/1706/1599
f 7281/1708/1601 7282/1709/1602 7283/1710/1603
f 7281/1708/1601 7283/1710/1603 7284/1711/1604
f 7285/1712/1605 7281/1708/1601 7284/1711/1604
f 7285/1712/1605 7284/1711/1604 7286/1713/1606
f 7287/1714/1607 7288/1715/1608 7289/1716/1609
f 7287/1714/1607 7289/1716/1609 7290/1717/1610
f 7291/1718/1611 7292/1719/1612 7288/1715/1608
f 7291/1718/1611 7288/1715/1608 7287/1714/1607
f 7293/1720/1613 7294/1721/1614 7295/1722/1615
f 7293/1720/1613 7295/1722/1615 7296/1723/1616
f 7290/1717/1610 7289/1716/1609 7294/1721/1614
f 7290/1717/1610 7294/1721/1614 7293/1720/1613
f 7297/1724/1617 7287/1714/1607 7290/1717/1610
f 7297/1724/1617 7290/1717/1610 7298/1725/1618
f 7299/1726/1619 7291/1718/1611 7287/1714/1607
f 7299/1726/1619 7287/1714/1607 7297/1724/1617
f 7300/1727/1620 7293/1720/1613 7296/1723/1616
f 7300/1727/1620 7296/1723/1616 7301/1728/1621
f 7298/1725/1618 7290/1717/1610 7293/1720/1613
f 7298/1725/1618 7293/1720/1613 7300/1727/1620
f 7302/1729/1622 7303/1730/1623 7304/1731/1624
f 7302/1729/1622 7304/1731/1624 7285/1712/1605
f 7305/1732/1625 7306/1733/1626 7303/1730/1623
f 7305/1732/1625 7303/1730/1623 7302/1729/1622
f 7281/1708/1601 7307/1734/1627 7308/1735/1628
f 7281/1708/1601 7308/1735/1628 7282/1709/1602
f 7285/1712/1605 7304/1731/1624 7307/1734/1627
f 7285/1712/1605 7307/1734/1627 7281/1708/1601
f 7302/1729/1622 7285/1712/1605 7286/1713/1606
f 7302/1729/1622 7286/1713/1606 7309/1736/1629
f 7309/1736/1629 7286/1713/1606 7310/1737/1630
f 7309/1736/1629 7310/1737/1630 7311/1738/1631
f 7312/1739/1632 7309/1736/1629 7311/1738/1631
f 7312/1739/1632 7311/1738/1631 7313/1740/1633
f 7284/1711/1604 7283/1710/1603 7314/1741/1634
f 7284/1711/1604 7314/1741/1634 7315/1742/1635
f 7286/1713/1606 7284/1711/1604 7315/1742/1635
f 7286/1713/1606 7315/1742/1635 7310/1737/1630
f 7305/1732/1625 7302/1729/1622 7309/1736/1629
f 7305/1732/1625 7309/1736/1629 7312/1739/1632
f 7303/1730/1623 7316/1743/1636 7317/1744/1637
f 7303/1730/1623 7317/1744/1637 7304/1731/1624
f 7306/1733/1626 7318/1745/1638 7316/1743/1636
f 7306/1733/1626 7316/1743/1636 7303/1730/1623
f 7307/1734/1627 7319/1746/1639 7320/1747/1640
f 7307/1734/1627 7320/1747/1640 7308/1735/1628
f 7316/1743/1636 7297/1724/1617 7298/1725/1618
f 7316/1743/1636 7298/1725/1618 7317/1744/1637
f 7318/1745/1638 7299/1726/1619 7297/1724/1617
f 7318/1745/1638 7297/1724/1617 7316/1743/1636
f 7319/1746/1639 7300/1727/1620 7301/1728/1621
f 7319/1746/1639 7301/1728/1621 7320/1747/1640
f 7317/1744/1637 7298/1725/1618 7300/1727/1620
f 7317/1744/1637 7300/1727/1620 7319/1746/1639
f 7304/1731/1624 7317/1744/1637 7319/1746/1639
f 7304/1731/1624 7319/1746/1639 7307/1734/1627
f 7321/1748/1641 7322/1749/1642 7323/1750/1643
f 7321/1748/1641 7323/1750/1643 7324/1751/1644
f 7325/1752/1645 7326/1753/1646 7322/1749/1642
f 7325/1752/1645 7322/1749/1642 7321/1748/1641
f 7327/1754/1647 7328/1755/1648 7326/1753/1646
f 7327/1754/1647 7326/1753/1646 7325/1752/1645
f 7324/1751/1644 7323/1750/1643 7329/1756/1649
f 7324/1751/1644 7329/1756/1649 7330/1757/1650
f 7322/1749/1642 7331/1758/1651 7332/1759/1652
f 7322/1749/1642 7332/1759/1652 7323/1750/1643
f 7326/1753/1646 7333/1760/1653 7331/1758/1651
f 7326/1753/1646 7331/1758/1651 7322/1749/1642
f 7328/1755/1648 7334/1761/1654 7333/1760/1653
f 7328/1755/1648 7333/1760/1653 7326/1753/1646
f 7323/1750/1643 7332/1759/1652 7335/1762/1655
f 7323/1750/1643 7335/1762/1655 7329/1756/1649
f 7336/1763/1656 7337/1764/1657 7338/1765/1658
f 7336/1763/1656 7338/1765/1658 7339/1766/1659
f 7340/1767/1660 7341/1768/1661 7337/1764/1657
f 7340/1767/1660 7337/1764/1657 7336/1763/1656
f 7342/1769/1662 7343/1770/1663 7341/1768/1661
f 7342/1769/1662 7341/1768/1661 7340/1767/1660
f 7339/1766/1659 7338/1765/1658 7344/1771/1664
f 7339/1766/1659 7344/1771/1664 7345/1772/1665
f 7336/1763/1656 7339/1766/1659 7346/1773/1666
f 7336/1763/1656 7346/1773/1666 7347/1774/1667
f 7340/1767/1660 7336/1763/1656 7347/1774/1667
f 7340/1767/1660 7347/1774/1667 7348/1775/1668
f 7342/1769/1662 7340/1767/1660 7348/1775/1668
f 7342/1769/1662 7348/1775/1668 7349/1776/1669
f 7347/1774/1667 7346/1773/1666 7350/1777/1670
f 7347/1774/1667 7350/1777/1670 7351/1778/1671
f 7348/1775/1668 7347/1774/1667 7351/1778/1671
f 7348/1775/1668 7351/1778/1671 7352/1779/1672
f 7349/1776/1669 7348/1775/1668 7352/1779/1672
f 7349/1776/1669 7352/1779/1672 7353/1780/1673
f 7346/1773/1666 7354/1781/1674 7355/1782/1675
f 7346/1773/1666 7355/1782/1675 7350/1777/1670
f 7339/1766/1659 7345/1772/1665 7354/1781/1674
f 7339/1766/1659 7354/1781/1674 7346/1773/1666
f 7337/1764/1657 7356/1783/1676 7357/1784/1677
f 7337/1764/1657 7357/1784/1677 7338/1765/1658
f 7341/1768/1661 7358/1785/1678 7356/1783/1676
f 7341/1768/1661 7356/1783/1676 7337/1764/1657
f 7343/1770/1663 7359/1786/1679 7358/1785/1678
f 7343/1770/1663 7358/1785/1678 7341/1768/1661
f 7356/1783/1676 7321/1748/1641 7324/1751/1644
f 7356/1783/1676 7324/1751/1644 7357/1784/1677
f 7358/1785/1678 7325/1752/1645 7321/1748/1641
f 7358/1785/1678 7321/1748/1641 7356/1783/1676
f 7359/1786/1679 7327/1754/1647 7325/1752/1645
f 7359/1786/1679 7325/1752/1645 7358/1785/1678
f 7357/1784/1677 7324/1751/1644 7330/1757/1650
f 7357/1784/1677 7330/1757/1650 7360/1787/1680
f 7338/1765/1658 7357/1784/1677 7360/1787/1680
f 7338/1765/1658 7360/1787/1680 7344/1771/1664
f 7361/1788/1681 7362/1789/1682 7363/1790/1683
f 7361/1788/1681 7363/1790/1683 7364/1791/1684
f 7365/1792/1685 7366/1793/1686 7367/1794/1687
f 7365/1792/1685 7367/1794/1687 7368/1795/1688
f 7366/1793/1686 7369/1796/1689 7370/1797/1690
f 7366/1793/1686 7370/1797/1690 7367/1794/1687
f 7369/1796/1689 7361/1788/1681 7364/1791/1684
f 7369/1796/1689 7364/1791/1684 7370/1797/1690
f 7371/1798/1691 7372/1799/1692 7362/1789/1682
f 7371/1798/1691 7362/1789/1682 7361/1788/1681
f 7373/1800/1693 7374/1801/1694 7366/1793/1686
f 7373/1800/1693 7366/1793/1686 7365/1792/1685
f 7374/1801/1694 7375/1802/1695 7369/1796/1689
f 7374/1801/1694 7369/1796/1689 7366/1793/1686
f 7375/1802/1695 7371/1798/1691 7361/1788/1681
f 7375/1802/1695 7361/1788/1681 7369/1796/1689
f 7376/1803/1696 7377/1804/1697 7378/1805/1698
f 7376/1803/1696 7378/1805/1698 7379/1806/1699
f 7380/1807/1700 7381/1808/1701 7382/1809/1702
f 7380/1807/1700 7382/1809/1702 7383/1810/1703
f 7384/1811/1704 7380/1807/1700 7383/1810/1703
f 7384/1811/1704 7383/1810/1703 7385/1812/1705
f 7377/1804/1697 7384/1811/1704 7385/1812/1705
f 7377/1804/1697 7385/1812/1705 7378/1805/1698
f 7376/1803/1696 7386/1813/1706 7387/1814/1707
f 7376/1803/1696 7387/1814/1707 7377/1804/1697
f 7380/1807/1700 7388/1815/1708 7389/1816/1709
f 7380/1807/1700 7389/1816/1709 7381/1808/1701
f 7384/1811/1704 7390/1817/1710 7388/1815/1708
f 7384/1811/1704 7388/1815/1708 7380/1807/1700
f 7377/1804/1697 7387/1814/1707 7390/1817/1710
f 7377/1804/1697 7390/1817/1710 7384/1811/1704
f 7379/1806/1699 7378/1805/1698 7364/1791/1684
f 7379/1806/1699 7364/1791/1684 7363/1790/1683
f 7383/1810/1703 7382/1809/1702 7368/1795/1688
f 7383/1810/1703 7368/1795/1688 7367/1794/1687
f 7385/1812/1705 7383/1810/1703 7367/1794/1687
f 7385/1812/1705 7367/1794/1687 7370/1797/1690
f 7378/1805/1698 7385/1812/1705 7370/1797/1690
f 7378/1805/1698 7370/1797/1690 7364/1791/1684
s 0
f 7391/1818/1371 7392/1819/1371 7393/1820/1371
f 7391/1818/1371 7393/1820/1371 7394/1821/1371
f 7395/1821/1711 7396/1820/1711 7397/1822/1711
f 7395/1821/1711 7397/1822/1711 7398/1823/1711
f 7399/1824/1712 7400/1825/1712 7401/1819/1712
f 7399/1824/1712 7401/1819/1712 7402/1818/1712
f 7403/1826/1334 7404/1827/1334 7405/1828/1334
f 7403/1826/1334 7405/1828/1334 7406/1829/1334
f 7407/1830/1333 7408/1831/1333 7409/1832/1333
f 7407/1830/1333 7409/1832/1333 7410/1833/1333
f 7411/1834/1713 7412/1835/1713 7413/1836/1713
f 7411/1834/1714 7413/1836/1714 7414/1837/1714
f 7415/1838/1715 7416/1834/1715 7417/1837/1715
f 7415/1838/1715 7417/1837/1715 7418/1839/1715
f 7419/1840/1716 7420/1841/1716 7421/1842/1716
f 7419/1840/1716 7421/1842/1716 7422/1843/1716
f 7423/1841/1293 7424/1840/1293 7425/1839/1293
f 7423/1841/1293 7425/1839/1293 7426/1837/1293
f 7427/1844/1293 7428/1841/1293 7429/1837/1293
f 7427/1844/1717 7429/1837/1717 7430/1836/1717
f 7431/1841/1718 7432/1844/1718 7433/1845/1718
f 7431/1841/1718 7433/1845/1718 7434/1842/1718
f 7435/1835/1334 7436/1834/1334 7437/1846/1334
f 7435/1835/1334 7437/1846/1334 7438/1847/1334
f 7439/1834/1322 7440/1838/1322 7441/1848/1322
f 7439/1834/1322 7441/1848/1322 7442/1846/1322
f 7443/1834/1714 7444/1837/1714 7445/1836/1714
f 7443/1834/1713 7445/1836/1713 7446/1835/1713
f 7447/1838/1716 7448/1839/1716 7449/1837/1716
f 7447/1838/1716 7449/1837/1716 7450/1834/1716
f 7451/1840/1715 7452/1843/1715 7453/1842/1715
f 7451/1840/1715 7453/1842/1715 7454/1841/1715
f 7455/1841/1293 7456/1837/1293 7457/1839/1293
f 7455/1841/1293 7457/1839/1293 7458/1840/1293
f 7459/1844/1719 7460/1836/1719 7461/1837/1719
f 7459/1844/1293 7461/1837/1293 7462/1841/1293
f 7463/1841/1720 7464/1842/1720 7465/1845/1720
f 7463/1841/1718 7465/1845/1718 7466/1844/1718
f 7435/1835/1334 7438/1847/1334 7467/1846/1334
f 7435/1835/1334 7467/1846/1334 7468/1834/1334
f 7469/1834/1371 7470/1846/1371 7471/1848/1371
f 7469/1834/1371 7471/1848/1371 7472/1838/1371
o LPHouse_MHouseWoodFloor_0
v -2.520985 1.217030 4.098211
v -2.527905 1.210109 4.098211
v -2.520985 1.210107 4.105132
v -2.520985 1.180665 4.105132
v -2.527905 1.180662 4.098211
v -2.520985 1.173742 4.098211
v 2.520985 1.217030 4.098211
v 2.520985 1.210107 4.105132
v 2.527905 1.210109 4.098211
v 2.520985 1.180665 4.105132
v 2.520985 1.173742 4.098211
v 2.527905 1.180662 4.098211
v 1.376324 1.081054 4.220384
v 1.386705 1.081089 4.210004
v 1.376324 1.091087 4.210004
v 1.376324 1.072756 4.220384
v 1.376324 1.062724 4.210004
v 1.386705 1.072790 4.210004
v 1.376324 1.091087 4.054481
v 1.386705 1.081089 4.054481
v 1.376324 1.081054 4.044100
v 1.376324 1.072756 4.044100
v 1.386705 1.072790 4.054481
v 1.376324 1.062724 4.054481
v 0.336686 1.081008 4.220384
v 0.336686 1.091040 4.210004
v 0.326306 1.081089 4.210004
v 0.336686 1.072709 4.220384
v 0.326306 1.072790 4.210004
v 0.336686 1.062677 4.210004
v 0.336686 1.091040 4.054481
v 0.336686 1.081008 4.044100
v 0.326306 1.081089 4.054481
v 0.336686 1.072709 4.044100
v 0.336686 1.062677 4.054481
v 0.326306 1.072790 4.054481
v 1.376324 0.981968 4.368463
v 1.386705 0.982079 4.358082
v 1.376325 0.992001 4.358082
v 1.376324 0.973671 4.368463
v 1.376325 0.963638 4.358082
v 1.386705 0.973780 4.358082
v 1.376325 0.992001 4.202560
v 1.386705 0.982079 4.202560
v 1.376324 0.981968 4.192179
v 1.376324 0.973671 4.192179
v 1.386705 0.973780 4.202560
v 1.376325 0.963638 4.202560
v 0.336686 0.981994 4.368463
v 0.336686 0.992026 4.358082
v 0.326306 0.982079 4.358082
v 0.336686 0.973696 4.368463
v 0.326306 0.973780 4.358082
v 0.336686 0.963664 4.358082
v 0.336686 0.992026 4.202560
v 0.336686 0.981994 4.192179
v 0.326306 0.982079 4.202560
v 0.336686 0.973696 4.192179
v 0.336686 0.963664 4.202560
v 0.326306 0.973780 4.202560
v 1.376324 0.882923 4.516541
v 1.386705 0.883069 4.506161
v 1.376325 0.892963 4.506161
v 1.376324 0.874641 4.516541
v 1.376325 0.864601 4.506161
v 1.386705 0.874770 4.506161
v 1.376325 0.892963 4.350638
v 1.386705 0.883069 4.350638
v 1.376324 0.882923 4.340258
v 1.376324 0.874641 4.340258
v 1.386705 0.874770 4.350638
v 1.376325 0.864601 4.350638
v 0.336686 0.882473 4.516541
v 0.336669 0.892515 4.506161
v 0.326306 0.883069 4.506161
v 0.336686 0.874193 4.516541
v 0.326306 0.874770 4.506161
v 0.336669 0.864153 4.506161
v 0.336669 0.892515 4.350638
v 0.336686 0.882473 4.340258
v 0.326306 0.883069 4.350638
v 0.336686 0.874193 4.340258
v 0.336669 0.864153 4.350638
v 0.326306 0.874770 4.350638
v 1.376324 0.783882 4.664620
v 1.386705 0.784059 4.654240
v 1.376326 0.793915 4.654240
v 1.376324 0.775585 4.664620
v 1.376326 0.765553 4.654240
v 1.386705 0.775760 4.654240
v 1.376326 0.793915 4.498717
v 1.386705 0.784059 4.498717
v 1.376324 0.783882 4.488337
v 1.376324 0.775585 4.488337
v 1.386705 0.775760 4.498717
v 1.376326 0.765553 4.498717
v 0.336686 0.783941 4.664620
v 0.336686 0.793974 4.654240
v 0.326306 0.784059 4.654240
v 0.336686 0.775644 4.664620
v 0.326306 0.775760 4.654240
v 0.336686 0.765611 4.654240
v 0.336686 0.793974 4.498717
v 0.336686 0.783941 4.488337
v 0.326306 0.784059 4.498717
v 0.336686 0.775644 4.488337
v 0.336686 0.765611 4.498717
v 0.326306 0.775760 4.498717
v 1.376324 0.684924 4.812699
v 1.386705 0.685049 4.802319
v 1.376325 0.694957 4.802319
v 1.376324 0.676628 4.812699
v 1.376325 0.666595 4.802319
v 1.386705 0.676751 4.802319
v 1.376325 0.694957 4.646796
v 1.386705 0.685049 4.646796
v 1.376324 0.684924 4.636415
v 1.376324 0.676628 4.636415
v 1.386705 0.676751 4.646796
v 1.376325 0.666595 4.646796
v 0.336686 0.684836 4.812699
v 0.336684 0.694870 4.802319
v 0.326306 0.685049 4.802319
v 0.336686 0.676541 4.812699
v 0.326306 0.676751 4.802319
v 0.336684 0.666507 4.802319
v 0.336684 0.694870 4.646796
v 0.336686 0.684836 4.636415
v 0.326306 0.685049 4.646796
v 0.336686 0.676541 4.636415
v 0.336684 0.666507 4.646796
v 0.326306 0.676751 4.646796
v 1.376324 0.585493 4.960777
v 1.386705 0.586040 4.950397
v 1.376339 0.595535 4.950397
v 1.376324 0.577213 4.960777
v 1.376339 0.567172 4.950397
v 1.386705 0.577741 4.950397
v 1.376327 0.595836 4.794874
v 1.386705 0.586040 4.794874
v 1.376324 0.585802 4.784493
v 1.376324 0.577507 4.784493
v 1.386705 0.577741 4.794874
v 1.376327 0.567474 4.794874
v 0.336686 0.585748 4.960777
v 0.336682 0.595789 4.950397
v 0.326306 0.586040 4.950397
v 0.336686 0.577467 4.960777
v 0.326306 0.577741 4.950397
v 0.336682 0.567426 4.950397
v 0.336686 0.595948 4.794874
v 0.336686 0.585914 4.784493
v 0.326306 0.586040 4.794874
v 0.336686 0.577619 4.784493
v 0.336686 0.567585 4.794874
v 0.326306 0.577741 4.794874
v 1.376324 0.486710 5.108856
v 1.386705 0.487030 5.098475
v 1.376329 0.496752 5.098475
v 1.376324 0.478432 5.108856
v 1.376329 0.468390 5.098475
v 1.386705 0.478731 5.098475
v 1.376326 0.496858 4.942953
v 1.386705 0.487030 4.942953
v 1.376324 0.486821 4.932572
v 1.376324 0.478532 4.932572
v 1.386705 0.478731 4.942953
v 1.376326 0.468495 4.942953
v 0.336686 0.486445 5.108856
v 0.336669 0.496489 5.098475
v 0.326306 0.487030 5.098475
v 0.336686 0.478168 5.108856
v 0.326306 0.478731 5.098475
v 0.336669 0.468127 5.098475
v 0.336679 0.496684 4.942953
v 0.336686 0.486647 4.932572
v 0.326306 0.487030 4.942953
v 0.336686 0.478358 4.932572
v 0.336679 0.468322 4.942953
v 0.326306 0.478731 4.942953
v 1.376324 0.387191 5.256935
v 1.386705 0.388020 5.246554
v 1.376358 0.397247 5.246554
v 1.376324 0.378935 5.256935
v 1.376358 0.368885 5.246554
v 1.386705 0.379721 5.246554
v 1.376335 0.397592 5.091031
v 1.386705 0.388020 5.091031
v 1.376324 0.387553 5.080650
v 1.376324 0.379268 5.080650
v 1.386705 0.379721 5.091031
v 1.376335 0.369230 5.091031
v 0.336686 0.387570 5.256935
v 0.336677 0.397623 5.246554
v 0.326306 0.388020 5.246554
v 0.336686 0.379312 5.256935
v 0.326306 0.379721 5.246554
v 0.336677 0.369260 5.246554
v 0.336683 0.397807 5.091031
v 0.336686 0.387769 5.080650
v 0.326306 0.388020 5.091031
v 0.336686 0.379483 5.080650
v 0.336683 0.369445 5.091031
v 0.326306 0.379721 5.091031
v 1.376324 0.288652 5.405014
v 1.386705 0.289010 5.394633
v 1.376330 0.298702 5.394633
v 1.376324 0.280389 5.405014
v 1.376330 0.270339 5.394633
v 1.386705 0.280711 5.394633
v 1.376326 0.298871 5.239110
v 1.386705 0.289010 5.239110
v 1.376324 0.288834 5.228729
v 1.376324 0.280545 5.228729
v 1.386705 0.280711 5.239110
v 1.376326 0.270508 5.239110
v 0.336686 0.288197 5.405014
v 0.336654 0.298250 5.394633
v 0.326306 0.289010 5.394633
v 0.336686 0.279936 5.405014
v 0.326306 0.280711 5.394633
v 0.336654 0.269888 5.394633
v 0.336678 0.298643 5.239110
v 0.336686 0.288606 5.228729
v 0.326306 0.289010 5.239110
v 0.336686 0.280317 5.228729
v 0.336678 0.270280 5.239110
v 0.326306 0.280711 5.239110
v 1.376324 0.189732 5.553092
v 1.386705 0.190000 5.542712
v 1.376328 0.199766 5.542712
v 1.376324 0.181437 5.553092
v 1.376328 0.171404 5.542712
v 1.386705 0.181701 5.542712
v 1.376328 0.199766 5.387188
v 1.386705 0.190000 5.387188
v 1.376324 0.189732 5.376808
v 1.376324 0.181437 5.376808
v 1.386705 0.181701 5.387188
v 1.376328 0.171404 5.387188
v 0.336686 0.182335 5.553092
v 0.336686 0.192369 5.542712
v 0.326306 0.182360 5.542712
v 0.336686 0.174040 5.553092
v 0.326306 0.174061 5.542712
v 0.336686 0.164006 5.542712
v 0.336686 0.192369 5.387188
v 0.336686 0.182335 5.376808
v 0.326306 0.182360 5.387188
v 0.336686 0.174040 5.376808
v 0.336686 0.164006 5.387188
v 0.326306 0.174061 5.387188
v 1.376324 0.101696 5.701170
v 1.386705 0.102450 5.690790
v 1.376351 0.111767 5.690790
v 1.376324 0.093471 5.701170
v 1.376351 0.083405 5.690790
v 1.386705 0.094152 5.690790
v 1.376338 0.111959 5.535267
v 1.386705 0.102450 5.535267
v 1.376324 0.101909 5.524886
v 1.376324 0.093646 5.524886
v 1.386705 0.094152 5.535267
v 1.376338 0.083597 5.535267
v 0.336686 0.097237 5.701170
v 0.336593 0.107323 5.690790
v 0.326306 0.098630 5.690790
v 0.336686 0.089022 5.701170
v 0.326306 0.090332 5.690790
v 0.336593 0.078960 5.690790
v 0.336645 0.107763 5.535267
v 0.336686 0.097708 5.524886
v 0.326306 0.098630 5.535267
v 0.336686 0.089448 5.524886
v 0.336645 0.079400 5.535267
v 0.326306 0.090332 5.535267
v -2.520985 1.180665 4.105132
v 0.341595 1.180665 4.105132
v 0.341595 1.210107 4.105132
v -2.520985 1.210107 4.105132
v 2.520985 1.173742 2.832848
v 1.375468 1.173742 4.098211
v 1.375468 1.173742 2.832848
v 1.375468 1.180665 4.105132
v 2.520985 1.180665 4.105132
v 1.375468 1.210107 4.105132
v 1.375468 1.217030 4.098211
v 2.520985 1.217030 4.098211
v 2.520985 1.217030 2.832848
v 1.375468 1.217030 2.832848
v 2.527905 1.180662 2.832848
v 2.527905 1.210109 2.832848
v 2.527905 1.210109 4.098211
v 2.527905 1.180662 4.098211
v 0.341595 1.217030 4.098211
v 0.998666 1.199506 4.098213
v 0.998666 1.217030 2.832848
v 0.341595 1.217030 2.832848
v -2.527905 1.180662 2.832848
v -2.527905 1.210109 2.832848
v 0.341595 1.173742 2.832848
v 0.341595 1.173742 4.098211
v -2.520985 1.173742 4.098211
v -2.520985 1.173742 2.832848
v 0.998666 1.163045 4.105132
v 0.998666 1.192487 4.105132
v 0.998666 1.173742 2.832848
v 0.998666 1.156218 4.098213
v -2.520985 1.217030 4.098211
v -2.520985 1.217030 2.832848
v -2.527905 1.180662 4.098211
v -2.527905 1.180662 2.832848
v 2.527905 1.180662 4.098211
v 2.527905 1.180662 2.832848
v 0.336686 1.072709 4.044100
v 0.640940 1.078639 4.044100
v 0.640940 1.070341 4.044100
v 0.640940 1.060309 4.210004
v 0.640940 1.060309 4.054481
v 1.376324 1.091087 4.054481
v 0.640940 1.088671 4.054481
v 0.640940 1.088671 4.210004
v 1.376324 1.091087 4.210004
v 0.924970 0.958852 4.358082
v 0.924970 0.958852 4.202560
v 0.336686 1.072709 4.220384
v 0.640940 1.070341 4.220384
v 0.640940 1.078639 4.220384
v 0.336686 1.091040 4.054481
v 0.336686 1.091040 4.210004
v 1.386705 0.982079 4.202560
v 1.386705 0.982079 4.358082
v 1.386705 0.973780 4.358082
v 1.386705 0.973780 4.202560
v 0.336686 0.973696 4.192179
v 0.924970 0.977182 4.192179
v 0.924970 0.968884 4.192179
v 1.376325 0.992001 4.202560
v 0.924970 0.987214 4.202560
v 0.924970 0.987214 4.358082
v 1.376325 0.992001 4.358082
v 0.527880 0.853344 4.506161
v 0.527880 0.853344 4.350638
v 0.336686 0.992026 4.202560
v 0.336686 0.992026 4.358082
v 0.336686 0.874193 4.340258
v 0.527880 0.871665 4.340258
v 0.527880 0.863385 4.340258
v 1.376325 0.892963 4.350638
v 0.527880 0.881706 4.350638
v 0.527880 0.881706 4.506161
v 1.376325 0.892963 4.506161
v 0.962273 0.758528 4.654240
v 0.962273 0.758528 4.498717
v 0.336686 0.973696 4.368463
v 0.924970 0.968884 4.368463
v 0.924970 0.977182 4.368463
v 0.336669 0.892515 4.350638
v 0.336669 0.892515 4.506161
v 1.386705 0.883069 4.350638
v 1.386705 0.883069 4.506161
v 1.386705 0.874770 4.506161
v 1.386705 0.874770 4.350638
v 0.336686 0.775644 4.488337
v 0.962273 0.776858 4.488337
v 0.962273 0.768561 4.488337
v 1.376326 0.793915 4.498717
v 0.962273 0.786891 4.498717
v 0.962273 0.786891 4.654240
v 1.376326 0.793915 4.654240
v 0.718375 0.658726 4.802319
v 0.718375 0.658726 4.646796
v 0.336686 0.874193 4.516541
v 0.527880 0.863384 4.516541
v 0.527880 0.871665 4.516541
v 0.336686 0.793974 4.498717
v 0.336686 0.793974 4.654240
v 1.386705 0.784059 4.498717
v 1.386705 0.784059 4.654240
v 1.386705 0.775760 4.654240
v 1.386705 0.775760 4.498717
v 0.336686 0.676541 4.636415
v 0.718375 0.677055 4.636415
v 0.718375 0.668760 4.636415
v 1.376325 0.694957 4.646796
v 0.718375 0.687089 4.646796
v 0.718375 0.687089 4.802319
v 1.376325 0.694957 4.802319
v 0.336686 0.775644 4.664620
v 0.962273 0.768561 4.664620
v 0.962273 0.776858 4.664620
v 1.021214 0.549406 4.950417
v 1.021214 0.558796 4.794854
v 0.336686 0.676541 4.812699
v 0.718375 0.668759 4.812699
v 0.718375 0.677055 4.812699
v 0.336684 0.694870 4.646796
v 0.336684 0.694870 4.802319
v 1.386705 0.685049 4.646796
v 1.386705 0.685049 4.802319
v 1.386705 0.676751 4.802319
v 1.386705 0.676751 4.646796
v 0.336686 0.577619 4.784493
v 1.021214 0.577750 4.784493
v 1.021214 0.569455 4.784493
v 1.376327 0.595836 4.794874
v 1.021214 0.587158 4.794854
v 1.021214 0.577769 4.950417
v 1.376339 0.595535 4.950397
v 0.697864 0.448584 5.098485
v 0.697864 0.454764 4.942944
v 0.336686 0.595948 4.794874
v 0.336682 0.595789 4.950397
v 1.386705 0.586040 4.794874
v 1.386705 0.586040 4.950397
v 1.386705 0.577741 4.950397
v 1.386705 0.577741 4.794874
v 0.336686 0.478358 4.932572
v 0.697864 0.473502 4.932572
v 0.697864 0.465213 4.932572
v 1.376326 0.496858 4.942953
v 0.697864 0.483127 4.942944
v 0.697864 0.476947 5.098485
v 1.376329 0.496752 5.098475
v 1.018525 0.341785 5.246581
v 1.018525 0.352661 5.091004
v 0.336686 0.577467 4.960777
v 1.021214 0.558822 4.960777
v 1.021214 0.567103 4.960777
v 0.336679 0.496684 4.942953
v 0.336669 0.496489 5.098475
v 1.386705 0.487030 4.942953
v 1.386705 0.487030 5.098475
v 1.386705 0.478731 5.098475
v 1.386705 0.478731 4.942953
v 0.336686 0.379483 5.080650
v 1.018525 0.371709 5.080650
v 1.018525 0.363423 5.080650
v 1.376335 0.397592 5.091031
v 1.018525 0.381023 5.091004
v 1.018525 0.370147 5.246581
v 1.376358 0.397247 5.246554
v 0.644343 0.247058 5.394659
v 0.644343 0.257728 5.239083
v 0.336683 0.397807 5.091031
v 0.336677 0.397623 5.246554
v 1.386705 0.388020 5.091031
v 1.386705 0.388020 5.246554
v 1.386705 0.379721 5.246554
v 1.386705 0.379721 5.091031
v 0.336686 0.280317 5.228729
v 0.644343 0.276763 5.228729
v 0.644343 0.268474 5.228729
v 1.376326 0.298871 5.239110
v 0.644343 0.286090 5.239083
v 0.644343 0.275420 5.394659
v 1.376330 0.298702 5.394633
v 1.026853 0.162453 5.542712
v 1.026853 0.162453 5.387188
v 0.336686 0.379312 5.256935
v 1.018525 0.351113 5.256935
v 1.018525 0.359371 5.256935
v 0.336678 0.298643 5.239110
v 0.336654 0.298250 5.394633
v 1.386705 0.289010 5.239110
v 1.386705 0.289010 5.394633
v 1.386705 0.280711 5.394633
v 1.386705 0.280711 5.239110
v 0.336686 0.174040 5.376808
v 1.026853 0.180781 5.376808
v 1.026853 0.172486 5.376808
v 1.376328 0.199766 5.387188
v 1.026853 0.190815 5.387188
v 1.026853 0.190815 5.542712
v 1.376328 0.199766 5.542712
v 0.336686 0.089022 5.701170
v 0.559330 0.060032 5.701170
v 0.559330 0.068251 5.701170
v 0.559330 0.050552 5.690807
v 0.559330 0.059433 5.535249
v 0.336686 0.279936 5.405014
v 0.644343 0.256398 5.405014
v 0.644343 0.264660 5.405014
v 0.336686 0.192369 5.387188
v 0.336686 0.192369 5.542712
v 1.386705 0.190000 5.387188
v 1.386705 0.190000 5.542712
v 1.386705 0.181701 5.542712
v 1.386705 0.181701 5.387188
v 0.336686 0.089448 5.524886
v 0.559330 0.078337 5.524886
v 0.559330 0.070075 5.524886
v 0.847174 0.047429 5.690807
v 0.847174 0.056310 5.535249
v 1.376338 0.111959 5.535267
v 0.847174 0.084673 5.535249
v 0.847174 0.075792 5.690807
v 1.376351 0.111767 5.690790
v 0.336686 0.174040 5.553092
v 1.026853 0.172486 5.553092
v 1.026853 0.180781 5.553092
v 0.559330 0.087795 5.535249
v 0.336645 0.107763 5.535267
v 0.336593 0.107323 5.690790
v 0.559330 0.078914 5.690807
v 1.386705 0.102450 5.535267
v 1.386705 0.102450 5.690790
v 1.386705 0.094152 5.690790
v 1.386705 0.094152 5.535267
v 0.336686 0.478168 5.108856
v 0.697864 0.458215 5.108856
v 0.697864 0.466492 5.108856
v 0.326306 0.982079 4.202560
v 0.326306 0.973780 4.202560
v 0.326306 0.973780 4.358082
v 0.326306 0.982079 4.358082
v 1.376324 0.973671 4.192179
v 1.376324 0.973671 4.368463
v 1.376324 1.072756 4.220384
v 0.326306 1.081089 4.054481
v 0.326306 1.072790 4.054481
v 0.326306 1.072790 4.210004
v 0.326306 1.081089 4.210004
v 1.376324 1.072756 4.044100
v 0.326306 0.883069 4.350638
v 0.326306 0.874770 4.350638
v 0.326306 0.874770 4.506161
v 0.326306 0.883069 4.506161
v 1.376324 0.874641 4.340258
v 1.376324 0.874641 4.516541
v 0.326306 0.784059 4.498717
v 0.326306 0.775760 4.498717
v 0.326306 0.775760 4.654240
v 0.326306 0.784059 4.654240
v 1.376324 0.775585 4.488337
v 1.376324 0.775585 4.664620
v 0.326306 0.685049 4.646796
v 0.326306 0.676751 4.646796
v 0.326306 0.676751 4.802319
v 0.326306 0.685049 4.802319
v 1.376324 0.676628 4.636415
v 1.376324 0.676628 4.812699
v 0.326306 0.586040 4.794874
v 0.326306 0.577741 4.794874
v 0.326306 0.577741 4.950397
v 0.326306 0.586040 4.950397
v 1.376324 0.577507 4.784493
v 1.376324 0.577213 4.960777
v 0.326306 0.487030 4.942953
v 0.326306 0.478731 4.942953
v 0.326306 0.478731 5.098475
v 0.326306 0.487030 5.098475
v 1.376324 0.478532 4.932572
v 1.376324 0.478432 5.108856
v 0.326306 0.388020 5.091031
v 0.326306 0.379721 5.091031
v 0.326306 0.379721 5.246554
v 0.326306 0.388020 5.246554
v 1.376324 0.379268 5.080650
v 1.376324 0.378935 5.256935
v 0.326306 0.289010 5.239110
v 0.326306 0.280711 5.239110
v 0.326306 0.280711 5.394633
v 0.326306 0.289010 5.394633
v 1.376324 0.280545 5.228729
v 1.376324 0.280389 5.405014
v 0.326306 0.182360 5.387188
v 0.326306 0.174061 5.387188
v 0.326306 0.174061 5.542712
v 0.326306 0.182360 5.542712
v 1.376324 0.181437 5.376808
v 1.376324 0.181437 5.553092
v 0.326306 0.098630 5.535267
v 0.326306 0.090332 5.535267
v 0.326306 0.090332 5.690790
v 0.326306 0.098630 5.690790
v 0.847174 0.075215 5.524886
v 0.847174 0.066951 5.524886
v 0.847174 0.056907 5.701170
v 0.847174 0.065131 5.701170
v 1.376324 0.093471 5.701170
v 1.376324 0.093646 5.524886
v 1.386705 1.072790 4.210004
v 1.386705 1.081089 4.210004
v 1.386705 1.081089 4.054481
v 1.386705 1.072790 4.054481
v 0.326306 1.072790 4.210004
v 0.326306 1.072790 4.054481
v 0.640940 1.070341 4.044100
v 1.386705 0.973780 4.358082
v 1.386705 0.973780 4.202560
v 0.326306 0.973780 4.358082
v 0.326306 0.973780 4.202560
v 0.924970 0.968884 4.192179
v 1.386705 0.874770 4.506161
v 1.386705 0.874770 4.350638
v 0.326306 0.874770 4.506161
v 0.326306 0.874770 4.350638
v 0.527880 0.863385 4.340258
v 1.386705 0.775760 4.654240
v 1.386705 0.775760 4.498717
v 0.326306 0.775760 4.654240
v 0.326306 0.775760 4.498717
v 0.962273 0.768561 4.488337
v 1.386705 0.676751 4.802319
v 1.386705 0.676751 4.646796
v 0.326306 0.676751 4.802319
v 0.326306 0.676751 4.646796
v 0.718375 0.668760 4.636415
v 1.386705 0.577741 4.950397
v 1.386705 0.577741 4.794874
v 0.326306 0.577741 4.950397
v 0.326306 0.577741 4.794874
v 1.021214 0.569455 4.784493
v 1.386705 0.478731 5.098475
v 1.386705 0.478731 4.942953
v 0.326306 0.478731 5.098475
v 0.326306 0.478731 4.942953
v 0.697864 0.465213 4.932572
v 1.386705 0.379721 5.246554
v 1.386705 0.379721 5.091031
v 0.326306 0.379721 5.246554
v 0.326306 0.379721 5.091031
v 1.018525 0.363423 5.080650
v 1.386705 0.280711 5.394633
v 1.386705 0.280711 5.239110
v 0.326306 0.280711 5.394633
v 0.326306 0.280711 5.239110
v 0.644343 0.268474 5.228729
v 1.386705 0.181701 5.542712
v 1.386705 0.181701 5.387188
v 0.326306 0.174061 5.542712
v 0.326306 0.174061 5.387188
v 1.026853 0.172486 5.376808
v 1.386705 0.094152 5.690790
v 1.386705 0.094152 5.535267
v 0.326306 0.090332 5.690790
v 0.326306 0.090332 5.535267
v 0.847174 0.066951 5.524886
v 0.924970 0.968884 4.192179
v 0.640940 1.070341 4.044100
v 0.527880 0.863385 4.340258
v 0.962273 0.768561 4.488337
v 0.718375 0.668760 4.636415
v 1.021214 0.569455 4.784493
v 0.697864 0.465213 4.932572
v 1.018525 0.363423 5.080650
v 0.644343 0.268474 5.228729
v 1.026853 0.172486 5.376808
v 0.559330 0.070075 5.524886
v 0.559330 0.070075 5.524886
v 0.847174 0.066951 5.524886
v 1.386705 1.072790 4.210004
v 1.386705 1.072790 4.054481
vn -0.5773 0.5773 0.5775
vn -0.8756 0.3416 0.3416
vn -0.6861 0.2418 0.6861
vn -0.6861 -0.2418 0.6862
vn -0.8749 -0.1610 0.4567
vn -0.5773 -0.5773 0.5774
vn 0.5773 0.5773 0.5775
vn 0.3416 0.3415 0.8756
vn 0.6861 0.2419 0.6862
vn 0.5773 -0.5773 0.5774
vn 0.3416 -0.8756 0.3416
vn 0.6861 -0.6861 0.2419
vn 0.3398 0.3488 0.8734
vn 0.6847 0.2472 0.6856
vn 0.5693 0.5911 0.5713
vn 0.5720 -0.5899 0.5700
vn 0.3377 -0.8794 0.3355
vn 0.6763 -0.6975 0.2370
vn 0.5693 0.5912 -0.5713
vn 0.6848 0.2472 -0.6856
vn 0.3398 0.3489 -0.8734
vn 0.2398 -0.6981 -0.6746
vn 0.6763 -0.6975 -0.2369
vn 0.3377 -0.8794 -0.3355
vn -0.3387 0.3493 0.8736
vn -0.5676 0.5920 0.5722
vn -0.6840 0.2481 0.6860
vn -0.5738 -0.5889 0.5692
vn -0.6780 -0.6960 0.2364
vn -0.3406 -0.8784 0.3353
vn -0.5675 0.5921 -0.5722
vn -0.3387 0.3493 -0.8736
vn -0.6840 0.2481 -0.6860
vn -0.2432 -0.6975 -0.6740
vn -0.3406 -0.8784 -0.3353
vn -0.6780 -0.6960 -0.2364
vn 0.3380 0.3496 0.8738
vn 0.6836 0.2487 0.6862
vn 0.5664 0.5926 0.5727
vn 0.5749 -0.5884 0.5686
vn 0.3424 -0.8777 0.3352
vn 0.6791 -0.6951 0.2360
vn 0.5664 0.5926 -0.5727
vn 0.6836 0.2487 -0.6862
vn 0.3380 0.3496 -0.8738
vn 0.2453 -0.6971 -0.6737
vn 0.6791 -0.6951 -0.2360
vn 0.3424 -0.8777 -0.3352
vn -0.3386 0.3494 0.8736
vn -0.5674 0.5921 0.5723
vn -0.6840 0.2482 0.6860
vn -0.5739 -0.5888 0.5691
vn -0.6782 -0.6958 0.2363
vn -0.3409 -0.8783 0.3353
vn -0.5674 0.5921 -0.5722
vn -0.3386 0.3493 -0.8737
vn -0.6840 0.2482 -0.6860
vn -0.2435 -0.6974 -0.6740
vn -0.3409 -0.8783 -0.3353
vn -0.6782 -0.6959 -0.2363
vn 0.3374 0.3497 0.8740
vn 0.6830 0.2492 0.6866
vn 0.5652 0.5929 0.5736
vn 0.5758 -0.5877 0.5685
vn 0.3441 -0.8770 0.3353
vn 0.6801 -0.6941 0.2359
vn 0.5652 0.5929 -0.5736
vn 0.6830 0.2492 -0.6865
vn 0.3374 0.3497 -0.8740
vn 0.2472 -0.6965 -0.6737
vn 0.6801 -0.6941 -0.2359
vn 0.3441 -0.8770 -0.3353
vn -0.3266 0.3540 0.8764
vn -0.5477 0.6009 0.5822
vn -0.6758 0.2578 0.6906
vn -0.5927 -0.5784 0.5605
vn -0.6964 -0.6796 0.2306
vn -0.3718 -0.8662 0.3338
vn -0.5477 0.6008 -0.5822
vn -0.3266 0.3540 -0.8764
vn -0.6758 0.2578 -0.6906
vn -0.2792 -0.6900 -0.6678
vn -0.3718 -0.8662 -0.3338
vn -0.6964 -0.6796 -0.2306
vn 0.3365 0.3503 0.8741
vn 0.6825 0.2499 0.6868
vn 0.5639 0.5938 0.5740
vn 0.5774 -0.5870 0.5675
vn 0.3465 -0.8762 0.3350
vn 0.6815 -0.6929 0.2353
vn 0.5639 0.5938 -0.5740
vn 0.6825 0.2499 -0.6868
vn 0.3365 0.3502 -0.8741
vn 0.2501 -0.6962 -0.6729
vn 0.6815 -0.6929 -0.2353
vn 0.3465 -0.8762 -0.3350
vn -0.3379 0.3497 0.8738
vn -0.5661 0.5927 0.5729
vn -0.6834 0.2488 0.6863
vn -0.5751 -0.5882 0.5686
vn -0.6794 -0.6948 0.2360
vn -0.3429 -0.8775 0.3352
vn -0.5661 0.5927 -0.5729
vn -0.3379 0.3497 -0.8738
vn -0.6835 0.2488 -0.6863
vn -0.2459 -0.6970 -0.6737
vn -0.3429 -0.8775 -0.3352
vn -0.6794 -0.6948 -0.2360
vn 0.3377 0.3497 0.8739
vn 0.6833 0.2489 0.6864
vn 0.5659 0.5928 0.5730
vn 0.5754 -0.5881 0.5684
vn 0.3433 -0.8774 0.3352
vn 0.6796 -0.6946 0.2359
vn 0.5659 0.5929 -0.5730
vn 0.6833 0.2490 -0.6863
vn 0.3377 0.3497 -0.8739
vn 0.2463 -0.6969 -0.6736
vn 0.6796 -0.6946 -0.2359
vn 0.3433 -0.8774 -0.3352
vn -0.3356 0.3506 0.8743
vn -0.5625 0.5945 0.5747
vn -0.6820 0.2506 0.6871
vn -0.5787 -0.5863 0.5668
vn -0.6828 -0.6918 0.2348
vn -0.3487 -0.8753 0.3349
vn -0.5625 0.5945 -0.5747
vn -0.3356 0.3506 -0.8743
vn -0.6820 0.2506 -0.6871
vn -0.2526 -0.6957 -0.6724
vn -0.3487 -0.8753 -0.3349
vn -0.6828 -0.6918 -0.2348
vn 0.3278 0.3536 0.8761
vn 0.6766 0.2568 0.6901
vn 0.5496 0.6000 0.5813
vn 0.5908 -0.5795 0.5614
vn 0.3633 -0.8713 0.3299
vn 0.6946 -0.6813 0.2312
vn 0.5616 0.5949 -0.5752
vn 0.6816 0.2511 -0.6873
vn 0.3348 0.3511 -0.8745
vn 0.2543 -0.6953 -0.6722
vn 0.6840 -0.6905 -0.2354
vn 0.3506 -0.8742 -0.3360
vn -0.3341 0.3510 0.8748
vn -0.5596 0.5956 0.5763
vn -0.6807 0.2520 0.6878
vn -0.5813 -0.5848 0.5658
vn -0.6852 -0.6898 0.2338
vn -0.3529 -0.8739 0.3343
vn -0.5659 0.5928 -0.5730
vn -0.3377 0.3497 -0.8739
vn -0.6833 0.2489 -0.6864
vn -0.2467 -0.6966 -0.6737
vn -0.3467 -0.8752 -0.3374
vn -0.6796 -0.6946 -0.2359
vn 0.3333 0.3514 0.8749
vn 0.6803 0.2526 0.6881
vn 0.5585 0.5961 0.5768
vn 0.5822 -0.5842 0.5654
vn 0.3525 -0.8744 0.3333
vn 0.6863 -0.6887 0.2339
vn 0.5627 0.5943 -0.5746
vn 0.6821 0.2505 -0.6871
vn 0.3357 0.3506 -0.8743
vn 0.2520 -0.6957 -0.6727
vn 0.6826 -0.6919 -0.2353
vn 0.3483 -0.8753 -0.3354
vn -0.3271 0.3537 0.8763
vn -0.5482 0.6006 0.5820
vn -0.6760 0.2576 0.6905
vn -0.5922 -0.5787 0.5608
vn -0.6957 -0.6804 0.2303
vn -0.3707 -0.8669 0.3332
vn -0.5559 0.5974 -0.5779
vn -0.3317 0.3522 -0.8752
vn -0.6793 0.2538 -0.6886
vn -0.2649 -0.6930 -0.6705
vn -0.3626 -0.8689 -0.3370
vn -0.6888 -0.6865 -0.2329
vn 0.3211 0.3558 0.8777
vn 0.6719 0.2619 0.6928
vn 0.5388 0.6042 0.5871
vn 0.6006 -0.5734 0.5572
vn 0.3790 -0.8651 0.3286
vn 0.7041 -0.6723 0.2284
vn 0.5527 0.5988 -0.5796
vn 0.6779 0.2554 -0.6894
vn 0.3293 0.3532 -0.8757
vn 0.2703 -0.6920 -0.6694
vn 0.6921 -0.6832 -0.2330
vn 0.3645 -0.8687 -0.3355
vn -0.3306 0.3521 0.8756
vn -0.5537 0.5980 0.5796
vn -0.6782 0.2549 0.6893
vn -0.5866 -0.5815 0.5637
vn -0.6905 -0.6851 0.2322
vn -0.3618 -0.8704 0.3339
vn -0.5611 0.5950 -0.5755
vn -0.3348 0.3508 -0.8745
vn -0.6814 0.2513 -0.6875
vn -0.2554 -0.6947 -0.6724
vn -0.3547 -0.8720 -0.3375
vn -0.6840 -0.6907 -0.2346
vn 0.3325 0.3515 0.8752
vn 0.6797 0.2532 0.6884
vn 0.5572 0.5965 0.5777
vn 0.5833 -0.5835 0.5651
vn 0.3530 -0.8746 0.3325
vn 0.6874 -0.6876 0.2337
vn 0.5640 0.5936 -0.5740
vn 0.6826 0.2499 -0.6868
vn 0.3364 0.3503 -0.8742
vn 0.2497 -0.6961 -0.6731
vn 0.6815 -0.6928 -0.2359
vn 0.3464 -0.8759 -0.3357
vn -0.3219 0.3554 0.8775
vn -0.5394 0.6041 0.5867
vn -0.6721 0.2617 0.6926
vn -0.6001 -0.5738 0.5573
vn -0.7033 -0.6735 0.2274
vn -0.3840 -0.8617 0.3318
vn -0.5551 0.5977 -0.5784
vn -0.3311 0.3524 -0.8753
vn -0.6789 0.2542 -0.6888
vn -0.2670 -0.6923 -0.6705
vn -0.3673 -0.8659 -0.3396
vn -0.6896 -0.6857 -0.2327
vn 0.3343 0.3511 0.8746
vn 0.6811 0.2517 0.6876
vn 0.5603 0.5954 0.5757
vn 0.5807 -0.5852 0.5659
vn 0.3521 -0.8741 0.3348
vn 0.6848 -0.6901 0.2342
vn 0.5604 0.5954 -0.5757
vn 0.6811 0.2517 -0.6876
vn 0.3343 0.3511 -0.8746
vn 0.2565 -0.6949 -0.6718
vn 0.6848 -0.6901 -0.2342
vn 0.3520 -0.8741 -0.3348
vn -0.3401 0.3487 0.8734
vn -0.5697 0.5910 0.5712
vn -0.6849 0.2470 0.6855
vn -0.5715 -0.5901 0.5703
vn -0.6759 -0.6978 0.2371
vn -0.3370 -0.8797 0.3356
vn -0.5697 0.5909 -0.5712
vn -0.3401 0.3487 -0.8734
vn -0.6849 0.2470 -0.6855
vn -0.2390 -0.6982 -0.6748
vn -0.3370 -0.8797 -0.3356
vn -0.6759 -0.6978 -0.2371
vn 0.3233 0.3546 0.8774
vn 0.6732 0.2604 0.6921
vn 0.5420 0.6025 0.5858
vn 0.5970 -0.5752 0.5593
vn 0.3759 -0.8654 0.3313
vn 0.7009 -0.6753 0.2298
vn 0.5500 0.5997 -0.5813
vn 0.6767 0.2567 -0.6901
vn 0.3279 0.3534 -0.8761
vn 0.2746 -0.6907 -0.6690
vn 0.6942 -0.6813 -0.2320
vn 0.3682 -0.8674 -0.3349
vn -0.3079 0.3596 0.8808
vn -0.5168 0.6117 0.5989
vn -0.6619 0.2720 0.6985
vn -0.6198 -0.5607 0.5490
vn -0.7225 -0.6549 0.2215
vn -0.4176 -0.8466 0.3300
vn -0.5350 0.6058 -0.5889
vn -0.3188 0.3567 -0.8782
vn -0.6703 0.2637 -0.6937
vn -0.3020 -0.6838 -0.6642
vn -0.3979 -0.8527 -0.3385
vn -0.7075 -0.6692 -0.2272
vn -0.0000 -0.3826 0.9239
vn -0.0051 -0.3798 0.9251
vn 0.0052 0.3853 0.9228
vn -0.0000 0.3826 0.9239
vn 0.3827 -0.9239 -0.0000
vn 0.0215 -0.9228 0.3847
vn 0.0043 -1.0000 -0.0056
vn 0.0087 -0.3777 0.9259
vn 0.2706 -0.2705 0.9239
vn -0.0091 0.3874 0.9219
vn -0.0214 0.9244 0.3807
vn 0.2706 0.9239 0.2707
vn 0.3827 0.9239 -0.0000
vn -0.0043 1.0000 0.0056
vn 1.0000 -0.0000 -0.0000
vn 0.9239 0.3827 -0.0000
vn 0.0101 0.9233 0.3838
vn -0.0068 0.9195 0.3930
vn 0.0041 1.0000 0.0090
vn -0.0000 1.0000 -0.0000
vn -1.0000 -0.0000 -0.0000
vn -0.9239 0.3827 -0.0000
vn -0.0000 -1.0000 -0.0000
vn -0.0102 -0.9242 0.3817
vn -0.2706 -0.9239 0.2707
vn -0.3827 -0.9239 -0.0000
vn 0.0040 -0.3934 0.9194
vn -0.0036 0.3718 0.9283
vn -0.0041 -1.0000 -0.0090
vn 0.0068 -0.9279 0.3727
vn -0.2706 0.9239 0.2706
vn -0.3827 0.9239 -0.0000
vn -0.7071 -0.7071 -0.0000
vn 0.7071 -0.0000 0.7071
vn 0.7071 -0.7071 -0.0000
vn -0.3811 -0.0000 -0.9245
vn 0.0009 0.3894 -0.9211
vn -0.0000 -0.0000 -1.0000
vn -0.0021 -0.9273 0.3743
vn -0.0021 -0.9273 -0.3743
vn 0.2619 0.9282 -0.2642
vn 0.0021 0.9269 -0.3752
vn 0.0021 0.9269 0.3752
vn 0.2619 0.9282 0.2642
vn 0.0011 -0.9274 0.3740
vn 0.0011 -0.9274 -0.3740
vn -0.2726 -0.2750 0.9220
vn -0.0009 -0.3917 0.9201
vn 0.0009 0.3894 0.9211
vn -0.2586 0.9292 -0.2639
vn -0.2586 0.9292 0.2639
vn 0.9195 0.3931 -0.0000
vn -0.3810 -0.0000 -0.9246
vn -0.0005 0.3886 -0.9214
vn 0.2566 0.9299 -0.2637
vn -0.0011 0.9268 -0.3756
vn -0.0011 0.9268 0.3756
vn 0.2565 0.9299 0.2637
vn -0.0199 -0.9280 0.3721
vn -0.0199 -0.9280 -0.3721
vn -0.2583 0.9293 -0.2639
vn -0.2583 0.9293 0.2639
vn -0.3711 -0.0000 -0.9286
vn 0.0081 0.3829 -0.9237
vn 0.2546 0.9304 -0.2637
vn 0.0201 0.9256 -0.3779
vn 0.0201 0.9256 0.3779
vn 0.2546 0.9304 0.2637
vn 0.0026 -0.9276 0.3736
vn 0.0026 -0.9276 -0.3736
vn -0.2727 -0.2750 0.9220
vn 0.0005 -0.3925 0.9197
vn -0.0005 0.3886 0.9214
vn -0.2227 0.9394 -0.2609
vn -0.2227 0.9394 0.2609
vn 0.9192 0.3937 -0.0000
vn -0.3803 -0.0000 -0.9248
vn -0.0011 0.3876 -0.9218
vn 0.2519 0.9312 -0.2634
vn -0.0026 0.9266 -0.3760
vn -0.0026 0.9266 0.3760
vn 0.2519 0.9312 0.2634
vn -0.0039 -0.9276 0.3735
vn -0.0039 -0.9276 -0.3735
vn -0.2796 -0.2688 0.9217
vn -0.0087 -0.3976 0.9175
vn 0.0081 0.3829 0.9237
vn -0.2560 0.9300 -0.2637
vn -0.2560 0.9300 0.2637
vn 0.9189 0.3946 -0.0000
vn -0.3785 -0.0000 -0.9256
vn 0.0016 0.3871 -0.9220
vn 0.2556 0.9301 -0.2637
vn 0.0039 0.9265 -0.3762
vn 0.0039 0.9265 0.3762
vn 0.2555 0.9301 0.2637
vn -0.2731 -0.2746 0.9220
vn 0.0011 -0.3935 0.9193
vn -0.0011 0.3875 0.9219
vn 0.0146 -0.9433 0.3315
vn 0.0105 -0.9113 -0.4116
vn -0.2744 -0.2734 0.9219
vn -0.0017 -0.3939 0.9191
vn 0.0016 0.3871 0.9220
vn -0.2493 0.9320 -0.2632
vn -0.2493 0.9320 0.2632
vn 0.9194 0.3934 -0.0000
vn -0.3802 -0.0000 -0.9249
vn -0.0020 0.4010 -0.9161
vn 0.2399 0.9361 -0.2573
vn -0.0020 0.9420 -0.3357
vn -0.0057 0.9090 0.4168
vn 0.2269 0.9378 0.2627
vn -0.0081 -0.9382 0.3461
vn -0.0056 -0.9170 -0.3988
vn -0.2552 0.9304 -0.2629
vn -0.2490 0.9313 0.2659
vn 0.9183 0.3959 -0.0000
vn 0.9155 0.4024 0.0007
vn -0.3752 -0.0000 -0.9270
vn 0.0035 0.3937 -0.9192
vn 0.2468 0.9332 -0.2612
vn 0.0115 0.9361 -0.3515
vn 0.0137 0.9142 0.4050
vn 0.2426 0.9337 0.2632
vn 0.0206 -0.9459 0.3239
vn 0.0159 -0.9091 -0.4163
vn -0.2755 -0.2724 0.9219
vn 0.0053 -0.4129 0.9107
vn -0.0041 0.3680 0.9298
vn -0.2371 0.9357 -0.2612
vn -0.2287 0.9368 0.2647
vn 0.9186 0.3952 -0.0000
vn 0.9176 0.3975 0.0002
vn -0.3778 -0.0000 -0.9259
vn -0.0039 0.3994 -0.9168
vn 0.2227 0.9409 -0.2551
vn -0.0063 0.9437 -0.3307
vn -0.0102 0.9052 0.4248
vn 0.2078 0.9427 0.2612
vn -0.0132 -0.9448 0.3273
vn -0.0068 -0.9085 -0.4178
vn -0.2466 0.9330 -0.2622
vn -0.2393 0.9339 0.2657
vn 0.9161 0.4011 -0.0000
vn 0.9128 0.4085 0.0008
vn -0.3747 -0.0000 -0.9271
vn 0.0048 0.4004 -0.9163
vn 0.2473 0.9334 -0.2602
vn 0.0175 0.9426 -0.3333
vn 0.0230 0.9048 0.4252
vn 0.2406 0.9342 0.2634
vn 0.0108 -0.9275 0.3737
vn 0.0108 -0.9275 -0.3737
vn -0.2775 -0.2705 0.9219
vn 0.0080 -0.4191 0.9079
vn -0.0060 0.3613 0.9324
vn -0.2350 0.9365 -0.2601
vn -0.2178 0.9388 0.2669
vn 0.9189 0.3945 -0.0000
vn 0.9173 0.3981 0.0004
vn -0.3822 -0.0000 -0.9241
vn -0.0045 0.3876 -0.9218
vn 0.2455 0.9331 -0.2628
vn -0.0108 0.9266 -0.3760
vn -0.0108 0.9266 0.3760
vn 0.2455 0.9331 0.2629
vn -0.2892 -0.2591 0.9215
vn -0.0294 -0.4150 0.9094
vn 0.0249 0.3634 0.9313
vn -0.0579 -0.9403 0.3353
vn -0.0450 -0.9105 -0.4110
vn -0.2823 -0.2661 0.9217
vn -0.0089 -0.4177 0.9085
vn 0.0079 0.3626 0.9319
vn -0.2627 0.9280 -0.2643
vn -0.2627 0.9280 0.2643
vn 0.9180 0.3966 -0.0000
vn -0.3649 -0.0000 -0.9311
vn 0.0195 0.3949 -0.9185
vn 0.0269 -0.9428 0.3323
vn 0.0221 -0.9119 -0.4099
vn 0.2217 0.9405 -0.2577
vn -0.0190 0.9412 -0.3373
vn -0.0226 0.9089 0.4164
vn 0.2139 0.9413 0.2613
vn -0.2718 -0.2757 0.9220
vn 0.0046 -0.3934 0.9193
vn -0.0045 0.3876 0.9218
vn 0.0536 0.9379 -0.3426
vn -0.1990 0.9458 -0.2566
vn -0.1786 0.9480 0.2635
vn 0.0636 0.9055 0.4196
vn 0.9154 0.4025 -0.0000
vn 0.9136 0.4066 0.0004
vn -0.2794 -0.2689 0.9217
vn -0.0051 -0.4086 0.9127
vn 0.0047 0.3720 0.9282
vn -0.9198 0.3925 -0.0000
vn -0.9197 0.3925 -0.0000
vn 0.3805 -0.0000 -0.9248
vn 0.2730 -0.2747 0.9220
vn 0.2719 -0.2756 0.9220
vn -0.9198 0.3924 -0.0000
vn 0.3820 -0.0000 -0.9242
vn -0.9148 0.4039 -0.0000
vn 0.3800 -0.0000 -0.9250
vn 0.2734 -0.2742 0.9220
vn -0.9194 0.3932 -0.0000
vn -0.9194 0.3933 -0.0000
vn 0.3792 -0.0000 -0.9253
vn 0.2740 -0.2739 0.9219
vn -0.9185 0.3954 -0.0000
vn 0.3802 -0.0000 -0.9249
vn 0.2732 -0.2745 0.9220
vn -0.9193 0.3936 0.0004
vn -0.9178 0.3970 -0.0000
vn 0.3780 -0.0000 -0.9258
vn 0.2786 -0.2696 0.9218
vn -0.9168 0.3994 0.0005
vn -0.9149 0.4036 -0.0000
vn 0.3786 -0.0000 -0.9255
vn 0.2757 -0.2722 0.9219
vn -0.9181 0.3964 0.0004
vn -0.9164 0.4004 -0.0000
vn 0.3736 -0.0000 -0.9276
vn 0.2821 -0.2662 0.9217
vn -0.9164 0.4002 0.0009
vn -0.9127 0.4086 -0.0000
vn 0.3793 -0.0000 -0.9253
vn 0.2761 -0.2717 0.9219
vn -0.9204 0.3911 -0.0000
vn 0.3774 -0.0000 -0.9261
vn 0.2752 -0.2728 0.9219
vn -0.9114 0.4116 0.0010
vn -0.9070 0.4211 -0.0000
vn -0.0078 0.3970 -0.9178
vn 0.0122 -0.4116 0.9113
vn -0.0103 0.3679 0.9298
vn 0.2812 -0.2669 0.9218
vn 0.3724 -0.0000 -0.9281
vn 0.9202 0.3913 -0.0000
vn 0.7071 -0.0000 -0.7071
vn -0.7071 -0.0000 0.7071
vn -0.7071 -0.0000 -0.7071
vn 0.0024 -0.7191 -0.6949
vn 0.0076 -0.7191 -0.6949
vn 0.0095 -0.7187 -0.6952
vn 0.0122 -0.7190 -0.6949
vn 0.0086 -0.7190 -0.6949
vn 0.0171 -0.6975 -0.7164
vn 0.0143 -0.7046 -0.7094
vn 0.0321 -0.6936 -0.7196
vn 0.0121 -0.6941 -0.7198
vn 0.0184 -0.7189 -0.6949
vn 0.0360 -0.6976 -0.7156
vn -0.0059 -0.7190 -0.6949
vn -0.0056 -0.7191 -0.6949
vn -0.0406 -0.7182 -0.6947
vn -0.0081 -0.7190 -0.6949
vn -0.0147 -0.7189 -0.6949
vn -0.0083 -0.6970 -0.7170
vn -0.0256 -0.7043 -0.7095
vn -0.0163 -0.6932 -0.7206
vn -0.0267 -0.6936 -0.7199
vn -0.0016 -0.7190 -0.6950
vn -0.0606 -0.6964 -0.7151
vn -0.0076 -0.6976 -0.7164
vt 0.519386 -0.293099
vt 0.519386 -0.296559
vt 0.517215 -0.296560
vt 0.517215 -0.311283
vt 0.519386 -0.311284
vt 0.519386 -0.314745
vt 0.517215 1.290928
vt 0.513753 1.290928
vt 0.513755 1.293099
vt 0.495568 1.290928
vt 0.493397 1.290928
vt 0.493397 1.293099
vt 0.628191 0.706213
vt 0.630474 0.706213
vt 0.628191 0.703931
vt 0.628199 0.710384
vt 0.628191 0.712667
vt 0.630474 0.712667
vt 0.628191 0.665165
vt 0.630474 0.662883
vt 0.628191 0.662883
vt 0.628199 0.749150
vt 0.630474 0.746867
vt 0.628191 0.746867
vt 0.399572 0.706213
vt 0.399572 0.703931
vt 0.397290 0.706213
vt 0.399554 0.710384
vt 0.397290 0.712667
vt 0.399572 0.712667
vt 0.399572 0.665165
vt 0.399572 0.662883
vt 0.397290 0.662883
vt 0.399554 0.749150
vt 0.399572 0.746867
vt 0.397290 0.746867
vt 0.455445 0.050197
vt 0.457728 0.050197
vt 0.455445 0.047914
vt 0.455470 0.054368
vt 0.455445 0.056650
vt 0.457728 0.056650
vt 0.455445 0.009149
vt 0.457728 0.006866
vt 0.455445 0.006866
vt 0.455470 0.093133
vt 0.457728 0.090850
vt 0.455445 0.090850
vt 0.226826 0.050197
vt 0.226826 0.047914
vt 0.224543 0.050197
vt 0.226807 0.054368
vt 0.224543 0.056650
vt 0.226826 0.056650
vt 0.226826 0.009148
vt 0.226826 0.006866
vt 0.224543 0.006866
vt 0.226807 0.093133
vt 0.226826 0.090850
vt 0.224543 0.090850
vt 0.722018 0.179575
vt 0.724300 0.179573
vt 0.722018 0.177290
vt 0.722049 0.183744
vt 0.722018 0.186027
vt 0.724300 0.186027
vt 0.722018 0.138525
vt 0.724300 0.136242
vt 0.722017 0.136240
vt 0.722049 0.222509
vt 0.724300 0.220227
vt 0.722018 0.220227
vt 0.493399 0.179575
vt 0.493395 0.177290
vt 0.491116 0.179573
vt 0.493265 0.183744
vt 0.491116 0.186027
vt 0.493395 0.186027
vt 0.493395 0.138525
vt 0.493399 0.136240
vt 0.491116 0.136242
vt 0.493265 0.222509
vt 0.493395 0.220227
vt 0.491116 0.220227
vt 0.501951 0.308559
vt 0.504233 0.308559
vt 0.501951 0.306276
vt 0.501991 0.312730
vt 0.501951 0.315013
vt 0.504233 0.315013
vt 0.501951 0.267511
vt 0.504233 0.265228
vt 0.501951 0.265228
vt 0.501991 0.351495
vt 0.504233 0.349212
vt 0.501951 0.349212
vt 0.273332 0.308559
vt 0.273332 0.306276
vt 0.271049 0.308559
vt 0.273305 0.312730
vt 0.271049 0.315013
vt 0.273332 0.315013
vt 0.273332 0.267511
vt 0.273332 0.265228
vt 0.271049 0.265228
vt 0.273305 0.351495
vt 0.273332 0.349213
vt 0.271049 0.349213
vt 0.283373 0.806708
vt 0.285656 0.806707
vt 0.283373 0.804425
vt 0.283401 0.810878
vt 0.283373 0.813161
vt 0.285656 0.813161
vt 0.283373 0.765659
vt 0.285656 0.763377
vt 0.283373 0.763376
vt 0.283401 0.849644
vt 0.285656 0.847361
vt 0.283373 0.847361
vt 0.054754 0.806708
vt 0.054754 0.804425
vt 0.052472 0.806707
vt 0.054706 0.810878
vt 0.052472 0.813161
vt 0.054754 0.813161
vt 0.054754 0.765659
vt 0.054754 0.763376
vt 0.052472 0.763377
vt 0.054706 0.849644
vt 0.054754 0.847361
vt 0.052472 0.847361
vt 0.314377 0.189572
vt 0.316660 0.189569
vt 0.314380 0.187287
vt 0.314465 0.193812
vt 0.314380 0.196023
vt 0.316660 0.196023
vt 0.314378 0.148522
vt 0.316660 0.146239
vt 0.314377 0.146238
vt 0.314431 0.232506
vt 0.316660 0.230223
vt 0.314378 0.230224
vt 0.085758 0.189571
vt 0.085757 0.187287
vt 0.083475 0.189569
vt 0.085712 0.193812
vt 0.083475 0.196023
vt 0.085757 0.196023
vt 0.085758 0.148521
vt 0.085758 0.146238
vt 0.083475 0.146239
vt 0.085730 0.232506
vt 0.085758 0.230223
vt 0.083475 0.230223
vt 0.218115 0.822063
vt 0.215833 0.822065
vt 0.218114 0.824348
vt 0.218057 0.817847
vt 0.218115 0.815612
vt 0.215833 0.815611
vt 0.218115 0.863113
vt 0.215833 0.865396
vt 0.218115 0.865397
vt 0.218069 0.779129
vt 0.215833 0.781412
vt 0.218115 0.781411
vt 0.446734 0.822063
vt 0.446738 0.824348
vt 0.449017 0.822065
vt 0.446842 0.817847
vt 0.449017 0.815611
vt 0.446738 0.815612
vt 0.446736 0.863113
vt 0.446734 0.865397
vt 0.449017 0.865396
vt 0.446820 0.779129
vt 0.446737 0.781411
vt 0.449017 0.781412
vt 0.764822 0.823442
vt 0.762539 0.823447
vt 0.764815 0.825729
vt 0.764678 0.819193
vt 0.764816 0.816993
vt 0.762539 0.816993
vt 0.764820 0.864495
vt 0.762539 0.866777
vt 0.764822 0.866779
vt 0.764718 0.780510
vt 0.762539 0.782793
vt 0.764818 0.782792
vt 0.993441 0.823442
vt 0.993443 0.825729
vt 0.995724 0.823447
vt 0.993518 0.819193
vt 0.995724 0.816993
vt 0.993443 0.816993
vt 0.993442 0.864495
vt 0.993441 0.866779
vt 0.995724 0.866777
vt 0.993496 0.780510
vt 0.993442 0.782792
vt 0.995724 0.782793
vt 0.591087 0.616892
vt 0.593370 0.616888
vt 0.591088 0.614605
vt 0.591145 0.621140
vt 0.591088 0.623342
vt 0.593370 0.623342
vt 0.591087 0.575840
vt 0.593370 0.573557
vt 0.591087 0.573556
vt 0.591126 0.659824
vt 0.593370 0.657542
vt 0.591088 0.657542
vt 0.362468 0.616892
vt 0.362461 0.614605
vt 0.360185 0.616888
vt 0.362333 0.621140
vt 0.360185 0.623342
vt 0.362462 0.623341
vt 0.362466 0.575840
vt 0.362468 0.573556
vt 0.360185 0.573557
vt 0.362377 0.659824
vt 0.362465 0.657543
vt 0.360185 0.657542
vt 0.572424 0.424425
vt 0.574706 0.424424
vt 0.572424 0.422141
vt 0.572484 0.428595
vt 0.572424 0.430878
vt 0.574706 0.430878
vt 0.572424 0.383376
vt 0.574706 0.381094
vt 0.572424 0.381093
vt 0.572484 0.467360
vt 0.574706 0.465078
vt 0.572424 0.465078
vt 0.343805 0.424425
vt 0.343805 0.422141
vt 0.341522 0.424424
vt 0.343799 0.428595
vt 0.341522 0.430878
vt 0.343805 0.430878
vt 0.343805 0.383376
vt 0.343805 0.381093
vt 0.341522 0.381093
vt 0.343799 0.467360
vt 0.343805 0.465078
vt 0.341522 0.465078
vt 0.407901 0.198987
vt 0.405618 0.198996
vt 0.407895 0.201278
vt 0.407760 0.194757
vt 0.407896 0.192542
vt 0.405618 0.192542
vt 0.407898 0.240044
vt 0.405618 0.242326
vt 0.407901 0.242330
vt 0.407782 0.156059
vt 0.405618 0.158342
vt 0.407897 0.158342
vt 0.636520 0.198986
vt 0.636540 0.201278
vt 0.638802 0.198996
vt 0.636773 0.194758
vt 0.638802 0.192542
vt 0.636538 0.192542
vt 0.636529 0.240044
vt 0.636520 0.242331
vt 0.638802 0.242326
vt 0.636724 0.156059
vt 0.636531 0.158341
vt 0.638802 0.158342
vt 0.499030 -0.290927
vt 0.499030 0.607171
vt 0.513753 0.607171
vt 0.513753 -0.290927
vt 0.096405 1.290928
vt 0.493397 0.931536
vt 0.096405 0.931536
vt 0.499030 0.931536
vt 0.499030 1.290928
vt 0.513753 0.931536
vt 0.519386 0.931536
vt 0.519386 1.290928
vt 0.916378 1.290928
vt 0.916378 0.931536
vt 0.916378 1.311284
vt 0.916378 1.296559
vt 0.519386 1.296559
vt 0.519386 1.311284
vt 0.519386 0.607171
vt 0.519386 0.813319
vt 0.916378 0.813319
vt 0.916378 0.607171
vt 0.916378 -0.311284
vt 0.916378 -0.296559
vt 0.096405 0.607171
vt 0.493397 0.607171
vt 0.493397 -0.290927
vt 0.096405 -0.290927
vt 0.499030 0.813319
vt 0.513753 0.813319
vt 0.096405 0.813319
vt 0.493397 0.813319
vt 0.519386 -0.290927
vt 0.916378 -0.290927
vt 0.493397 -0.293098
vt 0.096405 -0.293098
vt 0.499029 1.293099
vt 0.096405 1.293099
vt 0.399572 0.660994
vt 0.466478 0.662883
vt 0.466478 0.660994
vt 0.466478 0.712667
vt 0.466478 0.746867
vt 0.628191 0.667448
vt 0.466478 0.667448
vt 0.466478 0.701648
vt 0.628191 0.701648
vt 0.356191 0.056650
vt 0.356191 0.090850
vt 0.399572 0.708102
vt 0.466478 0.708102
vt 0.466478 0.706213
vt 0.399572 0.667448
vt 0.399572 0.701648
vt 0.460010 0.011431
vt 0.460010 0.045631
vt 0.461899 0.045631
vt 0.461899 0.011431
vt 0.226826 0.004978
vt 0.356191 0.006866
vt 0.356191 0.004978
vt 0.455445 0.011431
vt 0.356191 0.011431
vt 0.356191 0.045631
vt 0.455445 0.045631
vt 0.535442 0.186027
vt 0.535442 0.220227
vt 0.226826 0.011431
vt 0.226826 0.045631
vt 0.493399 0.134356
vt 0.535442 0.136240
vt 0.535442 0.134356
vt 0.722018 0.140808
vt 0.535442 0.140808
vt 0.535442 0.175008
vt 0.722018 0.175008
vt 0.410900 0.315013
vt 0.410900 0.349212
vt 0.226826 0.052085
vt 0.356191 0.052085
vt 0.356191 0.050197
vt 0.493395 0.140808
vt 0.493395 0.175008
vt 0.726583 0.140808
vt 0.726583 0.175008
vt 0.728471 0.175008
vt 0.728471 0.140808
vt 0.273332 0.263340
vt 0.410900 0.265228
vt 0.410900 0.263340
vt 0.501951 0.269794
vt 0.410900 0.269794
vt 0.410900 0.303993
vt 0.501951 0.303993
vt 0.138689 0.813161
vt 0.138689 0.847361
vt 0.493399 0.181459
vt 0.535442 0.181459
vt 0.535442 0.179575
vt 0.273332 0.269794
vt 0.273332 0.303993
vt 0.506516 0.269794
vt 0.506516 0.303993
vt 0.508405 0.303993
vt 0.508404 0.269794
vt 0.054754 0.761488
vt 0.138689 0.763376
vt 0.138689 0.761489
vt 0.283373 0.767942
vt 0.138689 0.767942
vt 0.138689 0.802142
vt 0.283373 0.802142
vt 0.273332 0.310447
vt 0.410900 0.310447
vt 0.410900 0.308559
vt 0.236288 0.196019
vt 0.236287 0.230228
vt 0.054754 0.808595
vt 0.138689 0.808595
vt 0.138689 0.806708
vt 0.054754 0.767942
vt 0.054754 0.802142
vt 0.287939 0.767942
vt 0.287939 0.802142
vt 0.289827 0.802142
vt 0.289827 0.767942
vt 0.085758 0.144351
vt 0.236287 0.146238
vt 0.236287 0.144351
vt 0.314378 0.150804
vt 0.236287 0.150800
vt 0.236287 0.185008
vt 0.314380 0.185005
vt 0.367311 0.815613
vt 0.367311 0.781410
vt 0.085758 0.150804
vt 0.085757 0.185004
vt 0.318943 0.150804
vt 0.318942 0.185004
vt 0.320831 0.185004
vt 0.320831 0.150804
vt 0.446735 0.867283
vt 0.367311 0.865397
vt 0.367311 0.867283
vt 0.218115 0.860831
vt 0.367311 0.860832
vt 0.367311 0.826629
vt 0.218115 0.826630
vt 0.843503 0.816999
vt 0.843503 0.782787
vt 0.085758 0.191456
vt 0.236287 0.191456
vt 0.236287 0.189571
vt 0.446737 0.860831
vt 0.446738 0.826630
vt 0.213550 0.860830
vt 0.213550 0.826631
vt 0.211662 0.826631
vt 0.211662 0.860831
vt 0.993441 0.868664
vt 0.843503 0.866779
vt 0.843503 0.868664
vt 0.764818 0.862213
vt 0.843503 0.862218
vt 0.843503 0.828006
vt 0.764816 0.828011
vt 0.430122 0.623336
vt 0.430122 0.657547
vt 0.993442 0.862212
vt 0.993443 0.828012
vt 0.760257 0.862212
vt 0.760257 0.828012
vt 0.758368 0.828012
vt 0.758368 0.862212
vt 0.362468 0.571670
vt 0.430123 0.573556
vt 0.430122 0.571670
vt 0.591088 0.578122
vt 0.430122 0.578117
vt 0.430122 0.612328
vt 0.591088 0.612323
vt 0.495574 0.430878
vt 0.495574 0.465078
vt 0.993441 0.821563
vt 0.843503 0.821563
vt 0.843503 0.823442
vt 0.362465 0.578122
vt 0.362462 0.612323
vt 0.595652 0.578123
vt 0.595652 0.612323
vt 0.597541 0.612323
vt 0.597541 0.578123
vt 0.343805 0.379205
vt 0.495574 0.381093
vt 0.495574 0.379205
vt 0.572424 0.385659
vt 0.495574 0.385659
vt 0.495574 0.419859
vt 0.572424 0.419859
vt 0.636520 0.197117
vt 0.587560 0.197116
vt 0.587560 0.198987
vt 0.587560 0.192546
vt 0.587560 0.158338
vt 0.362468 0.618772
vt 0.430122 0.618772
vt 0.430122 0.616892
vt 0.343805 0.385659
vt 0.343805 0.419859
vt 0.576989 0.385659
vt 0.576989 0.419859
vt 0.578877 0.419859
vt 0.578877 0.385659
vt 0.636520 0.244210
vt 0.587560 0.242330
vt 0.587560 0.244210
vt 0.524262 0.192546
vt 0.524262 0.158338
vt 0.407897 0.237761
vt 0.524262 0.237765
vt 0.524262 0.203557
vt 0.407896 0.203561
vt 0.343805 0.426312
vt 0.495574 0.426312
vt 0.495574 0.424425
vt 0.587560 0.237765
vt 0.636531 0.237761
vt 0.636538 0.203560
vt 0.587560 0.203557
vt 0.403335 0.237761
vt 0.403335 0.203561
vt 0.401447 0.203561
vt 0.401447 0.237761
vt 0.446734 0.820179
vt 0.367311 0.820179
vt 0.367311 0.822063
vt 0.222261 0.011431
vt 0.220372 0.011431
vt 0.220372 0.045631
vt 0.222261 0.045631
vt 0.455445 0.004978
vt 0.455445 0.052085
vt 0.628191 0.708102
vt 0.395007 0.667448
vt 0.393119 0.667448
vt 0.393118 0.701648
vt 0.395007 0.701648
vt 0.628191 0.660994
vt 0.488833 0.140808
vt 0.486945 0.140808
vt 0.486945 0.175008
vt 0.488833 0.175008
vt 0.722017 0.134356
vt 0.722018 0.181459
vt 0.268766 0.269794
vt 0.266878 0.269794
vt 0.266878 0.303993
vt 0.268766 0.303993
vt 0.501951 0.263340
vt 0.501951 0.310447
vt 0.050189 0.767942
vt 0.048300 0.767942
vt 0.048300 0.802142
vt 0.050189 0.802142
vt 0.283373 0.761489
vt 0.283373 0.808595
vt 0.081193 0.150804
vt 0.079304 0.150804
vt 0.079304 0.185004
vt 0.081193 0.185004
vt 0.314377 0.144351
vt 0.314377 0.191456
vt 0.451300 0.860830
vt 0.453188 0.860831
vt 0.453188 0.826631
vt 0.451300 0.826631
vt 0.218115 0.867283
vt 0.218115 0.820179
vt 0.998006 0.862212
vt 0.999895 0.862212
vt 0.999894 0.828012
vt 0.998006 0.828012
vt 0.764822 0.868664
vt 0.764822 0.821563
vt 0.357903 0.578123
vt 0.356014 0.578123
vt 0.356014 0.612323
vt 0.357903 0.612323
vt 0.591087 0.571670
vt 0.591087 0.618772
vt 0.339239 0.385659
vt 0.337351 0.385659
vt 0.337351 0.419859
vt 0.339239 0.419859
vt 0.572424 0.379206
vt 0.572424 0.426312
vt 0.641085 0.237761
vt 0.642973 0.237761
vt 0.642973 0.203561
vt 0.641085 0.203561
vt 0.524262 0.242330
vt 0.524262 0.244211
vt 0.524262 0.197116
vt 0.524262 0.198987
vt 0.407901 0.197116
vt 0.407901 0.244211
vt 0.630474 0.708102
vt 0.632757 0.701648
vt 0.632757 0.667448
vt 0.630474 0.660994
vt 0.397290 0.708102
vt 0.397290 0.660994
vt 0.466486 0.749150
vt 0.457728 0.052085
vt 0.457728 0.004978
vt 0.224543 0.052085
vt 0.224543 0.004977
vt 0.356216 0.093133
vt 0.724300 0.181461
vt 0.724300 0.134354
vt 0.491116 0.181461
vt 0.491116 0.134354
vt 0.535474 0.222509
vt 0.504233 0.310447
vt 0.504233 0.263340
vt 0.271049 0.310447
vt 0.271049 0.263340
vt 0.410940 0.351495
vt 0.285656 0.808596
vt 0.285656 0.761488
vt 0.052472 0.808596
vt 0.052472 0.761488
vt 0.138717 0.849644
vt 0.316660 0.191458
vt 0.316660 0.144351
vt 0.083475 0.191458
vt 0.083475 0.144350
vt 0.236341 0.232506
vt 0.215833 0.820177
vt 0.215833 0.867284
vt 0.449017 0.820177
vt 0.449017 0.867284
vt 0.367264 0.779129
vt 0.762539 0.821558
vt 0.762539 0.868666
vt 0.995724 0.821558
vt 0.995724 0.868666
vt 0.843398 0.780510
vt 0.593370 0.618777
vt 0.593370 0.571669
vt 0.360185 0.618776
vt 0.360185 0.571669
vt 0.430161 0.659824
vt 0.574706 0.426313
vt 0.574706 0.379205
vt 0.341522 0.426312
vt 0.341522 0.379205
vt 0.495634 0.467360
vt 0.405618 0.197107
vt 0.405618 0.244215
vt 0.638802 0.197107
vt 0.638802 0.244215
vt 0.524143 0.156059
vt 0.356172 0.093133
vt 0.466460 0.749150
vt 0.535309 0.222509
vt 0.410873 0.351495
vt 0.138640 0.849644
vt 0.236259 0.232506
vt 0.367396 0.779129
vt 0.843558 0.780510
vt 0.430032 0.659824
vt 0.495569 0.467360
vt 0.587764 0.156059
vt 0.587560 0.156059
vt 0.524288 0.156059
vt 0.634645 0.701648
vt 0.634645 0.667448
s 1
f 7473/1849/1721 7474/1850/1722 7475/1851/1723
f 7476/1852/1724 7477/1853/1725 7478/1854/1726
f 7479/1855/1727 7480/1856/1728 7481/1857/1729
f 7482/1858/1730 7483/1859/1731 7484/1860/1732
f 7485/1861/1733 7486/1862/1734 7487/1863/1735
f 7488/1864/1736 7489/1865/1737 7490/1866/1738
f 7491/1867/1739 7492/1868/1740 7493/1869/1741
f 7494/1870/1742 7495/1871/1743 7496/1872/1744
f 7497/1873/1745 7498/1874/1746 7499/1875/1747
f 7500/1876/1748 7501/1877/1749 7502/1878/1750
f 7503/1879/1751 7504/1880/1752 7505/1881/1753
f 7506/1882/1754 7507/1883/1755 7508/1884/1756
f 7509/1885/1757 7510/1886/1758 7511/1887/1759
f 7512/1888/1760 7513/1889/1761 7514/1890/1762
f 7515/1891/1763 7516/1892/1764 7517/1893/1765
f 7518/1894/1766 7519/1895/1767 7520/1896/1768
f 7521/1897/1769 7522/1898/1770 7523/1899/1771
f 7524/1900/1772 7525/1901/1773 7526/1902/1774
f 7527/1903/1775 7528/1904/1776 7529/1905/1777
f 7530/1906/1778 7531/1907/1779 7532/1908/1780
f 7533/1909/1781 7534/1910/1782 7535/1911/1783
f 7536/1912/1784 7537/1913/1785 7538/1914/1786
f 7539/1915/1787 7540/1916/1788 7541/1917/1789
f 7542/1918/1790 7543/1919/1791 7544/1920/1792
f 7545/1921/1793 7546/1922/1794 7547/1923/1795
f 7548/1924/1796 7549/1925/1797 7550/1926/1798
f 7551/1927/1799 7552/1928/1800 7553/1929/1801
f 7554/1930/1802 7555/1931/1803 7556/1932/1804
f 7557/1933/1805 7558/1934/1806 7559/1935/1807
f 7560/1936/1808 7561/1937/1809 7562/1938/1810
f 7563/1939/1811 7564/1940/1812 7565/1941/1813
f 7566/1942/1814 7567/1943/1815 7568/1944/1816
f 7569/1945/1817 7570/1946/1818 7571/1947/1819
f 7572/1948/1820 7573/1949/1821 7574/1950/1822
f 7575/1951/1823 7576/1952/1824 7577/1953/1825
f 7578/1954/1826 7579/1955/1827 7580/1956/1828
f 7581/1957/1829 7582/1958/1830 7583/1959/1831
f 7584/1960/1832 7585/1961/1833 7586/1962/1834
f 7587/1963/1835 7588/1964/1836 7589/1965/1837
f 7590/1966/1838 7591/1967/1839 7592/1968/1840
f 7593/1969/1841 7594/1970/1842 7595/1971/1843
f 7596/1972/1844 7597/1973/1845 7598/1974/1846
f 7599/1975/1847 7600/1976/1848 7601/1977/1849
f 7602/1978/1850 7603/1979/1851 7604/1980/1852
f 7605/1981/1853 7606/1982/1854 7607/1983/1855
f 7608/1984/1856 7609/1985/1857 7610/1986/1858
f 7611/1987/1859 7612/1988/1860 7613/1989/1861
f 7614/1990/1862 7615/1991/1863 7616/1992/1864
f 7617/1993/1865 7618/1994/1866 7619/1995/1867
f 7620/1996/1868 7621/1997/1869 7622/1998/1870
f 7623/1999/1871 7624/2000/1872 7625/2001/1873
f 7626/2002/1874 7627/2003/1875 7628/2004/1876
f 7629/2005/1877 7630/2006/1878 7631/2007/1879
f 7632/2008/1880 7633/2009/1881 7634/2010/1882
f 7635/2011/1883 7636/2012/1884 7637/2013/1885
f 7638/2014/1886 7639/2015/1887 7640/2016/1888
f 7641/2017/1889 7642/2018/1890 7643/2019/1891
f 7644/2020/1892 7645/2021/1893 7646/2022/1894
f 7647/2023/1895 7648/2024/1896 7649/2025/1897
f 7650/2026/1898 7651/2027/1899 7652/2028/1900
f 7653/2029/1901 7654/2030/1902 7655/2031/1903
f 7656/2032/1904 7657/2033/1905 7658/2034/1906
f 7659/2035/1907 7660/2036/1908 7661/2037/1909
f 7662/2038/1910 7663/2039/1911 7664/2040/1912
f 7665/2041/1913 7666/2042/1914 7667/2043/1915
f 7668/2044/1916 7669/2045/1917 7670/2046/1918
f 7671/2047/1919 7672/2048/1920 7673/2049/1921
f 7674/2050/1922 7675/2051/1923 7676/2052/1924
f 7677/2053/1925 7678/2054/1926 7679/2055/1927
f 7680/2056/1928 7681/2057/1929 7682/2058/1930
f 7683/2059/1931 7684/2060/1932 7685/2061/1933
f 7686/2062/1934 7687/2063/1935 7688/2064/1936
f 7689/2065/1937 7690/2066/1938 7691/2067/1939
f 7692/2068/1940 7693/2069/1941 7694/2070/1942
f 7695/2071/1943 7696/2072/1944 7697/2073/1945
f 7698/2074/1946 7699/2075/1947 7700/2076/1948
f 7701/2077/1949 7702/2078/1950 7703/2079/1951
f 7704/2080/1952 7705/2081/1953 7706/2082/1954
f 7707/2083/1955 7708/2084/1956 7709/2085/1957
f 7710/2086/1958 7711/2087/1959 7712/2088/1960
f 7713/2089/1961 7714/2090/1962 7715/2091/1963
f 7716/2092/1964 7717/2093/1965 7718/2094/1966
f 7719/2095/1967 7720/2096/1968 7721/2097/1969
f 7722/2098/1970 7723/2099/1971 7724/2100/1972
f 7725/2101/1973 7726/2102/1974 7727/2103/1975
f 7728/2104/1976 7729/2105/1977 7730/2106/1978
f 7731/2107/1979 7732/2108/1980 7733/2109/1981
f 7734/2110/1982 7735/2111/1983 7736/2112/1984
f 7737/2113/1985 7738/2114/1986 7739/2115/1987
f 7740/2116/1988 7741/2117/1989 7742/2118/1990
f 7743/2119/1991 7744/2120/1992 7745/2121/1993
f 7746/2122/1994 7747/2123/1995 7748/2124/1996
f 7749/2125/1997 7750/2126/1998 7751/2127/1999
f 7749/2125/1997 7751/2127/1999 7752/2128/2000
f 7753/2129/2001 7483/1859/1731 7754/2130/2002
f 7753/2129/2001 7754/2130/2002 7755/2131/2003
f 7756/2132/2004 7757/2133/2005 7480/1856/1728
f 7756/2132/2004 7480/1856/1728 7758/2134/2006
f 7759/2135/2007 7760/2136/2008 7761/2137/2009
f 7759/2135/2007 7761/2137/2009 7762/2138/2010
f 7763/2139/2011 7764/2140/2012 7765/2141/2012
f 7763/2139/2011 7765/2141/2012 7766/2142/2011
f 7767/2143/2013 7768/2144/2014 7769/2145/2015
f 7767/2143/2013 7769/2145/2015 7770/2146/2016
f 7771/2147/2017 7477/1853/1725 7474/1850/1722
f 7771/2147/2017 7474/1850/1722 7772/2148/2018
f 7773/2149/2019 7774/2150/2020 7775/2151/2021
f 7773/2149/2019 7775/2151/2021 7776/2152/2022
f 7750/2126/1998 7777/2153/2023 7778/2154/2024
f 7750/2126/1998 7778/2154/2024 7751/2127/1999
f 7768/2144/2014 7759/2135/2007 7762/2138/2010
f 7768/2144/2014 7762/2138/2010 7769/2145/2015
f 7779/2155/2025 7780/2156/2026 7774/2150/2020
f 7779/2155/2025 7774/2150/2020 7773/2149/2019
f 7755/2131/2003 7754/2130/2002 7780/2156/2026
f 7755/2131/2003 7780/2156/2026 7779/2155/2025
f 7777/2153/2023 7756/2132/2004 7758/2134/2006
f 7777/2153/2023 7758/2134/2006 7778/2154/2024
f 7781/2157/2027 7782/2158/2028 7772/2148/2018
f 7781/2157/2027 7772/2148/2018 7474/1850/1722
f 7474/1850/1722 7477/1853/1725 7476/1852/1724
f 7474/1850/1722 7476/1852/1724 7475/1851/1723
f 7776/2152/2022 7775/2151/2021 7783/2159/2029
f 7776/2152/2022 7783/2159/2029 7784/2160/2029
f 7750/2126/1998 7749/2125/1997 7775/2151/2021
f 7750/2126/1998 7775/2151/2021 7774/2150/2020
f 7765/2141/2012 7764/2140/2012 7761/2137/2009
f 7765/2141/2012 7761/2137/2009 7760/2136/2008
f 7480/1856/1728 7757/2133/2005 7785/2161/2030
f 7480/1856/1728 7785/2161/2030 7481/1857/1729
f 7767/2143/2013 7781/2157/2027 7752/2128/2000
f 7767/2143/2013 7752/2128/2000 7751/2127/1999
f 7786/2162/2031 7484/1860/1732 7483/1859/1731
f 7786/2162/2031 7483/1859/1731 7753/2129/2001
f 7777/2153/2023 7750/2126/1998 7774/2150/2020
f 7777/2153/2023 7774/2150/2020 7780/2156/2026
f 7768/2144/2014 7767/2143/2013 7751/2127/1999
f 7768/2144/2014 7751/2127/1999 7778/2154/2024
f 7757/2133/2005 7756/2132/2004 7754/2130/2002
f 7757/2133/2005 7754/2130/2002 7483/1859/1731
f 7760/2136/2008 7759/2135/2007 7758/2134/2006
f 7760/2136/2008 7758/2134/2006 7480/1856/1728
f 7756/2132/2004 7777/2153/2023 7780/2156/2026
f 7756/2132/2004 7780/2156/2026 7754/2130/2002
f 7759/2135/2007 7768/2144/2014 7778/2154/2024
f 7759/2135/2007 7778/2154/2024 7758/2134/2006
f 7781/2157/2027 7767/2143/2013 7770/2146/2016
f 7781/2157/2027 7770/2146/2016 7782/2158/2028
f 7787/2163/2032 7504/1880/1752 7788/2164/2033
f 7787/2163/2032 7788/2164/2033 7789/2165/2034
f 7489/1865/1737 7790/2166/2035 7791/2167/2036
f 7489/1865/1737 7791/2167/2036 7496/1872/1744
f 7792/2168/2037 7793/2169/2038 7794/2170/2039
f 7792/2168/2037 7794/2170/2039 7795/2171/2040
f 7796/2172/2041 7526/1902/1774 7531/1907/1779
f 7796/2172/2041 7531/1907/1779 7797/2173/2042
f 7798/2174/2043 7799/2175/2044 7800/2176/2045
f 7798/2174/2043 7800/2176/2045 7497/1873/1745
f 7793/2169/2038 7801/2177/2046 7802/2178/2047
f 7793/2169/2038 7802/2178/2047 7794/2170/2039
f 7803/2179/2048 7804/2180/2048 7805/2181/2011
f 7803/2179/2048 7805/2181/2011 7806/2182/2011
f 7807/2183/2049 7528/1904/1776 7808/2184/2050
f 7807/2183/2049 7808/2184/2050 7809/2185/2034
f 7513/1889/1761 7796/2172/2041 7797/2173/2042
f 7513/1889/1761 7797/2173/2042 7520/1896/1768
f 7810/2186/2051 7811/2187/2052 7812/2188/2053
f 7810/2186/2051 7812/2188/2053 7813/2189/2054
f 7814/2190/2055 7550/1926/1798 7555/1931/1803
f 7814/2190/2055 7555/1931/1803 7815/2191/2056
f 7811/2187/2052 7816/2192/2057 7817/2193/2058
f 7811/2187/2052 7817/2193/2058 7812/2188/2053
f 7818/2194/2059 7552/1928/1800 7819/2195/2060
f 7818/2194/2059 7819/2195/2060 7820/2196/2034
f 7537/1913/1785 7814/2190/2055 7815/2191/2056
f 7537/1913/1785 7815/2191/2056 7544/1920/1792
f 7821/2197/2061 7822/2198/2062 7823/2199/2063
f 7821/2197/2061 7823/2199/2063 7824/2200/2064
f 7825/2201/2065 7574/1950/1822 7579/1955/1827
f 7825/2201/2065 7579/1955/1827 7826/2202/2066
f 7827/2203/2067 7828/2204/2068 7829/2205/2069
f 7827/2203/2067 7829/2205/2069 7521/1897/1769
f 7822/2198/2062 7830/2206/2070 7831/2207/2071
f 7822/2198/2062 7831/2207/2071 7823/2199/2063
f 7832/2208/2072 7833/2209/2072 7834/2210/2011
f 7832/2208/2072 7834/2210/2011 7835/2211/2011
f 7836/2212/2073 7576/1952/1824 7837/2213/2074
f 7836/2212/2073 7837/2213/2074 7838/2214/2034
f 7561/1937/1809 7825/2201/2065 7826/2202/2066
f 7561/1937/1809 7826/2202/2066 7568/1944/1816
f 7839/2215/2075 7840/2216/2076 7841/2217/2077
f 7839/2215/2075 7841/2217/2077 7842/2218/2078
f 7843/2219/2079 7598/1974/1846 7603/1979/1851
f 7843/2219/2079 7603/1979/1851 7844/2220/2080
f 7845/2221/2081 7846/2222/2082 7847/2223/2083
f 7845/2221/2081 7847/2223/2083 7545/1921/1793
f 7840/2216/2076 7848/2224/2084 7849/2225/2085
f 7840/2216/2076 7849/2225/2085 7841/2217/2077
f 7850/2226/2086 7851/2227/2086 7852/2228/2011
f 7850/2226/2086 7852/2228/2011 7853/2229/2011
f 7854/2230/2087 7600/1976/1848 7855/2231/2088
f 7854/2230/2087 7855/2231/2088 7856/2232/2034
f 7585/1961/1833 7843/2219/2079 7844/2220/2080
f 7585/1961/1833 7844/2220/2080 7592/1968/1840
f 7857/2233/2089 7858/2234/2090 7859/2235/2091
f 7857/2233/2089 7859/2235/2091 7860/2236/2092
f 7861/2237/2093 7862/2238/2094 7863/2239/2095
f 7861/2237/2093 7863/2239/2095 7569/1945/1817
f 7864/2240/2096 7622/1998/1870 7627/2003/1875
f 7864/2240/2096 7627/2003/1875 7865/2241/2097
f 7866/2242/2098 7867/2243/2099 7868/2244/2100
f 7866/2242/2098 7868/2244/2100 7593/1969/1841
f 7858/2234/2090 7869/2245/2101 7870/2246/2102
f 7858/2234/2090 7870/2246/2102 7859/2235/2091
f 7871/2247/2103 7872/2248/2103 7873/2249/2011
f 7871/2247/2103 7873/2249/2011 7874/2250/2011
f 7875/2251/2104 7624/2000/1872 7876/2252/2105
f 7875/2251/2104 7876/2252/2105 7877/2253/2034
f 7609/1985/1857 7864/2240/2096 7865/2241/2097
f 7609/1985/1857 7865/2241/2097 7616/1992/1864
f 7878/2254/2106 7879/2255/2107 7880/2256/2108
f 7878/2254/2106 7880/2256/2108 7881/2257/2109
f 7882/2258/2110 7646/2022/1894 7651/2027/1899
f 7882/2258/2110 7651/2027/1899 7883/2259/2111
f 7879/2255/2107 7884/2260/2112 7885/2261/2113
f 7879/2255/2107 7885/2261/2113 7880/2256/2108
f 7886/2262/2114 7887/2263/2115 7888/2264/2011
f 7886/2262/2114 7888/2264/2011 7889/2265/2011
f 7890/2266/2116 7648/2024/1896 7891/2267/2117
f 7890/2266/2116 7891/2267/2117 7892/2268/2034
f 7633/2009/1881 7882/2258/2110 7883/2259/2111
f 7633/2009/1881 7883/2259/2111 7640/2016/1888
f 7893/2269/2118 7894/2270/2119 7895/2271/2120
f 7893/2269/2118 7895/2271/2120 7896/2272/2121
f 7897/2273/2122 7670/2046/1918 7675/2051/1923
f 7897/2273/2122 7675/2051/1923 7898/2274/2123
f 7899/2275/2124 7900/2276/2125 7901/2277/2126
f 7899/2275/2124 7901/2277/2126 7617/1993/1865
f 7894/2270/2119 7902/2278/2127 7903/2279/2128
f 7894/2270/2119 7903/2279/2128 7895/2271/2120
f 7904/2280/2129 7905/2281/2130 7906/2282/2011
f 7904/2280/2129 7906/2282/2011 7907/2283/2011
f 7908/2284/2131 7672/2048/1920 7909/2285/2132
f 7908/2284/2131 7909/2285/2132 7910/2286/2034
f 7657/2033/1905 7897/2273/2122 7898/2274/2123
f 7657/2033/1905 7898/2274/2123 7664/2040/1912
f 7911/2287/2133 7912/2288/2134 7913/2289/2135
f 7911/2287/2133 7913/2289/2135 7914/2290/2136
f 7915/2291/2137 7694/2070/1942 7699/2075/1947
f 7915/2291/2137 7699/2075/1947 7916/2292/2138
f 7912/2288/2134 7917/2293/2139 7918/2294/2140
f 7912/2288/2134 7918/2294/2140 7913/2289/2135
f 7919/2295/2141 7920/2296/2142 7921/2297/2011
f 7919/2295/2141 7921/2297/2011 7922/2298/2011
f 7923/2299/2143 7696/2072/1944 7924/2300/2144
f 7923/2299/2143 7924/2300/2144 7925/2301/2034
f 7681/2057/1929 7915/2291/2137 7916/2292/2138
f 7681/2057/1929 7916/2292/2138 7688/2064/1936
f 7926/2302/2145 7927/2303/2146 7928/2304/2147
f 7926/2302/2145 7928/2304/2147 7929/2305/2148
f 7930/2306/2149 7718/2094/1966 7723/2099/1971
f 7930/2306/2149 7723/2099/1971 7931/2307/2150
f 7932/2308/2151 7933/2309/2152 7934/2310/2153
f 7932/2308/2151 7934/2310/2153 7665/2041/1913
f 7927/2303/2146 7935/2311/2154 7936/2312/2155
f 7927/2303/2146 7936/2312/2155 7928/2304/2147
f 7937/2313/2156 7938/2314/2157 7939/2315/2011
f 7937/2313/2156 7939/2315/2011 7940/2316/2011
f 7941/2317/2158 7720/2096/1968 7942/2318/2159
f 7941/2317/2158 7942/2318/2159 7943/2319/2034
f 7705/2081/1953 7930/2306/2149 7931/2307/2150
f 7705/2081/1953 7931/2307/2150 7712/2088/1960
f 7944/2320/2160 7945/2321/2161 7946/2322/2162
f 7944/2320/2160 7946/2322/2162 7947/2323/2163
f 7948/2324/2164 7949/2325/2165 7950/2326/2166
f 7948/2324/2164 7950/2326/2166 7737/2113/1985
f 7951/2327/2167 7742/2118/1990 7747/2123/1995
f 7951/2327/2167 7747/2123/1995 7952/2328/2168
f 7953/2329/2169 7954/2330/2170 7955/2331/2171
f 7953/2329/2169 7955/2331/2171 7689/2065/1937
f 7945/2321/2161 7956/2332/2172 7957/2333/2173
f 7945/2321/2161 7957/2333/2173 7946/2322/2162
f 7958/2334/2174 7959/2335/2174 7960/2336/2011
f 7958/2334/2174 7960/2336/2011 7961/2337/2011
f 7962/2338/2175 7744/2120/1992 7963/2339/2176
f 7962/2338/2175 7963/2339/2176 7964/2340/2034
f 7729/2105/1977 7965/2341/2177 7966/2342/2178
f 7729/2105/1977 7966/2342/2178 7736/2112/1984
f 7967/2343/2179 7968/2344/2180 7969/2345/2181
f 7967/2343/2179 7969/2345/2181 7970/2346/2182
f 7971/2347/2183 7972/2348/2184 7973/2349/2185
f 7971/2347/2183 7973/2349/2185 7713/2089/1961
f 7974/2350/2186 7975/2351/2187 7976/2352/2188
f 7974/2350/2186 7976/2352/2188 7977/2353/2189
f 7978/2354/2190 7979/2355/2191 7980/2356/2011
f 7978/2354/2190 7980/2356/2011 7981/2357/2011
f 7790/2166/2035 7502/1878/1750 7507/1883/1755
f 7790/2166/2035 7507/1883/1755 7791/2167/2036
f 7982/2358/2192 7983/2359/2193 7984/2360/2194
f 7982/2358/2192 7984/2360/2194 7641/2017/1889
f 7985/2361/2195 7986/2362/2017 7987/2363/2017
f 7985/2361/2195 7987/2363/2017 7988/2364/2196
f 7809/2185/2034 7808/2184/2050 7517/1893/1765
f 7809/2185/2034 7517/1893/1765 7989/2365/2197
f 7828/2204/2068 7990/2366/2198 7509/1885/1757
f 7828/2204/2068 7509/1885/1757 7829/2205/2069
f 7799/2175/2044 7991/2367/2199 7485/1861/1733
f 7799/2175/2044 7485/1861/1733 7800/2176/2045
f 7992/2368/2200 7993/2369/2017 7994/2370/2017
f 7992/2368/2200 7994/2370/2017 7995/2371/2200
f 7789/2165/2034 7788/2164/2033 7493/1869/1741
f 7789/2165/2034 7493/1869/1741 7996/2372/2201
f 7997/2373/2202 7998/2374/2017 7999/2375/2017
f 7997/2373/2202 7999/2375/2017 8000/2376/2202
f 7820/2196/2034 7819/2195/2060 7541/1917/1789
f 7820/2196/2034 7541/1917/1789 8001/2377/2203
f 7846/2222/2082 8002/2378/2204 7533/1909/1781
f 7846/2222/2082 7533/1909/1781 7847/2223/2083
f 8003/2379/2205 8004/2380/2017 8005/2381/2017
f 8003/2379/2205 8005/2381/2017 8006/2382/2206
f 7838/2214/2034 7837/2213/2074 7565/1941/1813
f 7838/2214/2034 7565/1941/1813 8007/2383/2207
f 7862/2238/2094 8008/2384/2208 7557/1933/1805
f 7862/2238/2094 7557/1933/1805 7863/2239/2095
f 8009/2385/2209 8010/2386/2017 8011/2387/2017
f 8009/2385/2209 8011/2387/2017 8012/2388/2209
f 7856/2232/2034 7855/2231/2088 7589/1965/1837
f 7856/2232/2034 7589/1965/1837 8013/2389/2210
f 7867/2243/2099 8014/2390/2211 7581/1957/1829
f 7867/2243/2099 7581/1957/1829 7868/2244/2100
f 8015/2391/2212 8016/2392/2017 8017/2393/2017
f 8015/2391/2212 8017/2393/2017 8018/2394/2213
f 7877/2253/2034 7876/2252/2105 7613/1989/1861
f 7877/2253/2034 7613/1989/1861 8019/2395/2214
f 7900/2276/2125 8020/2396/2215 7605/1981/1853
f 7900/2276/2125 7605/1981/1853 7901/2277/2126
f 8021/2397/2216 8022/2398/2017 8023/2399/2017
f 8021/2397/2216 8023/2399/2017 8024/2400/2217
f 7892/2268/2034 7891/2267/2117 7637/2013/1885
f 7892/2268/2034 7637/2013/1885 8025/2401/2218
f 7983/2359/2193 8026/2402/2219 7629/2005/1877
f 7983/2359/2193 7629/2005/1877 7984/2360/2194
f 8027/2403/2220 8028/2404/2017 8029/2405/2017
f 8027/2403/2220 8029/2405/2017 8030/2406/2221
f 7910/2286/2034 7909/2285/2132 7661/2037/1909
f 7910/2286/2034 7661/2037/1909 8031/2407/2222
f 7933/2309/2152 8032/2408/2223 7653/2029/1901
f 7933/2309/2152 7653/2029/1901 7934/2310/2153
f 8033/2409/2224 8034/2410/2017 8035/2411/2017
f 8033/2409/2224 8035/2411/2017 8036/2412/2225
f 7925/2301/2034 7924/2300/2144 7685/2061/1933
f 7925/2301/2034 7685/2061/1933 8037/2413/2226
f 7954/2330/2170 8038/2414/2227 7677/2053/1925
f 7954/2330/2170 7677/2053/1925 7955/2331/2171
f 8039/2415/2228 8040/2416/2017 8041/2417/2017
f 8039/2415/2228 8041/2417/2017 8042/2418/2228
f 7943/2319/2034 7942/2318/2159 7709/2085/1957
f 7943/2319/2034 7709/2085/1957 8043/2419/2229
f 7972/2348/2184 8044/2420/2230 7701/2077/1949
f 7972/2348/2184 7701/2077/1949 7973/2349/2185
f 8045/2421/2231 8046/2422/2017 8047/2423/2017
f 8045/2421/2231 8047/2423/2017 8048/2424/2232
f 7964/2340/2034 7963/2339/2176 8049/2425/2233
f 7964/2340/2034 8049/2425/2233 8050/2426/2034
f 7949/2325/2165 8051/2427/2234 8052/2428/2235
f 7949/2325/2165 8052/2428/2235 7950/2326/2166
f 8051/2427/2234 8053/2429/2236 7725/2101/1973
f 8051/2427/2234 7725/2101/1973 8052/2428/2235
f 8050/2426/2034 8049/2425/2233 7733/2109/1981
f 8050/2426/2034 7733/2109/1981 8054/2430/2237
f 7965/2341/2177 7951/2327/2167 7952/2328/2168
f 7965/2341/2177 7952/2328/2168 7966/2342/2178
f 7968/2344/2180 7974/2350/2186 7977/2353/2189
f 7968/2344/2180 7977/2353/2189 7969/2345/2181
f 7485/1861/1733 7991/2367/2199 8055/2431/2030
f 7485/1861/1733 8055/2431/2030 7486/1862/1734
f 7792/2168/2037 7795/2171/2040 8056/2432/2238
f 7792/2168/2037 8056/2432/2238 8057/2433/2238
f 7492/1868/1740 8058/2434/2239 7996/2372/2201
f 7492/1868/1740 7996/2372/2201 7493/1869/1741
f 7489/1865/1737 7496/1872/1744 7495/1871/1743
f 7489/1865/1737 7495/1871/1743 7490/1866/1738
f 7499/1875/1747 8059/2435/2240 7798/2174/2043
f 7499/1875/1747 7798/2174/2043 7497/1873/1745
f 7992/2368/2200 7995/2371/2200 7802/2178/2047
f 7992/2368/2200 7802/2178/2047 7801/2177/2046
f 7504/1880/1752 7787/2163/2032 8060/2436/2241
f 7504/1880/1752 8060/2436/2241 7505/1881/1753
f 7790/2166/2035 7489/1865/1737 7991/2367/2199
f 7790/2166/2035 7991/2367/2199 7799/2175/2044
f 7788/2164/2033 7504/1880/1752 7801/2177/2046
f 7788/2164/2033 7801/2177/2046 7793/2169/2038
f 7800/2176/2045 7485/1861/1733 7795/2171/2040
f 7800/2176/2045 7795/2171/2040 7794/2170/2039
f 7501/1877/1749 7508/1884/1756 7507/1883/1755
f 7501/1877/1749 7507/1883/1755 7502/1878/1750
f 8061/2437/2242 7494/1870/1742 7496/1872/1744
f 8061/2437/2242 7496/1872/1744 7791/2167/2036
f 7509/1885/1757 7990/2366/2198 8062/2438/2030
f 7509/1885/1757 8062/2438/2030 7510/1886/1758
f 7810/2186/2051 7813/2189/2054 7804/2180/2048
f 7810/2186/2051 7804/2180/2048 7803/2179/2048
f 7516/1892/1764 8063/2439/2239 7989/2365/2197
f 7516/1892/1764 7989/2365/2197 7517/1893/1765
f 7513/1889/1761 7520/1896/1768 7519/1895/1767
f 7513/1889/1761 7519/1895/1767 7514/1890/1762
f 7523/1899/1771 8064/2440/2240 7827/2203/2067
f 7523/1899/1771 7827/2203/2067 7521/1897/1769
f 7985/2361/2195 7988/2364/2196 7817/2193/2058
f 7985/2361/2195 7817/2193/2058 7816/2192/2057
f 7528/1904/1776 7807/2183/2049 8065/2441/2241
f 7528/1904/1776 8065/2441/2241 7529/1905/1777
f 7796/2172/2041 7513/1889/1761 7990/2366/2198
f 7796/2172/2041 7990/2366/2198 7828/2204/2068
f 7808/2184/2050 7528/1904/1776 7816/2192/2057
f 7808/2184/2050 7816/2192/2057 7811/2187/2052
f 7829/2205/2069 7509/1885/1757 7813/2189/2054
f 7829/2205/2069 7813/2189/2054 7812/2188/2053
f 7525/1901/1773 7532/1908/1780 7531/1907/1779
f 7525/1901/1773 7531/1907/1779 7526/1902/1774
f 8066/2442/2243 7518/1894/1766 7520/1896/1768
f 8066/2442/2243 7520/1896/1768 7797/2173/2042
f 7533/1909/1781 8002/2378/2204 8067/2443/2030
f 7533/1909/1781 8067/2443/2030 7534/1910/1782
f 7821/2197/2061 7824/2200/2064 7833/2209/2072
f 7821/2197/2061 7833/2209/2072 7832/2208/2072
f 7540/1916/1788 8068/2444/2239 8001/2377/2203
f 7540/1916/1788 8001/2377/2203 7541/1917/1789
f 7537/1913/1785 7544/1920/1792 7543/1919/1791
f 7537/1913/1785 7543/1919/1791 7538/1914/1786
f 7547/1923/1795 8069/2445/2240 7845/2221/2081
f 7547/1923/1795 7845/2221/2081 7545/1921/1793
f 7997/2373/2202 8000/2376/2202 7831/2207/2071
f 7997/2373/2202 7831/2207/2071 7830/2206/2070
f 7552/1928/1800 7818/2194/2059 8070/2446/2241
f 7552/1928/1800 8070/2446/2241 7553/1929/1801
f 7814/2190/2055 7537/1913/1785 8002/2378/2204
f 7814/2190/2055 8002/2378/2204 7846/2222/2082
f 7819/2195/2060 7552/1928/1800 7830/2206/2070
f 7819/2195/2060 7830/2206/2070 7822/2198/2062
f 7847/2223/2083 7533/1909/1781 7824/2200/2064
f 7847/2223/2083 7824/2200/2064 7823/2199/2063
f 7549/1925/1797 7556/1932/1804 7555/1931/1803
f 7549/1925/1797 7555/1931/1803 7550/1926/1798
f 8071/2447/2244 7542/1918/1790 7544/1920/1792
f 8071/2447/2244 7544/1920/1792 7815/2191/2056
f 7557/1933/1805 8008/2384/2208 8072/2448/2030
f 7557/1933/1805 8072/2448/2030 7558/1934/1806
f 7839/2215/2075 7842/2218/2078 7851/2227/2086
f 7839/2215/2075 7851/2227/2086 7850/2226/2086
f 7564/1940/1812 8073/2449/2239 8007/2383/2207
f 7564/1940/1812 8007/2383/2207 7565/1941/1813
f 7561/1937/1809 7568/1944/1816 7567/1943/1815
f 7561/1937/1809 7567/1943/1815 7562/1938/1810
f 7571/1947/1819 8074/2450/2240 7861/2237/2093
f 7571/1947/1819 7861/2237/2093 7569/1945/1817
f 8003/2379/2205 8006/2382/2206 7849/2225/2085
f 8003/2379/2205 7849/2225/2085 7848/2224/2084
f 7576/1952/1824 7836/2212/2073 8075/2451/2241
f 7576/1952/1824 8075/2451/2241 7577/1953/1825
f 7825/2201/2065 7561/1937/1809 8008/2384/2208
f 7825/2201/2065 8008/2384/2208 7862/2238/2094
f 7837/2213/2074 7576/1952/1824 7848/2224/2084
f 7837/2213/2074 7848/2224/2084 7840/2216/2076
f 7863/2239/2095 7557/1933/1805 7842/2218/2078
f 7863/2239/2095 7842/2218/2078 7841/2217/2077
f 7573/1949/1821 7580/1956/1828 7579/1955/1827
f 7573/1949/1821 7579/1955/1827 7574/1950/1822
f 8076/2452/2245 7566/1942/1814 7568/1944/1816
f 8076/2452/2245 7568/1944/1816 7826/2202/2066
f 7581/1957/1829 8014/2390/2211 8077/2453/2030
f 7581/1957/1829 8077/2453/2030 7582/1958/1830
f 7857/2233/2089 7860/2236/2092 7872/2248/2103
f 7857/2233/2089 7872/2248/2103 7871/2247/2103
f 7588/1964/1836 8078/2454/2239 8013/2389/2210
f 7588/1964/1836 8013/2389/2210 7589/1965/1837
f 7585/1961/1833 7592/1968/1840 7591/1967/1839
f 7585/1961/1833 7591/1967/1839 7586/1962/1834
f 7595/1971/1843 8079/2455/2240 7866/2242/2098
f 7595/1971/1843 7866/2242/2098 7593/1969/1841
f 8009/2385/2209 8012/2388/2209 7870/2246/2102
f 8009/2385/2209 7870/2246/2102 7869/2245/2101
f 7600/1976/1848 7854/2230/2087 8080/2456/2241
f 7600/1976/1848 8080/2456/2241 7601/1977/1849
f 7843/2219/2079 7585/1961/1833 8014/2390/2211
f 7843/2219/2079 8014/2390/2211 7867/2243/2099
f 7855/2231/2088 7600/1976/1848 7869/2245/2101
f 7855/2231/2088 7869/2245/2101 7858/2234/2090
f 7868/2244/2100 7581/1957/1829 7860/2236/2092
f 7868/2244/2100 7860/2236/2092 7859/2235/2091
f 7597/1973/1845 7604/1980/1852 7603/1979/1851
f 7597/1973/1845 7603/1979/1851 7598/1974/1846
f 8081/2457/2246 7590/1966/1838 7592/1968/1840
f 8081/2457/2246 7592/1968/1840 7844/2220/2080
f 7605/1981/1853 8020/2396/2215 8082/2458/2030
f 7605/1981/1853 8082/2458/2030 7606/1982/1854
f 7878/2254/2106 7881/2257/2109 7887/2263/2115
f 7878/2254/2106 7887/2263/2115 7886/2262/2114
f 7612/1988/1860 8083/2459/2239 8019/2395/2214
f 7612/1988/1860 8019/2395/2214 7613/1989/1861
f 7609/1985/1857 7616/1992/1864 7615/1991/1863
f 7609/1985/1857 7615/1991/1863 7610/1986/1858
f 7619/1995/1867 8084/2460/2240 7899/2275/2124
f 7619/1995/1867 7899/2275/2124 7617/1993/1865
f 8015/2391/2212 8018/2394/2213 7885/2261/2113
f 8015/2391/2212 7885/2261/2113 7884/2260/2112
f 7624/2000/1872 7875/2251/2104 8085/2461/2241
f 7624/2000/1872 8085/2461/2241 7625/2001/1873
f 7864/2240/2096 7609/1985/1857 8020/2396/2215
f 7864/2240/2096 8020/2396/2215 7900/2276/2125
f 7876/2252/2105 7624/2000/1872 7884/2260/2112
f 7876/2252/2105 7884/2260/2112 7879/2255/2107
f 7901/2277/2126 7605/1981/1853 7881/2257/2109
f 7901/2277/2126 7881/2257/2109 7880/2256/2108
f 7621/1997/1869 7628/2004/1876 7627/2003/1875
f 7621/1997/1869 7627/2003/1875 7622/1998/1870
f 8086/2462/2247 7614/1990/1862 7616/1992/1864
f 8086/2462/2247 7616/1992/1864 7865/2241/2097
f 7629/2005/1877 8026/2402/2219 8087/2463/2030
f 7629/2005/1877 8087/2463/2030 7630/2006/1878
f 7893/2269/2118 7896/2272/2121 7905/2281/2130
f 7893/2269/2118 7905/2281/2130 7904/2280/2129
f 7636/2012/1884 8088/2464/2239 8025/2401/2218
f 7636/2012/1884 8025/2401/2218 7637/2013/1885
f 7633/2009/1881 7640/2016/1888 7639/2015/1887
f 7633/2009/1881 7639/2015/1887 7634/2010/1882
f 7643/2019/1891 8089/2465/2240 7982/2358/2192
f 7643/2019/1891 7982/2358/2192 7641/2017/1889
f 8021/2397/2216 8024/2400/2217 7903/2279/2128
f 8021/2397/2216 7903/2279/2128 7902/2278/2127
f 7648/2024/1896 7890/2266/2116 8090/2466/2241
f 7648/2024/1896 8090/2466/2241 7649/2025/1897
f 7882/2258/2110 7633/2009/1881 8026/2402/2219
f 7882/2258/2110 8026/2402/2219 7983/2359/2193
f 7891/2267/2117 7648/2024/1896 7902/2278/2127
f 7891/2267/2117 7902/2278/2127 7894/2270/2119
f 7984/2360/2194 7629/2005/1877 7896/2272/2121
f 7984/2360/2194 7896/2272/2121 7895/2271/2120
f 7645/2021/1893 7652/2028/1900 7651/2027/1899
f 7645/2021/1893 7651/2027/1899 7646/2022/1894
f 8091/2467/2248 7638/2014/1886 7640/2016/1888
f 8091/2467/2248 7640/2016/1888 7883/2259/2111
f 7653/2029/1901 8032/2408/2223 8092/2468/2030
f 7653/2029/1901 8092/2468/2030 7654/2030/1902
f 7911/2287/2133 7914/2290/2136 7920/2296/2142
f 7911/2287/2133 7920/2296/2142 7919/2295/2141
f 7660/2036/1908 8093/2469/2239 8031/2407/2222
f 7660/2036/1908 8031/2407/2222 7661/2037/1909
f 7657/2033/1905 7664/2040/1912 7663/2039/1911
f 7657/2033/1905 7663/2039/1911 7658/2034/1906
f 7667/2043/1915 8094/2470/2240 7932/2308/2151
f 7667/2043/1915 7932/2308/2151 7665/2041/1913
f 8027/2403/2220 8030/2406/2221 7918/2294/2140
f 8027/2403/2220 7918/2294/2140 7917/2293/2139
f 7672/2048/1920 7908/2284/2131 8095/2471/2241
f 7672/2048/1920 8095/2471/2241 7673/2049/1921
f 7897/2273/2122 7657/2033/1905 8032/2408/2223
f 7897/2273/2122 8032/2408/2223 7933/2309/2152
f 7909/2285/2132 7672/2048/1920 7917/2293/2139
f 7909/2285/2132 7917/2293/2139 7912/2288/2134
f 7934/2310/2153 7653/2029/1901 7914/2290/2136
f 7934/2310/2153 7914/2290/2136 7913/2289/2135
f 7669/2045/1917 7676/2052/1924 7675/2051/1923
f 7669/2045/1917 7675/2051/1923 7670/2046/1918
f 8096/2472/2249 7662/2038/1910 7664/2040/1912
f 8096/2472/2249 7664/2040/1912 7898/2274/2123
f 7677/2053/1925 8038/2414/2227 8097/2473/2030
f 7677/2053/1925 8097/2473/2030 7678/2054/1926
f 7926/2302/2145 7929/2305/2148 7938/2314/2157
f 7926/2302/2145 7938/2314/2157 7937/2313/2156
f 7684/2060/1932 8098/2474/2239 8037/2413/2226
f 7684/2060/1932 8037/2413/2226 7685/2061/1933
f 7681/2057/1929 7688/2064/1936 7687/2063/1935
f 7681/2057/1929 7687/2063/1935 7682/2058/1930
f 7691/2067/1939 8099/2475/2240 7953/2329/2169
f 7691/2067/1939 7953/2329/2169 7689/2065/1937
f 8033/2409/2224 8036/2412/2225 7936/2312/2155
f 8033/2409/2224 7936/2312/2155 7935/2311/2154
f 7696/2072/1944 7923/2299/2143 8100/2476/2241
f 7696/2072/1944 8100/2476/2241 7697/2073/1945
f 7915/2291/2137 7681/2057/1929 8038/2414/2227
f 7915/2291/2137 8038/2414/2227 7954/2330/2170
f 7924/2300/2144 7696/2072/1944 7935/2311/2154
f 7924/2300/2144 7935/2311/2154 7927/2303/2146
f 7955/2331/2171 7677/2053/1925 7929/2305/2148
f 7955/2331/2171 7929/2305/2148 7928/2304/2147
f 7693/2069/1941 7700/2076/1948 7699/2075/1947
f 7693/2069/1941 7699/2075/1947 7694/2070/1942
f 8101/2477/2250 7686/2062/1934 7688/2064/1936
f 8101/2477/2250 7688/2064/1936 7916/2292/2138
f 7701/2077/1949 8044/2420/2230 8102/2478/2030
f 7701/2077/1949 8102/2478/2030 7702/2078/1950
f 7944/2320/2160 7947/2323/2163 7959/2335/2174
f 7944/2320/2160 7959/2335/2174 7958/2334/2174
f 7708/2084/1956 8103/2479/2239 8043/2419/2229
f 7708/2084/1956 8043/2419/2229 7709/2085/1957
f 7705/2081/1953 7712/2088/1960 7711/2087/1959
f 7705/2081/1953 7711/2087/1959 7706/2082/1954
f 7715/2091/1963 8104/2480/2240 7971/2347/2183
f 7715/2091/1963 7971/2347/2183 7713/2089/1961
f 8039/2415/2228 8042/2418/2228 7957/2333/2173
f 8039/2415/2228 7957/2333/2173 7956/2332/2172
f 7720/2096/1968 7941/2317/2158 8105/2481/2241
f 7720/2096/1968 8105/2481/2241 7721/2097/1969
f 7930/2306/2149 7705/2081/1953 8044/2420/2230
f 7930/2306/2149 8044/2420/2230 7972/2348/2184
f 7942/2318/2159 7720/2096/1968 7956/2332/2172
f 7942/2318/2159 7956/2332/2172 7945/2321/2161
f 7973/2349/2185 7701/2077/1949 7947/2323/2163
f 7973/2349/2185 7947/2323/2163 7946/2322/2162
f 7717/2093/1965 7724/2100/1972 7723/2099/1971
f 7717/2093/1965 7723/2099/1971 7718/2094/1966
f 8106/2482/2251 7710/2086/1958 7712/2088/1960
f 8106/2482/2251 7712/2088/1960 7931/2307/2150
f 7725/2101/1973 8053/2429/2236 8107/2483/2030
f 7725/2101/1973 8107/2483/2030 7726/2102/1974
f 7967/2343/2179 7970/2346/2182 7979/2355/2191
f 7967/2343/2179 7979/2355/2191 7978/2354/2190
f 7732/2108/1980 8108/2484/2239 8054/2430/2237
f 7732/2108/1980 8054/2430/2237 7733/2109/1981
f 7729/2105/1977 7736/2112/1984 7735/2111/1983
f 7729/2105/1977 7735/2111/1983 7730/2106/1978
f 7739/2115/1987 8109/2485/2240 7948/2324/2164
f 7739/2115/1987 7948/2324/2164 7737/2113/1985
f 8045/2421/2231 8048/2424/2232 7976/2352/2188
f 8045/2421/2231 7976/2352/2188 7975/2351/2187
f 7744/2120/1992 7962/2338/2175 8110/2486/2241
f 7744/2120/1992 8110/2486/2241 7745/2121/1993
f 7965/2341/2177 7729/2105/1977 8053/2429/2236
f 7965/2341/2177 8053/2429/2236 8051/2427/2234
f 7963/2339/2176 7744/2120/1992 7975/2351/2187
f 7963/2339/2176 7975/2351/2187 7974/2350/2186
f 8052/2428/2235 7725/2101/1973 7970/2346/2182
f 8052/2428/2235 7970/2346/2182 7969/2345/2181
f 7741/2117/1989 7748/2124/1996 7747/2123/1995
f 7741/2117/1989 7747/2123/1995 7742/2118/1990
f 8111/2487/2252 7734/2110/1982 7736/2112/1984
f 8111/2487/2252 7736/2112/1984 7966/2342/2178
f 7526/1902/1774 7796/2172/2041 7828/2204/2068
f 7526/1902/1774 7828/2204/2068 7827/2203/2067
f 7517/1893/1765 7808/2184/2050 7811/2187/2052
f 7517/1893/1765 7811/2187/2052 7810/2186/2051
f 7521/1897/1769 7829/2205/2069 7812/2188/2053
f 7521/1897/1769 7812/2188/2053 7817/2193/2058
f 7530/1906/1778 8112/2488/2253 7797/2173/2042
f 7530/1906/1778 7797/2173/2042 7531/1907/1779
f 7502/1878/1750 7790/2166/2035 7799/2175/2044
f 7502/1878/1750 7799/2175/2044 7798/2174/2043
f 7493/1869/1741 7788/2164/2033 7793/2169/2038
f 7493/1869/1741 7793/2169/2038 7792/2168/2037
f 7497/1873/1745 7800/2176/2045 7794/2170/2039
f 7497/1873/1745 7794/2170/2039 7802/2178/2047
f 7506/1882/1754 8113/2489/2254 7791/2167/2036
f 7506/1882/1754 7791/2167/2036 7507/1883/1755
f 7550/1926/1798 7814/2190/2055 7846/2222/2082
f 7550/1926/1798 7846/2222/2082 7845/2221/2081
f 7541/1917/1789 7819/2195/2060 7822/2198/2062
f 7541/1917/1789 7822/2198/2062 7821/2197/2061
f 7545/1921/1793 7847/2223/2083 7823/2199/2063
f 7545/1921/1793 7823/2199/2063 7831/2207/2071
f 7554/1930/1802 8114/2490/2255 7815/2191/2056
f 7554/1930/1802 7815/2191/2056 7555/1931/1803
f 7574/1950/1822 7825/2201/2065 7862/2238/2094
f 7574/1950/1822 7862/2238/2094 7861/2237/2093
f 7565/1941/1813 7837/2213/2074 7840/2216/2076
f 7565/1941/1813 7840/2216/2076 7839/2215/2075
f 7569/1945/1817 7863/2239/2095 7841/2217/2077
f 7569/1945/1817 7841/2217/2077 7849/2225/2085
f 7578/1954/1826 8115/2491/2256 7826/2202/2066
f 7578/1954/1826 7826/2202/2066 7579/1955/1827
f 7598/1974/1846 7843/2219/2079 7867/2243/2099
f 7598/1974/1846 7867/2243/2099 7866/2242/2098
f 7589/1965/1837 7855/2231/2088 7858/2234/2090
f 7589/1965/1837 7858/2234/2090 7857/2233/2089
f 7593/1969/1841 7868/2244/2100 7859/2235/2091
f 7593/1969/1841 7859/2235/2091 7870/2246/2102
f 7602/1978/1850 8116/2492/2257 7844/2220/2080
f 7602/1978/1850 7844/2220/2080 7603/1979/1851
f 7622/1998/1870 7864/2240/2096 7900/2276/2125
f 7622/1998/1870 7900/2276/2125 7899/2275/2124
f 7613/1989/1861 7876/2252/2105 7879/2255/2107
f 7613/1989/1861 7879/2255/2107 7878/2254/2106
f 7617/1993/1865 7901/2277/2126 7880/2256/2108
f 7617/1993/1865 7880/2256/2108 7885/2261/2113
f 7626/2002/1874 8117/2493/2258 7865/2241/2097
f 7626/2002/1874 7865/2241/2097 7627/2003/1875
f 7646/2022/1894 7882/2258/2110 7983/2359/2193
f 7646/2022/1894 7983/2359/2193 7982/2358/2192
f 7637/2013/1885 7891/2267/2117 7894/2270/2119
f 7637/2013/1885 7894/2270/2119 7893/2269/2118
f 7641/2017/1889 7984/2360/2194 7895/2271/2120
f 7641/2017/1889 7895/2271/2120 7903/2279/2128
f 7650/2026/1898 8118/2494/2259 7883/2259/2111
f 7650/2026/1898 7883/2259/2111 7651/2027/1899
f 7670/2046/1918 7897/2273/2122 7933/2309/2152
f 7670/2046/1918 7933/2309/2152 7932/2308/2151
f 7661/2037/1909 7909/2285/2132 7912/2288/2134
f 7661/2037/1909 7912/2288/2134 7911/2287/2133
f 7665/2041/1913 7934/2310/2153 7913/2289/2135
f 7665/2041/1913 7913/2289/2135 7918/2294/2140
f 7674/2050/1922 8119/2495/2260 7898/2274/2123
f 7674/2050/1922 7898/2274/2123 7675/2051/1923
f 7694/2070/1942 7915/2291/2137 7954/2330/2170
f 7694/2070/1942 7954/2330/2170 7953/2329/2169
f 7685/2061/1933 7924/2300/2144 7927/2303/2146
f 7685/2061/1933 7927/2303/2146 7926/2302/2145
f 7689/2065/1937 7955/2331/2171 7928/2304/2147
f 7689/2065/1937 7928/2304/2147 7936/2312/2155
f 7698/2074/1946 8120/2496/2261 7916/2292/2138
f 7698/2074/1946 7916/2292/2138 7699/2075/1947
f 7718/2094/1966 7930/2306/2149 7972/2348/2184
f 7718/2094/1966 7972/2348/2184 7971/2347/2183
f 7709/2085/1957 7942/2318/2159 7945/2321/2161
f 7709/2085/1957 7945/2321/2161 7944/2320/2160
f 7713/2089/1961 7973/2349/2185 7946/2322/2162
f 7713/2089/1961 7946/2322/2162 7957/2333/2173
f 7722/2098/1970 8121/2497/2262 7931/2307/2150
f 7722/2098/1970 7931/2307/2150 7723/2099/1971
f 7742/2118/1990 7951/2327/2167 7949/2325/2165
f 7742/2118/1990 7949/2325/2165 7948/2324/2164
f 8049/2425/2233 7963/2339/2176 7974/2350/2186
f 8049/2425/2233 7974/2350/2186 7968/2344/2180
f 7737/2113/1985 7950/2326/2166 7977/2353/2189
f 7737/2113/1985 7977/2353/2189 7976/2352/2188
f 7746/2122/1994 8122/2498/2263 7952/2328/2168
f 7746/2122/1994 7952/2328/2168 7747/2123/1995
f 7951/2327/2167 7965/2341/2177 8051/2427/2234
f 7951/2327/2167 8051/2427/2234 7949/2325/2165
f 7950/2326/2166 8052/2428/2235 7969/2345/2181
f 7950/2326/2166 7969/2345/2181 7977/2353/2189
f 8123/2499/2264 8124/2500/2264 7966/2342/2178
f 8123/2499/2264 7966/2342/2178 7952/2328/2168
f 7733/2109/1981 8049/2425/2233 7968/2344/2180
f 7733/2109/1981 7968/2344/2180 7967/2343/2179
f 8057/2433/2238 8056/2432/2238 8125/2501/2011
f 8057/2433/2238 8125/2501/2011 8126/2502/2011
o LPHouse_MHouseWoodGrate_0
v 2.383488 0.920588 3.962256
v 2.383488 -0.005882 3.962256
v 2.383488 -0.005882 2.832848
v 2.383488 0.920588 2.832848
v 0.000000 0.920588 3.962256
v 0.000000 -0.005882 3.962256
v 2.383488 -0.005882 3.962256
v 2.383488 0.920588 3.962256
v -2.383488 0.920588 3.962256
v -2.383488 0.920588 2.832848
v -2.383488 -0.005882 2.832848
v -2.383488 -0.005882 3.962256
v -2.383488 0.920588 3.962256
v -2.383488 -0.005882 3.962256
vn 1.0000 -0.0000 -0.0000
vn -0.0000 -0.0000 1.0000
vn -1.0000 -0.0000 -0.0000
vt 2.135884 -2.568598
vt 3.134563 -1.569919
vt 4.351997 -2.787352
vt 3.353318 -3.786032
vt -0.433374 0.000659
vt 0.565305 0.999339
vt -3.002632 2.569917
vt -4.220067 3.787352
vt -3.221387 4.786032
vt -2.003953 3.568597
s 0
f 8127/2503/2265 8128/2504/2265 8129/2505/2265
f 8127/2503/2265 8129/2505/2265 8130/2506/2265
f 8131/2507/2266 8132/2508/2266 8133/2504/2266
f 8131/2507/2266 8133/2504/2266 8134/2503/2266
f 8135/2509/2267 8136/2510/2267 8137/2511/2267
f 8135/2509/2267 8137/2511/2267 8138/2512/2267
f 8131/2507/2266 8139/2509/2266 8140/2512/2266
f 8131/2507/2266 8140/2512/2266 8132/2508/2266
o LPHouseDecals_MHouseDecales_0
v 0.379853 4.472176 2.939149
v 2.928171 3.288913 2.939149
v 2.928171 3.280204 -3.635531
v 0.379854 4.463467 -3.635531
v 2.486589 0.397545 2.679942
v 2.486589 -0.009776 2.679942
v 2.486589 -0.009776 -3.376324
v 2.486589 0.397545 -3.376324
v 2.402446 0.397545 3.966046
v 2.402446 -0.009776 3.966046
v 2.402446 -0.009776 2.894492
v 2.402446 0.397545 2.894492
v 0.000000 0.397545 3.966046
v 0.000000 -0.009776 3.966046
v 2.402446 -0.009776 3.966046
v 2.402446 0.397545 3.966046
v 2.486589 1.536430 2.679942
v 2.486589 1.129109 2.679942
v 2.486589 1.129109 -3.376324
v 2.486589 1.536430 -3.376324
v 2.486589 0.946771 2.679942
v 2.486589 0.539450 2.679942
v 2.486589 0.539450 -3.376324
v 2.486589 0.946771 -3.376324
v -0.379853 4.472176 2.939149
v -0.379854 4.463467 -3.635531
v -2.928171 3.280204 -3.635531
v -2.928171 3.288913 2.939149
v -2.486589 0.397545 2.679942
v -2.486589 0.397545 -3.376324
v -2.486589 -0.009776 -3.376324
v -2.486589 -0.009776 2.679942
v -2.402446 0.397545 3.966046
v -2.402446 0.397545 2.894492
v -2.402446 -0.009776 2.894492
v -2.402446 -0.009776 3.966046
v -2.402446 0.397545 3.966046
v -2.402446 -0.009776 3.966046
v -2.486589 1.536430 2.679942
v -2.486589 1.536430 -3.376324
v -2.486589 1.129109 -3.376324
v -2.486589 1.129109 2.679942
v -2.486589 0.946771 2.679942
v -2.486589 0.946771 -3.376324
v -2.486589 0.539450 -3.376324
v -2.486589 0.539450 2.679942
v -1.341084 3.883790 2.986997
v 1.546933 3.857936 2.986997
v 1.546933 3.917062 2.840990
v -1.408076 3.943516 2.840990
v 1.546933 3.857936 2.986997
v -1.341084 3.883790 2.986997
v -1.952674 3.571807 3.670206
v 2.090907 3.558728 3.670205
v 0.361275 0.397545 3.742064
v 0.361275 -0.047254 3.742064
v 0.361275 -0.047254 5.629755
v 0.361275 0.397545 4.920969
v 1.347093 -0.047254 5.644592
v 1.347093 -0.047254 3.742064
v 1.347093 0.397545 3.742064
v 1.347093 0.397545 4.916632
v 2.504877 2.993308 -2.970167
v 2.504877 2.309935 -2.970167
v 2.504877 2.309935 -3.396015
v 2.504877 2.993308 -3.396015
v 2.504877 2.993308 0.226742
v 2.504877 2.309935 0.226742
v 2.504877 2.309935 -1.089509
v 2.504877 2.993308 -1.089509
v 2.504877 2.993308 1.303088
v 2.504877 2.309935 1.303088
v 2.504877 2.309935 0.947861
v 2.504877 2.993308 0.947861
v 2.504877 3.185330 0.226742
v 2.504877 3.185330 -1.089509
v 2.504877 2.993308 2.695572
v 2.504877 2.309935 2.695572
v 2.504877 2.309935 2.062775
v 2.504877 2.993308 2.062775
v 2.504877 3.185330 2.695572
v 2.504877 3.185330 2.062775
v 2.504877 3.185330 1.303088
v 2.504877 3.185330 0.947861
v 2.504877 3.185330 -2.970167
v 2.504877 3.185330 -3.396015
v 2.504877 2.993308 -1.849196
v 2.504877 3.185330 -1.849196
v 2.504877 2.993308 -2.229789
v 2.504877 3.185330 -2.229789
v 2.504877 2.309935 -1.849196
v 2.504877 2.309935 -2.229789
v -2.504877 2.993308 -3.046941
v -2.504877 2.993308 -3.396015
v -2.504877 2.309935 -3.396015
v -2.504877 2.309935 -3.046941
v -2.504877 2.993308 0.339091
v -2.504877 2.993308 -1.089509
v -2.504877 2.309935 -1.089509
v -2.504877 2.309935 0.339091
v -2.504877 3.185330 1.093504
v -2.504877 2.993308 1.093504
v -2.504877 2.993308 2.695572
v -2.504877 3.185330 2.695572
v -2.504877 3.185330 0.339091
v -2.504877 3.185330 -1.089509
v -2.504877 2.993308 0.339091
v -2.504877 2.309935 1.093504
v -2.504877 2.309935 2.695572
v -2.504877 3.185330 0.339091
v -2.504877 2.993308 0.339091
v -2.504877 3.185330 -2.970167
v -2.504877 3.185330 -3.396015
v -2.504877 2.993308 -3.046941
v -2.504877 3.185330 -1.849196
v -2.504877 2.993308 -1.830434
v -2.504877 3.185330 -2.229789
v -2.504877 2.993308 -2.312025
v -2.504877 2.993308 -1.830434
v -2.504877 2.993308 -2.312025
v -2.504877 2.309935 -2.312025
v -2.504877 2.309935 -1.830434
v -2.504877 2.993308 -3.046941
vn 0.4211 0.9070 -0.0012
vn 1.0000 -0.0000 -0.0000
vn -0.0000 -0.0000 1.0000
vn -0.4211 0.9070 -0.0012
vn -1.0000 -0.0000 -0.0000
vn 0.0083 0.9269 0.3753
vn 0.0035 0.9159 0.4013
vn 0.0081 0.9068 0.4214
vn 0.0069 0.9093 0.4162
vn 0.0030 0.9169 0.3992
vt -0.059482 -0.023188
vt -0.059482 0.376587
vt 1.063419 0.376587
vt 1.063419 -0.023188
vt -0.066965 0.867168
vt -0.066965 0.998031
vt 1.070902 0.998031
vt 1.070902 0.867168
vt 0.881927 0.867168
vt 0.881927 0.998031
vt -0.066965 0.596482
vt -0.066965 0.727345
vt 1.070902 0.727345
vt 1.070902 0.596482
vt 1.070902 0.722424
vt 1.070902 0.591561
vt -0.066965 0.591561
vt -0.066965 0.722424
vt -0.003214 0.054193
vt 1.029317 0.056595
vt 1.029259 0.000278
vt -0.027224 -0.002179
vt -0.221501 0.323002
vt 1.224124 0.323003
vt 0.287699 0.998031
vt 0.154531 0.867168
vt 0.713450 0.998031
vt 0.850221 0.867168
vt 0.071876 0.706951
vt 0.071876 0.653051
vt 0.001969 0.653051
vt 0.001969 0.706951
vt 0.596683 0.706951
vt 0.596683 0.653051
vt 0.380607 0.653051
vt 0.380607 0.706951
vt 0.773377 0.706951
vt 0.773377 0.653051
vt 0.715063 0.653051
vt 0.715063 0.706951
vt 0.596683 0.722096
vt 0.380607 0.722096
vt 1.001969 0.706951
vt 1.001969 0.653051
vt 0.898088 0.653051
vt 0.898088 0.706951
vt 1.001969 0.722096
vt 0.898088 0.722096
vt 0.773377 0.722096
vt 0.715063 0.722096
vt 0.071876 0.722096
vt 0.001969 0.722096
vt 0.255896 0.706951
vt 0.255896 0.722096
vt 0.193417 0.706951
vt 0.193417 0.722096
vt 0.255896 0.653051
vt 0.193417 0.653051
vt 0.059273 0.706951
vt 0.059273 0.653051
vt 0.615127 0.706951
vt 0.615127 0.653051
vt 0.738972 0.722096
vt 0.738972 0.706951
vt 0.615127 0.722096
vt 0.615127 0.706951
vt 0.738972 0.653051
vt 0.615127 0.722096
vt 0.059273 0.706951
vt 0.258976 0.706951
vt 0.179917 0.706951
vt 0.258976 0.706951
vt 0.179917 0.706951
vt 0.179917 0.653051
vt 0.258976 0.653051
vt 0.059273 0.706951
s 0
f 8141/2513/2268 8142/2514/2268 8143/2515/2268
f 8141/2513/2268 8143/2515/2268 8144/2516/2268
f 8145/2517/2269 8146/2518/2269 8147/2519/2269
f 8145/2517/2269 8147/2519/2269 8148/2520/2269
f 8149/2521/2269 8150/2522/2269 8151/2519/2269
f 8149/2521/2269 8151/2519/2269 8152/2520/2269
f 8153/2517/2270 8154/2518/2270 8155/2522/2270
f 8153/2517/2270 8155/2522/2270 8156/2521/2270
f 8157/2523/2269 8158/2524/2269 8159/2525/2269
f 8157/2523/2269 8159/2525/2269 8160/2526/2269
f 8161/2527/2269 8162/2528/2269 8163/2529/2269
f 8161/2527/2269 8163/2529/2269 8164/2530/2269
f 8165/2513/2271 8166/2516/2271 8167/2515/2271
f 8165/2513/2271 8167/2515/2271 8168/2514/2271
f 8169/2517/2272 8170/2520/2272 8171/2519/2272
f 8169/2517/2272 8171/2519/2272 8172/2518/2272
f 8173/2521/2272 8174/2520/2272 8175/2519/2272
f 8173/2521/2272 8175/2519/2272 8176/2522/2272
f 8153/2517/2270 8177/2521/2270 8178/2522/2270
f 8153/2517/2270 8178/2522/2270 8154/2518/2270
f 8179/2523/2272 8180/2526/2272 8181/2525/2272
f 8179/2523/2272 8181/2525/2272 8182/2524/2272
f 8183/2527/2272 8184/2530/2272 8185/2529/2272
f 8183/2527/2272 8185/2529/2272 8186/2528/2272
f 8187/2531/2273 8188/2532/2273 8189/2533/2273
f 8187/2531/2273 8189/2533/2273 8190/2534/2273
s 1
f 8191/2532/2274 8192/2531/2275 8193/2535/2276
f 8191/2532/2274 8193/2535/2276 8194/2536/2277
s 0
f 8195/2517/2272 8196/2518/2272 8197/2537/2272
f 8195/2517/2272 8197/2537/2272 8198/2538/2272
f 8199/2539/2269 8200/2519/2269 8201/2520/2269
f 8199/2539/2269 8201/2520/2269 8202/2540/2269
f 8203/2541/2269 8204/2542/2269 8205/2543/2269
f 8203/2541/2269 8205/2543/2269 8206/2544/2269
f 8207/2545/2269 8208/2546/2269 8209/2547/2269
f 8207/2545/2269 8209/2547/2269 8210/2548/2269
f 8211/2549/2269 8212/2550/2269 8213/2551/2269
f 8211/2549/2269 8213/2551/2269 8214/2552/2269
f 8215/2553/2269 8207/2545/2269 8210/2548/2269
f 8215/2553/2269 8210/2548/2269 8216/2554/2269
f 8217/2555/2269 8218/2556/2269 8219/2557/2269
f 8217/2555/2269 8219/2557/2269 8220/2558/2269
f 8221/2559/2269 8217/2555/2269 8220/2558/2269
f 8221/2559/2269 8220/2558/2269 8222/2560/2269
f 8222/2560/2269 8220/2558/2269 8211/2549/2269
f 8222/2560/2269 8211/2549/2269 8223/2561/2269
f 8223/2561/2269 8211/2549/2269 8214/2552/2269
f 8223/2561/2269 8214/2552/2269 8224/2562/2269
f 8224/2562/2269 8214/2552/2269 8207/2545/2269
f 8224/2562/2269 8207/2545/2269 8215/2553/2269
f 8225/2563/2269 8203/2541/2269 8206/2544/2269
f 8225/2563/2269 8206/2544/2269 8226/2564/2269
f 8216/2554/2269 8210/2548/2269 8227/2565/2269
f 8216/2554/2269 8227/2565/2269 8228/2566/2269
f 8228/2566/2269 8227/2565/2269 8229/2567/2269
f 8228/2566/2269 8229/2567/2269 8230/2568/2269
f 8227/2565/2269 8231/2569/2269 8232/2570/2269
f 8227/2565/2269 8232/2570/2269 8229/2567/2269
f 8230/2568/2269 8229/2567/2269 8203/2541/2269
f 8230/2568/2269 8203/2541/2269 8225/2563/2269
f 8233/2571/2272 8234/2544/2272 8235/2543/2272
f 8233/2571/2272 8235/2543/2272 8236/2572/2272
f 8237/2573/2272 8238/2548/2272 8239/2547/2272
f 8237/2573/2272 8239/2547/2272 8240/2574/2272
f 8241/2575/2272 8242/2576/2272 8243/2555/2272
f 8241/2575/2272 8243/2555/2272 8244/2559/2272
f 8245/2577/2272 8246/2554/2272 8238/2548/2272
f 8245/2577/2272 8238/2548/2272 8247/2578/2272
f 8248/2579/2272 8249/2556/2272 8243/2555/2272
f 8248/2579/2272 8243/2555/2272 8242/2576/2272
f 8241/2575/2272 8250/2580/2272 8251/2573/2272
f 8241/2575/2272 8251/2573/2272 8242/2576/2272
f 8252/2563/2272 8253/2564/2272 8234/2544/2272
f 8252/2563/2272 8234/2544/2272 8254/2581/2272
f 8246/2554/2272 8255/2566/2272 8256/2582/2272
f 8246/2554/2272 8256/2582/2272 8238/2548/2272
f 8255/2566/2272 8257/2568/2272 8258/2583/2272
f 8255/2566/2272 8258/2583/2272 8256/2582/2272
f 8259/2584/2272 8260/2585/2272 8261/2586/2272
f 8259/2584/2272 8261/2586/2272 8262/2587/2272
f 8257/2568/2272 8252/2563/2272 8263/2588/2272
f 8257/2568/2272 8263/2588/2272 8260/2585/2272
