# Blender 4.4.0
# www.blender.org
o potted_plant_04
v -0.724880 1.401880 0.331930
v -0.642380 1.401330 0.486770
v 0.325520 1.401930 0.713070
v 0.710630 1.402120 -0.342600
v 0.638790 1.402020 -0.480660
v -0.344650 1.401940 -0.722680
v -0.482750 1.402020 -0.650880
v 0.544110 1.357130 0.306820
v 0.414010 1.428060 -0.019180
v -0.555520 1.431740 -0.346430
v -0.692730 1.402110 0.401520
v -0.086850 1.401500 0.772810
v 0.446330 1.396110 0.654300
v 0.530760 1.401490 0.594480
v 0.766870 1.374300 -0.134490
v 0.678180 1.402020 -0.412760
v 0.594110 1.401970 -0.541820
v -0.080450 1.400110 -0.783920
v -0.148750 1.401220 -0.776060
v -0.253070 1.402280 -0.754220
v -0.414800 1.402020 -0.690260
v -0.552220 1.402020 -0.599550
v -0.390270 1.433410 0.534080
v 0.373360 1.384650 0.530280
v -0.522760 1.422500 0.466230
v -0.008110 1.444220 0.488640
v -0.024420 1.455140 0.402340
v 0.178330 1.425600 0.481520
v 0.538010 1.366390 0.345640
v 0.059430 1.481500 0.335560
v -0.595310 1.432150 0.248940
v -0.200620 1.439550 0.279440
v -0.247550 1.426970 0.251290
v -0.012760 1.485950 0.283430
v 0.143080 1.475090 0.311920
v 0.391110 1.397890 0.338020
v 0.388940 1.365070 0.242270
v -0.136790 1.427590 0.223430
v -0.013940 1.491880 0.180800
v 0.280100 1.446450 0.207490
v 0.433630 1.360360 0.207120
v -0.200960 1.426640 0.039780
v -0.051870 1.450590 0.103500
v 0.344970 1.470920 0.171250
v 0.408070 1.429430 0.004860
v -0.156020 1.423630 -0.006770
v 0.275420 1.479580 -0.016690
v 0.380110 1.441590 -0.016680
v 0.178350 1.440480 -0.241540
v -0.355560 1.422460 -0.508380
v 0.521120 1.421250 -0.428430
v -0.432560 1.416700 -0.543040
v -0.306700 1.422200 -0.562120
v 0.375450 1.429000 -0.543710
v -0.346670 1.403130 0.681900
v -0.340960 1.421950 0.587700
v -0.199360 1.418790 0.664950
v 0.005570 1.414480 0.678400
v 0.619070 1.346540 0.220640
v 0.707940 1.365380 0.012650
v 0.625160 1.349640 -0.023550
v 0.580330 1.402980 -0.501460
v 0.533220 1.418610 -0.479950
v 0.175130 1.430650 -0.708790
v 0.161910 1.403780 -0.629370
v -0.167580 1.416270 -0.665840
v -0.623240 1.421530 -0.236480
v -0.642040 1.436820 0.025590
v -0.634530 1.436950 0.142720
v -0.631280 1.431510 0.163410
v 0.424650 1.393240 0.479380
v -0.466500 1.434460 0.378040
v -0.244510 1.432640 0.331590
v 0.422380 1.386690 0.311740
v -0.501770 1.424790 -0.396020
v -0.427560 1.426050 -0.451440
v 0.467750 1.413310 -0.479960
v -0.375820 1.420340 0.609810
v -0.156180 1.420290 0.648730
v 0.247230 1.396790 0.605700
v 0.719550 1.393810 0.135340
v 0.619990 1.363810 0.053100
v 0.712770 1.384610 -0.064000
v 0.640350 1.371300 -0.188950
v 0.596370 1.383500 -0.295150
v 0.340000 1.403950 -0.686340
v -0.092730 1.422620 -0.613220
v -0.259580 1.430810 -0.657440
v -0.656610 1.406350 -0.411940
v -0.638150 1.438580 0.100520
v -0.646070 1.404480 0.293360
v -0.717120 1.406060 0.241700
v -0.665670 1.426980 0.232830
v -0.608370 1.402020 -0.541820
v -0.653050 1.402010 -0.480670
v -0.692430 1.401990 -0.412780
v -0.723670 1.401640 -0.345530
v -0.756420 1.401640 -0.251090
v -0.785910 1.406780 -0.110010
v -0.788760 1.401120 0.024850
v -0.780060 1.401970 0.123900
v -0.482750 1.402020 0.640200
v -0.290710 1.401320 0.732140
v -0.182240 1.404030 0.760320
v 0.002860 1.402010 0.775970
v 0.588110 1.401810 0.538600
v 0.654740 1.389980 0.446360
v 0.756000 1.400170 0.181290
v 0.775040 1.396710 -0.003040
v 0.771840 1.394340 -0.076180
v 0.754210 1.376580 -0.207100
v 0.739930 1.399210 -0.258320
v 0.537960 1.402020 -0.599550
v 0.452020 1.400910 -0.661690
v 0.365810 1.402230 -0.707300
v 0.287700 1.399430 -0.738670
v 0.226950 1.401000 -0.756730
v 0.121930 1.402510 -0.778390
v 0.023680 1.400080 -0.786340
v -0.490950 1.419350 0.534320
v -0.409720 1.424210 0.527460
v 0.394030 1.383040 0.526240
v -0.216120 1.433360 0.412140
v -0.008410 1.434890 0.516040
v 0.180550 1.435640 0.456030
v -0.498460 1.444870 0.407110
v -0.143760 1.492890 0.372270
v 0.094840 1.480560 0.410420
v 0.205610 1.442750 0.429160
v 0.378670 1.388510 0.380170
v 0.006370 1.465980 0.346630
v 0.180720 1.497570 0.228330
v -0.202030 1.423770 0.015710
v 0.221450 1.479280 0.124480
v 0.438270 1.431610 0.082220
v -0.179550 1.422250 -0.007350
v -0.178240 1.421630 0.017200
v -0.017490 1.443010 0.053480
v 0.167770 1.485430 0.013470
v 0.233970 1.492530 -0.001490
v -0.004800 1.415590 -0.106480
v -0.003860 1.412600 -0.154720
v 0.177940 1.512450 -0.070770
v 0.146600 1.463220 -0.169590
v 0.194920 1.498860 -0.172730
v 0.351310 1.434900 -0.209000
v 0.175310 1.458350 -0.214320
v -0.550780 1.435580 -0.367120
v -0.352030 1.422110 -0.530920
v 0.536840 1.424260 -0.366450
v -0.327600 1.423080 -0.557900
v 0.354850 1.429200 -0.548690
v -0.397740 1.401530 0.688600
v -0.344790 1.429040 0.565420
v 0.181100 1.416350 0.665830
v 0.711080 1.394850 0.330280
v 0.672320 1.357490 0.047670
v 0.639570 1.402910 -0.330070
v 0.456510 1.403170 -0.564400
v 0.306240 1.419470 -0.604190
v 0.350840 1.428900 -0.571010
v 0.160200 1.416550 -0.653410
v -0.196930 1.423740 -0.603840
v -0.498720 1.402460 -0.549080
v -0.615740 1.446570 -0.365550
v -0.578060 1.436320 -0.342770
v -0.716830 1.405250 -0.193480
v -0.671950 1.424110 -0.181780
v -0.608130 1.436650 0.165200
v -0.578570 1.440610 0.345740
v -0.420450 1.429580 0.492600
v -0.077050 1.420880 0.488950
v -0.078980 1.432040 0.462000
v -0.129490 1.448060 0.438180
v -0.174720 1.440210 0.439790
v 0.077830 1.438830 0.512890
v 0.151430 1.422760 0.507790
v 0.153310 1.432700 0.482080
v 0.031940 1.470330 0.462490
v 0.317310 1.386800 0.416190
v 0.401500 1.391020 0.483520
v 0.452910 1.400080 0.452770
v 0.428920 1.399180 0.457210
v 0.462310 1.396950 0.406730
v 0.507830 1.382190 0.397210
v 0.518170 1.371080 0.350600
v -0.534380 1.439550 0.281070
v -0.538050 1.443360 0.257710
v -0.221570 1.441720 0.333350
v -0.094400 1.496860 0.324720
v -0.154700 1.485500 0.317020
v -0.038830 1.480930 0.251290
v 0.032450 1.507150 0.254400
v 0.318830 1.385460 0.392000
v 0.342270 1.399250 0.318030
v 0.327810 1.428780 0.241850
v 0.254000 1.424440 0.303130
v 0.415910 1.397230 0.332510
v 0.424780 1.353090 0.257210
v -0.251900 1.436080 0.088460
v -0.226080 1.428220 0.037730
v -0.225190 1.427540 0.089170
v -0.051980 1.438560 -0.028580
v -0.159560 1.421050 0.170190
v 0.075910 1.521680 0.122810
v 0.047810 1.504730 0.094010
v 0.126900 1.488100 0.046320
v 0.335740 1.490750 0.089210
v 0.268360 1.499250 0.067150
v 0.474770 1.410960 0.079580
v 0.444810 1.403000 0.137510
v 0.439940 1.420320 0.004800
v -0.130780 1.419620 -0.079340
v -0.105270 1.422890 -0.078920
v -0.104580 1.419840 -0.131040
v -0.079180 1.419100 -0.130590
v -0.078370 1.418540 -0.156960
v -0.156550 1.421990 -0.031230
v 0.038180 1.424130 0.000190
v 0.086470 1.411470 -0.105940
v 0.105500 1.425620 -0.127740
v 0.083870 1.414340 -0.128600
v 0.105100 1.424760 -0.149210
v 0.147500 1.472490 -0.025100
v 0.126230 1.444420 -0.148510
v 0.126370 1.440990 -0.169830
v 0.340240 1.437650 -0.136840
v 0.240450 1.531720 -0.085780
v 0.261960 1.513340 -0.131210
v 0.373820 1.429190 -0.100420
v 0.307500 1.429800 -0.234750
v 0.259000 1.428520 -0.263870
v 0.261660 1.439170 -0.239870
v 0.311440 1.436420 -0.214110
v 0.205610 1.441980 -0.240080
v -0.496920 1.427400 -0.417080
v -0.423420 1.421920 -0.473100
v -0.380530 1.423890 -0.481940
v -0.376820 1.421290 -0.504150
v -0.470570 1.429500 -0.443080
v -0.523800 1.429930 -0.391920
v 0.499490 1.423810 -0.433340
v 0.488560 1.415180 -0.474590
v 0.462160 1.407680 -0.501250
v 0.379660 1.429570 -0.521730
v -0.512630 1.402630 0.566150
v -0.589660 1.402020 0.552190
v -0.543950 1.401940 0.595530
v -0.385430 1.427680 0.555050
v -0.297150 1.422020 0.620250
v -0.320720 1.422670 0.592660
v -0.293850 1.419280 0.643250
v -0.050640 1.410950 0.676680
v -0.051290 1.417120 0.651860
v -0.154830 1.424800 0.672550
v 0.112930 1.410380 0.672850
v 0.082430 1.401540 0.771770
v 0.163170 1.403460 0.760830
v 0.182810 1.410380 0.642460
v 0.251590 1.399610 0.739570
v 0.244050 1.400050 0.629220
v 0.444370 1.376830 0.562640
v 0.365500 1.377620 0.573360
v 0.610010 1.365080 0.365420
v 0.541150 1.396940 0.510490
v 0.736420 1.399440 0.258370
v 0.580770 1.342940 0.210120
v 0.560830 1.354550 0.303980
v 0.610720 1.377630 0.106530
v 0.768870 1.403640 0.094800
v 0.580390 1.375770 0.134000
v 0.626830 1.346800 -0.090860
v 0.651830 1.346160 -0.091150
v 0.649230 1.340120 -0.125210
v 0.601870 1.371340 -0.265720
v 0.669830 1.397270 -0.254770
v 0.619090 1.379690 -0.190540
v 0.574010 1.387560 -0.297960
v 0.583300 1.405640 -0.384400
v 0.559410 1.417930 -0.361960
v 0.378280 1.429210 -0.616380
v 0.416710 1.404460 -0.640140
v 0.237310 1.410950 -0.618140
v 0.064870 1.412170 -0.662830
v 0.048740 1.412030 -0.691340
v -0.090920 1.416750 -0.662090
v -0.021920 1.397000 -0.664510
v -0.024730 1.389560 -0.732790
v -0.303550 1.423600 -0.585180
v -0.253140 1.403810 -0.727390
v -0.346890 1.403010 -0.654240
v -0.539320 1.423770 -0.466790
v -0.648190 1.421250 -0.274820
v -0.598930 1.420210 -0.239300
v -0.676530 1.436570 -0.016350
v -0.718230 1.443460 -0.107670
v -0.640500 1.442460 -0.081420
v -0.751170 1.405180 -0.031430
v -0.680950 1.436400 0.073410
v -0.610200 1.439360 0.144080
v -0.746380 1.404650 0.087200
v -0.759120 1.401450 0.231320
v -0.597080 1.402680 0.474680
v -0.648390 1.409080 0.391800
v -0.600450 1.429500 0.414720
v -0.127680 1.432110 0.462490
v -0.176070 1.453580 0.414770
v 0.205410 1.432830 0.455000
v -0.481980 1.438660 0.289420
v -0.131330 1.424490 -0.030580
v 0.327130 1.446940 -0.054590
v 0.150750 1.445310 -0.215470
v 0.206520 1.430710 -0.268830
v -0.475310 1.425480 -0.421400
v -0.528510 1.429700 -0.371030
v -0.330940 1.422440 -0.535160
v -0.317200 1.421010 0.615350
v 0.584000 1.379400 0.107120
v 0.309930 1.422500 -0.580630
v -0.613820 1.438160 0.101550
v -0.322060 1.409280 -0.636840
v -0.398440 1.427110 0.620400
v -0.456480 1.491820 0.026360
v -0.447880 1.469140 -0.283300
v -0.466400 1.435670 -0.208410
v -0.472320 1.442590 -0.042270
v -0.450050 1.471050 0.159430
v -0.500760 1.432800 -0.262450
v -0.430000 1.433710 -0.120880
v -0.459900 1.438050 -0.081240
v -0.013000 1.388080 -0.719290
v -0.096220 1.420670 -0.711730
v 0.105100 1.411910 0.651230
v 0.070590 1.433870 0.539920
v 0.051780 1.404210 0.715980
v 0.094210 1.437590 0.615340
v 0.032500 1.470430 0.521670
v 0.070280 1.471520 0.465940
v 0.062550 1.453470 0.669240
v 0.178230 1.447630 0.487910
v 0.148220 1.488270 0.433150
v 0.106920 1.469940 0.423150
v 0.178500 1.478380 0.417620
v 0.185890 1.437960 0.548930
v 0.253610 1.410240 0.648300
v 0.200640 1.474850 0.549600
v 0.283690 1.471660 0.489290
v 0.284790 1.411460 0.639850
v 0.215190 1.402890 0.531990
v 0.198640 1.463690 0.443420
v 0.264530 1.436960 0.525680
v 0.241480 1.403870 0.565710
v 0.274210 1.430310 0.596310
v 0.306840 1.457710 0.493970
v 0.186650 1.469610 0.389570
v 0.247160 1.431220 0.383160
v 0.298730 1.438230 0.339450
v 0.286160 1.433410 0.452730
v 0.294830 1.420250 0.315830
v 0.280330 1.413230 0.378490
v 0.333600 1.382500 0.641910
v 0.352330 1.388750 0.624280
v 0.352330 1.388750 0.624280
v 0.343470 1.394670 0.344680
v 0.311660 1.400600 0.585010
v 0.339050 1.389020 0.633020
v 0.316850 1.411530 0.463960
v 0.290940 1.384330 0.499040
v 0.413640 1.390970 0.609570
v 0.282430 1.404190 0.680600
v 0.337630 1.421260 0.527070
v 0.360250 1.432920 0.647840
v 0.283040 1.382480 0.576840
v 0.416110 1.389420 0.591100
v 0.364180 1.412140 0.474900
v 0.317100 1.378350 0.464860
v 0.387940 1.427440 0.450290
v 0.311350 1.451410 0.302180
v 0.330570 1.446060 0.282830
v 0.318800 1.444490 0.260800
v 0.301940 1.429890 0.309700
v 0.241140 1.387490 0.687470
v 0.418190 1.393940 0.533420
v 0.359260 1.419930 0.247380
v 0.370900 1.372640 0.266550
v 0.410200 1.383970 0.551870
v 0.400950 1.409460 0.488140
v 0.413810 1.447640 0.473200
v 0.504720 1.402610 0.496740
v 0.454720 1.380950 0.517290
v 0.335570 1.482490 0.188140
v 0.306610 1.453000 0.249730
v 0.321650 1.480870 0.200840
v 0.417040 1.436570 0.385950
v 0.418400 1.362050 0.220770
v 0.444740 1.417880 0.519240
v 0.427780 1.418870 0.207250
v 0.511970 1.399490 0.234980
v 0.474080 1.417510 0.444480
v 0.442480 1.408470 0.361230
v 0.513480 1.397670 0.489900
v 0.502500 1.426130 0.498660
v 0.440440 1.431530 0.318330
v 0.348370 1.499770 0.171630
v 0.471910 1.449240 0.415420
v 0.404300 1.432370 0.171780
v 0.487290 1.427280 0.307110
v 0.473690 1.385130 0.361610
v 0.496000 1.381680 0.285360
v 0.498090 1.449740 0.173350
v 0.450530 1.404420 0.251410
v 0.419950 1.436260 0.104630
v 0.513810 1.413350 0.172540
v 0.524590 1.381740 0.317260
v 0.526300 1.453570 0.038180
v 0.544560 1.448700 0.183390
v 0.500040 1.414790 0.257830
v 0.711800 1.359620 0.091660
v 0.106810 1.424300 -0.312450
v 0.070530 1.424350 -0.462810
v 0.087590 1.461500 -0.448050
v 0.018330 1.473990 -0.554470
v 0.142580 1.452990 -0.415070
v 0.140270 1.492320 -0.387740
v 0.176450 1.472720 -0.344410
v 0.162920 1.433760 -0.350760
v 0.131890 1.463110 -0.473990
v 0.115910 1.411890 -0.555410
v 0.108480 1.456140 -0.504350
v 0.068940 1.409900 -0.585740
v 0.140360 1.433150 -0.439250
v 0.052580 1.455030 -0.738760
v 0.183830 1.422770 -0.410830
v 0.031130 1.500340 -0.712820
v 0.085040 1.417850 -0.641820
v 0.150260 1.378270 -0.563830
v 0.176080 1.431050 -0.622810
v 0.238620 1.429920 -0.252640
v 0.186440 1.436130 -0.518760
v 0.198530 1.413440 -0.604700
v 0.250320 1.444860 -0.521160
v 0.083060 1.431260 -0.731310
v 0.192220 1.434470 -0.461400
v 0.245320 1.415930 -0.373020
v 0.217400 1.399140 -0.471780
v 0.229570 1.469260 -0.396420
v 0.202860 1.435000 -0.706790
v 0.231440 1.397540 -0.511550
v 0.032160 1.419930 -0.199310
v 0.232630 1.472710 -0.321850
v 0.246160 1.457640 -0.292770
v 0.152800 1.486690 -0.745340
v 0.125360 1.447010 -0.737900
v 0.098640 1.417510 -0.724830
v 0.098820 1.432030 -0.721050
v 0.218470 1.395490 -0.677370
v 0.163070 1.491080 -0.746150
v 0.184560 1.479040 -0.728750
v 0.135550 1.442900 -0.755010
v 0.292890 1.438830 -0.388080
v 0.258290 1.497960 -0.315640
v 0.270270 1.441250 -0.449920
v 0.243530 1.386960 -0.683390
v 0.218770 1.469330 -0.649190
v 0.213870 1.413670 -0.698780
v 0.220900 1.416930 -0.689870
v 0.208250 1.485260 -0.717180
v 0.346610 1.479350 -0.329240
v 0.324440 1.447400 -0.467630
v 0.317610 1.483740 -0.352980
v 0.288430 1.400440 -0.674780
v 0.225260 1.436530 -0.565960
v 0.334360 1.438080 -0.379630
v 0.301610 1.443410 -0.268900
v 0.233000 1.463730 -0.433000
v 0.295020 1.402020 -0.656420
v 0.291450 1.438070 -0.603530
v 0.281250 1.466340 -0.485650
v 0.316830 1.480950 -0.295930
v 0.306970 1.456340 -0.515920
v 0.365440 1.444050 -0.397150
v 0.315310 1.405250 -0.639300
v 0.317360 1.463430 -0.650400
v 0.385610 1.446280 -0.426190
v 0.350280 1.500550 -0.440400
v 0.323090 1.397180 -0.629580
v 0.486480 1.446120 -0.410650
v 0.387300 1.522890 -0.313560
v 0.390810 1.505350 -0.489440
v 0.355600 1.436880 -0.660350
v 0.452270 1.444190 -0.321750
v 0.338470 1.456560 -0.241770
v 0.486330 1.475740 -0.326660
v 0.545140 1.412500 -0.208890
v 0.442740 1.484080 -0.418720
v 0.359120 1.455160 -0.660570
v 0.347780 1.470050 -0.656860
v 0.385790 1.478840 -0.546860
v 0.490680 1.456090 -0.461120
v 0.480710 1.372730 -0.539980
v 0.448060 1.462000 -0.375250
v 0.450010 1.365890 -0.558180
v 0.433730 1.391770 -0.570370
v 0.396140 1.476510 -0.644810
v 0.425150 1.415360 -0.509930
v 0.472090 1.486400 -0.389840
v 0.513710 1.399260 -0.303690
v 0.467100 1.482310 -0.304150
v 0.384650 1.488830 -0.652210
v 0.430610 1.376550 -0.571800
v 0.426410 1.420150 -0.592700
v 0.432510 1.409750 -0.576310
v 0.416600 1.445340 -0.609860
v 0.480970 1.405410 -0.531970
v 0.428890 1.423480 -0.609280
v 0.525120 1.421710 -0.526690
v 0.492940 1.408620 -0.535940
v 0.530440 1.454230 -0.512680
v 0.472060 1.419020 -0.509300
v 0.510960 1.517670 -0.421610
v 0.475710 1.409930 -0.485600
v 0.512500 1.420090 -0.534170
v 0.512500 1.420090 -0.534170
v 0.513620 1.424850 -0.525530
v 0.516860 1.426290 -0.524610
v 0.564690 1.446060 0.112810
v 0.568920 1.409630 -0.007020
v 0.563030 1.440470 -0.062280
v 0.577350 1.386540 0.116940
v 0.633870 1.397360 0.033810
v 0.580340 1.365460 -0.023810
v 0.698450 1.357150 0.165390
v 0.546720 1.416370 0.032590
v 0.687840 1.346720 0.074480
v 0.510060 1.407730 -0.089680
v 0.515250 1.427050 -0.052530
v 0.521550 1.436320 -0.112750
v 0.575890 1.416880 0.166310
v 0.415430 1.512470 0.123600
v 0.592150 1.370640 -0.112040
v 0.705100 1.362030 -0.071940
v 0.584110 1.411410 -0.164760
v 0.626290 1.398490 -0.134860
v 0.619460 1.395850 -0.044810
v 0.671270 1.368970 -0.109780
v 0.540330 1.466150 -0.255460
v 0.586840 1.381630 -0.250880
v 0.628110 1.382320 -0.271120
v 0.650150 1.426890 -0.263610
v 0.690340 1.346180 0.059910
v 0.625610 1.453720 0.097640
v 0.585760 1.443910 -0.187510
v 0.700490 1.348870 0.089420
v 0.566300 1.394090 -0.233120
v 0.684040 1.345890 -0.212840
v 0.647270 1.434210 0.037610
v 0.693090 1.384750 -0.045220
v 0.661780 1.395060 -0.008100
v 0.680860 1.420470 -0.062460
v 0.686800 1.384340 -0.091480
v 0.545890 1.441290 -0.285090
v 0.669620 1.419740 -0.075900
v 0.712920 1.364770 -0.044020
v 0.646670 1.351170 0.042860
v 0.594300 1.436150 -0.319760
v 0.704100 1.370280 -0.089830
v 0.707740 1.379540 0.131760
v 0.704610 1.358510 0.043140
v 0.695110 1.355570 -0.090010
v 0.724880 1.359250 0.032410
v 0.687240 1.345110 -0.186600
v 0.707570 1.351750 -0.145710
v 0.679900 1.407960 -0.263640
v 0.669180 1.325160 -0.176650
v 0.664780 1.407680 -0.166790
v 0.714210 1.384770 0.115760
v 0.703560 1.398570 0.020980
v 0.730350 1.370270 -0.024810
v 0.719830 1.369520 0.001730
v 0.702810 1.368440 -0.095510
v 0.666490 1.406810 -0.287770
v 0.705380 1.363330 -0.142620
v 0.690650 1.398260 -0.212800
v 0.690650 1.398260 -0.212800
v 0.686680 1.392040 -0.239440
v 0.683010 1.400770 -0.227070
v 0.683010 1.400770 -0.227070
v 0.675020 1.427880 -0.316440
v 0.624820 1.350680 0.332630
v 0.518730 1.446400 -0.358930
v 0.652190 1.424040 -0.354200
v 0.563860 1.377220 -0.387430
v 0.602130 1.418280 -0.364140
v 0.550450 1.462210 -0.445960
v 0.666930 1.425750 -0.331370
v 0.552320 1.414370 -0.455210
v 0.552850 1.485280 -0.353720
v 0.563240 1.442170 -0.491290
v 0.561050 1.424970 -0.471930
v 0.563080 1.426680 -0.452450
v 0.577160 1.368650 -0.367940
v 0.583630 1.401150 -0.424110
v 0.572150 1.390590 -0.394870
v 0.591290 1.399040 -0.431170
v 0.417890 1.466910 -0.284840
v 0.551470 1.448530 -0.489490
v 0.668120 1.424710 -0.322630
v -0.674250 1.446890 0.271830
v -0.703000 1.500670 0.234690
v -0.716300 1.503140 0.203970
v -0.708260 1.434820 0.175160
v -0.705170 1.445940 0.176910
v -0.698420 1.440190 0.147200
v -0.470890 1.411800 0.568960
v -0.684590 1.465970 0.264600
v -0.652250 1.499550 0.280960
v -0.715750 1.454360 0.116470
v -0.645240 1.456500 0.275540
v -0.623740 1.475800 0.336350
v -0.611190 1.460080 0.439150
v -0.563360 1.444960 0.452930
v -0.542600 1.430820 0.498580
v -0.615520 1.474140 0.399210
v -0.587700 1.455240 0.433550
v -0.534360 1.424300 0.519570
v -0.547300 1.446610 0.480050
v -0.612180 1.444400 0.265570
v -0.509700 1.431930 0.536000
v -0.519200 1.444700 0.482570
v -0.500380 1.446280 0.540920
v -0.472530 1.443380 0.499220
v -0.567680 1.483570 0.434740
v -0.629210 1.484870 0.369700
v -0.572900 1.499660 0.302220
v -0.596990 1.451370 0.275960
v -0.596080 1.489390 0.287040
v -0.597670 1.457170 0.223060
v -0.644710 1.457700 0.177830
v -0.564270 1.541380 0.340360
v -0.607300 1.522020 0.192630
v -0.589010 1.458680 0.300290
v -0.530730 1.512680 0.347540
v -0.477750 1.473370 0.539650
v -0.438460 1.439810 0.582600
v -0.445850 1.407940 0.531290
v -0.548400 1.463560 0.420370
v -0.493360 1.465100 0.548540
v -0.497740 1.537600 0.419470
v -0.489490 1.465370 0.565940
v -0.444570 1.439190 0.561070
v -0.462490 1.485130 0.361640
v -0.469730 1.496750 0.402580
v -0.505630 1.457950 0.235460
v -0.500190 1.482670 0.338410
v -0.459890 1.505470 0.306170
v -0.442280 1.489390 0.467010
v -0.487950 1.503540 0.251110
v -0.570550 1.485330 0.115420
v -0.508800 1.530950 0.193680
v -0.466190 1.469130 0.213320
v -0.428400 1.470210 0.237450
v -0.480770 1.512130 0.154260
v -0.608330 1.460260 0.090140
v 0.060040 1.376050 0.711540
v 0.216130 1.379350 0.693050
v 0.059940 1.404840 0.712560
v 0.032600 1.442960 0.686680
v 0.059590 1.389470 0.716270
v 0.095470 1.425740 0.733450
v 0.106080 1.399020 0.716630
v 0.194020 1.423700 0.638210
v 0.131860 1.411270 0.722540
v 0.176560 1.433890 0.723110
v 0.205290 1.412970 0.713130
v 0.222070 1.388290 0.691370
v 0.210520 1.437730 0.685220
v -0.563890 1.431240 -0.304780
v -0.441670 1.396890 -0.154790
v -0.444280 1.408430 -0.205870
v -0.451320 1.436590 0.142290
v -0.540620 1.451150 -0.173360
v -0.498340 1.418630 -0.173370
v -0.470420 1.461400 -0.339130
v -0.491840 1.463770 0.113000
v -0.519610 1.470900 -0.263710
v -0.481820 1.491240 -0.121390
v -0.496340 1.453890 0.050190
v -0.489560 1.478390 -0.202740
v -0.516660 1.443950 -0.061300
v -0.541630 1.477770 -0.071710
v -0.404060 1.487140 -0.062900
v -0.579550 1.485380 -0.233750
v -0.545320 1.484140 -0.039410
v -0.589350 1.452580 -0.237320
v 0.131370 1.467960 -0.052800
v 0.112150 1.419990 -0.179510
v 0.150470 1.484420 -0.069070
v 0.160690 1.514840 -0.106860
v 0.142840 1.466630 -0.075260
v 0.065440 1.448140 -0.037810
v 0.052350 1.463890 -0.241520
v 0.109690 1.453800 -0.247610
v 0.140600 1.436590 -0.159160
v 0.156130 1.493220 -0.125930
v 0.091200 1.421780 -0.092400
v 0.145230 1.470030 -0.192090
v 0.086910 1.449230 -0.046860
v 0.175430 1.469830 -0.241670
v -0.057080 1.426800 -0.134230
v 0.137530 1.486190 -0.278980
v 0.064680 1.420310 -0.336170
v 0.103870 1.466370 -0.042550
v 0.182380 1.505840 -0.118480
v 0.277640 1.479250 -0.039110
v 0.211390 1.524620 -0.126390
v 0.177820 1.518510 -0.228610
v 0.238190 1.542470 -0.177660
v 0.295710 1.454460 -0.055730
v 0.213570 1.523490 -0.191530
v 0.261160 1.534160 -0.153160
v 0.281700 1.524650 -0.149470
v 0.243790 1.492430 -0.219060
v 0.292390 1.481820 -0.066590
v 0.222430 1.454580 -0.255530
v 0.349830 1.492270 0.148810
v 0.318290 1.471470 -0.081210
v 0.294680 1.476700 -0.255220
v 0.335270 1.505490 0.009930
v 0.460860 1.441340 0.165520
v 0.368930 1.522820 0.078650
v 0.351530 1.507200 0.010220
v 0.352110 1.506750 0.058890
v 0.363610 1.508700 0.064000
v 0.340680 1.502960 0.041610
v 0.321530 1.495320 -0.103670
v 0.324220 1.501420 -0.116580
v 0.406550 1.509570 0.101760
v 0.387150 1.520500 0.086580
v 0.292760 1.484010 -0.167120
v 0.339950 1.492890 -0.032710
v 0.341670 1.450130 -0.139470
v 0.359560 1.495100 -0.223470
v 0.332730 1.504680 -0.008860
v 0.411690 1.492150 0.155520
v 0.426300 1.465110 0.043990
v 0.416050 1.489060 0.031000
v 0.406680 1.471960 -0.119710
v 0.388930 1.503660 -0.012810
v 0.435460 1.495280 0.105600
v 0.474270 1.475310 0.089990
v 0.382620 1.447280 -0.255160
v 0.395100 1.474110 -0.222160
v 0.340640 1.464460 -0.081210
v 0.491460 1.443040 0.099450
v 0.427550 1.434800 -0.080240
v 0.447420 1.489090 -0.223170
v 0.482330 1.396270 -0.015490
v 0.375950 1.484370 -0.186320
v 0.466090 1.454640 -0.042840
v 0.482690 1.459920 -0.085500
v 0.424850 1.516280 -0.145580
v 0.497990 1.413870 -0.180810
v 0.501260 1.454220 -0.175670
v 0.453590 1.445870 -0.203360
v 0.485270 1.433850 -0.270750
v -0.640970 1.504560 -0.306850
v -0.637800 1.510270 -0.394500
v -0.596440 1.455410 -0.292280
v -0.659280 1.431320 -0.277010
v -0.568390 1.451750 -0.456120
v -0.656280 1.444230 -0.303740
v -0.652460 1.500890 -0.356960
v -0.658700 1.474280 -0.321920
v -0.597010 1.525200 -0.346010
v -0.504280 1.413550 -0.317620
v -0.601970 1.491060 -0.425690
v -0.583560 1.472680 -0.447370
v -0.542270 1.511670 -0.398370
v -0.548190 1.465880 -0.421420
v -0.508130 1.416000 -0.514400
v -0.524220 1.465150 -0.369950
v -0.448920 1.467860 -0.497880
v -0.553890 1.454020 -0.468130
v -0.529710 1.455620 -0.507650
v -0.548990 1.460800 -0.329770
v -0.498170 1.438360 -0.396290
v -0.428730 1.455560 -0.380390
v -0.437970 1.486410 -0.412050
v -0.442510 1.506930 -0.391420
v -0.461550 1.438430 -0.535620
v -0.495030 1.429160 -0.537370
v -0.434600 1.427550 -0.550600
v -0.438530 1.425730 -0.564910
v -0.450250 1.452790 -0.405980
v 0.548230 1.379570 0.429390
v 0.539730 1.385420 0.423080
v 0.574040 1.368650 0.385780
v 0.579230 1.376010 0.419470
v 0.546220 1.413970 0.403480
v 0.563800 1.378120 0.331850
v 0.588390 1.354360 0.368620
v 0.565520 1.431560 0.277710
v 0.608550 1.411590 0.335030
v 0.534680 1.389070 0.458380
v 0.546880 1.371980 0.240010
v 0.549550 1.370320 0.184770
v 0.661810 1.375470 0.312750
v 0.649960 1.380590 0.325100
v 0.675840 1.395130 0.273020
v 0.675120 1.368660 0.258340
v 0.586290 1.393200 0.185420
v 0.634290 1.366590 0.311130
v 0.654050 1.380910 0.201250
v 0.671380 1.360110 0.222170
v 0.677870 1.340980 0.196510
v -0.357640 1.468550 0.657520
v -0.281850 1.435560 0.677540
v -0.247030 1.439420 0.680310
v -0.266990 1.451200 0.679830
v -0.335660 1.447640 0.663160
v -0.306370 1.426180 0.671180
v -0.198640 1.426060 0.656220
v -0.213940 1.411890 0.705560
v -0.200400 1.425340 0.713750
v -0.128020 1.397670 0.699580
v -0.179420 1.456580 0.720800
v -0.159860 1.478980 0.660820
v -0.115890 1.404940 0.696210
v -0.137510 1.435110 0.724480
v -0.133370 1.451220 0.724270
v -0.074330 1.403270 0.724230
v -0.137630 1.404630 0.720350
v -0.040540 1.412390 0.716040
v 0.027230 1.415640 0.687170
v -0.026640 1.426540 0.627300
v -0.095370 1.394170 0.693850
v 0.021580 1.386070 0.724180
v 0.008300 1.398150 0.733800
v -0.062520 1.451840 0.678970
v 0.026080 1.393430 0.714870
v -0.408060 1.443570 -0.365560
v -0.326160 1.427010 -0.376740
v -0.333080 1.455020 -0.328110
v -0.362610 1.439260 -0.364850
v -0.392370 1.422460 -0.394590
v -0.393080 1.465320 -0.447820
v -0.404430 1.435570 -0.473050
v -0.405380 1.440610 -0.523910
v -0.344010 1.457190 -0.421040
v -0.398320 1.472440 -0.314380
v -0.352110 1.478030 -0.481870
v -0.416180 1.432360 -0.594450
v -0.281930 1.408130 -0.499920
v -0.361440 1.439310 -0.486350
v -0.321190 1.453420 -0.539200
v -0.391060 1.410970 -0.611710
v -0.336550 1.395200 -0.639630
v -0.331290 1.398990 -0.637340
v -0.378470 1.466670 -0.580700
v -0.339850 1.404940 -0.612550
v -0.355780 1.391020 -0.636410
v -0.338590 1.451910 -0.203650
v -0.273660 1.496650 -0.472050
v -0.299570 1.458290 -0.615590
v -0.287470 1.507140 -0.543970
v -0.283790 1.447570 -0.542090
v -0.208820 1.438860 -0.507370
v -0.321110 1.421500 -0.649100
v -0.195100 1.420960 -0.328410
v -0.321980 1.438740 -0.599010
v -0.234610 1.420550 -0.446990
v -0.371380 1.417400 -0.610990
v -0.308880 1.463290 -0.567300
v -0.200840 1.423830 -0.483760
v -0.264710 1.464450 -0.585670
v -0.219100 1.476080 -0.444080
v -0.240560 1.418460 -0.684000
v -0.305810 1.446130 -0.672580
v -0.255630 1.430600 -0.705350
v -0.232970 1.484550 -0.391380
v -0.307030 1.455190 -0.668390
v -0.288110 1.469190 -0.677880
v -0.225340 1.509520 -0.681780
v -0.318550 1.467490 -0.640180
v -0.201690 1.466990 -0.335610
v -0.252140 1.442760 -0.613500
v -0.268240 1.462410 -0.693820
v -0.233760 1.478870 -0.633290
v -0.195810 1.425240 -0.667300
v -0.152750 1.508590 -0.335290
v -0.185960 1.421580 -0.669690
v -0.175690 1.474030 -0.456880
v -0.157260 1.460720 -0.308150
v -0.239230 1.427850 -0.293080
v -0.157030 1.488030 -0.517770
v -0.164380 1.441800 -0.245930
v -0.185920 1.442030 -0.535320
v -0.128270 1.467280 -0.528860
v -0.085240 1.400060 -0.728770
v -0.098100 1.486200 -0.547140
v -0.012040 1.441470 -0.276090
v -0.188420 1.429540 -0.642400
v -0.096160 1.451870 -0.444270
v -0.154820 1.415550 -0.690490
v -0.035460 1.476790 -0.377480
v -0.044900 1.420340 -0.459610
v -0.138470 1.402230 -0.711090
v -0.102120 1.465400 -0.594570
v -0.001530 1.402110 -0.441690
v -0.059710 1.407330 -0.733230
v -0.106460 1.422310 -0.705460
v -0.146300 1.460540 -0.664850
v 0.016460 1.400840 -0.338570
v 0.006940 1.410880 -0.388280
v -0.070930 1.417650 -0.732660
v -0.083350 1.433140 -0.191550
v -0.018280 1.460990 -0.614240
v 0.030600 1.437420 -0.368770
v -0.035940 1.423910 -0.577700
v -0.076160 1.457680 -0.669720
v -0.023380 1.392550 -0.712920
v -0.048040 1.502500 -0.505720
v -0.042230 1.408400 -0.721030
v 0.005090 1.461790 -0.507510
v -0.030330 1.417110 -0.264040
v 0.003510 1.416770 -0.574920
v 0.006590 1.380900 -0.720190
v -0.023330 1.403240 -0.717030
v 0.010640 1.383700 -0.728060
v 0.045870 1.455020 -0.651490
v -0.004700 1.430770 -0.702370
v 0.001700 1.415540 -0.619220
v 0.007030 1.389650 -0.732980
v -0.335130 1.472470 0.163870
v -0.394740 1.457590 0.076410
v 0.003920 1.433510 -0.745110
v 0.003320 1.465660 -0.741180
v 0.028290 1.448570 -0.743570
v -0.526900 1.490160 0.158360
v -0.265140 1.464250 0.007080
v -0.331450 1.451710 0.079200
v -0.299890 1.525080 0.080620
v -0.360360 1.521370 -0.010280
v -0.252220 1.514330 0.124400
v -0.375520 1.452350 -0.160990
v -0.419680 1.479170 -0.135290
v -0.178600 1.444700 0.128920
v -0.303330 1.445560 -0.028540
v -0.365290 1.522750 -0.047260
v -0.391850 1.440070 -0.203040
v -0.415600 1.435880 -0.288710
v -0.423690 1.460280 -0.210560
v -0.286570 1.433480 -0.159640
v -0.159540 1.450170 0.115750
v -0.296360 1.462090 -0.087950
v -0.163100 1.495250 -0.167800
v -0.144840 1.461560 0.096570
v -0.262750 1.461900 -0.152450
v -0.159400 1.457860 0.040660
v -0.161270 1.440400 -0.102270
v -0.276800 1.470680 -0.287490
v -0.232160 1.454700 0.005080
v -0.377530 1.446030 -0.256870
v -0.230520 1.459000 -0.245280
v -0.155480 1.463420 0.078450
v -0.114870 1.459710 -0.003140
v -0.201010 1.481290 -0.230230
v -0.062100 1.448770 -0.198850
v -0.148220 1.458710 -0.156220
v -0.149340 1.466610 0.063520
v -0.102600 1.444270 -0.078160
v -0.075130 1.450940 -0.062820
v -0.160090 1.475560 -0.217890
v -0.087240 1.459840 -0.081360
v -0.025910 1.432210 -0.050270
v -0.150030 1.410720 -0.220640
v -0.108460 1.447680 -0.203250
v 0.016620 1.441110 -0.034300
v -0.015740 1.426890 -0.038510
v -0.040190 1.460120 -0.099430
v 0.034610 1.444000 -0.039820
v -0.039740 1.440300 -0.077740
v -0.083420 1.435920 -0.273210
v -0.033400 1.449060 -0.224820
v -0.316800 1.484290 0.564380
v -0.366310 1.435040 0.573640
v -0.406600 1.470280 0.570610
v -0.412450 1.418830 0.613310
v -0.249270 1.455270 0.478790
v -0.318510 1.449650 0.643220
v -0.381770 1.457550 0.630210
v -0.408470 1.492330 0.494490
v -0.359170 1.491350 0.591230
v -0.363520 1.521670 0.558390
v -0.337720 1.410300 0.571810
v -0.402920 1.460500 0.479870
v -0.439480 1.458440 0.413360
v -0.307610 1.491700 0.509390
v -0.399170 1.462560 0.327270
v -0.355760 1.446200 0.373020
v -0.414640 1.503890 0.363850
v -0.354320 1.477790 0.623360
v -0.282040 1.462700 0.612090
v -0.262580 1.450760 0.350560
v -0.416320 1.486780 0.299030
v -0.351250 1.449720 0.408370
v -0.416460 1.501540 0.247380
v -0.245590 1.532370 0.561560
v -0.245500 1.530100 0.517070
v -0.123910 1.436540 0.542200
v -0.388450 1.481400 0.281050
v -0.340900 1.446620 0.250040
v -0.394110 1.484690 0.161800
v -0.176560 1.441440 0.606800
v -0.333400 1.531550 0.325330
v -0.262740 1.463670 0.304410
v -0.320350 1.465230 0.260660
v -0.303270 1.479310 0.211770
v -0.215800 1.470480 0.259420
v -0.119280 1.395660 0.587640
v -0.161890 1.444350 0.239930
v -0.164090 1.479530 0.566100
v -0.130930 1.419500 0.620970
v -0.100340 1.445490 0.664130
v -0.208920 1.471240 0.406230
v -0.206250 1.497060 0.316910
v 0.014020 1.479500 0.478620
v -0.177550 1.477100 0.273670
v -0.102500 1.460400 0.458810
v -0.097150 1.465610 0.541500
v -0.080150 1.427240 0.578310
v -0.001420 1.474920 0.470490
v -0.159130 1.493920 0.365440
v -0.151290 1.506750 0.390170
v -0.107170 1.491390 0.403270
v -0.080280 1.445280 0.516000
v -0.134880 1.505930 0.406490
v -0.172730 1.476640 0.302910
v -0.050200 1.468580 0.530750
v -0.019230 1.448740 0.602910
v -0.054760 1.454710 0.424400
v -0.042850 1.396430 0.572580
v -0.126870 1.472740 0.324310
v 0.010240 1.461790 0.483490
v -0.179100 1.480880 0.296480
v -0.021610 1.435070 0.577590
v -0.136560 1.462790 0.287210
v -0.147730 1.465020 0.248470
v -0.146270 1.442550 0.216880
v -0.090730 1.494640 0.393340
v -0.019250 1.447850 0.454160
v -0.047910 1.479290 0.412090
v -0.540660 1.437290 0.028650
v -0.712590 1.464340 0.007950
v -0.676690 1.450350 0.175400
v -0.733600 1.465670 0.077740
v -0.737770 1.507170 -0.099200
v -0.727720 1.478250 -0.040120
v -0.733550 1.472070 -0.030660
v -0.732930 1.492070 -0.052850
v -0.690590 1.528370 -0.050950
v -0.657090 1.483420 -0.111540
v -0.715770 1.494600 -0.155770
v -0.742990 1.500620 -0.051640
v -0.674200 1.515030 -0.039440
v -0.704800 1.474690 -0.188440
v -0.666140 1.522900 -0.131670
v -0.627040 1.512810 0.120780
v -0.642910 1.485930 0.120670
v -0.686620 1.447580 -0.240190
v -0.554400 1.479410 0.001390
v -0.604840 1.512820 -0.012570
v -0.669230 1.527650 0.079270
v -0.575460 1.505490 0.043590
v -0.570720 1.475080 0.079840
v -0.638030 1.511510 -0.073220
v -0.571090 1.525800 0.129430
v -0.660700 1.448400 -0.286890
v -0.718710 1.480580 -0.160200
v -0.639840 1.454250 -0.220980
v -0.581640 1.472200 -0.119540
v -0.512380 1.487950 0.082760
v -0.567550 1.514650 -0.110970
v -0.559210 1.484010 -0.161670
v -0.618090 1.485800 0.033530
v -0.585160 1.458340 -0.140150
v -0.618080 1.440960 -0.194920
v 0.082780 1.439590 0.384240
v 0.140370 1.451970 0.360010
v 0.109860 1.438420 0.352610
v 0.162750 1.444660 0.348530
v 0.168770 1.438180 0.327800
v 0.213490 1.409810 0.323060
v 0.251600 1.414990 0.290760
v 0.248720 1.401700 0.273310
v 0.260920 1.424730 0.263220
v 0.275130 1.420780 0.248920
v 0.266430 1.419610 0.232640
v 0.253970 1.408830 0.268780
v 0.278820 1.447700 0.178950
v 0.257430 1.425910 0.224460
v 0.268540 1.446500 0.188330
v 0.288280 1.460470 0.166740
v 0.337840 1.469850 0.131260
v 0.127930 1.436960 0.000890
v 0.142040 1.449120 -0.011130
v 0.149590 1.471600 -0.039050
v 0.136400 1.435980 -0.015710
v 0.083400 1.426250 0.000530
v 0.095070 1.423120 0.005280
v 0.107600 1.435790 0.008470
v 0.165620 1.464960 -0.047640
v 0.233910 1.450350 0.011420
v 0.187060 1.478830 -0.053490
v 0.206860 1.492030 -0.091370
v 0.223840 1.485890 -0.073270
v 0.239020 1.478850 -0.070550
v 0.246950 1.451040 -0.016840
v 0.289360 1.454930 0.149880
v 0.278600 1.464690 0.047250
v 0.303480 1.477500 0.098030
v 0.290620 1.465960 0.047460
v 0.291050 1.465620 0.083430
v 0.299550 1.467070 0.087210
v 0.282600 1.462820 0.070660
v 0.268450 1.457180 -0.036700
v 0.270440 1.461680 -0.046240
v 0.331270 1.467710 0.115110
v 0.316940 1.475790 0.103890
v 0.282060 1.455390 0.015740
v 0.276720 1.464090 0.033360
v 0.335080 1.454840 0.154840
v -0.101140 1.419770 0.135180
v -0.087050 1.423810 0.125450
v -0.076200 1.432230 0.111280
v -0.086950 1.429500 0.069960
v -0.084060 1.433600 0.097890
v -0.054050 1.430870 0.037590
v -0.079520 1.435960 0.086850
v -0.027330 1.424380 -0.004290
v -0.033630 1.430960 -0.020210
v 0.004540 1.415270 0.002730
v 0.043130 1.417120 0.014560
v 0.019210 1.406610 0.011450
v -0.017420 1.434350 -0.026410
v 0.056420 1.419260 0.010490
v -0.009570 1.422840 -0.013880
v -0.088790 1.419520 0.217220
v 0.041210 1.445490 0.393610
v -0.100360 1.443720 0.242150
v 0.029790 1.442100 0.387600
v -0.086750 1.456150 0.309970
v -0.080960 1.465620 0.328240
v -0.048350 1.454280 0.337920
v -0.068830 1.465020 0.340300
v -0.094250 1.441040 0.260060
v -0.009630 1.427170 0.353540
v -0.062920 1.440490 0.279580
v 0.038410 1.432400 0.397200
v -0.101510 1.446510 0.259010
v -0.070070 1.433140 0.252160
v -0.078330 1.434790 0.223530
v -0.077250 1.418180 0.200180
v -0.036200 1.456680 0.330590
v 0.016620 1.422100 0.375530
v -0.004570 1.445330 0.344440
v 0.522080 1.777840 -0.034490
v 0.573740 1.754540 -0.004930
v 0.622030 1.809850 -0.115480
v 0.654640 1.796210 -0.089990
v 0.709840 1.842280 -0.218930
v 0.726330 1.829060 -0.200700
v 0.439360 1.742100 0.025060
v 0.501370 1.722220 0.060950
v 0.753730 1.872290 -0.293920
v 0.765980 1.865490 -0.284740
v 0.745250 1.867960 -0.301850
v 0.695060 1.843590 -0.231500
v 0.610190 1.820520 -0.150690
v 0.498270 1.793760 -0.072430
v 0.383140 1.760950 -0.030470
v 0.361420 1.691570 0.069260
v 0.421460 1.668500 0.112410
v 0.323620 1.735130 -0.009480
v 0.805050 1.906280 -0.369940
v 0.809740 1.900220 -0.363830
v 0.801270 1.903540 -0.375610
v 0.577710 1.738380 -0.007200
v 0.568790 1.728270 -0.090810
v 0.568790 1.728270 -0.090810
v 0.659760 1.780430 -0.087770
v 0.636990 1.765430 -0.152230
v 0.636990 1.765430 -0.152230
v 0.729790 1.820530 -0.203230
v 0.715380 1.803200 -0.236910
v 0.715380 1.803200 -0.236910
v 0.510940 1.705360 0.057170
v 0.485960 1.686460 -0.026200
v 0.485960 1.686460 -0.026200
v 0.770440 1.857440 -0.284170
v 0.766150 1.844280 -0.312550
v 0.766150 1.844280 -0.312550
v 0.747020 1.862310 -0.305610
v 0.693830 1.835930 -0.237850
v 0.607550 1.809900 -0.159900
v 0.494380 1.782800 -0.089190
v 0.386900 1.747400 -0.041780
v 0.427460 1.650280 0.101090
v 0.357920 1.614530 0.050740
v 0.357920 1.614530 0.050740
v 0.326630 1.715820 -0.015180
v 0.814180 1.892450 -0.363480
v 0.803670 1.882720 -0.371570
v 0.803670 1.882720 -0.371570
v 0.798780 1.897480 -0.378710
v 0.240220 1.638620 0.145150
v 0.246140 1.595390 0.281680
v 0.108020 1.656620 0.066280
v 0.257290 1.576350 0.270210
v 0.265130 1.566770 0.126300
v 0.265130 1.566770 0.126300
v 0.114310 1.635720 0.064300
v 0.182370 1.657650 0.088890
v 0.262970 1.623330 0.213250
v 0.275570 1.566190 0.200570
v 0.191710 1.602240 0.069730
v 0.412160 1.794310 -0.172810
v 0.450620 1.760030 -0.162060
v 0.489120 1.826400 -0.278960
v 0.509100 1.801180 -0.267370
v 0.539170 1.848950 -0.410650
v 0.550940 1.832940 -0.396990
v 0.354170 1.765670 -0.111310
v 0.403650 1.731700 -0.095690
v 0.564330 1.862940 -0.505730
v 0.570860 1.854780 -0.504920
v 0.553260 1.865960 -0.511500
v 0.526360 1.855980 -0.424370
v 0.469440 1.843470 -0.295840
v 0.368440 1.813420 -0.194860
v 0.299100 1.793260 -0.145490
v 0.249270 1.708260 -0.031380
v 0.314030 1.673570 0.000870
v 0.238300 1.765990 -0.097970
v 0.579350 1.876450 -0.607310
v 0.581810 1.869180 -0.596710
v 0.574960 1.877760 -0.611130
v 0.455550 1.746840 -0.173690
v 0.402710 1.750010 -0.220020
v 0.402710 1.750010 -0.220020
v 0.509010 1.789610 -0.271760
v 0.462050 1.786810 -0.291740
v 0.462050 1.786810 -0.291740
v 0.549130 1.825020 -0.397710
v 0.525560 1.816190 -0.432260
v 0.525560 1.816190 -0.432260
v 0.419420 1.714920 -0.107890
v 0.349110 1.718160 -0.163770
v 0.349110 1.718160 -0.163770
v 0.570170 1.848800 -0.505570
v 0.555530 1.836190 -0.527300
v 0.555530 1.836190 -0.527300
v 0.549690 1.861980 -0.512950
v 0.519340 1.848020 -0.432030
v 0.460720 1.837200 -0.304870
v 0.366970 1.808280 -0.210240
v 0.292390 1.777660 -0.155750
v 0.344920 1.649900 -0.020890
v 0.306420 1.670930 -0.111480
v 0.306420 1.670930 -0.111480
v 0.223080 1.743480 -0.122780
v 0.582010 1.862310 -0.599730
v 0.576490 1.862850 -0.614080
v 0.576490 1.862850 -0.614080
v 0.568830 1.874760 -0.613620
v 0.147340 1.611090 0.075710
v 0.219360 1.538370 0.191980
v -0.007430 1.630690 0.061720
v 0.227310 1.523290 0.172920
v 0.165320 1.548050 0.030510
v 0.165320 1.548050 0.030510
v -0.002830 1.611840 0.051280
v 0.070020 1.634870 0.051990
v 0.204440 1.578350 0.131110
v 0.212780 1.526430 0.099910
v 0.073100 1.585820 0.016840
v 0.491570 1.636710 0.372370
v 0.478030 1.649660 0.406520
v 0.607030 1.708070 0.400870
v 0.595300 1.713450 0.420730
v 0.710780 1.784290 0.417860
v 0.714820 1.794570 0.429340
v 0.357420 1.562930 0.326600
v 0.326470 1.584810 0.364180
v 0.774390 1.841190 0.417080
v 0.774600 1.843040 0.425860
v 0.778720 1.833480 0.411000
v 0.724170 1.780530 0.407060
v 0.616870 1.694300 0.384660
v 0.517000 1.617120 0.337750
v 0.396940 1.542460 0.304930
v 0.322390 1.557870 0.313370
v 0.288480 1.591420 0.380310
v 0.329010 1.518810 0.243740
v 0.824190 1.904540 0.409450
v 0.823500 1.893600 0.422620
v 0.826640 1.891500 0.402740
v 0.484940 1.639590 0.424950
v 0.536040 1.602310 0.413110
v 0.536040 1.602310 0.413110
v 0.599510 1.707610 0.436190
v 0.634450 1.675960 0.429730
v 0.634450 1.675960 0.429730
v 0.717490 1.792200 0.435850
v 0.734760 1.767690 0.435290
v 0.734760 1.767690 0.435290
v 0.335600 1.572290 0.393020
v 0.419580 1.537260 0.384730
v 0.419580 1.537260 0.384730
v 0.778010 1.840450 0.431720
v 0.790840 1.825850 0.428770
v 0.790840 1.825850 0.428770
v 0.787550 1.826860 0.409180
v 0.730210 1.774340 0.407870
v 0.627770 1.685140 0.384480
v 0.523210 1.604570 0.341390
v 0.407040 1.521660 0.307640
v 0.252480 1.520010 0.375910
v 0.276870 1.460550 0.326610
v 0.276870 1.460550 0.326610
v 0.324100 1.440020 0.258620
v 0.826500 1.889190 0.426020
v 0.836770 1.881880 0.425280
v 0.836770 1.881880 0.425280
v 0.837280 1.883580 0.409830
v 0.187910 1.531460 0.242990
v 0.063490 1.603900 0.309880
v 0.195960 1.481510 0.086310
v 0.074510 1.556440 0.331490
v 0.168060 1.481710 0.289080
v 0.168060 1.481710 0.289080
v 0.187910 1.463540 0.098220
v 0.206580 1.518900 0.192490
v 0.137150 1.574960 0.289010
v 0.111640 1.537760 0.327570
v 0.197140 1.449840 0.193040
v 0.513060 1.765000 0.286450
v 0.510610 1.782790 0.303630
v 0.573510 1.855160 0.285330
v 0.559130 1.847190 0.302960
v 0.604950 1.919140 0.266940
v 0.605810 1.918760 0.278480
v 0.443320 1.699290 0.267430
v 0.403010 1.713840 0.280680
v 0.614970 1.988950 0.263600
v 0.619770 1.986850 0.273890
v 0.619680 1.986610 0.254680
v 0.613440 1.917300 0.259860
v 0.585580 1.853420 0.275470
v 0.529030 1.768340 0.263130
v 0.478970 1.687890 0.239800
v 0.333700 1.603290 0.201990
v 0.307560 1.645000 0.258060
v 0.344000 1.569790 0.141810
v 0.611580 2.068850 0.267200
v 0.616300 2.069130 0.278900
v 0.617480 2.064340 0.261230
v 0.514600 1.769970 0.307550
v 0.539350 1.749650 0.293320
v 0.539350 1.749650 0.293320
v 0.567520 1.841410 0.304570
v 0.598220 1.843180 0.298060
v 0.598220 1.843180 0.298060
v 0.610710 1.919150 0.278930
v 0.625350 1.918910 0.277410
v 0.625350 1.918910 0.277410
v 0.399330 1.686010 0.289070
v 0.486630 1.666000 0.273710
v 0.486630 1.666000 0.273710
v 0.627710 1.987730 0.275380
v 0.635200 1.987240 0.270330
v 0.635200 1.987240 0.270330
v 0.628530 1.985290 0.255280
v 0.622650 1.915920 0.261880
v 0.593670 1.848800 0.276530
v 0.538070 1.761930 0.263750
v 0.489940 1.678720 0.241720
v 0.309580 1.624350 0.271350
v 0.330330 1.511360 0.240500
v 0.330330 1.511360 0.240500
v 0.365960 1.499260 0.145940
v 0.625440 2.065790 0.280200
v 0.627710 2.064600 0.269740
v 0.627710 2.064600 0.269740
v 0.625590 2.061870 0.264260
v 0.178560 1.535630 0.185020
v 0.123800 1.589330 0.277090
v 0.162510 1.480390 0.060290
v 0.143430 1.572030 0.295520
v 0.190380 1.484320 0.207740
v 0.190380 1.484320 0.207740
v 0.177490 1.462850 0.064900
v 0.175630 1.501740 0.111370
v 0.151630 1.568840 0.244360
v 0.175830 1.523530 0.268360
v 0.187820 1.462580 0.136540
v 0.257560 1.631840 0.626210
v 0.194040 1.648850 0.644510
v 0.296310 1.648940 0.748590
v 0.260100 1.658480 0.750570
v 0.336520 1.686860 0.853970
v 0.313170 1.692490 0.864760
v 0.222810 1.624960 0.545910
v 0.124590 1.650920 0.552190
v 0.366990 1.725680 0.927240
v 0.349260 1.725590 0.938610
v 0.384070 1.713980 0.926100
v 0.354040 1.673270 0.849230
v 0.334450 1.644600 0.749050
v 0.297190 1.604990 0.622930
v 0.262890 1.586710 0.528890
v 0.200850 1.620360 0.465880
v 0.066160 1.659360 0.438820
v 0.255510 1.580530 0.428910
v 0.403300 1.782430 0.990960
v 0.388000 1.772440 0.985270
v 0.409050 1.771240 0.981250
v 0.178900 1.634920 0.648740
v 0.236070 1.585420 0.676260
v 0.236070 1.585420 0.676260
v 0.251400 1.646240 0.761200
v 0.297790 1.616430 0.788840
v 0.297790 1.616430 0.788840
v 0.308360 1.677280 0.863680
v 0.342920 1.662760 0.879710
v 0.342920 1.662760 0.879710
v 0.123260 1.626830 0.560470
v 0.187930 1.548930 0.573290
v 0.187930 1.548930 0.573290
v 0.352490 1.710580 0.941230
v 0.369690 1.701350 0.943620
v 0.369690 1.701350 0.943620
v 0.378870 1.701840 0.932880
v 0.353560 1.663450 0.853820
v 0.329030 1.624160 0.756360
v 0.288510 1.585380 0.629800
v 0.247790 1.570130 0.532530
v 0.041920 1.604260 0.454740
v 0.134920 1.532330 0.445200
v 0.134920 1.532330 0.445200
v 0.240180 1.551210 0.426770
v 0.387380 1.768750 0.989660
v 0.401050 1.780080 1.003350
v 0.401050 1.780080 1.003350
v 0.410930 1.767070 0.993200
v 0.139390 1.629490 0.314410
v -0.040830 1.683050 0.286420
v 0.267740 1.619490 0.182910
v -0.045440 1.654710 0.295690
v 0.098200 1.538440 0.326430
v 0.098200 1.538440 0.326430
v 0.255370 1.598510 0.182110
v 0.221420 1.617150 0.269360
v 0.035370 1.654040 0.327050
v 0.008720 1.589680 0.323670
v 0.201460 1.550860 0.262590
v -0.112600 1.622920 0.591250
v -0.169930 1.652040 0.573860
v -0.162100 1.646600 0.734990
v -0.200690 1.664760 0.709430
v -0.215770 1.680950 0.839130
v -0.241350 1.685280 0.824870
v -0.076280 1.598330 0.460220
v -0.151970 1.635550 0.433060
v -0.246450 1.709900 0.905690
v -0.263830 1.715940 0.901710
v -0.234510 1.703300 0.917850
v -0.192420 1.661750 0.847690
v -0.140340 1.623020 0.744670
v -0.069790 1.580090 0.618470
v -0.022460 1.554680 0.532580
v -0.044130 1.594320 0.392570
v -0.109350 1.636130 0.265910
v 0.016960 1.545900 0.459200
v -0.286950 1.757660 0.997370
v -0.296260 1.758410 0.989300
v -0.279180 1.753390 1.002340
v -0.182530 1.639660 0.571180
v -0.162470 1.570040 0.622570
v -0.162470 1.570040 0.622570
v -0.214510 1.654610 0.709650
v -0.197480 1.603610 0.739770
v -0.197480 1.603610 0.739770
v -0.248630 1.674220 0.826950
v -0.238350 1.646490 0.850070
v -0.238350 1.646490 0.850070
v -0.160650 1.595280 0.421730
v -0.119150 1.534500 0.490690
v -0.119150 1.534500 0.490690
v -0.273900 1.709840 0.903950
v -0.269250 1.682330 0.928150
v -0.269250 1.682330 0.928150
v -0.234920 1.687410 0.924060
v -0.195420 1.646960 0.857110
v -0.151310 1.602010 0.745320
v -0.082640 1.559490 0.616840
v -0.037060 1.530150 0.533440
v -0.131940 1.539700 0.257370
v -0.102750 1.505550 0.417700
v -0.102750 1.505550 0.417700
v -0.005960 1.483530 0.479620
v -0.301510 1.751550 0.992520
v -0.298050 1.743190 1.005510
v -0.298050 1.743190 1.005510
v -0.284750 1.744290 1.008080
v 0.016880 1.557870 0.293890
v -0.036740 1.622960 0.132420
v 0.174640 1.523740 0.281510
v -0.053950 1.594710 0.136610
v -0.039320 1.473030 0.274410
v -0.039320 1.473030 0.274410
v 0.159340 1.485300 0.278810
v 0.099810 1.538980 0.313940
v -0.031420 1.605350 0.207890
v -0.063820 1.528800 0.205790
v 0.084660 1.452100 0.311130
v -0.382220 1.643370 0.276870
v -0.383310 1.666680 0.217440
v -0.538020 1.685500 0.336620
v -0.537280 1.699280 0.302510
v -0.225180 1.593610 0.207900
v -0.225420 1.634480 0.138250
v -0.522370 1.667430 0.369340
v -0.386290 1.615890 0.326090
v -0.247700 1.555710 0.284450
v -0.147110 1.567190 0.182880
v -0.128880 1.623480 0.073380
v -0.143340 1.501950 0.250200
v -0.394980 1.657070 0.201010
v -0.414620 1.594090 0.241660
v -0.414620 1.594090 0.241660
v -0.543890 1.691520 0.294640
v -0.559210 1.647910 0.325140
v -0.559210 1.647910 0.325140
v -0.247590 1.624110 0.116330
v -0.297340 1.550730 0.183820
v -0.297340 1.550730 0.183820
v -0.533740 1.643540 0.340460
v -0.396300 1.583480 0.312460
v -0.257760 1.528370 0.272590
v -0.130080 1.578980 0.046680
v -0.161640 1.495270 0.105080
v -0.161640 1.495270 0.105080
v -0.151170 1.474260 0.233960
v -0.558660 1.671730 0.341460
v -0.558660 1.671730 0.341460
v -0.558660 1.671730 0.341460
v -0.562440 1.697190 0.315370
v -0.551070 1.661870 0.351760
v -0.551070 1.661870 0.351760
v -0.565280 1.693030 0.306050
v -0.575760 1.659830 0.336390
v -0.575760 1.659830 0.336390
v -0.559890 1.652530 0.349100
v -0.037820 1.517740 0.128270
v 0.047930 1.531150 0.025170
v -0.050370 1.455840 0.253780
v 0.022920 1.516450 0.028360
v -0.077930 1.455190 0.068110
v -0.077930 1.455190 0.068110
v -0.059320 1.439270 0.234690
v -0.070770 1.485750 0.217750
v -0.001560 1.560770 0.051300
v -0.010660 1.491470 0.034970
v -0.095380 1.433480 0.177540
v -0.127160 1.801310 0.527550
v -0.146500 1.803360 0.451150
v -0.205150 1.882000 0.631500
v -0.223490 1.881610 0.595000
v -0.062490 1.731480 0.421640
v -0.089580 1.743910 0.309610
v -0.193760 1.867950 0.662970
v -0.116070 1.776610 0.572980
v -0.036940 1.685210 0.469280
v -0.006060 1.678040 0.342060
v -0.036300 1.714110 0.208270
v 0.021920 1.638670 0.418650
v -0.163660 1.791920 0.449230
v -0.179570 1.750160 0.527060
v -0.179570 1.750160 0.527060
v -0.230890 1.868950 0.590250
v -0.243270 1.837140 0.630610
v -0.243270 1.837140 0.630610
v -0.112380 1.715350 0.302610
v -0.123530 1.684460 0.407120
v -0.123530 1.684460 0.407120
v -0.211440 1.838370 0.654260
v -0.130530 1.752680 0.571740
v -0.065240 1.642070 0.450810
v -0.091840 1.679380 0.201020
v -0.106650 1.626910 0.299480
v -0.106650 1.626910 0.299480
v -0.037500 1.592720 0.404390
v -0.223380 1.886760 0.645540
v -0.238030 1.895540 0.619000
v -0.207240 1.873310 0.671920
v -0.245410 1.885220 0.615160
v -0.244190 1.855140 0.642460
v -0.244190 1.855140 0.642460
v -0.229710 1.857500 0.661800
v 0.042720 1.631760 0.250740
v 0.021610 1.686930 0.075190
v 0.165200 1.532560 0.307570
v -0.003460 1.669880 0.073400
v -0.029710 1.570960 0.216160
v -0.029710 1.570960 0.216160
v 0.146830 1.516980 0.294060
v 0.113080 1.587660 0.313860
v 0.011690 1.673410 0.162760
v -0.037190 1.623680 0.133080
v 0.066910 1.533730 0.287000
v -0.207230 1.777460 -0.283820
v -0.163010 1.774880 -0.303450
v -0.253770 1.824600 -0.414990
v -0.225530 1.825970 -0.420890
v -0.278270 1.856190 -0.532360
v -0.256590 1.852560 -0.533310
v -0.152390 1.699530 -0.159470
v -0.085070 1.696140 -0.190800
v -0.290290 1.853380 -0.690610
v -0.279360 1.853250 -0.692490
v -0.298990 1.845480 -0.690690
v -0.298060 1.849920 -0.531950
v -0.286970 1.816850 -0.409930
v -0.249640 1.771720 -0.270480
v -0.210170 1.709090 -0.140150
v -0.078410 1.610620 -0.069850
v -0.006930 1.597250 -0.102880
v -0.128000 1.578930 0.023280
v -0.292510 1.847100 -0.722710
v -0.282940 1.848390 -0.723190
v -0.298190 1.845190 -0.719530
v -0.165330 1.750340 -0.310270
v -0.212970 1.731680 -0.304950
v -0.212970 1.731680 -0.304950
v -0.227380 1.800840 -0.428600
v -0.255320 1.786130 -0.430770
v -0.255320 1.786130 -0.430770
v -0.255110 1.834470 -0.530930
v -0.279260 1.814510 -0.539990
v -0.279260 1.814510 -0.539990
v -0.089540 1.668410 -0.200560
v -0.164930 1.658750 -0.199120
v -0.164930 1.658750 -0.199120
v -0.273960 1.837360 -0.689590
v -0.288230 1.825810 -0.701570
v -0.288230 1.825810 -0.701570
v -0.300040 1.834400 -0.689250
v -0.304620 1.832440 -0.532460
v -0.291250 1.799300 -0.413350
v -0.251690 1.751170 -0.274530
v -0.216410 1.689780 -0.153350
v -0.008270 1.539760 -0.109870
v -0.076210 1.518200 -0.084290
v -0.076210 1.518200 -0.084290
v -0.124550 1.526020 0.012260
v -0.280750 1.837200 -0.720350
v -0.290790 1.832380 -0.720600
v -0.290790 1.832380 -0.720600
v -0.299060 1.835900 -0.719120
v 0.005130 1.420680 0.077900
v 0.154080 1.375620 0.057800
v -0.088280 1.387530 0.200760
v 0.142470 1.363140 0.037940
v -0.014070 1.366480 0.022240
v -0.014070 1.366480 0.022240
v -0.089690 1.371610 0.186410
v -0.056930 1.418090 0.134840
v 0.085980 1.408700 0.051790
v 0.073110 1.362600 0.013700
v -0.077660 1.372740 0.100980
v 0.288920 1.793040 -0.295470
v 0.327060 1.754250 -0.298330
v 0.296590 1.821420 -0.399400
v 0.327050 1.794130 -0.402030
v 0.276580 1.769440 -0.241050
v 0.301220 1.719940 -0.211770
v 0.255510 1.842260 -0.406510
v 0.230830 1.825650 -0.294830
v 0.188680 1.801010 -0.217100
v 0.238310 1.728360 -0.124010
v 0.297950 1.692940 -0.134170
v 0.155580 1.756590 -0.121850
v 0.310390 1.736090 -0.319800
v 0.246170 1.740030 -0.320650
v 0.246170 1.740030 -0.320650
v 0.311830 1.768570 -0.398540
v 0.271470 1.768860 -0.406370
v 0.271470 1.768860 -0.406370
v 0.248040 1.814580 -0.438590
v 0.299160 1.694180 -0.236350
v 0.231880 1.698330 -0.251200
v 0.231880 1.698330 -0.251200
v 0.278790 1.783640 -0.443300
v 0.278790 1.783640 -0.443300
v 0.314830 1.781290 -0.437230
v 0.260480 1.836290 -0.440310
v 0.243190 1.817440 -0.404240
v 0.209210 1.802560 -0.308370
v 0.164120 1.758730 -0.230140
v 0.268940 1.609410 -0.148890
v 0.211870 1.646420 -0.191610
v 0.211870 1.646420 -0.191610
v 0.134490 1.740780 -0.187510
v 0.326170 1.797400 -0.432270
v 0.292550 1.822640 -0.436200
v 0.137660 1.631540 0.102170
v 0.249810 1.503700 0.174870
v -0.031400 1.653750 0.164630
v 0.226060 1.476310 0.131810
v 0.104260 1.553130 0.015800
v 0.104260 1.553130 0.015800
v -0.053230 1.620140 0.132750
v 0.043890 1.660950 0.109850
v 0.213760 1.568840 0.119040
v 0.179500 1.505940 0.063220
v 0.008010 1.599850 0.053170
v 0.070230 1.843200 -0.360060
v 0.102940 1.816480 -0.370660
v 0.062010 1.856430 -0.459900
v 0.090890 1.840410 -0.469790
v 0.055110 1.853010 -0.560100
v 0.079730 1.837390 -0.564280
v 0.060290 1.793600 -0.220710
v 0.117590 1.775160 -0.277940
v 0.056880 1.829980 -0.657570
v 0.072460 1.818960 -0.659180
v 0.039380 1.832500 -0.650360
v 0.028020 1.857930 -0.560400
v 0.027340 1.863130 -0.436160
v 0.014450 1.849910 -0.309870
v -0.007040 1.801180 -0.195730
v 0.066650 1.750560 -0.132860
v 0.139780 1.735220 -0.207660
v -0.017320 1.763290 -0.079710
v 0.058060 1.818210 -0.702090
v 0.071920 1.812150 -0.698690
v 0.046520 1.819520 -0.698540
v 0.097100 1.797410 -0.374980
v 0.047340 1.789260 -0.369300
v 0.047340 1.789260 -0.369300
v 0.089180 1.824450 -0.470440
v 0.043630 1.808110 -0.471010
v 0.043630 1.808110 -0.471010
v 0.080060 1.824370 -0.563580
v 0.047980 1.805540 -0.566960
v 0.047980 1.805540 -0.566960
v 0.096030 1.730310 -0.263570
v 0.045370 1.722490 -0.245510
v 0.045370 1.722490 -0.245510
v 0.072270 1.807260 -0.657610
v 0.051790 1.793760 -0.661790
v 0.051790 1.793760 -0.661790
v 0.034260 1.822690 -0.649680
v 0.021530 1.844850 -0.563820
v 0.011700 1.851650 -0.441190
v 0.003970 1.821840 -0.318860
v -0.007230 1.747450 -0.208200
v 0.109490 1.618220 -0.162210
v 0.029540 1.608500 -0.125760
v 0.029540 1.608500 -0.125760
v -0.047800 1.634380 -0.043080
v 0.072370 1.800690 -0.694200
v 0.055200 1.797080 -0.697940
v 0.055200 1.797080 -0.697940
v 0.038200 1.811140 -0.696130
v 0.050430 1.580320 0.080190
v 0.186870 1.498140 0.075710
v -0.057270 1.584610 0.190310
v 0.159320 1.464230 0.053970
v 0.009370 1.501570 0.021560
v 0.009370 1.501570 0.021560
v -0.075540 1.546670 0.175930
v -0.015500 1.599600 0.130990
v 0.129430 1.546980 0.063410
v 0.093260 1.476780 0.023030
v -0.057150 1.532690 0.092020
v -0.251490 1.966080 0.020180
v -0.238150 1.964430 -0.032820
v -0.345360 2.047090 -0.036380
v -0.327710 2.039810 -0.065120
v -0.455530 2.130320 -0.110660
v -0.443930 2.120960 -0.131440
v -0.140710 1.851350 0.077960
v -0.126840 1.880830 -0.022310
v -0.537300 2.164280 -0.185650
v -0.527340 2.160060 -0.196310
v -0.547620 2.162130 -0.176530
v -0.469640 2.125220 -0.088740
v -0.369860 2.050650 -0.001380
v -0.269020 1.955600 0.078150
v -0.187350 1.860210 0.151090
v -0.043070 1.791060 0.111160
v -0.056380 1.791550 -0.025520
v -0.087140 1.765630 0.209290
v -0.615830 2.187730 -0.276080
v -0.609680 2.185510 -0.281850
v -0.618770 2.186720 -0.269820
v -0.246510 1.951300 -0.039710
v -0.292330 1.916130 0.000040
v -0.292330 1.916130 0.000040
v -0.329040 2.023760 -0.070140
v -0.375640 1.996660 -0.050520
v -0.375640 1.996660 -0.050520
v -0.444390 2.112000 -0.136880
v -0.473200 2.088650 -0.126330
v -0.473200 2.088650 -0.126330
v -0.127820 1.823310 -0.022190
v -0.203110 1.813750 0.038740
v -0.203110 1.813750 0.038740
v -0.524820 2.153260 -0.200760
v -0.546240 2.132660 -0.194880
v -0.546240 2.132660 -0.194880
v -0.551760 2.154670 -0.173740
v -0.477880 2.113330 -0.084810
v -0.385340 2.034780 -0.003500
v -0.285270 1.936850 0.074190
v -0.206450 1.829560 0.126810
v -0.066290 1.667050 -0.007340
v -0.118210 1.631250 0.071310
v -0.118210 1.631250 0.071310
v -0.095060 1.639120 0.188210
v -0.609560 2.174580 -0.279930
v -0.618260 2.167410 -0.273610
v -0.618260 2.167410 -0.273610
v -0.623840 2.179450 -0.266160
v 0.090390 1.618370 0.129100
v 0.166030 1.540470 0.024460
v 0.080980 1.470260 0.325160
v 0.134000 1.532330 0.015750
v -0.038710 1.522670 0.061490
v -0.038710 1.522670 0.061490
v 0.061770 1.453590 0.308090
v 0.068560 1.565140 0.252340
v 0.128930 1.607790 0.021970
v 0.060360 1.521240 0.017670
v -0.018450 1.492180 0.211770
v 0.357610 1.721020 0.476630
v 0.309780 1.754160 0.484760
v 0.391110 1.744800 0.531390
v 0.348540 1.772200 0.544790
v 0.321370 1.698990 0.418380
v 0.269190 1.741290 0.425050
v 0.420390 1.713390 0.512800
v 0.397460 1.680640 0.445770
v 0.374040 1.663820 0.377930
v 0.252920 1.663710 0.314520
v 0.224020 1.737800 0.374590
v 0.330190 1.649640 0.297130
v 0.295470 1.739800 0.495830
v 0.347130 1.673300 0.519070
v 0.347130 1.673300 0.519070
v 0.337590 1.755380 0.554260
v 0.380780 1.705280 0.571400
v 0.380780 1.705280 0.571400
v 0.421070 1.710390 0.556960
v 0.253440 1.716370 0.432230
v 0.319600 1.649000 0.449240
v 0.319600 1.649000 0.449240
v 0.394490 1.730680 0.583490
v 0.394490 1.730680 0.583490
v 0.358850 1.766360 0.579570
v 0.427000 1.727270 0.542780
v 0.416390 1.693030 0.523420
v 0.395100 1.660230 0.458570
v 0.364080 1.646620 0.389380
v 0.191890 1.707830 0.379480
v 0.267260 1.603290 0.379050
v 0.267260 1.603290 0.379050
v 0.323060 1.620880 0.309300
v 0.368490 1.780680 0.567760
v 0.396040 1.749310 0.552640
v 0.184590 1.655140 0.249080
v 0.044220 1.701690 0.269550
v 0.248480 1.567450 0.149640
v 0.044250 1.684090 0.290720
v 0.162800 1.584060 0.314280
v 0.162800 1.584060 0.314280
v 0.237710 1.552380 0.164260
v 0.243380 1.607410 0.188570
v 0.101120 1.704500 0.273160
v 0.084500 1.643820 0.317200
v 0.230570 1.543370 0.229340
v 0.472900 1.805410 0.301080
v 0.440970 1.811300 0.344770
v 0.564420 1.907900 0.346990
v 0.535700 1.897850 0.377890
v 0.648080 1.989640 0.378680
v 0.631260 1.979450 0.408110
v 0.409110 1.741300 0.251860
v 0.360790 1.745330 0.309590
v 0.706870 2.044110 0.407740
v 0.694280 2.041860 0.427220
v 0.706470 2.039470 0.381530
v 0.660320 1.986070 0.348450
v 0.587910 1.918330 0.304820
v 0.525010 1.845560 0.259470
v 0.439600 1.759740 0.197030
v 0.336950 1.720700 0.229930
v 0.294770 1.721000 0.296440
v 0.383210 1.736340 0.165230
v 0.735000 2.073760 0.424330
v 0.724290 2.070120 0.432880
v 0.742340 2.077450 0.409920
v 0.445670 1.796990 0.357240
v 0.522200 1.787580 0.327840
v 0.522200 1.787580 0.327840
v 0.544150 1.882610 0.382010
v 0.603270 1.876850 0.358490
v 0.603270 1.876850 0.358490
v 0.639190 1.971090 0.415680
v 0.677610 1.957140 0.390570
v 0.677610 1.957140 0.390570
v 0.377810 1.732590 0.337730
v 0.467630 1.729390 0.308780
v 0.467630 1.729390 0.308780
v 0.700770 2.037400 0.435300
v 0.732090 2.027630 0.420080
v 0.732090 2.027630 0.420080
v 0.718720 2.033960 0.382760
v 0.667650 1.973370 0.348690
v 0.597260 1.899170 0.301430
v 0.537130 1.821110 0.262270
v 0.460380 1.738310 0.210340
v 0.306920 1.674480 0.305470
v 0.342950 1.646730 0.257740
v 0.342950 1.646730 0.257740
v 0.409210 1.702680 0.186960
v 0.736050 2.067570 0.449890
v 0.755530 2.059930 0.430330
v 0.755530 2.059930 0.430330
v 0.759100 2.063310 0.418060
v 0.211660 1.639450 0.202240
v 0.095670 1.641930 0.321220
v 0.194510 1.581060 0.046200
v 0.113480 1.625670 0.331810
v 0.246890 1.576700 0.246120
v 0.246890 1.576700 0.246120
v 0.200730 1.563650 0.059540
v 0.222550 1.618190 0.115540
v 0.161500 1.653450 0.277760
v 0.183000 1.601630 0.308730
v 0.247390 1.564680 0.139120
v 0.303310 2.006020 0.484070
v 0.248180 2.009090 0.454540
v 0.309440 2.107210 0.568820
v 0.273330 2.117020 0.553850
v 0.293420 2.206790 0.675090
v 0.270580 2.203350 0.660890
v 0.279380 1.906390 0.379370
v 0.172640 1.893620 0.345310
v 0.265540 2.290780 0.773530
v 0.254250 2.286640 0.772280
v 0.282980 2.285890 0.782170
v 0.314650 2.206170 0.682780
v 0.356800 2.091830 0.584800
v 0.363170 1.990000 0.508550
v 0.346650 1.874420 0.419060
v 0.255520 1.829860 0.290090
v 0.169340 1.867340 0.300670
v 0.324120 1.775070 0.318840
v 0.252250 2.324230 0.832010
v 0.247230 2.319260 0.819360
v 0.266690 2.310640 0.821970
v 0.238210 2.000180 0.467530
v 0.284670 1.966180 0.524200
v 0.284670 1.966180 0.524200
v 0.263890 2.108070 0.560650
v 0.296440 2.069000 0.603070
v 0.296440 2.069000 0.603070
v 0.265840 2.192600 0.668560
v 0.284590 2.182920 0.697760
v 0.284590 2.182920 0.697760
v 0.160720 1.882610 0.377180
v 0.259040 1.856280 0.450330
v 0.259040 1.856280 0.450330
v 0.249800 2.281690 0.776190
v 0.256160 2.270940 0.798520
v 0.256160 2.270940 0.798520
v 0.281480 2.276120 0.791610
v 0.313910 2.193960 0.693250
v 0.350260 2.081590 0.596570
v 0.355110 1.978290 0.519450
v 0.333550 1.855400 0.423710
v 0.116460 1.782820 0.305340
v 0.215370 1.712510 0.381940
v 0.215370 1.712510 0.381940
v 0.294740 1.719920 0.312960
v 0.240430 2.311830 0.824030
v 0.246660 2.310720 0.839390
v 0.246660 2.310720 0.839390
v 0.259560 2.306970 0.833820
v 0.196830 1.715720 0.190010
v 0.014160 1.762030 0.163680
v 0.269270 1.621040 0.126740
v 0.010090 1.746870 0.189740
v 0.138170 1.619280 0.270430
v 0.138170 1.619280 0.270430
v 0.271430 1.602150 0.146900
v 0.267470 1.654750 0.147610
v 0.102670 1.770690 0.188320
v 0.063260 1.697650 0.250860
v 0.238630 1.579150 0.208750
v 0.302060 1.868700 0.021290
v 0.384550 1.872940 0.024280
v 0.246210 1.912820 0.021680
v 0.268060 1.840510 0.056910
v 0.356630 1.834500 0.092930
v 0.218060 1.885020 0.055090
v 0.382620 1.842970 0.011310
v 0.319510 1.826960 -0.023440
v 0.319510 1.826960 -0.023440
v 0.229970 1.835340 -0.016970
v 0.306670 1.794030 -0.006140
v 0.306670 1.794030 -0.006140
v 0.360430 1.793400 0.044650
v 0.234440 1.899640 0.036580
v 0.250410 1.851890 -0.026370
v 0.341800 1.747280 0.062710
v 0.279050 1.747300 0.015560
v 0.279050 1.747300 0.015560
v 0.211320 1.803090 -0.000730
v 0.289830 1.859650 0.037470
v 0.365810 1.852240 0.055660
v 0.393580 1.907240 -0.011890
v 0.313080 1.888300 -0.003090
v 0.257400 1.909290 0.009500
v 0.391270 1.897960 -0.026760
v 0.331340 1.866220 -0.042740
v 0.331340 1.866220 -0.042740
v 0.331340 1.866220 -0.042740
v 0.270420 1.865150 -0.029710
v 0.207490 1.722040 0.098820
v 0.278520 1.649350 0.188760
v 0.083250 1.744150 0.075350
v 0.283150 1.630140 0.157360
v 0.222610 1.668780 0.037970
v 0.222610 1.668780 0.037970
v 0.088260 1.720920 0.052590
v 0.145060 1.744240 0.077000
v 0.256410 1.689420 0.143640
v 0.266190 1.642710 0.096810
v 0.146770 1.702830 0.025520
v 0.072930 1.935940 0.479690
v 0.075390 1.952740 0.421030
v 0.144950 2.021480 0.511110
v 0.123070 2.032170 0.491010
v 0.232460 2.125510 0.503200
v 0.206550 2.131250 0.488960
v 0.100700 1.807340 0.399500
v 0.080940 1.840090 0.322510
v 0.265800 2.214450 0.478770
v 0.252140 2.217710 0.470890
v 0.270620 2.217310 0.499140
v 0.235480 2.125660 0.530190
v 0.170040 2.007400 0.536850
v 0.090860 1.922800 0.514880
v 0.151820 1.806060 0.437590
v 0.097050 1.757020 0.371490
v 0.078780 1.782480 0.311650
v 0.148690 1.747770 0.407840
v 0.303500 2.297010 0.441230
v 0.295580 2.297840 0.434120
v 0.307370 2.299050 0.454710
v 0.041750 1.949570 0.416080
v 0.028530 1.937290 0.497970
v 0.028530 1.937290 0.497970
v 0.108290 2.040710 0.496850
v 0.115380 2.036030 0.544090
v 0.115380 2.036030 0.544090
v 0.196590 2.136640 0.484410
v 0.189130 2.138490 0.524540
v 0.189130 2.138490 0.524540
v 0.018060 1.856090 0.356620
v 0.038260 1.814770 0.430170
v 0.038260 1.814770 0.430170
v 0.244670 2.227260 0.475580
v 0.248020 2.234110 0.498840
v 0.248020 2.234110 0.498840
v 0.264490 2.221020 0.504110
v 0.223340 2.133390 0.537260
v 0.156310 2.013340 0.549470
v 0.069910 1.920570 0.527250
v 0.124010 1.799050 0.460750
v 0.017000 1.787320 0.336180
v 0.039290 1.709820 0.379300
v 0.039290 1.709820 0.379300
v 0.108360 1.719070 0.423930
v 0.290020 2.317240 0.433030
v 0.294450 2.322940 0.444340
v 0.294450 2.322940 0.444340
v 0.301580 2.313910 0.455030
v 0.056180 1.652490 0.252680
v 0.013940 1.654370 0.123980
v 0.156030 1.576370 0.307320
v -0.004780 1.649120 0.134540
v -0.006080 1.623700 0.269830
v -0.006080 1.623700 0.269830
v 0.137620 1.566330 0.310250
v 0.105800 1.624940 0.295910
v 0.024270 1.662330 0.188330
v -0.020990 1.641420 0.196750
v 0.065720 1.593020 0.312690
v -0.107890 1.991290 0.398030
v -0.117740 2.007510 0.344060
v -0.163490 2.097710 0.450000
v -0.169200 2.100080 0.411470
v -0.234250 2.207830 0.494540
v -0.233180 2.202460 0.471260
v -0.038340 1.850390 0.330000
v -0.062250 1.895130 0.245810
v -0.323280 2.292470 0.514450
v -0.323180 2.290970 0.500750
v -0.327540 2.286690 0.523190
v -0.242830 2.203200 0.514580
v -0.164530 2.081750 0.490320
v -0.101210 1.984640 0.449690
v -0.035070 1.872370 0.410430
v -0.001200 1.798420 0.276090
v -0.031470 1.865120 0.224280
v 0.029150 1.778130 0.376020
v -0.369980 2.334840 0.520090
v -0.368930 2.335530 0.511180
v -0.370260 2.330460 0.525430
v -0.140150 1.999550 0.336960
v -0.163070 1.965480 0.395260
v -0.163070 1.965480 0.395260
v -0.185380 2.090760 0.405850
v -0.209340 2.067700 0.449030
v -0.209340 2.067700 0.449030
v -0.240980 2.198730 0.466840
v -0.267460 2.188210 0.493380
v -0.267460 2.188210 0.493380
v -0.096260 1.891310 0.245980
v -0.118460 1.852800 0.336350
v -0.118460 1.852800 0.336350
v -0.331440 2.282810 0.498290
v -0.345230 2.283210 0.508920
v -0.345230 2.283210 0.508920
v -0.334520 2.282160 0.522150
v -0.252220 2.195930 0.512760
v -0.178800 2.077050 0.487540
v -0.129680 1.973310 0.442940
v -0.077610 1.849430 0.403720
v -0.070230 1.797740 0.172780
v -0.084370 1.708210 0.252630
v -0.084370 1.708210 0.252630
v -0.030800 1.713810 0.355090
v -0.373190 2.324060 0.509030
v -0.375440 2.323030 0.516750
v -0.375440 2.323030 0.516750
v -0.374710 2.321440 0.526470
v 0.050460 1.662190 0.197690
v 0.043080 1.635640 0.042570
v 0.126020 1.565780 0.306680
v 0.018340 1.630230 0.047460
v -0.032580 1.617450 0.198050
v -0.032580 1.617450 0.198050
v 0.106440 1.554940 0.302710
v 0.089190 1.632220 0.268920
v 0.040470 1.670460 0.110090
v -0.021770 1.628450 0.111190
v 0.028590 1.586800 0.275270
v 0.147070 1.735160 0.452150
v 0.093330 1.797130 0.462270
v 0.216950 1.723380 0.458770
v 0.156080 1.705260 0.404780
v 0.095830 1.776030 0.381540
v 0.221860 1.697120 0.414400
v 0.071590 1.772750 0.464060
v 0.098860 1.706630 0.482300
v 0.098860 1.706630 0.482300
v 0.167800 1.650690 0.466590
v 0.087120 1.682680 0.453370
v 0.087120 1.682680 0.453370
v 0.057000 1.737080 0.413310
v 0.218040 1.711730 0.438820
v 0.163900 1.672380 0.483740
v 0.040100 1.701030 0.378460
v 0.076560 1.641100 0.413660
v 0.076560 1.641100 0.413660
v 0.160420 1.622700 0.438070
v 0.151580 1.726190 0.432340
v 0.096410 1.781300 0.423490
v 0.105850 1.813020 0.508720
v 0.149600 1.747150 0.482970
v 0.149600 1.747150 0.482970
v 0.149600 1.747150 0.482970
v 0.204890 1.725060 0.470490
v 0.098680 1.800670 0.519160
v 0.115450 1.733180 0.515080
v 0.115450 1.733180 0.515080
v 0.158870 1.693720 0.494080
v 0.120800 1.602190 0.317640
v 0.033770 1.636680 0.219390
v 0.219000 1.520410 0.329590
v 0.012310 1.617570 0.242870
v 0.063670 1.559490 0.358630
v 0.063670 1.559490 0.358630
v 0.195740 1.501910 0.343730
v 0.176470 1.564720 0.336710
v 0.070590 1.631200 0.271770
v 0.023870 1.593440 0.301150
v 0.138390 1.523040 0.371070
v 0.110110 1.963670 -0.282790
v 0.140080 1.946590 -0.313400
v 0.088690 1.978280 -0.397180
v 0.109450 1.965500 -0.405910
v 0.064320 1.979770 -0.513190
v 0.083270 1.967970 -0.502780
v 0.115020 1.924700 -0.176400
v 0.167010 1.911010 -0.228690
v 0.046540 1.970350 -0.605650
v 0.054630 1.960920 -0.604200
v 0.033570 1.973010 -0.601500
v 0.048570 1.987600 -0.509140
v 0.067890 1.989730 -0.392570
v 0.073860 1.975820 -0.268920
v 0.052090 1.946660 -0.157150
v 0.110350 1.831040 -0.047420
v 0.194520 1.834840 -0.122150
v 0.044440 1.888310 -0.061010
v 0.030580 1.959060 -0.663630
v 0.035420 1.950540 -0.661160
v 0.019830 1.959870 -0.662330
v 0.144480 1.927250 -0.325730
v 0.077130 1.915730 -0.324290
v 0.077130 1.915730 -0.324290
v 0.112440 1.943000 -0.404270
v 0.067630 1.935730 -0.415660
v 0.067630 1.935730 -0.415660
v 0.085130 1.954450 -0.500870
v 0.047910 1.945770 -0.510000
v 0.047910 1.945770 -0.510000
v 0.156920 1.881140 -0.240620
v 0.091950 1.879500 -0.233190
v 0.091950 1.879500 -0.233190
v 0.052030 1.952780 -0.603740
v 0.034390 1.944950 -0.605820
v 0.034390 1.944950 -0.605820
v 0.026160 1.960310 -0.603490
v 0.036180 1.978970 -0.512330
v 0.050960 1.979440 -0.397480
v 0.049260 1.959070 -0.274330
v 0.044620 1.924060 -0.172420
v 0.159030 1.782510 -0.113450
v 0.103780 1.770880 -0.103650
v 0.103780 1.770880 -0.103650
v 0.039890 1.809460 -0.086210
v 0.033460 1.939840 -0.659980
v 0.021470 1.935670 -0.665650
v 0.021470 1.935670 -0.665650
v 0.014130 1.946100 -0.665750
v 0.100120 1.667710 0.072740
v 0.222020 1.585360 0.103440
v -0.026260 1.680060 0.155070
v 0.213280 1.574590 0.083510
v 0.084690 1.614170 0.019320
v 0.084690 1.614170 0.019320
v -0.027830 1.663390 0.142490
v 0.029000 1.689860 0.103920
v 0.174310 1.632900 0.076190
v 0.161560 1.588450 0.040030
v 0.008020 1.647570 0.069280
v -0.114630 1.999170 -0.162730
v -0.092790 1.994160 -0.193820
v -0.189110 2.040490 -0.260830
v -0.152540 2.029240 -0.275520
v -0.244090 2.046480 -0.358170
v -0.224400 2.035120 -0.370340
v -0.068190 1.944110 -0.082010
v -0.036700 1.941760 -0.132290
v -0.298920 2.034730 -0.475960
v -0.288610 2.030720 -0.481410
v -0.312720 2.032590 -0.472530
v -0.257860 2.044630 -0.350340
v -0.215580 2.038380 -0.242250
v -0.149140 1.995330 -0.117670
v -0.106820 1.923830 -0.009710
v -0.015310 1.883500 -0.012000
v 0.031410 1.883080 -0.082050
v -0.095330 1.886940 0.041400
v -0.324700 2.020200 -0.535180
v -0.313670 2.018810 -0.525700
v -0.328640 2.022770 -0.523050
v -0.095790 1.975490 -0.201640
v -0.134090 1.947110 -0.179370
v -0.134090 1.947110 -0.179370
v -0.150360 2.018460 -0.276470
v -0.186860 1.986190 -0.261600
v -0.186860 1.986190 -0.261600
v -0.223320 2.027050 -0.370390
v -0.250050 2.001880 -0.363370
v -0.250050 2.001880 -0.363370
v -0.041510 1.924570 -0.149970
v -0.089530 1.890970 -0.119950
v -0.089530 1.890970 -0.119950
v -0.287140 2.023010 -0.481380
v -0.305410 2.005590 -0.477560
v -0.305410 2.005590 -0.477560
v -0.317700 2.024970 -0.472520
v -0.271750 2.034680 -0.350750
v -0.224640 2.028310 -0.243810
v -0.161560 1.971760 -0.120420
v -0.123160 1.898550 -0.040440
v 0.025170 1.806290 -0.086060
v -0.029520 1.768990 -0.059080
v -0.029520 1.768990 -0.059080
v -0.087740 1.825870 0.022260
v -0.310730 2.007960 -0.527050
v -0.325240 2.003030 -0.534320
v -0.325240 2.003030 -0.534320
v -0.335050 2.010390 -0.526550
v 0.056630 1.665900 0.089940
v 0.161350 1.581330 0.048170
v -0.009290 1.662070 0.220460
v 0.144280 1.573680 0.033800
v 0.010540 1.619010 0.049550
v 0.010540 1.619010 0.049550
v -0.017580 1.647820 0.208730
v 0.015660 1.683640 0.152300
v 0.115890 1.631610 0.052210
v 0.080650 1.591680 0.025560
v -0.024990 1.643790 0.131200
v 0.317530 1.901080 -0.197000
v 0.360600 1.871800 -0.213010
v 0.355020 1.905280 -0.314530
v 0.379710 1.880510 -0.303530
v 0.379530 1.899540 -0.436870
v 0.399400 1.881670 -0.429470
v 0.262140 1.866610 -0.092610
v 0.324830 1.844100 -0.099230
v 0.392540 1.881480 -0.539210
v 0.402470 1.869460 -0.534660
v 0.376030 1.886200 -0.538910
v 0.356300 1.910080 -0.443500
v 0.323230 1.925120 -0.330880
v 0.263200 1.922620 -0.205680
v 0.189830 1.892030 -0.084220
v 0.184780 1.809130 0.013820
v 0.270230 1.814290 -0.003180
v 0.139930 1.833330 -0.003990
v 0.390850 1.850960 -0.637180
v 0.396970 1.841600 -0.633410
v 0.382070 1.852730 -0.637080
v 0.360900 1.853940 -0.219110
v 0.295820 1.848760 -0.234750
v 0.295820 1.848760 -0.234750
v 0.379830 1.861430 -0.306770
v 0.331590 1.858480 -0.336090
v 0.331590 1.858480 -0.336090
v 0.397000 1.868100 -0.427600
v 0.357590 1.858710 -0.450960
v 0.357590 1.858710 -0.450960
v 0.320640 1.825780 -0.107730
v 0.261790 1.821150 -0.146180
v 0.261790 1.821150 -0.146180
v 0.398810 1.860190 -0.530580
v 0.372840 1.853900 -0.541340
v 0.372840 1.853900 -0.541340
v 0.368490 1.882250 -0.539030
v 0.349400 1.903740 -0.443380
v 0.312310 1.916270 -0.333460
v 0.253480 1.909520 -0.212150
v 0.180560 1.874080 -0.099290
v 0.272990 1.791500 -0.019120
v 0.236540 1.794840 -0.073480
v 0.236540 1.794840 -0.073480
v 0.129920 1.821690 -0.034310
v 0.391170 1.832100 -0.629780
v 0.377730 1.837470 -0.631390
v 0.377730 1.837470 -0.631390
v 0.376840 1.845200 -0.633130
v 0.138460 1.693570 0.073300
v 0.227030 1.622640 0.112950
v 0.023080 1.690870 0.105970
v 0.227430 1.616470 0.092130
v 0.141840 1.660150 0.018720
v 0.141840 1.660150 0.018720
v 0.024280 1.680040 0.092370
v 0.076820 1.705840 0.083040
v 0.195470 1.664750 0.087370
v 0.196550 1.634840 0.048110
v 0.069780 1.678840 0.042830
v 0.465990 1.989350 0.083150
v 0.528640 1.989040 0.114260
v 0.547130 2.125110 0.036780
v 0.583090 2.116930 0.049600
v 0.596640 2.243490 -0.017480
v 0.620050 2.234650 -0.017720
v 0.394300 1.885870 0.118750
v 0.439020 1.872600 0.160260
v 0.626600 2.340350 -0.055910
v 0.640370 2.336370 -0.058370
v 0.613620 2.340800 -0.063150
v 0.574750 2.253920 -0.028660
v 0.514380 2.142180 0.013690
v 0.431210 2.036630 0.061970
v 0.348090 1.937720 0.080660
v 0.369230 1.843970 0.121600
v 0.388900 1.820810 0.178860
v 0.308570 1.875870 0.084430
v 0.653720 2.449540 -0.101770
v 0.657790 2.432110 -0.098410
v 0.640630 2.442720 -0.099160
v 0.531570 1.974130 0.099710
v 0.502370 1.988260 0.028160
v 0.502370 1.988260 0.028160
v 0.598570 2.105820 0.041060
v 0.564450 2.104510 -0.012730
v 0.564450 2.104510 -0.012730
v 0.627700 2.230520 -0.022790
v 0.606730 2.220600 -0.056350
v 0.606730 2.220600 -0.056350
v 0.458840 1.860360 0.145820
v 0.446550 1.893880 0.048240
v 0.446550 1.893880 0.048240
v 0.642150 2.334170 -0.064860
v 0.634050 2.331570 -0.082390
v 0.634050 2.331570 -0.082390
v 0.613840 2.338800 -0.072230
v 0.580000 2.246920 -0.045340
v 0.516320 2.127790 -0.001760
v 0.438410 2.023020 0.039640
v 0.357290 1.916600 0.047810
v 0.380890 1.746300 0.163540
v 0.345330 1.731190 0.083360
v 0.345330 1.731190 0.083360
v 0.320330 1.859640 0.042070
v 0.656440 2.426160 -0.104010
v 0.650950 2.422500 -0.111030
v 0.650950 2.422500 -0.111030
v 0.639170 2.431660 -0.109940
v 0.204490 1.659690 0.115550
v 0.239860 1.615620 0.220340
v 0.099970 1.640470 0.060930
v 0.255720 1.605750 0.206910
v 0.246070 1.621760 0.086600
v 0.246070 1.621760 0.086600
v 0.110920 1.629070 0.054420
v 0.154850 1.658690 0.078110
v 0.235060 1.646770 0.169850
v 0.264410 1.611590 0.150660
v 0.178030 1.629780 0.050370
v 0.285180 2.158380 0.056870
v 0.333360 2.164020 0.028930
v 0.280970 2.276010 0.003710
v 0.307970 2.275870 -0.015400
v 0.243200 2.401870 -0.054050
v 0.261040 2.396690 -0.080000
v 0.280300 2.001890 0.109650
v 0.348840 1.990120 0.084540
v 0.212960 2.475630 -0.120550
v 0.224490 2.466790 -0.137390
v 0.196300 2.477190 -0.108200
v 0.220900 2.403080 -0.039990
v 0.242490 2.289090 0.031570
v 0.240270 2.173290 0.091400
v 0.226830 2.053920 0.140570
v 0.267320 1.915810 0.126080
v 0.351640 1.928170 0.109450
v 0.206880 2.006160 0.168480
v 0.170980 2.557740 -0.193910
v 0.173950 2.554700 -0.206160
v 0.160190 2.552680 -0.193810
v 0.327910 2.160890 0.009280
v 0.266500 2.152940 0.005170
v 0.266500 2.152940 0.005170
v 0.304710 2.273150 -0.027020
v 0.252620 2.277620 -0.040690
v 0.252620 2.277620 -0.040690
v 0.259080 2.389370 -0.089790
v 0.229340 2.383780 -0.088070
v 0.229340 2.383780 -0.088070
v 0.341210 1.988460 0.064850
v 0.262420 2.007990 0.044190
v 0.262420 2.007990 0.044190
v 0.216190 2.463290 -0.138320
v 0.195040 2.456700 -0.132930
v 0.195040 2.456700 -0.132930
v 0.190280 2.471720 -0.113760
v 0.212990 2.396760 -0.047130
v 0.233760 2.281090 0.019420
v 0.228190 2.155780 0.074180
v 0.209530 2.044170 0.121420
v 0.327990 1.885250 0.079970
v 0.243030 1.867810 0.063330
v 0.243030 1.867810 0.063330
v 0.181580 1.950850 0.139770
v 0.169200 2.548840 -0.212380
v 0.162750 2.549850 -0.210380
v 0.162750 2.549850 -0.210380
v 0.157520 2.549620 -0.201320
v 0.237030 1.801420 0.178100
v 0.237030 1.801420 0.178100
v 0.313350 1.682470 0.162400
v 0.115620 1.783790 0.274660
v 0.303500 1.685770 0.141900
v 0.208710 1.785690 0.105220
v 0.208710 1.785690 0.105220
v 0.110070 1.776450 0.255390
v 0.170990 1.813180 0.227380
v 0.303710 1.758570 0.151720
v 0.284920 1.740330 0.099210
v 0.139820 1.798250 0.177990
v 0.124230 2.106590 0.005520
v 0.169930 2.100570 -0.038600
v 0.066670 2.182440 -0.065580
v 0.095430 2.178500 -0.098410
v -0.003770 2.242510 -0.150130
v 0.011450 2.241880 -0.172160
v 0.157830 2.018110 0.059050
v 0.216120 1.995600 0.020630
v -0.069530 2.288110 -0.221360
v -0.057150 2.288250 -0.236010
v -0.085860 2.281030 -0.205840
v -0.028260 2.239500 -0.122300
v 0.035230 2.177850 -0.036220
v 0.088100 2.120920 0.048930
v 0.118970 2.034840 0.115320
v 0.181970 1.946950 0.113750
v 0.238850 1.943320 0.061760
v 0.136930 1.937990 0.170430
v -0.141470 2.338550 -0.300760
v -0.127190 2.336890 -0.301600
v -0.143070 2.331950 -0.283030
v 0.159100 2.084220 -0.047000
v 0.075690 2.086980 -0.024730
v 0.075690 2.086980 -0.024730
v 0.092030 2.161430 -0.102680
v 0.025590 2.158190 -0.100400
v 0.025590 2.158190 -0.100400
v 0.010950 2.233130 -0.178660
v -0.038230 2.218970 -0.177210
v -0.038230 2.218970 -0.177210
v 0.208230 1.979520 0.007900
v 0.111380 1.991080 0.036360
v 0.111380 1.991080 0.036360
v -0.057400 2.280960 -0.243120
v -0.093580 2.261850 -0.241280
v -0.093580 2.261850 -0.241280
v -0.090610 2.275970 -0.207040
v -0.034930 2.229660 -0.123090
v 0.028620 2.165660 -0.042490
v 0.069780 2.105180 0.045540
v 0.093860 2.021030 0.109490
v 0.237610 1.900470 0.050650
v 0.130470 1.874110 0.070250
v 0.130470 1.874110 0.070250
v 0.097210 1.890390 0.161430
v -0.131280 2.319950 -0.302220
v -0.145530 2.319030 -0.299690
v -0.145530 2.319030 -0.299690
v -0.149890 2.318780 -0.282930
v 0.175800 1.800510 0.131260
v 0.279530 1.751180 0.067630
v 0.120120 1.756620 0.241490
v 0.262860 1.749420 0.051120
v 0.137250 1.779590 0.078650
v 0.137250 1.779590 0.078650
v 0.111110 1.748550 0.226980
v 0.138440 1.791330 0.188180
v 0.230690 1.787370 0.088830
v 0.203560 1.766700 0.049590
v 0.103350 1.770740 0.157090
v -0.018480 2.049840 0.430500
v -0.018500 2.058800 0.384630
v -0.127360 2.123200 0.491640
v -0.140370 2.134000 0.461470
v 0.071290 1.943310 0.354850
v 0.070440 1.950520 0.284190
v -0.125870 2.112720 0.520840
v -0.026530 2.044470 0.485850
v 0.072090 1.960640 0.443950
v 0.128570 1.881200 0.313650
v 0.118650 1.891860 0.214070
v 0.147960 1.840500 0.372970
v -0.034500 2.050360 0.381280
v -0.062800 2.015950 0.444660
v -0.062800 2.015950 0.444660
v -0.146900 2.115590 0.457110
v -0.180450 2.100140 0.508750
v -0.180450 2.100140 0.508750
v 0.053290 1.935310 0.284270
v 0.027050 1.925260 0.373300
v 0.027050 1.925260 0.373300
v -0.137730 2.108610 0.534920
v -0.026830 2.026600 0.490210
v 0.065100 1.947140 0.445800
v 0.083440 1.889470 0.222060
v 0.036010 1.847300 0.331330
v 0.036010 1.847300 0.331330
v 0.120040 1.811920 0.391930
v -0.206390 2.165790 0.525680
v -0.214020 2.175110 0.505390
v -0.189580 2.154850 0.539150
v -0.220170 2.156030 0.501430
v -0.216640 2.140470 0.525270
v -0.216640 2.140470 0.525270
v -0.213140 2.150710 0.553100
v 0.079740 1.736100 0.258860
v 0.038810 1.713350 0.131040
v 0.201480 1.720700 0.311080
v 0.023550 1.703010 0.144240
v 0.034630 1.692150 0.278220
v 0.034630 1.692150 0.278220
v 0.189490 1.704320 0.315270
v 0.137150 1.739210 0.299350
v 0.043820 1.727740 0.196020
v 0.002110 1.694960 0.196970
v 0.112950 1.697330 0.320130
v -0.125110 2.069340 0.130900
v -0.106420 2.058190 0.074160
v -0.232180 2.166200 0.092980
v -0.232060 2.165450 0.052600
v -0.338100 2.237450 0.035930
v -0.321140 2.217370 0.019460
v -0.041590 1.947660 0.153090
v -0.037590 1.967180 0.095390
v -0.436230 2.281170 -0.027770
v -0.426160 2.272090 -0.036190
v -0.447890 2.282470 -0.022510
v -0.351040 2.238140 0.052890
v -0.240970 2.168200 0.130460
v -0.140270 2.078840 0.178760
v -0.051270 1.964420 0.213320
v 0.032870 1.819120 0.181000
v 0.018140 1.861340 0.083270
v 0.028030 1.821210 0.257720
v -0.484900 2.298940 -0.068110
v -0.476490 2.294030 -0.069870
v -0.491180 2.299750 -0.062960
v -0.117550 2.040710 0.068560
v -0.187860 2.041060 0.119710
v -0.187860 2.041060 0.119710
v -0.237600 2.156000 0.047950
v -0.279120 2.131900 0.086490
v -0.279120 2.131900 0.086490
v -0.323690 2.208480 0.018920
v -0.366810 2.201630 0.035580
v -0.366810 2.201630 0.035580
v -0.051520 1.948110 0.062330
v -0.101410 1.915920 0.142540
v -0.101410 1.915920 0.142540
v -0.427940 2.264680 -0.037650
v -0.459710 2.262790 -0.033560
v -0.459710 2.262790 -0.033560
v -0.454090 2.278070 -0.021350
v -0.360060 2.233010 0.058490
v -0.251720 2.155940 0.136710
v -0.149950 2.070110 0.189870
v -0.065270 1.959020 0.222560
v -0.034510 1.890660 0.058790
v -0.055110 1.797290 0.154000
v -0.055110 1.797290 0.154000
v -0.033360 1.793020 0.273860
v -0.481640 2.287700 -0.074270
v -0.500530 2.286410 -0.073180
v -0.500530 2.286410 -0.073180
v -0.500660 2.296380 -0.064190
v 0.045110 1.723540 0.173490
v 0.092760 1.677550 0.023680
v 0.057710 1.685140 0.285950
v 0.065500 1.674380 0.020400
v -0.025000 1.696460 0.159830
v -0.025000 1.696460 0.159830
v 0.038060 1.674700 0.279210
v 0.059360 1.704080 0.260720
v 0.061290 1.716380 0.084840
v 0.006170 1.687330 0.071290
v 0.003880 1.674470 0.253670
v 0.182650 2.107200 0.296000
v 0.182030 2.129020 0.228170
v 0.152780 2.226030 0.335940
v 0.157560 2.237890 0.276800
v 0.105900 2.350390 0.364610
v 0.105940 2.354420 0.323620
v 0.200770 1.976270 0.263780
v 0.197750 2.051910 0.199440
v 0.050250 2.435590 0.388840
v 0.046310 2.436800 0.357600
v 0.050000 2.423240 0.417450
v 0.112280 2.350430 0.400970
v 0.163720 2.243890 0.391280
v 0.196720 2.115090 0.365520
v 0.209420 1.981020 0.342400
v 0.194140 1.929730 0.244270
v 0.172990 1.951470 0.159390
v 0.193440 1.912480 0.338030
v -0.023860 2.496850 0.405590
v -0.026680 2.498170 0.396630
v -0.024030 2.490200 0.416530
v 0.159510 2.123080 0.226170
v 0.118540 2.115530 0.294360
v 0.118540 2.115530 0.294360
v 0.132400 2.233200 0.271930
v 0.097600 2.225150 0.330560
v 0.097600 2.225150 0.330560
v 0.098080 2.345170 0.316150
v 0.063460 2.323400 0.356530
v 0.063460 2.323400 0.356530
v 0.152520 2.023010 0.197770
v 0.121440 2.013360 0.268460
v 0.121440 2.013360 0.268460
v 0.036770 2.430340 0.351560
v 0.007930 2.413810 0.384520
v 0.007930 2.413810 0.384520
v 0.040030 2.416270 0.418890
v 0.093600 2.338740 0.405720
v 0.132880 2.231540 0.393060
v 0.163440 2.095180 0.356880
v 0.168310 1.994610 0.335110
v 0.131370 1.933800 0.172130
v 0.102700 1.903700 0.239160
v 0.102700 1.903700 0.239160
v 0.149080 1.882870 0.321660
v -0.046580 2.498680 0.395490
v -0.051140 2.493480 0.406090
v -0.051140 2.493480 0.406090
v -0.040470 2.487710 0.416710
v 0.145250 1.865920 0.239110
v 0.139000 1.855230 0.099790
v 0.152580 1.766340 0.335300
v 0.117350 1.863870 0.105510
v 0.098780 1.864340 0.219770
v 0.098780 1.864340 0.219770
v 0.134220 1.769240 0.330360
v 0.154040 1.826150 0.301060
v 0.145130 1.876270 0.163440
v 0.113140 1.864220 0.145170
v 0.122490 1.812590 0.288050
v -0.068500 2.094860 -0.008800
v -0.051220 2.093090 -0.036070
v -0.139900 2.196450 -0.085340
v -0.125670 2.185990 -0.094910
v -0.173160 2.277690 -0.159810
v -0.165720 2.274370 -0.167020
v 0.008200 2.010220 0.047770
v 0.030290 2.002390 -0.002390
v -0.207340 2.329460 -0.221370
v -0.203920 2.327100 -0.227580
v -0.217600 2.330670 -0.215910
v -0.183920 2.280240 -0.149380
v -0.152010 2.208760 -0.059940
v -0.088040 2.107650 0.026070
v -0.020780 2.004970 0.108140
v 0.091010 1.877100 0.102170
v 0.134810 1.854650 0.049290
v 0.049660 1.846580 0.192530
v -0.258060 2.363530 -0.303400
v -0.248540 2.357160 -0.301380
v -0.258350 2.359880 -0.291030
v -0.050780 2.083910 -0.054970
v -0.110640 2.069200 -0.033570
v -0.110640 2.069200 -0.033570
v -0.124250 2.183210 -0.104760
v -0.162310 2.174380 -0.100510
v -0.162310 2.174380 -0.100510
v -0.163560 2.267850 -0.172510
v -0.196640 2.259520 -0.171630
v -0.196640 2.259520 -0.171630
v 0.026560 1.992050 -0.023690
v -0.048210 1.981910 0.015490
v -0.048210 1.981910 0.015490
v -0.202730 2.319470 -0.235350
v -0.224690 2.306180 -0.233980
v -0.224690 2.306180 -0.233980
v -0.224470 2.321670 -0.212740
v -0.194900 2.275240 -0.149220
v -0.166670 2.199310 -0.062660
v -0.107390 2.093390 0.027960
v -0.039560 1.980080 0.100000
v 0.110730 1.860680 0.010530
v 0.001390 1.904640 0.039470
v 0.001390 1.904640 0.039470
v 0.015840 1.863060 0.167230
v -0.245970 2.348280 -0.309030
v -0.267940 2.353010 -0.313220
v -0.267940 2.353010 -0.313220
v -0.270360 2.352680 -0.296350
v 0.133660 1.769640 0.128710
v 0.225290 1.712920 0.024600
v 0.105070 1.709530 0.264180
v 0.204740 1.712360 0.011930
v 0.076140 1.745390 0.083170
v 0.076140 1.745390 0.083170
v 0.091290 1.700700 0.250730
v 0.109140 1.756730 0.205500
v 0.181170 1.755150 0.061790
v 0.138060 1.730830 0.029330
v 0.063210 1.731190 0.178330
v 0.335060 2.191440 0.256400
v 0.340040 2.166010 0.185870
v 0.370320 2.321970 0.279520
v 0.374240 2.323590 0.240050
v 0.375230 2.443680 0.287310
v 0.377980 2.442480 0.263070
v 0.311350 2.081820 0.239750
v 0.318240 2.088120 0.164000
v 0.364290 2.527640 0.289190
v 0.365450 2.526130 0.271050
v 0.350090 2.523400 0.301010
v 0.367030 2.440030 0.304180
v 0.355610 2.316910 0.311080
v 0.330340 2.184110 0.307980
v 0.276940 2.041320 0.283930
v 0.301350 1.992130 0.211720
v 0.315470 2.002580 0.145430
v 0.267340 1.992610 0.280420
v 0.353640 2.621590 0.287730
v 0.353940 2.617070 0.276450
v 0.345160 2.619420 0.298310
v 0.322810 2.176780 0.185370
v 0.283860 2.209470 0.246170
v 0.283860 2.209470 0.246170
v 0.354520 2.323890 0.236210
v 0.328690 2.330500 0.274340
v 0.328690 2.330500 0.274340
v 0.362910 2.432560 0.260410
v 0.340930 2.436000 0.278790
v 0.340930 2.436000 0.278790
v 0.291530 2.087210 0.158060
v 0.248260 2.124970 0.222760
v 0.248260 2.124970 0.222760
v 0.348870 2.516960 0.268560
v 0.338900 2.520320 0.282610
v 0.338900 2.520320 0.282610
v 0.344630 2.520580 0.296760
v 0.350970 2.439090 0.305550
v 0.341760 2.320290 0.311490
v 0.303810 2.190530 0.304200
v 0.261090 2.110140 0.288220
v 0.283890 2.011340 0.138640
v 0.212930 2.013640 0.195350
v 0.212930 2.013640 0.195350
v 0.219310 1.984470 0.245900
v 0.339100 2.611220 0.276600
v 0.332690 2.626320 0.287550
v 0.332690 2.626320 0.287550
v 0.334880 2.623000 0.296020
v 0.301330 1.881380 0.183860
v 0.347220 1.868260 0.047060
v 0.343260 1.809680 0.299590
v 0.323070 1.863540 0.044660
v 0.236910 1.853120 0.160700
v 0.236910 1.853120 0.160700
v 0.329360 1.800400 0.291230
v 0.315500 1.857110 0.254220
v 0.316000 1.886710 0.107150
v 0.271100 1.862910 0.088300
v 0.269320 1.827550 0.246800
v 0.472860 2.115670 0.187620
v 0.486580 2.104970 0.252740
v 0.554390 2.264310 0.156930
v 0.567260 2.257920 0.199840
v 0.618770 2.393030 0.138880
v 0.629240 2.393310 0.157670
v 0.384360 1.956210 0.171870
v 0.417370 2.021160 0.275440
v 0.666880 2.493520 0.125410
v 0.673980 2.495240 0.139580
v 0.664360 2.492100 0.108500
v 0.617390 2.398500 0.111970
v 0.545660 2.261850 0.119540
v 0.464660 2.141080 0.118770
v 0.363860 2.022440 0.124660
v 0.339500 1.957660 0.215060
v 0.336450 1.914790 0.259030
v 0.329700 1.943480 0.121270
v 0.717710 2.618110 0.112490
v 0.716600 2.606680 0.121580
v 0.717340 2.614460 0.102410
v 0.498150 2.093190 0.255620
v 0.533340 2.100880 0.160250
v 0.533340 2.100880 0.160250
v 0.581990 2.249790 0.196260
v 0.599740 2.235450 0.145110
v 0.599740 2.235450 0.145110
v 0.640300 2.388980 0.160950
v 0.656440 2.386620 0.130350
v 0.656440 2.386620 0.130350
v 0.448370 2.014560 0.270340
v 0.473150 1.978040 0.173440
v 0.473150 1.978040 0.173440
v 0.680640 2.492780 0.140900
v 0.694000 2.484300 0.118650
v 0.694000 2.484300 0.118650
v 0.679750 2.489110 0.102800
v 0.626610 2.392310 0.107180
v 0.564690 2.249610 0.114350
v 0.481670 2.128300 0.110570
v 0.384050 2.013420 0.110800
v 0.340630 1.831770 0.256810
v 0.385450 1.814720 0.183710
v 0.385450 1.814720 0.183710
v 0.347840 1.864900 0.099680
v 0.726020 2.602380 0.121220
v 0.731660 2.600580 0.111660
v 0.731660 2.600580 0.111660
v 0.724540 2.603330 0.106220
v 0.423610 2.050730 0.310570
v 0.378270 2.036410 0.364020
v 0.483310 2.190200 0.362240
v 0.454050 2.180120 0.394110
v 0.537170 2.315060 0.404180
v 0.522780 2.306620 0.425770
v 0.391330 1.974140 0.284550
v 0.323500 1.921140 0.334890
v 0.573960 2.406700 0.437140
v 0.569270 2.391610 0.447920
v 0.591060 2.405710 0.435120
v 0.560090 2.311030 0.390370
v 0.518120 2.183790 0.332110
v 0.472850 2.057690 0.277880
v 0.407180 1.928250 0.197010
v 0.322130 1.858140 0.236140
v 0.290580 1.846830 0.292920
v 0.368690 1.851520 0.166710
v 0.595680 2.505840 0.475200
v 0.584540 2.500420 0.479200
v 0.600480 2.499730 0.464930
v 0.385370 2.024230 0.374130
v 0.465910 2.002900 0.354280
v 0.465910 2.002900 0.354280
v 0.460390 2.173430 0.406260
v 0.517010 2.163720 0.395260
v 0.517010 2.163720 0.395260
v 0.524670 2.298210 0.434390
v 0.566330 2.299900 0.430850
v 0.566330 2.299900 0.430850
v 0.347010 1.915790 0.352240
v 0.424370 1.890240 0.322530
v 0.424370 1.890240 0.322530
v 0.573270 2.390930 0.459500
v 0.601370 2.403250 0.462350
v 0.601370 2.403250 0.462350
v 0.598000 2.403920 0.440100
v 0.567440 2.308150 0.394360
v 0.532490 2.165540 0.345470
v 0.490550 2.038570 0.287850
v 0.456360 1.940220 0.245010
v 0.305170 1.785880 0.322880
v 0.375390 1.783310 0.282510
v 0.375390 1.783310 0.282510
v 0.383540 1.773260 0.196870
v 0.593120 2.487270 0.482500
v 0.602880 2.490880 0.477960
v 0.602880 2.490880 0.477960
v 0.605990 2.491020 0.465620
v 0.228490 1.706540 0.212080
v 0.115790 1.689180 0.310080
v 0.245240 1.637760 0.078070
v 0.134620 1.680490 0.323340
v 0.271040 1.665030 0.261610
v 0.271040 1.665030 0.261610
v 0.253840 1.625350 0.092790
v 0.252070 1.683710 0.138050
v 0.174350 1.711970 0.274090
v 0.203540 1.675100 0.310220
v 0.285380 1.645220 0.167500
v 0.357960 2.001360 0.301800
v 0.275260 2.020830 0.305980
v 0.404780 2.159540 0.342060
v 0.365300 2.190070 0.354550
v 0.439670 2.298510 0.378220
v 0.409560 2.288090 0.383470
v 0.329030 1.938460 0.289770
v 0.264950 1.944380 0.303280
v 0.466920 2.403360 0.397680
v 0.449790 2.394770 0.406820
v 0.485690 2.397090 0.401950
v 0.469600 2.288000 0.377170
v 0.447940 2.157130 0.332650
v 0.408660 2.030170 0.278650
v 0.392820 1.877440 0.251250
v 0.280760 1.837430 0.260970
v 0.209620 1.876160 0.289600
v 0.355750 1.791040 0.228340
v 0.491140 2.498900 0.402330
v 0.486090 2.500800 0.407390
v 0.497910 2.494950 0.406120
v 0.296210 2.089510 0.339950
v 0.393460 2.040280 0.368980
v 0.393460 2.040280 0.368980
v 0.360630 2.194250 0.373700
v 0.423180 2.160620 0.392880
v 0.423180 2.160620 0.392880
v 0.409590 2.286570 0.394600
v 0.452380 2.290310 0.416380
v 0.452380 2.290310 0.416380
v 0.269620 1.941880 0.328670
v 0.346020 1.909890 0.348450
v 0.346020 1.909890 0.348450
v 0.450040 2.392250 0.413970
v 0.473120 2.403730 0.422090
v 0.473120 2.403730 0.422090
v 0.488580 2.396290 0.408880
v 0.475380 2.284370 0.385050
v 0.455550 2.156290 0.346990
v 0.431230 2.045130 0.310350
v 0.398680 1.866830 0.278040
v 0.219850 1.873210 0.322640
v 0.301500 1.806820 0.326060
v 0.301500 1.806820 0.326060
v 0.359950 1.777560 0.256500
v 0.487660 2.500510 0.416360
v 0.491720 2.497690 0.419460
v 0.491720 2.497690 0.419460
v 0.497210 2.499330 0.415190
v 0.201280 1.717030 0.243400
v 0.071080 1.683570 0.282710
v 0.274840 1.660650 0.139560
v 0.082720 1.678650 0.302260
v 0.221440 1.684840 0.305300
v 0.221440 1.684840 0.305300
v 0.277940 1.648650 0.156770
v 0.252860 1.703560 0.191310
v 0.132010 1.711070 0.274370
v 0.145750 1.684260 0.319210
v 0.272310 1.669640 0.231700
v 0.318350 2.146160 0.361770
v 0.269430 2.154430 0.312130
v 0.343320 2.306620 0.409420
v 0.322030 2.304420 0.383230
v 0.361990 2.437770 0.456060
v 0.345020 2.440850 0.437010
v 0.299170 2.084220 0.334610
v 0.251680 2.096600 0.290780
v 0.366560 2.536890 0.486020
v 0.354390 2.542120 0.475420
v 0.381380 2.534650 0.496840
v 0.377010 2.433620 0.477380
v 0.375290 2.298550 0.444310
v 0.369410 2.152630 0.397870
v 0.356070 2.013290 0.366080
v 0.274980 1.976550 0.290780
v 0.217520 2.024490 0.248270
v 0.336520 1.921160 0.333500
v 0.410270 2.670540 0.499920
v 0.402830 2.674300 0.498620
v 0.410490 2.666060 0.507420
v 0.252220 2.153350 0.327510
v 0.289480 2.161080 0.414570
v 0.289480 2.161080 0.414570
v 0.312030 2.304660 0.388300
v 0.320350 2.301120 0.452490
v 0.320350 2.301120 0.452490
v 0.336960 2.441160 0.439420
v 0.337260 2.446500 0.490080
v 0.337260 2.446500 0.490080
v 0.234290 2.098700 0.309430
v 0.260860 2.051350 0.381580
v 0.260860 2.051350 0.381580
v 0.346780 2.542510 0.477970
v 0.362700 2.565170 0.513720
v 0.362700 2.565170 0.513720
v 0.375000 2.539420 0.506140
v 0.368390 2.433090 0.486120
v 0.367700 2.300050 0.458900
v 0.360410 2.146380 0.419950
v 0.336730 2.007480 0.387540
v 0.197250 2.027870 0.276460
v 0.209450 1.927300 0.338380
v 0.209450 1.927300 0.338380
v 0.303650 1.844710 0.338180
v 0.393310 2.676100 0.507510
v 0.394270 2.673570 0.513850
v 0.394270 2.673570 0.513850
v 0.403170 2.673870 0.515100
v 0.193780 1.809660 0.267680
v 0.098190 1.801810 0.173640
v 0.305960 1.736870 0.278890
v 0.086000 1.798470 0.193580
v 0.147630 1.787740 0.313650
v 0.147630 1.787740 0.313650
v 0.291300 1.728780 0.289920
v 0.257030 1.784050 0.285300
v 0.137100 1.817460 0.224290
v 0.101430 1.798300 0.255090
v 0.229820 1.758710 0.321990
v 0.398910 2.147420 0.204100
v 0.437380 2.107770 0.216780
v 0.433290 2.236830 0.210090
v 0.465030 2.223350 0.216610
v 0.457300 2.312880 0.194030
v 0.477140 2.303350 0.198320
v 0.370760 2.073300 0.204080
v 0.421550 2.053530 0.214100
v 0.472800 2.366050 0.176280
v 0.488080 2.358670 0.178640
v 0.461330 2.364630 0.162530
v 0.442280 2.315100 0.185600
v 0.407110 2.242770 0.195070
v 0.361930 2.159710 0.196450
v 0.328960 2.057580 0.180350
v 0.362320 2.008840 0.208750
v 0.407540 1.996310 0.222150
v 0.320130 2.026140 0.179000
v 0.490060 2.409550 0.162490
v 0.496750 2.402770 0.163800
v 0.481280 2.410360 0.154610
v 0.442350 2.111490 0.200960
v 0.413360 2.147200 0.162290
v 0.413360 2.147200 0.162290
v 0.468230 2.218150 0.199480
v 0.441960 2.233170 0.172630
v 0.441960 2.233170 0.172630
v 0.475040 2.291980 0.186330
v 0.462140 2.297280 0.165020
v 0.462140 2.297280 0.165020
v 0.426340 2.047040 0.194040
v 0.397730 2.084760 0.152750
v 0.397730 2.084760 0.152750
v 0.486350 2.347490 0.165100
v 0.476570 2.353380 0.154400
v 0.476570 2.353380 0.154400
v 0.463870 2.359840 0.158340
v 0.441050 2.311720 0.170800
v 0.408320 2.242690 0.181690
v 0.367220 2.158380 0.174770
v 0.349910 2.099080 0.158570
v 0.416050 1.994820 0.198150
v 0.382250 2.003890 0.144200
v 0.382250 2.003890 0.144200
v 0.340600 2.003710 0.147870
v 0.495520 2.396670 0.152480
v 0.492380 2.408980 0.144690
v 0.492380 2.408980 0.144690
v 0.484650 2.410130 0.146110
v 0.331780 1.925120 0.208960
v 0.406760 1.881510 0.260080
v 0.234710 1.926500 0.222680
v 0.409030 1.873900 0.242950
v 0.342590 1.891730 0.167780
v 0.342590 1.891730 0.167780
v 0.237860 1.916270 0.215300
v 0.282020 1.934200 0.210190
v 0.377160 1.907000 0.229170
v 0.386940 1.879520 0.201150
v 0.278800 1.909170 0.179150
v 0.420110 2.115430 0.248110
v 0.410240 2.099920 0.280150
v 0.439660 2.163560 0.254630
v 0.437800 2.161190 0.277240
v 0.461760 2.196700 0.255560
v 0.460070 2.194070 0.272420
v 0.405350 2.073150 0.242290
v 0.402100 2.070320 0.278820
v 0.477710 2.221150 0.259250
v 0.477360 2.217260 0.272110
v 0.485770 2.215930 0.248810
v 0.466750 2.194000 0.243750
v 0.447270 2.160530 0.236520
v 0.423610 2.115940 0.222010
v 0.413360 2.052620 0.216490
v 0.391930 2.042450 0.246680
v 0.387790 2.043780 0.275230
v 0.414530 2.037380 0.220750
v 0.490470 2.229780 0.264000
v 0.490080 2.225190 0.270820
v 0.494690 2.227540 0.255430
v 0.423400 2.098600 0.282350
v 0.450770 2.106860 0.254890
v 0.450770 2.106860 0.254890
v 0.449440 2.153720 0.279380
v 0.465190 2.152530 0.258730
v 0.465190 2.152530 0.258730
v 0.467400 2.182830 0.272460
v 0.481150 2.179130 0.260190
v 0.481150 2.179130 0.260190
v 0.415790 2.062010 0.282120
v 0.445210 2.071550 0.254540
v 0.445210 2.071550 0.254540
v 0.485820 2.205560 0.271230
v 0.493000 2.205880 0.260850
v 0.493000 2.205880 0.260850
v 0.489530 2.210620 0.250920
v 0.477340 2.187310 0.242620
v 0.457450 2.156320 0.236220
v 0.439440 2.110510 0.223850
v 0.438430 2.075030 0.221600
v 0.403980 2.037950 0.279940
v 0.431290 2.028300 0.255940
v 0.431290 2.028300 0.255940
v 0.425170 2.024190 0.232340
v 0.496800 2.216780 0.268820
v 0.503650 2.225100 0.263180
v 0.503650 2.225100 0.263180
v 0.501350 2.225160 0.256530
v 0.375820 1.997500 0.242490
v 0.351640 1.993360 0.293900
v 0.364070 1.987340 0.191150
v 0.361280 1.985510 0.295740
v 0.397730 1.971800 0.252170
v 0.397730 1.971800 0.252170
v 0.366590 1.981050 0.193980
v 0.371920 1.996950 0.217050
v 0.367200 1.996690 0.269150
v 0.382410 1.977320 0.280420
v 0.388150 1.975620 0.214670
v 0.425000 2.178380 0.242010
v 0.396780 2.172080 0.216370
v 0.448720 2.225150 0.237860
v 0.432970 2.230430 0.220870
v 0.464250 2.264000 0.236560
v 0.452090 2.268410 0.224120
v 0.400940 2.137570 0.248760
v 0.378480 2.146030 0.223720
v 0.482810 2.292390 0.235600
v 0.472110 2.295730 0.227570
v 0.483170 2.291040 0.250080
v 0.468530 2.261360 0.249060
v 0.455730 2.221550 0.257110
v 0.441640 2.171500 0.262810
v 0.415500 2.127550 0.274250
v 0.390660 2.108820 0.243460
v 0.373160 2.117470 0.217760
v 0.405170 2.098880 0.279930
v 0.484350 2.309240 0.237670
v 0.476680 2.309480 0.234220
v 0.486780 2.307510 0.247190
v 0.389650 2.180970 0.224170
v 0.402870 2.195300 0.260850
v 0.402870 2.195300 0.260850
v 0.422060 2.234060 0.229510
v 0.429010 2.236440 0.255820
v 0.429010 2.236440 0.255820
v 0.442290 2.265380 0.232020
v 0.442510 2.268210 0.251330
v 0.442510 2.268210 0.251330
v 0.365110 2.146320 0.232640
v 0.372090 2.157290 0.274160
v 0.372090 2.157290 0.274160
v 0.461450 2.295750 0.238150
v 0.466410 2.296810 0.249790
v 0.466410 2.296810 0.249790
v 0.476940 2.292020 0.252890
v 0.460970 2.264650 0.259180
v 0.449310 2.225720 0.265260
v 0.430600 2.178890 0.274210
v 0.400590 2.146850 0.291580
v 0.356650 2.117860 0.229370
v 0.354920 2.119370 0.268170
v 0.354920 2.119370 0.268170
v 0.380140 2.101290 0.286990
v 0.469770 2.309210 0.242990
v 0.478350 2.316420 0.248510
v 0.478350 2.316420 0.248510
v 0.482830 2.311810 0.251610
v 0.370900 2.013920 0.228230
v 0.344530 2.017170 0.174360
v 0.407980 1.978270 0.254670
v 0.333450 2.015700 0.182090
v 0.338030 2.005540 0.242220
v 0.338030 2.005540 0.242220
v 0.399980 1.975310 0.255960
v 0.390420 2.000870 0.242910
v 0.356270 2.019980 0.203270
v 0.329150 2.013420 0.210190
v 0.370850 1.989520 0.259580
v 0.236600 1.598720 0.256790
v 0.108960 1.352690 0.311240
v 0.263060 1.596750 0.184460
v 0.034230 1.352690 0.291220
v 0.034230 1.352690 0.291220
v 0.203050 1.618940 0.049850
v -0.020480 1.352690 0.236510
v 0.132510 1.636830 0.023630
v -0.040500 1.352690 0.161780
v 0.058210 1.653280 0.037090
v -0.020480 1.352690 0.087060
v 0.000030 1.663880 0.086590
v 0.034230 1.352690 0.032350
v -0.026430 1.665780 0.158870
v 0.108960 1.352690 0.012330
v -0.014100 1.658500 0.234570
v 0.183680 1.352690 0.032350
v 0.178450 1.609450 0.306290
v 0.238390 1.352690 0.087060
v 0.033720 1.643970 0.293430
v 0.033720 1.643970 0.293430
v 0.258410 1.352690 0.161780
v 0.104200 1.626030 0.319690
v 0.238390 1.352690 0.236510
v 0.261090 1.597980 0.170780
v 0.183680 1.352690 0.291220
v 0.170540 1.788670 0.334510
v 0.170540 1.788670 0.334510
v 0.098170 1.795250 0.307980
v 0.098170 1.795250 0.307980
v 0.098170 1.795250 0.307980
v 0.049100 1.806260 0.249180
v 0.049100 1.806260 0.249180
v 0.036490 1.818760 0.173880
v 0.036490 1.818760 0.173880
v 0.063720 1.829390 0.102250
v 0.063720 1.829390 0.102250
v 0.123480 1.835310 0.053490
v 0.123480 1.835310 0.053490
v 0.199770 1.834930 0.040650
v 0.199770 1.834930 0.040650
v 0.272140 1.828360 0.067180
v 0.272140 1.828360 0.067180
v 0.210880 1.616540 0.060050
v 0.333820 1.804850 0.201270
v 0.333820 1.804850 0.201270
v 0.306600 1.794220 0.272900
v 0.306600 1.794220 0.272900
v 0.246830 1.788300 0.321670
v 0.246830 1.788300 0.321670
v 0.055130 1.463390 0.314660
v 0.075710 1.423100 0.307270
v 0.000990 1.423100 0.287250
v 0.000990 1.423100 0.287250
v -0.019470 1.463440 0.293530
v -0.019470 1.463440 0.293530
v -0.053720 1.423100 0.232540
v -0.073750 1.463330 0.238090
v -0.073740 1.423100 0.157820
v -0.093180 1.463200 0.163180
v -0.053720 1.423100 0.083090
v -0.072550 1.463110 0.088820
v 0.000990 1.423100 0.028380
v -0.017370 1.463060 0.034920
v 0.075710 1.423100 0.008360
v 0.057600 1.463070 0.015920
v 0.150440 1.423100 0.028380
v 0.132280 1.463150 0.036970
v 0.140430 1.463270 0.046240
v 0.205150 1.423100 0.083090
v 0.202980 1.462440 0.154180
v 0.225170 1.423100 0.157820
v 0.205890 1.462580 0.167410
v 0.205150 1.423100 0.232540
v 0.185250 1.462800 0.241870
v 0.150440 1.423100 0.287250
v 0.130060 1.463120 0.295770
v 0.280970 1.826380 0.077750
v 0.280970 1.826380 0.077750
v 0.331490 1.807160 0.187330
v 0.331490 1.807160 0.187330
v 0.154870 1.770280 0.268770
v 0.111980 1.774170 0.253050
v 0.082910 1.780700 0.218210
v 0.075430 1.788100 0.173590
v 0.091570 1.794400 0.131150
v 0.126980 1.797910 0.102250
v 0.172190 1.797690 0.094640
v 0.215070 1.793790 0.110360
v 0.251620 1.779860 0.189820
v 0.235490 1.773560 0.232270
v 0.200070 1.770050 0.261160
v 0.220300 1.792620 0.116630
v 0.250230 1.781230 0.181560
v 0.153420 1.769860 0.180170
v -0.047390 1.421490 -0.148230
v -0.043470 1.467040 -0.160970
v -0.075390 1.421490 -0.180820
v -0.062190 1.467040 -0.182770
v 0.004280 1.421490 -0.192600
v -0.008910 1.467040 -0.190650
v -0.023720 1.421490 -0.225200
v -0.023720 1.421490 -0.225200
v -0.027640 1.467040 -0.212450
v -0.027640 1.467040 -0.212450
v -0.059130 1.517270 -0.187170
v -0.071980 1.504800 -0.201490
v -0.044240 1.503130 -0.224920
v -0.044240 1.503130 -0.224920
v -0.031390 1.515600 -0.210590
v -0.081990 1.557990 -0.213020
v -0.088670 1.550290 -0.222500
v -0.071710 1.552730 -0.236420
v -0.071710 1.552730 -0.236420
v -0.065040 1.560440 -0.226940
v -0.097660 1.596420 -0.227630
v -0.105450 1.589160 -0.236590
v -0.088040 1.587010 -0.249980
v -0.088040 1.587010 -0.249980
v -0.080250 1.594280 -0.241020
v -0.100720 1.613910 -0.220080
v -0.113570 1.601930 -0.234850
v -0.084870 1.598390 -0.256930
v -0.084870 1.598390 -0.256930
v -0.072020 1.610370 -0.242160
v -0.100650 1.643150 -0.249220
v -0.113500 1.631170 -0.263990
v -0.084800 1.627630 -0.286070
v -0.084800 1.627630 -0.286070
v -0.071950 1.639610 -0.271300
v -0.119770 1.658380 -0.279180
v -0.125760 1.652800 -0.286070
v -0.125760 1.652800 -0.286070
v -0.112380 1.651150 -0.296360
v -0.112380 1.651150 -0.296360
v -0.112380 1.651150 -0.296360
v -0.106390 1.656730 -0.289470
v 0.000000 1.531520 -0.851370
v 0.000000 1.531520 -0.851370
v 0.220350 1.531520 -0.822360
v 0.220350 1.531520 -0.822360
v 0.220350 1.531520 -0.822360
v 0.220350 1.531520 -0.822360
v 0.425690 1.531520 -0.737310
v 0.425690 1.531520 -0.737310
v 0.602010 1.531520 -0.602010
v 0.602010 1.531520 -0.602010
v 0.737310 1.531520 -0.425690
v 0.737310 1.531520 -0.425690
v 0.822360 1.531520 -0.220350
v 0.822360 1.531520 -0.220350
v 0.851370 1.531520 -0.000000
v 0.851370 1.531520 -0.000000
v 0.822360 1.531520 0.220350
v 0.822360 1.531520 0.220350
v 0.737310 1.531520 0.425690
v 0.737310 1.531520 0.425690
v 0.602010 1.531520 0.602010
v 0.602010 1.531520 0.602010
v 0.425690 1.531520 0.737310
v 0.425690 1.531520 0.737310
v 0.220350 1.531520 0.822360
v 0.220350 1.531520 0.822360
v 0.000000 1.531520 0.851370
v 0.000000 1.531520 0.851370
v -0.220350 1.531520 0.822360
v -0.220350 1.531520 0.822360
v -0.425680 1.531520 0.737310
v -0.425680 1.531520 0.737310
v -0.602010 1.531520 0.602010
v -0.602010 1.531520 0.602010
v -0.737310 1.531520 0.425690
v -0.737310 1.531520 0.425690
v -0.822360 1.531520 0.220350
v -0.822360 1.531520 0.220350
v -0.851370 1.531520 -0.000000
v -0.851370 1.531520 -0.000000
v -0.822360 1.531520 -0.220350
v -0.822360 1.531520 -0.220350
v -0.737310 1.531520 -0.425680
v -0.737310 1.531520 -0.425680
v -0.602010 1.531520 -0.602010
v -0.602010 1.531520 -0.602010
v -0.425690 1.531520 -0.737310
v -0.425690 1.531520 -0.737310
v -0.220350 1.531520 -0.822360
v -0.220350 1.531520 -0.822360
v 0.000000 1.306430 -0.794760
v 0.000000 1.306430 -0.794760
v 0.205700 1.306430 -0.767680
v 0.205700 1.306430 -0.767680
v 0.205700 1.306430 -0.767680
v 0.205700 1.306430 -0.767680
v 0.397380 1.306430 -0.688290
v 0.397380 1.306430 -0.688290
v 0.561980 1.306430 -0.561980
v 0.561980 1.306430 -0.561980
v 0.688290 1.306430 -0.397380
v 0.688290 1.306430 -0.397380
v 0.767680 1.306430 -0.205700
v 0.767680 1.306430 -0.205700
v 0.794760 1.306430 -0.000000
v 0.794760 1.306430 -0.000000
v 0.767680 1.306430 0.205700
v 0.767680 1.306430 0.205700
v 0.688290 1.306430 0.397380
v 0.688290 1.306430 0.397380
v 0.561980 1.306430 0.561980
v 0.561980 1.306430 0.561980
v 0.397380 1.306430 0.688290
v 0.397380 1.306430 0.688290
v 0.205700 1.306430 0.767680
v 0.205700 1.306430 0.767680
v 0.000000 1.306430 0.794760
v 0.000000 1.306430 0.794760
v -0.205700 1.306430 0.767680
v -0.205700 1.306430 0.767680
v -0.397380 1.306430 0.688290
v -0.397380 1.306430 0.688290
v -0.561980 1.306430 0.561980
v -0.561980 1.306430 0.561980
v -0.688290 1.306430 0.397380
v -0.688290 1.306430 0.397380
v -0.767680 1.306430 0.205700
v -0.767680 1.306430 0.205700
v -0.794760 1.306430 -0.000000
v -0.794760 1.306430 -0.000000
v -0.767680 1.306430 -0.205700
v -0.767680 1.306430 -0.205700
v -0.688290 1.306430 -0.397380
v -0.688290 1.306430 -0.397380
v -0.561980 1.306430 -0.561980
v -0.561980 1.306430 -0.561980
v -0.397380 1.306430 -0.688290
v -0.397380 1.306430 -0.688290
v -0.205700 1.306430 -0.767680
v -0.205700 1.306430 -0.767680
v 0.000000 1.314910 -0.816310
v 0.211280 1.314910 -0.788500
v 0.211280 1.314910 -0.788500
v 0.408160 1.314910 -0.706950
v 0.577220 1.314910 -0.577220
v 0.706950 1.314910 -0.408160
v 0.788500 1.314910 -0.211280
v 0.816310 1.314910 -0.000000
v 0.788500 1.314910 0.211280
v 0.706950 1.314910 0.408160
v 0.577220 1.314910 0.577220
v 0.408160 1.314910 0.706950
v 0.211280 1.314910 0.788500
v 0.000000 1.314910 0.816310
v -0.211280 1.314910 0.788500
v -0.408160 1.314910 0.706950
v -0.577220 1.314910 0.577220
v -0.706950 1.314910 0.408160
v -0.788500 1.314910 0.211280
v -0.816310 1.314910 -0.000000
v -0.788500 1.314910 -0.211280
v -0.706950 1.314910 -0.408160
v -0.577220 1.314910 -0.577220
v -0.408160 1.314910 -0.706950
v -0.211280 1.314910 -0.788500
v 0.000000 0.000130 -0.464810
v 0.120300 0.000130 -0.448970
v 0.120300 0.000130 -0.448970
v 0.232410 0.000130 -0.402540
v 0.328670 0.000130 -0.328670
v 0.402540 0.000130 -0.232410
v 0.448970 0.000130 -0.120300
v 0.464810 0.000130 -0.000000
v 0.448970 0.000130 0.120300
v 0.402540 0.000130 0.232410
v 0.328670 0.000130 0.328670
v 0.232410 0.000130 0.402540
v 0.120300 0.000130 0.448970
v 0.000000 0.000130 0.464810
v -0.120300 0.000130 0.448970
v -0.232410 0.000130 0.402540
v -0.328670 0.000130 0.328670
v -0.402540 0.000130 0.232410
v -0.448970 0.000130 0.120300
v -0.464810 0.000130 -0.000000
v -0.448970 0.000130 -0.120300
v -0.402540 0.000130 -0.232400
v -0.328670 0.000130 -0.328670
v -0.232410 0.000130 -0.402540
v -0.120300 0.000130 -0.448970
v 0.000000 0.016280 -0.444680
v 0.000000 0.016280 -0.444680
v 0.115090 0.016280 -0.429530
v 0.115090 0.016280 -0.429530
v 0.115090 0.016280 -0.429530
v 0.222340 0.016280 -0.385100
v 0.222340 0.016280 -0.385100
v 0.314430 0.016280 -0.314430
v 0.314430 0.016280 -0.314430
v 0.385100 0.016280 -0.222340
v 0.385100 0.016280 -0.222340
v 0.429530 0.016280 -0.115090
v 0.429530 0.016280 -0.115090
v 0.444680 0.016280 -0.000000
v 0.444680 0.016280 -0.000000
v 0.429530 0.016280 0.115090
v 0.429530 0.016280 0.115090
v 0.385100 0.016280 0.222340
v 0.385100 0.016280 0.222340
v 0.314430 0.016280 0.314430
v 0.314430 0.016280 0.314430
v 0.222340 0.016280 0.385100
v 0.222340 0.016280 0.385100
v 0.115090 0.016280 0.429530
v 0.115090 0.016280 0.429530
v 0.000000 0.016280 0.444680
v 0.000000 0.016280 0.444680
v -0.115090 0.016280 0.429530
v -0.115090 0.016280 0.429530
v -0.222340 0.016280 0.385100
v -0.222340 0.016280 0.385100
v -0.314430 0.016280 0.314440
v -0.314430 0.016280 0.314440
v -0.385100 0.016280 0.222340
v -0.385100 0.016280 0.222340
v -0.429530 0.016280 0.115090
v -0.429530 0.016280 0.115090
v -0.444680 0.016280 -0.000000
v -0.444680 0.016280 -0.000000
v -0.429530 0.016280 -0.115090
v -0.429530 0.016280 -0.115090
v -0.385100 0.016280 -0.222340
v -0.385100 0.016280 -0.222340
v -0.314440 0.016280 -0.314430
v -0.314440 0.016280 -0.314430
v -0.222340 0.016280 -0.385100
v -0.222340 0.016280 -0.385100
v -0.115090 0.016280 -0.429530
v -0.115090 0.016280 -0.429530
v 0.000000 0.016280 -0.436230
v 0.000000 1.540140 -0.771590
v 0.199700 1.540140 -0.745300
v 0.199700 1.540140 -0.745300
v 0.385800 1.540140 -0.668220
v 0.545600 1.540140 -0.545600
v 0.668220 1.540140 -0.385800
v 0.745300 1.540140 -0.199700
v 0.771590 1.540140 -0.000000
v 0.745300 1.540140 0.199700
v 0.668220 1.540140 0.385800
v 0.545600 1.540140 0.545600
v 0.385800 1.540140 0.668220
v 0.199700 1.540140 0.745300
v 0.000000 1.540140 0.771590
v -0.199700 1.540140 0.745300
v -0.385800 1.540140 0.668220
v -0.545600 1.540140 0.545600
v -0.668220 1.540140 0.385800
v -0.745300 1.540140 0.199700
v -0.771590 1.540140 -0.000000
v -0.745300 1.540140 -0.199700
v -0.668220 1.540140 -0.385800
v -0.545600 1.540140 -0.545600
v -0.385800 1.540140 -0.668220
v -0.199700 1.540140 -0.745300
v 0.000000 1.343270 -0.734630
v 0.190140 1.343270 -0.709600
v 0.190140 1.343270 -0.709600
v 0.367320 1.343270 -0.636210
v 0.519460 1.343270 -0.519460
v 0.636210 1.343270 -0.367320
v 0.709600 1.343270 -0.190140
v 0.734630 1.343270 -0.000000
v 0.709600 1.343270 0.190140
v 0.636210 1.343270 0.367320
v 0.519460 1.343270 0.519460
v 0.367320 1.343270 0.636210
v 0.190140 1.343270 0.709600
v 0.000000 1.343270 0.734630
v -0.190140 1.343270 0.709600
v -0.367320 1.343270 0.636210
v -0.519460 1.343270 0.519460
v -0.636210 1.343270 0.367320
v -0.709600 1.343270 0.190140
v -0.734630 1.343270 -0.000000
v -0.709600 1.343270 -0.190140
v -0.636210 1.343270 -0.367320
v -0.519460 1.343270 -0.519460
v -0.367320 1.343270 -0.636210
v -0.190140 1.343270 -0.709600
v 0.000000 1.359510 -0.765350
v 0.198090 1.359510 -0.739270
v 0.198090 1.359510 -0.739270
v 0.382670 1.359510 -0.662810
v 0.541190 1.359510 -0.541190
v 0.662810 1.359510 -0.382670
v 0.739270 1.359510 -0.198090
v 0.765350 1.359510 -0.000000
v 0.739270 1.359510 0.198090
v 0.662810 1.359510 0.382670
v 0.541190 1.359510 0.541190
v 0.382680 1.359510 0.662810
v 0.198090 1.359510 0.739270
v 0.000000 1.359510 0.765350
v -0.198090 1.359510 0.739270
v -0.382670 1.359510 0.662810
v -0.541190 1.359510 0.541190
v -0.662810 1.359510 0.382680
v -0.739270 1.359510 0.198090
v -0.765350 1.359510 -0.000000
v -0.739270 1.359510 -0.198090
v -0.662810 1.359510 -0.382670
v -0.541190 1.359510 -0.541190
v -0.382680 1.359510 -0.662810
v -0.198090 1.359510 -0.739270
v 0.000000 1.560480 -0.811980
v 0.210160 1.560480 -0.784310
v 0.210160 1.560480 -0.784310
v 0.405990 1.560480 -0.703190
v 0.574150 1.560480 -0.574150
v 0.703190 1.560480 -0.405990
v 0.784310 1.560480 -0.210160
v 0.811980 1.560480 -0.000000
v 0.784310 1.560480 0.210160
v 0.703190 1.560480 0.405990
v 0.574150 1.560480 0.574150
v 0.405990 1.560480 0.703190
v 0.210160 1.560480 0.784310
v 0.000000 1.560480 0.811980
v -0.210160 1.560480 0.784310
v -0.405990 1.560480 0.703190
v -0.574150 1.560480 0.574150
v -0.703190 1.560480 0.405990
v -0.784310 1.560480 0.210160
v -0.811980 1.560480 -0.000000
v -0.784310 1.560480 -0.210160
v -0.703190 1.560480 -0.405990
v -0.574150 1.560480 -0.574150
v -0.405990 1.560480 -0.703190
v -0.210160 1.560480 -0.784310
v 0.000000 1.288320 -0.791880
v 0.204950 1.288320 -0.764900
v 0.204950 1.288320 -0.764900
v 0.395940 1.288320 -0.685790
v 0.559950 1.288320 -0.559950
v 0.685790 1.288320 -0.395940
v 0.764900 1.288320 -0.204950
v 0.791880 1.288320 -0.000000
v 0.764900 1.288320 0.204950
v 0.685790 1.288320 0.395940
v 0.559950 1.288320 0.559950
v 0.395940 1.288320 0.685790
v 0.204950 1.288320 0.764900
v 0.000000 1.288320 0.791880
v -0.204950 1.288320 0.764900
v -0.395940 1.288320 0.685790
v -0.559940 1.288320 0.559950
v -0.685790 1.288320 0.395940
v -0.764900 1.288320 0.204950
v -0.791880 1.288320 -0.000000
v -0.764900 1.288320 -0.204950
v -0.685790 1.288320 -0.395940
v -0.559950 1.288320 -0.559940
v -0.395940 1.288320 -0.685790
v -0.204950 1.288320 -0.764900
v 0.000000 1.331540 -0.823700
v 0.213190 1.331540 -0.795630
v 0.213190 1.331540 -0.795630
v 0.411850 1.331540 -0.713350
v 0.582440 1.331540 -0.582440
v 0.713350 1.331540 -0.411850
v 0.795630 1.331540 -0.213190
v 0.823700 1.331540 -0.000000
v 0.795630 1.331540 0.213190
v 0.713350 1.331540 0.411850
v 0.582450 1.331540 0.582440
v 0.411850 1.331540 0.713350
v 0.213190 1.331540 0.795630
v 0.000000 1.331540 0.823700
v -0.213190 1.331540 0.795630
v -0.411850 1.331540 0.713350
v -0.582440 1.331540 0.582450
v -0.713350 1.331540 0.411850
v -0.795630 1.331540 0.213190
v -0.823700 1.331540 -0.000000
v -0.795630 1.331540 -0.213190
v -0.713350 1.331540 -0.411850
v -0.582450 1.331540 -0.582440
v -0.411850 1.331540 -0.713350
v -0.213190 1.331540 -0.795630
v 0.112900 0.016280 -0.421370
v 0.218120 0.016280 -0.377790
v 0.308460 0.016280 -0.308460
v 0.377790 0.016280 -0.218120
v 0.421370 0.016280 -0.112900
v 0.436230 0.016280 -0.000000
v 0.421370 0.016280 0.112900
v 0.377790 0.016280 0.218120
v 0.308460 0.016280 0.308460
v 0.218120 0.016280 0.377790
v 0.112910 0.016280 0.421370
v 0.000000 0.016280 0.436230
v -0.112900 0.016280 0.421370
v -0.218120 0.016280 0.377790
v -0.308460 0.016280 0.308460
v -0.377790 0.016280 0.218120
v -0.421370 0.016280 0.112910
v -0.436230 0.016280 -0.000000
v -0.421370 0.016280 -0.112900
v -0.377790 0.016280 -0.218120
v -0.308460 0.016280 -0.308460
v -0.218120 0.016280 -0.377790
v -0.112910 0.016280 -0.421370
v 0.000000 0.016280 -0.000000
v -0.188770 1.327100 -0.704510
v -0.188770 1.327100 -0.704510
v 0.000000 1.327100 -0.729360
v 0.000000 1.327100 -0.729360
v 0.188770 1.327100 -0.704510
v 0.188770 1.327100 -0.704510
v 0.188770 1.327100 -0.704510
v 0.364680 1.327100 -0.631640
v 0.364680 1.327100 -0.631640
v 0.515730 1.327100 -0.515730
v 0.515730 1.327100 -0.515730
v 0.631640 1.327100 -0.364680
v 0.631640 1.327100 -0.364680
v 0.704510 1.327100 -0.188770
v 0.704510 1.327100 -0.188770
v 0.729360 1.327100 -0.000000
v 0.729360 1.327100 -0.000000
v 0.704510 1.327100 0.188770
v 0.704510 1.327100 0.188770
v 0.631640 1.327100 0.364680
v 0.631640 1.327100 0.364680
v 0.515730 1.327100 0.515730
v 0.515730 1.327100 0.515730
v 0.364680 1.327100 0.631640
v 0.364680 1.327100 0.631640
v 0.188770 1.327100 0.704510
v 0.188770 1.327100 0.704510
v 0.000000 1.327100 0.729360
v 0.000000 1.327100 0.729360
v -0.188770 1.327100 0.704510
v -0.188770 1.327100 0.704510
v -0.364680 1.327100 0.631640
v -0.364680 1.327100 0.631640
v -0.515730 1.327100 0.515730
v -0.515730 1.327100 0.515730
v -0.631640 1.327100 0.364680
v -0.631640 1.327100 0.364680
v -0.704510 1.327100 0.188770
v -0.704510 1.327100 0.188770
v -0.729360 1.327100 -0.000000
v -0.729360 1.327100 -0.000000
v -0.704510 1.327100 -0.188770
v -0.704510 1.327100 -0.188770
v -0.631640 1.327100 -0.364680
v -0.631640 1.327100 -0.364680
v -0.515730 1.327100 -0.515730
v -0.515730 1.327100 -0.515730
v -0.364680 1.327100 -0.631640
v -0.364680 1.327100 -0.631640
v 0.000000 1.376990 -0.767800
v 0.198720 1.376990 -0.741640
v 0.198720 1.376990 -0.741640
v 0.383900 1.376990 -0.664930
v 0.542920 1.376990 -0.542920
v 0.664930 1.376990 -0.383900
v 0.741640 1.376990 -0.198720
v 0.767800 1.376990 -0.000000
v 0.741640 1.376990 0.198720
v 0.664930 1.376990 0.383900
v 0.542920 1.376990 0.542920
v 0.383900 1.376990 0.664930
v 0.198720 1.376990 0.741640
v 0.000000 1.376990 0.767800
v -0.198720 1.376990 0.741640
v -0.383900 1.376990 0.664930
v -0.542920 1.376990 0.542920
v -0.664930 1.376990 0.383900
v -0.741640 1.376990 0.198720
v -0.767800 1.376990 -0.000000
v -0.741640 1.376990 -0.198720
v -0.664930 1.376990 -0.383900
v -0.542920 1.376990 -0.542920
v -0.383900 1.376990 -0.664930
v -0.198720 1.376990 -0.741640
v 0.000000 1.515280 -0.849500
v 0.219870 1.515280 -0.820550
v 0.219870 1.515280 -0.820550
v 0.424750 1.515280 -0.735690
v 0.600680 1.515280 -0.600680
v 0.735690 1.515280 -0.424750
v 0.820550 1.515280 -0.219870
v 0.849500 1.515280 -0.000000
v 0.820550 1.515280 0.219870
v 0.735690 1.515280 0.424750
v 0.600680 1.515280 0.600680
v 0.424750 1.515280 0.735690
v 0.219870 1.515280 0.820550
v 0.000000 1.515280 0.849500
v -0.219870 1.515280 0.820550
v -0.424750 1.515280 0.735690
v -0.600680 1.515280 0.600680
v -0.735690 1.515280 0.424750
v -0.820550 1.515280 0.219870
v -0.849500 1.515280 -0.000000
v -0.820550 1.515280 -0.219870
v -0.735690 1.515280 -0.424750
v -0.600690 1.515280 -0.600680
v -0.424750 1.515280 -0.735690
v -0.219870 1.515280 -0.820550
v 0.000000 1.525110 -0.770460
v 0.000000 1.525110 -0.770460
v 0.199410 1.525110 -0.744210
v 0.199410 1.525110 -0.744210
v 0.199410 1.525110 -0.744210
v 0.199410 1.525110 -0.744210
v 0.385230 1.525110 -0.667240
v 0.385230 1.525110 -0.667240
v 0.544800 1.525110 -0.544800
v 0.544800 1.525110 -0.544800
v 0.667240 1.525110 -0.385230
v 0.667240 1.525110 -0.385230
v 0.744210 1.525110 -0.199410
v 0.744210 1.525110 -0.199410
v 0.770460 1.525110 -0.000000
v 0.770460 1.525110 -0.000000
v 0.744210 1.525110 0.199410
v 0.744210 1.525110 0.199410
v 0.667240 1.525110 0.385230
v 0.667240 1.525110 0.385230
v 0.544800 1.525110 0.544800
v 0.544800 1.525110 0.544800
v 0.385230 1.525110 0.667240
v 0.385230 1.525110 0.667240
v 0.199410 1.525110 0.744210
v 0.199410 1.525110 0.744210
v 0.000000 1.525110 0.770460
v 0.000000 1.525110 0.770460
v -0.199410 1.525110 0.744210
v -0.199410 1.525110 0.744210
v -0.385230 1.525110 0.667240
v -0.385230 1.525110 0.667240
v -0.544800 1.525110 0.544800
v -0.544800 1.525110 0.544800
v -0.667240 1.525110 0.385230
v -0.667240 1.525110 0.385230
v -0.744210 1.525110 0.199410
v -0.744210 1.525110 0.199410
v -0.770460 1.525110 -0.000000
v -0.770460 1.525110 -0.000000
v -0.744210 1.525110 -0.199410
v -0.744210 1.525110 -0.199410
v -0.667240 1.525110 -0.385230
v -0.667240 1.525110 -0.385230
v -0.544800 1.525110 -0.544800
v -0.544800 1.525110 -0.544800
v -0.385230 1.525110 -0.667240
v -0.385230 1.525110 -0.667240
v -0.199410 1.525110 -0.744210
v -0.199410 1.525110 -0.744210
v 0.000000 0.000610 -0.526050
v 0.000000 0.094330 -0.611710
v 0.000000 0.039680 -0.584320
v 0.158320 0.094330 -0.590860
v 0.158320 0.094330 -0.590860
v 0.136150 0.000610 -0.508120
v 0.136150 0.000610 -0.508120
v 0.151230 0.039680 -0.564410
v 0.151230 0.039680 -0.564410
v 0.305850 0.094330 -0.529750
v 0.263020 0.000610 -0.455570
v 0.292160 0.039680 -0.506040
v 0.432540 0.094330 -0.432540
v 0.371970 0.000610 -0.371970
v 0.413180 0.039680 -0.413180
v 0.529750 0.094330 -0.305850
v 0.455570 0.000610 -0.263020
v 0.506040 0.039680 -0.292160
v 0.590860 0.094330 -0.158320
v 0.508120 0.000610 -0.136150
v 0.564410 0.039680 -0.151230
v 0.611710 0.094330 -0.000000
v 0.526050 0.000610 -0.000000
v 0.584320 0.039680 -0.000000
v 0.590860 0.094330 0.158320
v 0.508120 0.000610 0.136150
v 0.564410 0.039680 0.151230
v 0.529750 0.094330 0.305850
v 0.455570 0.000610 0.263020
v 0.506040 0.039680 0.292160
v 0.432540 0.094330 0.432540
v 0.371970 0.000610 0.371970
v 0.413180 0.039680 0.413180
v 0.305850 0.094330 0.529750
v 0.263020 0.000610 0.455570
v 0.292160 0.039680 0.506040
v 0.158320 0.094330 0.590860
v 0.136150 0.000610 0.508120
v 0.151230 0.039680 0.564410
v 0.000000 0.094330 0.611710
v 0.000000 0.000610 0.526050
v 0.000000 0.039680 0.584320
v -0.158320 0.094330 0.590860
v -0.136150 0.000610 0.508120
v -0.151230 0.039680 0.564410
v -0.305850 0.094330 0.529750
v -0.263020 0.000610 0.455570
v -0.292160 0.039680 0.506040
v -0.432540 0.094330 0.432540
v -0.371970 0.000610 0.371970
v -0.413180 0.039680 0.413180
v -0.529750 0.094330 0.305850
v -0.455570 0.000610 0.263020
v -0.506040 0.039680 0.292160
v -0.590860 0.094330 0.158320
v -0.508120 0.000610 0.136150
v -0.564410 0.039680 0.151230
v -0.611710 0.094330 -0.000000
v -0.526050 0.000610 -0.000000
v -0.584320 0.039680 -0.000000
v -0.590860 0.094330 -0.158320
v -0.508120 0.000610 -0.136150
v -0.564410 0.039680 -0.151230
v -0.529750 0.094330 -0.305850
v -0.455570 0.000610 -0.263020
v -0.506040 0.039680 -0.292160
v -0.432540 0.094330 -0.432540
v -0.371970 0.000610 -0.371970
v -0.413180 0.039680 -0.413180
v -0.305850 0.094330 -0.529750
v -0.263020 0.000610 -0.455570
v -0.292160 0.039680 -0.506030
v -0.158320 0.094330 -0.590860
v -0.136150 0.000610 -0.508120
v -0.151230 0.039680 -0.564410
v 0.000000 1.327100 -0.000000
vn -0.0042 0.9872 0.1595
vn 0.1710 0.9843 -0.0446
vn -0.0118 0.9951 0.0980
vn -0.1674 0.9701 0.1758
vn -0.0964 0.9896 0.1071
vn -0.1445 0.9589 0.2440
vn -0.3181 0.9235 0.2143
vn -0.0085 0.9623 0.2719
vn 0.0580 0.8965 0.4393
vn 0.0593 0.8511 0.5216
vn -0.0870 0.9467 0.3101
vn -0.1809 0.8140 0.5520
vn 0.1577 0.8871 0.4339
vn 0.1801 0.9590 0.2189
vn -0.1779 0.9591 0.2202
vn -0.0909 0.9891 0.1156
vn -0.3243 0.8698 0.3718
vn -0.0880 0.8599 0.5028
vn 0.1195 0.9266 0.3566
vn 0.3805 0.9183 0.1094
vn 0.2429 0.8790 0.4103
vn -0.0434 0.9892 0.1397
vn 0.0121 0.9653 0.2610
vn -0.0441 0.9767 0.2100
vn -0.1070 0.9942 0.0082
vn -0.0314 0.9807 0.1928
vn 0.0247 0.9875 0.1558
vn -0.0096 0.9939 -0.1099
vn 0.2265 0.9549 -0.1918
vn 0.1795 0.9743 -0.1364
vn 0.0097 0.9989 0.0456
vn 0.0671 0.9975 -0.0237
vn -0.2569 0.9661 -0.0250
vn -0.2942 0.9557 -0.0075
vn -0.5635 0.8258 -0.0224
vn -0.3381 0.8619 -0.3779
vn -0.3153 0.8923 -0.3230
vn -0.2592 0.9615 -0.0908
vn 0.0091 0.9986 -0.0520
vn 0.1091 0.9905 0.0833
vn -0.2987 0.9230 -0.2426
vn -0.3316 0.9054 -0.2652
vn -0.5574 0.8073 0.1938
vn -0.1429 0.9496 0.2789
vn 0.1086 0.9678 0.2272
vn -0.4363 0.8933 -0.1082
vn 0.2743 0.9444 0.1812
vn -0.0535 0.9809 0.1870
vn 0.2884 0.9412 0.1758
vn 0.0663 0.9961 -0.0575
vn 0.3847 0.9011 0.2001
vn 0.2644 0.9196 0.2906
vn 0.4634 0.7785 0.4233
vn 0.1506 0.9495 -0.2753
vn 0.5697 0.7668 0.2956
vn 0.2792 0.9487 0.1484
vn 0.3412 0.8498 0.4018
vn 0.1468 0.9870 0.0660
vn -0.0294 0.9819 0.1869
vn -0.1268 0.8492 -0.5126
vn 0.2493 0.9357 -0.2496
vn -0.0410 0.9978 0.0522
vn 0.1408 0.9898 0.0229
vn -0.2742 0.9568 -0.0963
vn -0.1127 0.9933 -0.0266
vn -0.0534 0.9901 -0.1299
vn -0.1468 0.9781 -0.1473
vn -0.3465 0.8262 -0.4442
vn -0.0575 0.9464 -0.3180
vn 0.1472 0.9889 0.0186
vn 0.0965 0.9878 -0.1221
vn -0.0536 0.9986 0.0051
vn -0.0588 0.9979 0.0281
vn -0.0217 0.9255 -0.3780
vn -0.1986 0.9063 -0.3732
vn -0.2748 0.9612 -0.0235
vn -0.0192 0.9959 0.0882
vn 0.4020 0.8882 -0.2225
vn 0.2938 0.9425 -0.1595
vn 0.4095 0.9028 -0.1313
vn 0.0286 0.9772 0.2103
vn 0.4609 0.8867 0.0371
vn 0.3380 0.9342 0.1141
vn 0.5846 0.6626 0.4682
vn 0.4807 0.8757 -0.0453
vn 0.0359 0.9899 -0.1375
vn -0.1090 0.9848 -0.1352
vn -0.1616 0.9820 -0.0975
vn -0.0968 0.9932 -0.0645
vn -0.1594 0.9801 -0.1183
vn 0.0966 0.9852 -0.1417
vn 0.0802 0.9966 -0.0183
vn -0.3273 0.9285 -0.1752
vn 0.1291 0.9817 -0.1403
vn -0.7460 0.6657 0.0189
vn -0.6640 0.7465 -0.0437
vn -0.4613 0.8721 0.1634
vn -0.7137 0.6955 -0.0837
vn -0.6808 0.7323 -0.0167
vn -0.5045 0.8625 0.0406
vn -0.5667 0.7757 -0.2777
vn -0.7343 0.6694 -0.1125
vn -0.2472 0.8767 -0.4126
vn 0.5295 0.8481 -0.0172
vn 0.3122 0.9424 0.1199
vn 0.5718 0.8178 -0.0648
vn 0.4091 0.8265 -0.3868
vn 0.2503 0.9646 -0.0836
vn 0.4484 0.8259 -0.3417
vn 0.1759 0.8216 -0.5422
vn 0.0011 0.8197 -0.5728
vn -0.3503 0.7804 -0.5180
vn -0.0165 0.8350 -0.5500
vn 0.1435 0.9895 -0.0158
vn 0.0437 0.9828 -0.1794
vn 0.0255 0.9952 -0.0943
vn 0.0003 0.9952 -0.0980
vn -0.0302 0.9995 0.0053
vn -0.0546 0.9983 -0.0212
vn -0.0531 0.9973 -0.0507
vn -0.0922 0.9801 -0.1758
vn 0.2062 0.9765 0.0624
vn 0.0839 0.9943 -0.0657
vn -0.2141 0.9707 -0.1089
vn 0.2549 0.9507 0.1767
vn -0.0103 0.9996 0.0266
vn 0.1688 0.9548 -0.2446
vn 0.1206 0.9887 -0.0893
vn -0.0839 0.9908 -0.1061
vn 0.2735 0.9588 -0.0769
vn 0.2341 0.9710 -0.0491
vn 0.1902 0.9817 -0.0059
vn 0.0492 0.9975 -0.0501
vn -0.0139 0.9998 0.0110
vn -0.0385 0.9984 0.0419
vn -0.1151 0.9827 0.1453
vn -0.1684 0.9707 0.1714
vn -0.0234 0.9988 0.0431
vn -0.0965 0.9771 0.1898
vn -0.1428 0.9685 0.2039
vn -0.4932 0.8035 0.3333
vn -0.1363 0.9655 0.2217
vn -0.0712 0.9811 0.1799
vn -0.0207 0.9865 0.1624
vn -0.0739 0.9638 0.2562
vn -0.0814 0.9882 0.1294
vn -0.0290 0.9970 0.0724
vn 0.0288 0.9901 0.1375
vn 0.0492 0.9834 0.1747
vn 0.0049 0.9955 0.0943
vn 0.0004 0.9944 0.1053
vn 0.0066 0.9912 0.1319
vn 0.0031 0.9929 0.1188
vn -0.0046 0.9948 0.1017
vn 0.0924 0.9935 0.0664
vn 0.0656 0.9917 -0.1110
vn 0.1112 0.9648 -0.2383
vn 0.0408 0.9824 -0.1823
vn 0.1270 0.9847 -0.1193
vn -0.0138 0.9844 -0.1752
vn 0.0056 0.9996 -0.0279
vn -0.0377 0.9933 -0.1088
vn -0.1906 0.9737 -0.1251
vn -0.1537 0.9715 -0.1804
vn -0.1337 0.9761 -0.1715
vn -0.3408 0.9330 -0.1152
vn -0.2640 0.9643 0.0214
vn -0.2617 0.9650 -0.0165
vn -0.0783 0.9966 0.0263
vn -0.1566 0.9698 -0.1868
vn -0.3537 0.9274 -0.1217
vn 0.0093 0.9532 0.3023
vn -0.0845 0.9963 -0.0182
vn -0.1632 0.9866 -0.0071
vn 0.0111 0.9931 -0.1168
vn 0.0971 0.9752 -0.1990
vn -0.3057 0.8801 -0.3633
vn -0.2967 0.9412 -0.1614
vn -0.1665 0.9700 0.1772
vn -0.3767 0.9258 0.0325
vn -0.2889 0.9572 0.0167
vn 0.3727 0.9091 -0.1863
vn -0.0453 0.9455 0.3225
vn -0.2631 0.9467 0.1860
vn -0.0756 0.9479 0.3096
vn -0.0027 0.9894 0.1449
vn -0.1501 0.9532 0.2624
vn 0.2281 0.9714 -0.0655
vn 0.0765 0.9956 -0.0539
vn 0.1433 0.9821 -0.1223
vn 0.0209 0.9997 -0.0157
vn 0.0082 0.9998 -0.0175
vn 0.0967 0.9900 -0.1032
vn 0.0329 0.9987 -0.0384
vn 0.1668 0.9721 -0.1651
vn 0.2317 0.9487 -0.2153
vn -0.0009 0.9829 -0.1841
vn -0.0915 0.9942 -0.0560
vn -0.1275 0.9720 -0.1975
vn 0.0185 0.9981 -0.0587
vn 0.0229 0.9962 -0.0841
vn 0.0822 0.9958 -0.0394
vn 0.2061 0.9590 -0.1946
vn 0.0387 0.9945 -0.0975
vn -0.0466 0.9648 -0.2589
vn -0.1529 0.8682 0.4721
vn -0.0701 0.9593 0.2735
vn -0.1519 0.9853 0.0775
vn -0.1568 0.9817 -0.1079
vn -0.0848 0.9963 -0.0161
vn -0.0647 0.9979 0.0076
vn 0.0174 0.9828 0.1837
vn 0.0709 0.9895 -0.1256
vn 0.1068 0.9770 -0.1844
vn 0.0286 0.9871 -0.1577
vn 0.0557 0.9961 0.0681
vn -0.1236 0.9888 -0.0833
vn 0.0519 0.9986 -0.0130
vn -0.0720 0.9846 -0.1595
vn -0.0534 0.9795 -0.1942
vn -0.1127 0.9856 -0.1259
vn -0.0161 0.9996 -0.0234
vn -0.0072 0.9999 -0.0140
vn -0.0900 0.9885 -0.1216
vn -0.0042 1.0000 -0.0032
vn -0.0039 1.0000 -0.0024
vn -0.0040 1.0000 -0.0045
vn -0.0065 1.0000 -0.0066
vn -0.3964 0.8797 -0.2625
vn -0.2817 0.9518 -0.1212
vn -0.1543 0.9475 -0.2800
vn -0.0915 0.9944 -0.0536
vn -0.0007 1.0000 0.0024
vn -0.0016 0.9899 -0.1417
vn -0.0486 0.9919 0.1170
vn -0.1154 0.9755 -0.1874
vn -0.0428 0.9985 -0.0331
vn -0.2645 0.9627 -0.0565
vn -0.0602 0.9918 0.1124
vn 0.0215 0.9793 0.2012
vn -0.2810 0.9569 0.0729
vn -0.2456 0.9666 -0.0739
vn -0.3232 0.9394 0.1145
vn -0.0220 0.9970 -0.0745
vn -0.0734 0.9971 0.0177
vn -0.2929 0.9528 0.0797
vn -0.0489 0.9988 0.0041
vn -0.2688 0.9609 0.0666
vn -0.0403 0.9991 0.0130
vn -0.0603 0.9979 0.0237
vn -0.2707 0.9591 0.0834
vn -0.2725 0.9612 0.0437
vn -0.0414 0.9991 0.0086
vn -0.0702 0.9975 0.0085
vn -0.2200 0.9736 0.0601
vn -0.1547 0.9667 0.2038
vn -0.1976 0.9626 0.1852
vn -0.0704 0.9956 0.0616
vn -0.2223 0.9712 0.0862
vn -0.2436 0.9385 0.2446
vn -0.2955 0.9536 0.0568
vn 0.0067 0.8363 0.5482
vn -0.4172 0.8030 0.4256
vn 0.2227 0.9037 0.3657
vn 0.2385 0.8856 0.3985
vn 0.2610 0.8902 0.3734
vn 0.1058 0.9757 -0.1920
vn 0.1809 0.9650 -0.1898
vn -0.0813 0.8784 -0.4710
vn 0.4076 0.8166 0.4087
vn 0.0618 0.9980 0.0121
vn 0.3750 0.9199 -0.1144
vn 0.3729 0.9270 0.0393
vn 0.2722 0.9530 -0.1331
vn 0.4793 0.8014 0.3580
vn 0.0301 0.9979 -0.0580
vn -0.5138 0.7526 -0.4118
vn 0.0607 0.9210 -0.3847
vn 0.2245 0.9146 -0.3362
vn 0.1866 0.9793 0.0789
vn 0.1887 0.9819 -0.0181
vn 0.1277 0.9698 0.2078
vn -0.0716 0.9892 -0.1275
vn -0.1840 0.9785 -0.0931
vn -0.0596 0.9979 -0.0246
vn -0.0097 0.9825 0.1858
vn -0.0156 0.9907 0.1353
vn -0.0033 0.9999 0.0096
vn -0.0249 0.9982 0.0553
vn -0.0948 0.9753 0.1994
vn 0.0446 0.9890 0.1409
vn 0.0801 0.9963 0.0307
vn 0.0221 0.9704 0.2406
vn -0.0011 0.9916 -0.1295
vn 0.0931 0.9945 0.0490
vn 0.0861 0.9697 -0.2284
vn -0.0151 0.9874 -0.1577
vn -0.0141 0.9960 0.0886
vn 0.1726 0.9758 0.1344
vn 0.0128 0.8917 0.4524
vn -0.0086 0.8974 0.4412
vn -0.3724 0.9278 -0.0230
vn -0.3538 0.9351 0.0219
vn 0.0686 0.9874 0.1426
vn -0.3404 0.9365 -0.0840
vn -0.1912 0.9695 -0.1534
vn 0.0135 0.9998 0.0128
vn 0.3217 0.9366 -0.1385
vn 0.0216 0.9997 -0.0145
vn 0.0149 0.9999 -0.0073
vn -0.0033 1.0000 -0.0009
vn 0.0697 0.9873 -0.1425
vn -0.1290 0.9859 -0.1068
vn -0.0169 0.9993 -0.0348
vn -0.0003 0.9928 -0.1194
vn 0.1826 0.9675 0.1751
vn -0.0292 0.9995 0.0076
vn -0.0626 0.9978 0.0222
vn 0.0182 0.9994 -0.0297
vn 0.4539 0.8794 0.1437
vn 0.1714 0.8363 0.5207
vn -0.0181 0.9437 -0.3303
vn -0.0958 0.9931 -0.0670
vn 0.1123 0.9924 0.0508
vn 0.0836 0.9771 0.1958
vn -0.0390 0.9680 0.2479
vn 0.0407 0.9936 -0.1057
vn 0.1005 0.8937 0.4373
vn -0.2326 0.9316 -0.2794
vn 0.0834 0.9895 0.1183
vn 0.3550 0.9334 0.0519
vn 0.0587 0.9840 0.1683
vn 0.1096 0.9934 0.0327
vn -0.2423 0.9667 -0.0821
vn -0.0962 0.9945 -0.0418
vn 0.1872 0.9823 0.0028
vn 0.4032 0.8598 -0.3133
vn 0.0822 0.9506 -0.2992
vn 0.0421 0.9844 0.1710
vn 0.2690 0.3577 0.8943
vn 0.2966 0.9507 -0.0910
vn 0.0269 0.9711 -0.2372
vn 0.0424 0.7613 0.6470
vn 0.0994 0.9434 -0.3164
vn 0.3299 0.5607 0.7595
vn 0.3979 0.8433 -0.3612
vn 0.1047 0.9625 0.2504
vn 0.5740 0.7754 0.2632
vn 0.1443 0.9874 0.0645
vn 0.7825 0.3069 0.5418
vn 0.7546 0.6559 0.0203
vn 0.2626 0.9341 -0.2419
vn 0.4372 0.7951 -0.4203
vn 0.4717 0.8818 0.0008
vn 0.3541 0.7340 -0.5796
vn -0.0087 0.9997 0.0231
vn -0.1226 0.8703 -0.4771
vn -0.0665 0.9606 0.2697
vn 0.0910 0.9580 0.2721
vn 0.1534 0.9851 -0.0777
vn -0.2595 0.9518 0.1633
vn -0.3843 0.9230 -0.0214
vn 0.1225 0.9488 0.2911
vn 0.1477 0.9643 0.2199
vn -0.2248 0.9735 0.0415
vn -0.2077 0.9673 0.1453
vn 0.0311 0.9898 -0.1392
vn 0.3451 0.9299 0.1276
vn -0.3935 0.8133 0.4286
vn -0.0795 0.9261 0.3688
vn -0.2804 0.6863 0.6711
vn 0.2231 0.9677 0.1171
vn -0.0582 0.9941 -0.0910
vn 0.8692 0.4895 0.0697
vn 0.6554 0.3705 0.6582
vn 0.2588 0.7929 0.5517
vn 0.0587 0.9963 -0.0632
vn 0.2084 0.7863 0.5817
vn -0.4023 0.9079 0.1181
vn 0.3090 0.7874 0.5334
vn -0.5038 0.8472 0.1687
vn -0.4484 0.7735 0.4479
vn 0.1458 0.9093 -0.3897
vn 0.4168 0.9089 0.0141
vn 0.5017 0.8384 -0.2131
vn -0.0119 0.9231 0.3844
vn 0.1925 0.8169 -0.5437
vn 0.0960 0.7383 0.6676
vn 0.5185 0.8531 -0.0581
vn -0.3676 0.9266 -0.0791
vn 0.3710 0.0105 0.9286
vn 0.3613 0.0484 0.9312
vn 0.3712 0.9276 0.0426
vn 0.8484 0.4681 0.2474
vn 0.2224 0.9690 -0.1076
vn 0.8032 0.1314 0.5810
vn 0.3689 0.9294 -0.0095
vn -0.1214 0.9917 0.0422
vn 0.5667 0.6017 0.5629
vn 0.5235 0.7123 0.4675
vn 0.2109 0.9770 -0.0319
vn 0.6690 0.5931 0.4479
vn 0.4689 0.8712 0.1454
vn 0.0568 0.9670 0.2482
vn -0.0079 0.9546 0.2979
vn -0.0077 0.9819 0.1890
vn 0.7691 0.6381 0.0373
vn 0.1290 0.9501 0.2840
vn 0.6346 0.4599 0.6211
vn 0.6159 0.7357 -0.2820
vn -0.4646 0.8854 0.0140
vn -0.2228 0.9693 0.1041
vn -0.1455 0.9554 0.2570
vn 0.2130 0.9367 0.2778
vn 0.0836 0.9961 -0.0271
vn -0.0532 0.9971 -0.0537
vn -0.1137 0.9861 0.1214
vn -0.4015 0.8762 0.2665
vn -0.5163 0.7440 -0.4241
vn 0.0161 0.6350 -0.7724
vn -0.0331 0.9753 0.2186
vn -0.0316 0.9948 -0.0965
vn 0.0441 0.9875 0.1515
vn -0.0548 0.9323 0.3576
vn 0.2794 0.9601 -0.0076
vn 0.0989 0.8323 -0.5454
vn 0.0061 0.9741 -0.2259
vn -0.1267 0.9465 0.2966
vn 0.1797 0.9736 0.1406
vn 0.2549 0.9670 -0.0011
vn 0.0913 0.9315 -0.3520
vn 0.3488 0.5847 -0.7325
vn -0.3055 0.9518 -0.0282
vn 0.1676 0.7038 0.6904
vn 0.3358 0.8465 -0.4132
vn -0.3195 0.9436 -0.0867
vn -0.5392 0.8137 -0.2172
vn -0.0190 0.8775 0.4792
vn -0.0451 0.9980 -0.0442
vn 0.5105 0.5848 -0.6304
vn -0.6737 0.3274 -0.6625
vn -0.1430 -0.2915 -0.9458
vn -0.4091 0.8883 0.2086
vn -0.6049 0.2074 -0.7688
vn 0.1474 0.9854 -0.0856
vn 0.4078 0.6824 -0.6066
vn -0.5189 0.8547 -0.0162
vn -0.6535 0.7207 0.2316
vn 0.0705 0.9741 -0.2147
vn -0.0821 0.9957 -0.0424
vn -0.3632 0.9061 -0.2171
vn -0.0901 0.9932 -0.0742
vn -0.7374 0.4092 -0.5374
vn -0.5184 0.8448 -0.1329
vn -0.1306 0.9807 -0.1452
vn -0.0608 0.9799 0.1901
vn 0.1742 0.8600 0.4796
vn -0.2212 0.6526 0.7247
vn 0.8985 0.3756 -0.2272
vn 0.7726 0.6326 -0.0541
vn -0.1328 0.9053 -0.4034
vn 0.1358 0.8059 0.5763
vn 0.1264 0.8643 -0.4868
vn -0.2631 0.9493 -0.1721
vn -0.1341 0.8963 0.4226
vn -0.0293 0.9742 -0.2237
vn -0.3582 0.8799 -0.3122
vn 0.9734 0.0388 -0.2257
vn 0.7503 0.1450 -0.6450
vn 0.5867 -0.1582 -0.7942
vn -0.2829 0.9591 0.0110
vn -0.1394 0.9793 0.1465
vn -0.3357 0.9415 0.0287
vn 0.6581 0.7490 0.0767
vn -0.5464 0.7590 0.3540
vn 0.0965 0.9715 -0.2166
vn -0.1834 0.9820 -0.0448
vn -0.0089 0.5591 -0.8291
vn -0.0968 0.9953 -0.0076
vn -0.2254 0.9734 0.0411
vn -0.6206 0.7228 -0.3039
vn 0.1699 -0.6867 -0.7068
vn -0.4762 -0.0029 -0.8793
vn -0.2379 -0.2033 -0.9498
vn 0.4080 0.8824 -0.2344
vn -0.2604 0.2521 -0.9320
vn 0.4874 0.7365 -0.4691
vn 0.1549 0.7587 0.6328
vn -0.0225 0.9969 -0.0755
vn 0.5668 0.8082 0.1601
vn -0.4319 0.8092 -0.3982
vn -0.2644 0.0391 -0.9636
vn -0.3238 0.8542 -0.4068
vn 0.9262 0.3755 0.0346
vn 0.8471 0.4822 0.2235
vn 0.7782 0.6256 -0.0551
vn -0.1758 0.8832 -0.4348
vn 0.7571 0.6476 -0.0861
vn 0.1040 0.9280 0.3577
vn 0.4487 0.7949 0.4084
vn 0.7720 0.6321 0.0666
vn 0.1279 0.7976 -0.5895
vn 0.6641 0.6915 0.2843
vn 0.9484 0.3069 0.0792
vn 0.9874 -0.0356 0.1540
vn 0.0047 0.9207 -0.3903
vn 0.5800 0.6596 -0.4781
vn -0.3574 0.9003 -0.2484
vn -0.3772 0.7236 -0.5781
vn -0.2534 0.5294 -0.8097
vn 0.1964 0.6434 -0.7399
vn 0.5258 -0.1194 -0.8422
vn -0.3516 0.6535 -0.6703
vn 0.0372 0.9428 -0.3314
vn -0.4171 0.8449 0.3349
vn 0.2825 0.7848 -0.5517
vn 0.1383 0.7480 -0.6492
vn 0.0429 0.5384 -0.8416
vn 0.1823 0.8510 -0.4925
vn 0.4651 0.1546 -0.8717
vn 0.4841 0.8689 -0.1028
vn 0.4299 0.8978 -0.0955
vn 0.2926 0.8559 -0.4264
vn 0.1913 0.5811 0.7910
vn 0.2248 0.9112 0.3453
vn -0.1167 0.9303 -0.3476
vn 0.1182 0.9758 0.1840
vn 0.3387 0.9388 0.0621
vn 0.5699 0.7926 0.2167
vn 0.1254 0.9918 -0.0254
vn 0.3036 0.9378 0.1687
vn 0.3627 0.9186 0.1572
vn 0.4194 0.9039 0.0845
vn 0.4375 0.8719 -0.2200
vn 0.2867 0.9022 -0.3222
vn 0.1875 0.9442 -0.2708
vn 0.0038 0.9986 0.0528
vn 0.4401 0.8858 0.1471
vn 0.2211 0.9735 -0.0592
vn -0.1453 0.9845 -0.0982
vn -0.4220 0.6058 -0.6745
vn 0.1220 0.9577 0.2607
vn 0.0743 0.9694 0.2340
vn 0.1799 0.8624 -0.4732
vn 0.1425 0.9664 0.2140
vn 0.5353 0.6953 0.4795
vn -0.1047 0.9909 -0.0850
vn 0.2173 0.9484 0.2310
vn 0.5343 0.5536 0.6388
vn 0.0697 0.9313 -0.3576
vn 0.1662 0.7215 -0.6722
vn 0.5007 0.7937 -0.3455
vn 0.6798 0.0473 -0.7319
vn 0.6244 0.7080 0.3299
vn 0.2790 0.8645 0.4181
vn 0.6125 0.7176 0.3314
vn 0.4680 0.7167 -0.5170
vn 0.5974 0.7656 0.2387
vn 0.6954 0.7107 -0.1063
vn 0.7128 0.4938 -0.4980
vn 0.1916 0.9187 0.3453
vn 0.4295 0.8737 0.2284
vn 0.6446 0.7538 0.1276
vn 0.6746 0.5330 0.5107
vn 0.3940 0.8893 0.2322
vn 0.6953 0.4294 0.5764
vn 0.5388 0.7760 -0.3280
vn 0.7449 0.5240 0.4130
vn 0.9030 0.3977 0.1628
vn -0.0930 0.9654 -0.2435
vn -0.4307 0.8416 0.3259
vn -0.3513 0.8463 0.4004
vn 0.5354 0.8423 0.0621
vn 0.0801 0.8808 -0.4666
vn 0.9588 0.0879 0.2701
vn 0.6900 0.6978 -0.1923
vn 0.4509 0.4411 0.7760
vn -0.0527 0.7075 0.7048
vn -0.4668 0.8684 -0.1673
vn 0.6376 -0.1906 -0.7464
vn 0.2321 0.9582 -0.1672
vn 0.9722 0.2107 -0.1020
vn 0.7560 0.6478 -0.0944
vn 0.6149 0.7741 0.1507
vn -0.1464 0.1018 -0.9840
vn 0.9369 -0.0628 0.3439
vn 0.9895 -0.0186 -0.1434
vn 0.5645 0.8079 -0.1691
vn 0.9369 -0.0628 0.3440
vn -0.6243 0.7064 0.3335
vn 0.4398 0.8057 -0.3968
vn 0.8052 0.4509 0.3852
vn 0.2524 0.2676 -0.9299
vn -0.1387 0.9891 0.0489
vn -0.3610 0.4585 0.8121
vn 0.8662 0.4750 0.1551
vn 0.1403 0.3682 -0.9191
vn 0.4140 -0.1349 -0.9002
vn 0.4286 0.8036 0.4129
vn 0.5214 0.7867 0.3306
vn 0.4435 0.6445 0.6228
vn 0.7548 -0.6556 -0.0209
vn -0.0600 0.9191 -0.3894
vn -0.1068 0.3757 -0.9206
vn 0.3221 0.8046 -0.4989
vn 0.3002 0.9072 0.2947
vn -0.5587 0.5442 0.6259
vn -0.4824 0.1183 0.8679
vn -0.4243 0.8662 -0.2640
vn -0.2372 0.1273 0.9631
vn -0.0419 0.8023 0.5955
vn -0.3137 0.7014 0.6400
vn -0.7125 0.2323 0.6621
vn -0.0398 -0.2953 0.9546
vn -0.2734 0.7623 0.5867
vn 0.1068 0.8813 0.4603
vn -0.1423 0.8413 0.5216
vn -0.2647 0.9504 0.1631
vn -0.4550 0.7947 0.4018
vn -0.3445 0.7156 0.6077
vn 0.3549 0.9261 -0.1279
vn -0.2034 0.2489 0.9469
vn -0.0823 -0.0625 0.9946
vn -0.6143 0.7830 0.0973
vn -0.2431 0.9617 0.1263
vn -0.0181 0.9969 -0.0761
vn -0.9057 0.4187 0.0660
vn -0.2321 0.9717 -0.0430
vn -0.3669 0.7689 0.5236
vn -0.7224 0.5524 0.4160
vn -0.3898 0.8646 0.3171
vn -0.6403 0.7135 0.2844
vn -0.7919 0.5924 0.1480
vn -0.0683 0.9758 -0.2079
vn -0.1869 0.9757 -0.1143
vn 0.4152 0.8709 -0.2631
vn -0.5794 0.7496 -0.3200
vn 0.0125 0.8671 0.4980
vn 0.1638 0.9865 -0.0073
vn -0.9454 0.2556 -0.2021
vn 0.2853 0.5130 0.8096
vn -0.1132 0.3740 0.9205
vn -0.6647 0.7329 0.1453
vn -0.1710 0.9827 -0.0708
vn -0.0884 0.7443 0.6620
vn -0.6297 0.5325 -0.5656
vn -0.2845 0.8793 0.3820
vn 0.5308 0.8467 -0.0357
vn 0.1326 0.9877 0.0830
vn 0.0301 0.9813 0.1900
vn 0.1330 0.9379 -0.3203
vn 0.0200 0.9745 -0.2236
vn 0.8087 0.4298 -0.4015
vn 0.5973 0.8015 -0.0284
vn 0.2184 0.9675 -0.1277
vn 0.2559 0.9587 -0.1239
vn -0.1246 0.9922 0.0070
vn 0.0703 0.9965 -0.0461
vn 0.3636 0.9314 0.0168
vn 0.3157 0.8890 -0.3317
vn 0.2054 0.9736 -0.0991
vn 0.2982 0.9520 0.0690
vn 0.1714 0.9851 0.0146
vn 0.1936 0.9603 -0.2007
vn 0.3570 0.9277 -0.1092
vn 0.3611 0.9246 0.1215
vn -0.4739 0.6714 0.5697
vn -0.6739 0.0370 0.7379
vn -0.4621 0.2469 0.8518
vn -0.2355 0.3423 0.9096
vn -0.5743 -0.2892 0.7659
vn 0.1024 0.8629 0.4949
vn 0.1350 0.8433 0.5202
vn 0.5967 0.8016 0.0374
vn -0.1915 0.9815 -0.0051
vn -0.4496 0.8756 0.1766
vn 0.7752 0.2120 0.5951
vn 0.8203 0.3427 0.4579
vn -0.2339 0.9248 0.3001
vn -0.1481 0.8749 0.4610
vn -0.2222 0.9031 0.3676
vn -0.1659 0.9665 0.1956
vn 0.2245 0.8990 0.3761
vn -0.3299 0.7864 0.5223
vn -0.1450 0.9819 -0.1216
vn 0.3148 0.7656 -0.5611
vn -0.2737 0.9541 0.1218
vn -0.1063 0.9067 0.4082
vn 0.4934 0.6771 -0.5460
vn -0.3925 0.8981 0.1986
vn -0.2121 0.7645 -0.6087
vn -0.1188 0.8838 0.4526
vn 0.4874 0.8273 -0.2795
vn 0.6455 0.7460 0.1636
vn 0.2739 0.8998 -0.3395
vn 0.2012 0.9524 0.2290
vn -0.1075 0.9742 0.1986
vn 0.3652 0.9115 -0.1894
vn 0.4206 0.7441 0.5191
vn -0.3087 0.8445 -0.4377
vn -0.1345 0.9434 -0.3030
vn -0.1516 0.9699 0.1905
vn -0.0505 0.7942 -0.6056
vn 0.0269 0.9993 0.0262
vn 0.5111 0.8261 -0.2372
vn -0.3880 0.8715 0.2999
vn 0.4328 0.6007 0.6722
vn 0.0108 0.6613 0.7501
vn 0.4760 0.8777 0.0559
vn 0.2984 0.9366 0.1837
vn 0.0283 0.7668 -0.6412
vn 0.4903 0.8239 0.2843
vn 0.0791 0.9150 -0.3956
vn -0.9262 0.3740 0.0471
vn -0.7286 0.6809 -0.0745
vn -0.4065 0.8360 0.3685
vn -0.8021 0.5961 -0.0370
vn -0.2188 0.9605 -0.1718
vn -0.1021 0.9896 0.1012
vn -0.2816 0.9588 0.0371
vn -0.8253 0.5621 -0.0539
vn -0.3685 0.9142 -0.1688
vn -0.1770 0.9759 -0.1277
vn -0.0296 0.8953 0.4444
vn -0.3084 0.9170 0.2529
vn -0.0189 0.9127 0.4081
vn -0.1516 0.9477 0.2809
vn -0.0737 0.9315 0.3562
vn -0.0070 0.9852 0.1713
vn 0.1574 0.9872 -0.0262
vn -0.3038 0.9513 0.0524
vn 0.1306 0.9647 0.2286
vn -0.3070 0.8588 0.4101
vn -0.1264 0.9913 -0.0369
vn 0.0293 0.9506 -0.3091
vn -0.2330 0.9638 0.1298
vn -0.2416 0.9675 0.0746
vn 0.0354 0.9383 -0.3440
vn -0.0827 0.8202 -0.5660
vn 0.4327 0.7917 -0.4312
vn 0.2534 0.7798 -0.5725
vn 0.0812 0.9522 0.2944
vn 0.3801 0.9172 0.1195
vn 0.3766 0.8782 -0.2949
vn -0.3836 0.7907 -0.4772
vn -0.0385 0.7109 0.7022
vn 0.0909 0.8404 -0.5343
vn 0.0327 0.8667 0.4977
vn 0.0027 0.9686 0.2486
vn 0.4189 0.5672 0.7091
vn 0.2164 0.9572 -0.1925
vn -0.3141 0.9155 -0.2515
vn 0.0166 0.8981 0.4395
vn -0.3335 0.9361 0.1118
vn 0.2599 0.9143 -0.3106
vn -0.1980 0.9789 0.0506
vn 0.4735 0.8805 -0.0237
vn -0.2995 0.9482 0.1064
vn -0.4946 0.8171 -0.2961
vn -0.3980 0.8748 0.2763
vn 0.0492 0.8696 0.4913
vn -0.1615 0.4805 -0.8620
vn -0.4199 0.8454 -0.3301
vn -0.3323 0.9326 -0.1409
vn 0.3470 0.9357 0.0636
vn -0.2842 0.9577 0.0454
vn -0.0042 0.8223 -0.5691
vn 0.2333 0.8708 0.4328
vn -0.1397 0.9184 0.3702
vn 0.1322 0.9908 -0.0302
vn -0.0523 0.9208 0.3865
vn -0.0310 0.9907 -0.1323
vn 0.6630 0.7078 0.2439
vn 0.0126 0.9910 0.1335
vn 0.5069 0.8127 -0.2873
vn -0.3895 0.8932 0.2247
vn -0.1736 0.9836 -0.0483
vn -0.0784 0.8954 -0.4383
vn 0.3842 0.8668 0.3179
vn 0.5311 0.8428 -0.0870
vn 0.3874 0.9021 -0.1902
vn -0.2693 0.9242 0.2708
vn 0.3247 0.8489 0.4171
vn 0.1676 0.9697 0.1776
vn 0.4705 0.8115 -0.3466
vn 0.3506 0.9140 -0.2039
vn 0.4743 0.8775 -0.0713
vn 0.7659 0.5638 -0.3092
vn 0.2035 0.9226 0.3276
vn -0.5442 0.8353 0.0778
vn -0.1209 0.9474 -0.2965
vn 0.4956 0.8477 -0.1893
vn 0.3769 0.5948 -0.7100
vn -0.0109 0.8097 -0.5868
vn -0.5754 0.2457 0.7801
vn 0.0745 0.9945 -0.0742
vn -0.3464 0.9184 -0.1909
vn 0.2095 0.8570 -0.4709
vn 0.0391 0.8078 -0.5881
vn -0.2860 0.9500 0.1252
vn -0.1185 0.9699 0.2125
vn 0.4206 0.8872 -0.1895
vn 0.1183 0.9883 -0.0959
vn 0.0896 0.8480 -0.5224
vn 0.0008 0.9892 0.1463
vn -0.1138 0.8821 -0.4571
vn 0.1398 0.9419 -0.3054
vn 0.1651 0.9793 0.1169
vn -0.2285 0.5497 0.8035
vn 0.1980 0.9634 -0.1804
vn -0.2136 0.9514 -0.2217
vn -0.3226 0.9460 -0.0317
vn -0.3595 0.7739 -0.5214
vn -0.2664 0.8940 0.3603
vn 0.2126 0.5957 0.7746
vn 0.6837 0.6920 0.2316
vn -0.0359 0.9885 0.1467
vn 0.3167 0.9406 0.1221
vn 0.5892 0.6259 0.5109
vn 0.7508 0.1756 0.6368
vn 0.8350 0.5443 -0.0811
vn -0.0248 0.9737 -0.2263
vn 0.2025 0.7045 0.6802
vn 0.4973 0.8676 -0.0012
vn -0.1186 0.9829 0.1407
vn 0.4364 0.8996 -0.0181
vn 0.5202 0.3984 0.7554
vn 0.9173 0.2857 -0.2772
vn 0.7233 0.4823 0.4941
vn 0.8398 0.5084 -0.1902
vn 0.8174 0.4442 0.3667
vn 0.4765 -0.1840 0.8597
vn 0.1996 0.9112 -0.3603
vn 0.0195 0.9646 0.2629
vn 0.5493 0.7697 0.3254
vn -0.4785 0.5047 0.7185
vn -0.0544 0.9971 -0.0539
vn 0.1761 0.8061 0.5650
vn 0.1275 0.9648 0.2300
vn 0.4197 0.8204 0.3882
vn 0.0739 0.9514 0.2988
vn -0.0200 0.9986 0.0483
vn -0.7974 0.6027 -0.0301
vn -0.1205 0.8423 0.5253
vn -0.2021 0.9301 -0.3066
vn -0.3808 0.9001 0.2119
vn 0.2840 0.9559 0.0749
vn -0.0695 0.8385 -0.5404
vn 0.4339 0.8390 0.3284
vn 0.8251 -0.0620 0.5615
vn 0.8975 -0.0628 0.4366
vn 0.7214 -0.2472 0.6469
vn 0.0829 0.9728 0.2161
vn -0.3261 0.5971 0.7329
vn -0.0500 0.8018 0.5955
vn 0.6987 0.1478 0.7000
vn -0.2802 0.9555 -0.0922
vn 0.6857 0.5140 0.5154
vn 0.3010 0.8463 0.4395
vn 0.3792 0.7142 0.5883
vn -0.0880 0.9927 -0.0826
vn 0.5879 0.6200 -0.5196
vn -0.0163 0.9993 -0.0324
vn -0.4427 0.8958 -0.0387
vn 0.1912 0.9766 0.0988
vn 0.0151 0.7632 -0.6460
vn -0.2976 0.9543 -0.0264
vn 0.1671 0.9452 0.2804
vn 0.1594 0.9870 0.0202
vn -0.2948 0.9527 0.0742
vn -0.7748 0.4722 0.4203
vn -0.5484 0.8320 0.0839
vn -0.1352 0.9552 0.2631
vn -0.2731 0.7172 -0.6411
vn -0.0335 0.9986 -0.0399
vn 0.0239 0.5735 -0.8189
vn -0.1386 0.5181 -0.8440
vn -0.3014 0.8849 -0.3552
vn 0.0851 0.8348 -0.5439
vn -0.6170 0.5543 -0.5586
vn 0.8428 0.4797 -0.2441
vn 0.2059 0.9653 -0.1605
vn -0.2726 0.7132 -0.6458
vn -0.4341 0.8493 -0.3004
vn -0.1766 0.9805 -0.0863
vn 0.4422 0.7403 -0.5064
vn -0.9432 0.1129 -0.3125
vn -0.8864 0.1139 -0.4487
vn -0.6329 0.7695 0.0858
vn -0.0137 0.9732 0.2296
vn -0.6070 0.6992 -0.3777
vn -0.4711 0.8657 0.1694
vn 0.1577 0.9723 0.1727
vn 0.0712 0.9228 0.3787
vn -0.3295 0.8437 -0.4237
vn 0.2390 0.9709 0.0169
vn 0.0072 0.9682 0.2501
vn 0.4237 0.8784 -0.2212
vn -0.1767 0.8768 0.4472
vn -0.7390 0.4524 -0.4992
vn -0.8925 0.1248 -0.4334
vn -0.3685 0.9205 0.1297
vn 0.1108 0.9586 0.2624
vn 0.2516 0.9065 -0.3391
vn 0.0486 0.7171 0.6952
vn 0.0384 0.9878 0.1506
vn -0.5120 0.6830 -0.5209
vn 0.2885 0.1225 -0.9496
vn 0.7384 0.2762 -0.6153
vn 0.5401 0.1555 -0.8271
vn 0.8301 0.4489 -0.3307
vn 0.1889 0.8449 -0.5004
vn -0.1686 0.9412 -0.2928
vn 0.2361 0.9716 0.0163
vn -0.0086 0.9950 -0.0992
vn -0.1899 0.9630 0.1912
vn -0.3062 0.9513 -0.0354
vn 0.4661 0.8833 -0.0498
vn 0.4958 0.8504 -0.1758
vn -0.4948 0.6692 -0.5544
vn -0.2156 0.9759 0.0345
vn -0.3468 0.5458 -0.7627
vn 0.2670 0.8097 -0.5225
vn -0.0117 0.9484 0.3168
vn 0.1464 0.9078 -0.3931
vn -0.1764 0.6628 -0.7278
vn -0.3030 0.6724 -0.6753
vn -0.0335 0.9937 -0.1065
vn 0.1693 0.9798 -0.1063
vn 0.2543 0.8029 -0.5392
vn -0.5841 0.3092 -0.7504
vn -0.3761 0.7071 -0.5988
vn 0.5581 0.8296 -0.0185
vn 0.5276 0.8084 -0.2610
vn 0.5141 0.8407 -0.1703
vn 0.3981 0.7775 -0.4869
vn 0.4358 0.8254 -0.3587
vn 0.6856 0.6198 -0.3819
vn -0.8235 0.5185 -0.2302
vn -0.9289 0.3703 0.0060
vn -0.9770 -0.0695 -0.2015
vn -0.9748 -0.1778 -0.1350
vn 0.4596 0.5385 -0.7063
vn -0.3105 0.3076 -0.8994
vn -0.0307 0.9072 -0.4196
vn 0.1496 0.4989 -0.8537
vn -0.2717 0.9601 0.0664
vn -0.2115 0.9491 0.2334
vn -0.0207 0.9995 0.0246
vn -0.0401 0.9985 -0.0374
vn -0.1081 0.9266 -0.3601
vn 0.1715 0.8779 0.4471
vn 0.1470 0.9648 -0.2181
vn -0.0398 0.9390 -0.3416
vn 0.3990 0.9169 -0.0115
vn 0.2365 0.8983 0.3704
vn 0.3606 0.9144 0.1840
vn -0.1611 0.9407 -0.2984
vn -0.1332 0.9874 0.0857
vn 0.1208 0.9805 0.1549
vn 0.1341 0.9874 -0.0844
vn -0.1188 0.9792 0.1644
vn 0.3821 0.7735 -0.5057
vn 0.0901 0.9936 -0.0675
vn -0.0898 0.9958 0.0194
vn 0.1816 0.9713 -0.1537
vn 0.0777 0.9845 0.1570
vn -0.2986 0.9093 -0.2900
vn -0.2858 0.9520 0.1099
vn 0.0395 0.9567 0.2882
vn -0.1004 0.9749 -0.1985
vn -0.0048 0.9944 0.1053
vn 0.2503 0.9034 0.3482
vn 0.1050 0.9930 -0.0547
vn 0.3900 0.9043 -0.1735
vn -0.0205 0.9953 -0.0946
vn 0.4429 0.8955 -0.0444
vn 0.2048 0.9737 0.1001
vn 0.2467 0.9650 0.0887
vn 0.8265 0.4541 -0.3326
vn 0.1471 0.9783 -0.1458
vn -0.0091 0.8021 -0.5972
vn 0.1924 0.9804 -0.0425
vn 0.5254 0.8209 0.2239
vn -0.1522 0.9883 -0.0081
vn -0.0125 0.9986 -0.0523
vn 0.9380 0.0870 -0.3354
vn 0.4706 0.8822 0.0176
vn -0.0050 0.8591 0.5118
vn -0.2487 0.9646 0.0880
vn 0.1216 0.9901 -0.0694
vn 0.1805 0.9811 -0.0699
vn -0.2687 0.8282 0.4918
vn -0.5738 0.1187 -0.8104
vn -0.3240 -0.8263 -0.4607
vn 0.3759 0.9213 -0.0995
vn 0.0689 0.5666 0.8211
vn -0.6364 0.6719 -0.3789
vn -0.1504 0.9814 0.1193
vn -0.0737 0.7776 0.6244
vn -0.3236 0.4760 0.8177
vn -0.1894 0.6573 0.7294
vn -0.2203 0.9662 0.1337
vn 0.0414 0.1720 0.9842
vn -0.6128 0.7684 -0.1843
vn -0.3720 0.8547 -0.3620
vn 0.0097 0.9140 -0.4056
vn 0.1066 0.9887 -0.1056
vn 0.0479 0.8016 0.5959
vn 0.3551 0.9016 -0.2472
vn 0.3167 0.6870 -0.6540
vn 0.0502 0.9642 -0.2604
vn -0.0285 0.8318 0.5544
vn 0.1121 0.7598 -0.6404
vn -0.0800 0.8813 0.4657
vn 0.1046 0.9379 0.3308
vn 0.1191 0.9688 0.2174
vn 0.0526 0.8484 -0.5267
vn -0.1113 0.9931 -0.0368
vn 0.3863 0.7041 0.5959
vn 0.0325 0.9985 0.0435
vn 0.6671 0.7109 -0.2228
vn 0.1467 0.9668 0.2092
vn -0.2499 0.9682 0.0095
vn -0.1046 0.9402 0.3241
vn 0.2492 0.9563 -0.1531
vn 0.0009 0.9627 -0.2706
vn 0.2999 0.9415 -0.1540
vn 0.2065 0.9524 0.2244
vn 0.2088 0.9482 -0.2396
vn 0.0533 0.9740 -0.2201
vn -0.0007 0.9599 -0.2802
vn -0.0489 0.9935 -0.1025
vn 0.3482 0.9006 0.2601
vn -0.3634 0.8150 0.4514
vn 0.0235 0.7229 -0.6906
vn -0.0818 0.9619 0.2609
vn -0.0205 0.9673 0.2528
vn 0.0866 0.9421 0.3239
vn -0.3059 0.8489 0.4310
vn 0.1103 0.9667 0.2311
vn 0.3395 0.9106 -0.2357
vn 0.2680 0.9326 0.2418
vn 0.4844 0.8327 0.2682
vn 0.2257 0.9188 -0.3239
vn 0.6075 0.7502 0.2611
vn 0.2950 0.9546 -0.0414
vn 0.2527 0.9218 -0.2940
vn -0.0346 0.9593 -0.2801
vn -0.0544 0.9984 -0.0167
vn -0.1444 0.9421 -0.3026
vn 0.2315 0.9330 -0.2755
vn -0.4770 0.8188 0.3195
vn -0.4684 0.6882 0.5540
vn -0.4256 0.6507 0.6288
vn -0.6934 0.7191 0.0459
vn -0.3200 0.9472 -0.0175
vn -0.2454 0.8461 0.4732
vn -0.4097 0.9105 -0.0561
vn 0.0814 0.9927 0.0894
vn -0.4835 0.7316 0.4806
vn -0.2964 -0.7053 -0.6439
vn -0.3503 0.4426 0.8255
vn -0.3471 0.9376 0.0188
vn -0.0974 0.9830 0.1557
vn 0.0993 0.9197 -0.3798
vn -0.2665 0.9557 -0.1248
vn -0.2648 0.8510 -0.4536
vn -0.0376 0.8632 -0.5035
vn 0.4162 0.8779 -0.2367
vn 0.0437 0.9059 -0.4212
vn 0.2610 0.9567 -0.1287
vn -0.0059 0.9911 -0.1330
vn 0.1412 0.9864 0.0838
vn 0.1481 0.9781 -0.1465
vn 0.3085 0.8212 -0.4801
vn 0.2500 0.5945 -0.7643
vn 0.1498 0.9716 -0.1832
vn 0.1567 0.8582 -0.4889
vn -0.2849 0.7989 -0.5297
vn -0.2990 0.9123 0.2797
vn -0.2549 0.7846 0.5652
vn -0.0624 0.9015 0.4283
vn -0.2320 0.9657 -0.1163
vn -0.9026 0.4132 0.1204
vn 0.3265 0.7718 0.5457
vn -0.4888 0.8591 0.1520
vn -0.5635 0.8260 0.0145
vn -0.3487 0.8502 -0.3944
vn -0.1315 0.9163 -0.3782
vn -0.5599 0.8185 0.1286
vn -0.5910 0.7018 0.3978
vn -0.2013 0.2991 -0.9327
vn -0.5479 0.8365 0.0093
vn -0.5806 0.6032 0.5468
vn -0.4655 0.8461 0.2597
vn -0.5778 0.8005 -0.1591
vn 0.3620 0.9276 0.0925
vn 0.4442 0.8786 -0.1752
vn -0.4787 0.8778 0.0184
vn -0.6646 0.5661 0.4877
vn 0.0120 0.8533 0.5213
vn 0.1156 0.8308 0.5445
vn 0.0280 0.8629 0.5046
vn 0.0125 0.8449 0.5348
vn 0.0764 0.7329 -0.6760
vn 0.0980 0.8131 -0.5738
vn 0.3364 0.9386 0.0768
vn -0.7997 0.3254 -0.5045
vn -0.3522 0.8997 0.2578
vn -0.2656 0.8628 -0.4301
vn -0.0938 0.9327 -0.3483
vn -0.1244 0.9518 -0.2803
vn -0.1770 0.9438 -0.2792
vn 0.0889 0.9215 -0.3781
vn 0.4793 0.8776 0.0113
vn -0.2685 0.8131 0.5165
vn -0.5291 0.8462 0.0635
vn 0.3960 0.7840 0.4781
vn -0.3895 0.8354 0.3878
vn -0.5390 0.8327 0.1267
vn -0.2756 0.8155 0.5090
vn -0.2593 0.8039 0.5353
vn 0.3953 0.9180 -0.0303
vn 0.3755 0.9249 -0.0602
vn -0.4195 0.8569 0.2997
vn -0.4373 0.8911 0.1211
vn -0.6910 0.6692 -0.2734
vn 0.6481 0.7520 0.1205
vn 0.7018 0.7060 0.0953
vn -0.1384 0.8930 -0.4283
vn -0.0645 0.9393 -0.3370
vn 0.3038 0.9522 0.0319
vn 0.1982 0.7689 0.6079
vn 0.3052 0.8101 -0.5005
vn 0.1275 0.8354 0.5347
vn -0.2969 0.9317 -0.2092
vn -0.4042 0.7886 0.4634
vn 0.3725 0.9084 -0.1898
vn 0.1947 0.9045 -0.3795
vn 0.1586 0.9000 -0.4060
vn -0.4024 0.8331 -0.3796
vn -0.3689 0.8092 0.4573
vn -0.4328 0.8446 0.3151
vn 0.3799 0.9232 -0.0581
vn -0.0631 0.8764 0.4774
vn -0.0230 0.8772 0.4796
vn -0.0529 0.9215 -0.3847
vn 0.2368 0.9086 -0.3440
vn 0.1068 0.9028 -0.4167
vn 0.9242 -0.0243 -0.3811
vn 0.3227 0.9454 -0.0456
vn -0.7583 0.5736 -0.3098
vn 0.2289 0.9130 -0.3377
vn 0.2604 0.9205 -0.2913
vn -0.0487 0.9019 -0.4291
vn 0.0395 0.8568 0.5141
vn 0.3528 0.9272 0.1261
vn 0.0718 0.9359 0.3448
vn 0.3043 0.8867 0.3481
vn 0.3431 0.9108 0.2297
vn -0.2262 0.6396 0.7347
vn 0.3154 0.9292 0.1928
vn 0.0009 0.8969 0.4423
vn 0.1998 0.7787 0.5947
vn 0.2799 0.7944 0.5390
vn 0.0543 0.9214 0.3849
vn 0.3654 0.7902 0.4920
vn 0.0495 0.9384 0.3419
vn -0.1035 0.8445 0.5254
vn 0.0962 0.7159 0.6915
vn -0.6103 0.7836 -0.1159
vn -0.3329 0.9429 0.0075
vn -0.0604 0.9391 0.3383
vn 0.0804 -0.9070 -0.4134
vn 0.1401 -0.8919 -0.4301
vn 0.8566 -0.4524 0.2482
vn 0.7416 -0.6362 0.2128
vn -0.1934 0.9775 0.0842
vn -0.1857 0.9693 0.1613
vn -0.2458 0.9258 0.2871
vn -0.1246 0.8634 0.4890
vn 0.1103 0.7743 0.6231
vn -0.2422 0.9228 0.2997
vn 0.4135 0.7361 0.5359
vn 0.4873 0.7178 0.4973
vn -0.0244 0.9748 0.2217
vn -0.6537 0.7157 -0.2459
vn 0.0637 -0.8511 -0.5210
vn 0.0571 -0.8891 -0.4541
vn 0.6483 -0.7311 0.2128
vn 0.5983 -0.7735 0.2092
vn 0.5743 -0.8018 0.1654
vn 0.1357 -0.8305 -0.5402
vn -0.6473 -0.2687 -0.7133
vn -0.7044 -0.2802 -0.6522
vn 0.1401 -0.8919 -0.4300
vn 0.0572 -0.8891 -0.4541
vn -0.5494 -0.2404 -0.8002
vn 0.0639 -0.8512 -0.5210
vn -0.4105 -0.2940 -0.8632
vn -0.2619 -0.4187 -0.8696
vn 0.5990 -0.7761 0.1971
vn 0.1902 -0.8423 -0.5044
vn 0.1903 -0.8422 -0.5044
vn -0.1498 -0.5067 -0.8490
vn 0.2472 -0.8387 -0.4852
vn 0.9032 -0.3580 0.2370
vn -0.6755 -0.2617 -0.6893
vn 0.2474 -0.8387 -0.4851
vn -0.0676 0.9235 0.3776
vn -0.0991 0.8943 0.4364
vn 0.4831 0.5088 0.7126
vn 0.7139 -0.4709 0.5182
vn -0.2454 -0.2630 -0.9331
vn -0.4212 0.8624 -0.2809
vn -0.0695 -0.6205 -0.7811
vn 0.1957 -0.8555 -0.4794
vn 0.5045 -0.8614 0.0586
vn 0.1957 -0.8555 -0.4793
vn -0.1240 0.8698 0.4776
vn 0.3004 0.7903 0.5340
vn 0.5716 0.5599 0.5998
vn 0.6956 0.5269 0.4883
vn 0.4207 0.7940 0.4389
vn 0.8056 0.4896 0.3336
vn 0.5105 0.8048 0.3028
vn 0.1652 0.7708 0.6153
vn 0.3917 0.6004 0.6972
vn -0.1290 0.9878 0.0872
vn 0.0120 0.9925 0.1216
vn 0.4978 0.8383 0.2225
vn -0.3919 -0.8373 -0.3813
vn -0.3668 -0.8721 -0.3240
vn 0.7021 -0.7120 -0.0114
vn 0.5120 -0.8577 -0.0473
vn 0.0556 0.9682 0.2441
vn 0.0073 0.9460 0.3242
vn -0.0657 0.9101 0.4091
vn 0.0430 0.7628 0.6453
vn 0.2706 0.6702 0.6911
vn -0.1807 0.8762 0.4467
vn 0.8905 0.3976 0.2211
vn 0.9436 0.3074 0.1227
vn 0.5846 0.8051 0.1007
vn -0.1208 0.9921 0.0324
vn -0.2413 -0.7247 -0.6455
vn -0.3576 -0.7689 -0.5300
vn 0.4191 -0.9001 -0.1192
vn 0.4166 -0.8923 -0.1740
vn 0.5577 -0.8221 -0.1147
vn -0.0608 -0.7351 -0.6752
vn -0.9204 0.0820 -0.3823
vn -0.9588 0.0533 -0.2790
vn -0.3669 -0.8720 -0.3239
vn -0.3574 -0.7690 -0.5300
vn -0.8235 0.0424 -0.5657
vn -0.2412 -0.7247 -0.6455
vn -0.6624 -0.0567 -0.7470
vn -0.0608 -0.7350 -0.6753
vn -0.5303 -0.1473 -0.8349
vn 0.6425 -0.7526 -0.1443
vn 0.0272 -0.7331 -0.6796
vn 0.0272 -0.7330 -0.6796
vn -0.4363 -0.2854 -0.8534
vn -0.4072 -0.8348 -0.3705
vn 0.8017 -0.5966 -0.0381
vn -0.9654 0.0266 -0.2593
vn -0.4070 -0.8350 -0.3704
vn -0.0251 0.7950 0.6060
vn -0.0042 0.7638 0.6454
vn 0.5395 0.5194 0.6627
vn 0.8927 -0.3440 0.2910
vn -0.6425 0.1446 -0.7525
vn -0.4787 0.8766 0.0487
vn -0.3049 -0.4885 -0.8176
vn 0.0247 -0.7327 -0.6801
vn 0.4261 -0.8347 -0.3489
vn 0.0180 0.7391 0.6733
vn -0.2526 0.7598 -0.5991
vn -0.4030 0.9029 -0.1497
vn -0.5018 0.8585 -0.1059
vn -0.3542 0.7352 -0.5780
vn -0.5752 0.8147 -0.0734
vn -0.4436 0.6664 -0.5993
vn -0.1278 0.7978 -0.5892
vn -0.3166 0.9476 -0.0438
vn -0.2406 0.2017 -0.9494
vn -0.2096 0.4201 -0.8830
vn -0.6336 0.6018 -0.4862
vn 0.5509 -0.5824 0.5978
vn 0.6168 -0.5269 0.5847
vn -0.0428 0.1519 0.9875
vn -0.0889 0.1437 0.9856
vn -0.1353 0.5417 -0.8296
vn -0.0744 0.5561 -0.8278
vn 0.2029 0.4773 -0.8550
vn 0.1109 0.8858 -0.4507
vn -0.0204 0.9802 0.1971
vn 0.4948 0.5467 -0.6755
vn -0.6593 0.7161 0.2293
vn -0.5616 0.6752 0.4783
vn -0.5442 0.7724 -0.3274
vn -0.0664 0.1567 -0.9854
vn 0.3784 -0.7338 0.5642
vn 0.5000 -0.6640 0.5561
vn -0.1219 0.0810 0.9892
vn -0.1744 0.0104 0.9846
vn -0.1132 -0.2008 0.9731
vn 0.2776 -0.7429 0.6091
vn 0.6173 -0.5984 -0.5108
vn 0.5970 -0.5746 -0.5598
vn 0.6167 -0.5269 0.5849
vn 0.4997 -0.6640 0.5562
vn 0.6399 -0.6375 -0.4291
vn 0.3782 -0.7338 0.5643
vn 0.6052 -0.7321 -0.3126
vn 0.2774 -0.7429 0.6092
vn 0.6102 -0.7796 -0.1410
vn -0.2175 -0.3148 0.9239
vn -0.0279 -0.8433 0.5367
vn -0.0279 -0.8434 0.5366
vn 0.3977 -0.9035 -0.1599
vn 0.7696 -0.3313 0.5459
vn 0.0059 0.1992 0.9799
vn 0.6935 -0.4438 -0.5676
vn 0.7695 -0.3313 0.5460
vn 0.1600 0.8612 -0.4825
vn 0.1195 0.8897 -0.4406
vn -0.1683 0.6061 0.7774
vn -0.2668 0.0923 0.9593
vn 0.5684 -0.6260 -0.5339
vn 0.6814 0.2645 -0.6824
vn -0.1496 -0.9842 0.0949
vn -0.2744 -0.8692 0.4113
vn -0.3230 -0.7093 0.6266
vn -0.2744 -0.8691 0.4114
vn 0.1096 0.9253 -0.3630
vn -0.4967 0.5525 -0.6694
vn -0.6494 0.7492 -0.1304
vn -0.8104 0.5774 0.0991
vn -0.7321 0.4263 -0.5314
vn -0.8066 0.3838 0.4496
vn -0.8880 0.2169 -0.4055
vn -0.2937 0.6823 -0.6695
vn -0.4225 0.8194 -0.3875
vn -0.3822 0.0223 -0.9238
vn -0.3742 -0.0459 -0.9262
vn -0.9935 0.0454 -0.1044
vn 0.8346 -0.0977 0.5421
vn 0.9840 -0.0140 0.1778
vn 0.2740 0.0160 0.9616
vn 0.1215 0.1808 0.9760
vn -0.4412 0.2433 -0.8638
vn -0.3978 0.4733 -0.7860
vn -0.0026 0.5520 -0.8338
vn -0.2791 0.7700 -0.5738
vn -0.3217 0.8574 -0.4018
vn 0.0039 0.6377 -0.7703
vn -0.7316 0.0316 0.6810
vn -0.6782 0.0233 0.7345
vn -0.9919 0.1141 -0.0552
vn -0.3290 0.1293 -0.9354
vn 0.5744 -0.4921 0.6541
vn 0.7609 -0.3538 0.5439
vn 0.1568 0.0236 0.9873
vn 0.0510 -0.1656 0.9849
vn -0.0169 -0.1903 0.9816
vn 0.4563 -0.5515 0.6983
vn 0.8346 -0.0977 0.5422
vn 0.7637 -0.2959 -0.5738
vn 0.7329 -0.0249 -0.6799
vn 0.9840 -0.0141 0.1778
vn 0.7608 -0.3538 0.5440
vn 0.7430 -0.4088 -0.5299
vn 0.7796 -0.3854 -0.4936
vn 0.8318 -0.4770 -0.2839
vn 0.0538 -0.2295 0.9718
vn 0.3084 -0.6970 0.6474
vn 0.3084 -0.6970 0.6473
vn 0.5968 -0.7498 -0.2857
vn 0.9776 0.2096 -0.0178
vn 0.4483 0.1016 0.8881
vn 0.6732 0.1516 -0.7238
vn 0.9776 0.2095 -0.0178
vn -0.2813 0.7286 -0.6245
vn -0.2879 0.7985 -0.5286
vn -0.2551 0.9450 0.2049
vn 0.0956 0.1286 0.9871
vn 0.4232 -0.4617 -0.7796
vn 0.2044 0.4016 -0.8927
vn 0.1764 -0.9733 0.1472
vn 0.1524 -0.7967 0.5849
vn 0.1531 -0.4518 0.8789
vn -0.2968 0.8644 -0.4060
vn 0.3175 0.9164 -0.2436
vn -0.0023 0.9991 -0.0434
vn -0.0916 0.9891 -0.1153
vn 0.2479 0.9220 -0.2974
vn -0.3410 0.9261 -0.1616
vn 0.1909 0.8907 -0.4126
vn 0.3735 0.9130 -0.1643
vn -0.0553 0.9963 0.0659
vn 0.7630 0.3415 -0.5488
vn 0.7102 0.5588 -0.4282
vn 0.0930 0.8173 -0.5686
vn -0.1751 -0.8408 0.5123
vn -0.0978 -0.7505 0.6536
vn -0.6666 -0.3686 0.6479
vn -0.7534 -0.3476 0.5582
vn 0.7097 0.6086 -0.3548
vn 0.7741 0.5204 -0.3606
vn 0.8526 0.4632 -0.2419
vn 0.3382 0.9391 -0.0612
vn -0.0400 0.9920 0.1198
vn 0.7253 0.6884 0.0057
vn -0.6154 0.7777 -0.1284
vn -0.6868 0.7148 -0.1318
vn 0.0025 0.7921 -0.6104
vn 0.7883 0.2841 -0.5458
vn -0.2827 -0.8724 0.3988
vn -0.2352 -0.8677 0.4379
vn -0.7885 -0.2793 0.5479
vn -0.7805 -0.3052 0.5456
vn -0.7600 -0.3714 0.5333
vn -0.2850 -0.8872 0.3628
vn -0.1751 -0.8407 0.5123
vn 0.7174 -0.6901 0.0958
vn 0.7371 -0.6422 0.2105
vn -0.0977 -0.7505 0.6536
vn 0.5649 -0.8202 0.0903
vn -0.2827 -0.8724 0.3987
vn 0.4510 -0.8901 0.0659
vn 0.4020 -0.9137 0.0601
vn -0.7780 -0.4458 0.4426
vn -0.2316 -0.9555 0.1829
vn -0.2315 -0.9555 0.1828
vn 0.4197 -0.9072 -0.0282
vn -0.0244 -0.5349 0.8446
vn -0.6355 -0.1873 0.7491
vn 0.7516 -0.5496 0.3649
vn 0.2950 0.9508 -0.0944
vn 0.3112 0.9498 -0.0313
vn -0.4680 0.7728 0.4286
vn -0.8655 0.0319 0.4999
vn 0.7314 -0.6767 -0.0839
vn 0.9715 0.2230 0.0809
vn 0.2602 -0.9624 -0.0779
vn -0.1964 -0.9788 0.0580
vn -0.6257 -0.7522 0.2068
vn -0.1965 -0.9788 0.0580
vn 0.3379 0.9390 0.0638
vn 0.5485 0.8355 0.0314
vn 0.1669 0.9824 -0.0840
vn 0.1750 0.9802 -0.0924
vn 0.5423 0.8393 0.0393
vn 0.0526 0.9704 -0.2356
vn 0.5037 0.8620 -0.0565
vn 0.4866 0.8709 0.0696
vn -0.1893 0.9759 -0.1085
vn 0.8350 0.5206 0.1781
vn 0.8482 0.4758 0.2327
vn 0.4787 0.8556 -0.1970
vn -0.5770 -0.8060 0.1322
vn -0.5685 -0.7803 0.2607
vn -0.9589 -0.1255 -0.2544
vn -0.9516 -0.1844 -0.2459
vn 0.8532 0.4280 0.2981
vn 0.8120 0.5248 0.2556
vn 0.7460 0.6069 0.2741
vn 0.4427 0.8910 0.1009
vn -0.1699 0.9777 -0.1230
vn 0.6918 0.6025 0.3980
vn -0.0407 0.9106 -0.4112
vn -0.0845 0.9195 -0.3839
vn 0.4211 0.8943 -0.1512
vn 0.8291 0.5068 0.2361
vn -0.6337 -0.7717 0.0540
vn -0.6163 -0.7855 0.0570
vn -0.9588 -0.1858 -0.2149
vn -0.9586 -0.2450 -0.1452
vn -0.9686 -0.2226 -0.1105
vn -0.6597 -0.7414 0.1228
vn -0.5771 -0.8059 0.1322
vn 0.3160 -0.7994 0.5110
vn 0.4452 -0.6312 0.6351
vn -0.5685 -0.7803 0.2606
vn -0.6163 -0.7854 0.0570
vn 0.2164 -0.8819 0.4188
vn 0.1105 -0.9266 0.3594
vn 0.0364 -0.9013 0.4317
vn -0.9094 -0.3167 -0.2696
vn -0.4873 -0.8713 0.0581
vn 0.2020 -0.8747 0.4406
vn -0.6132 -0.6830 0.3969
vn -0.9755 -0.0443 -0.2154
vn 0.4801 -0.5166 0.7090
vn 0.5028 0.8582 0.1033
vn 0.4534 0.8880 0.0768
vn -0.6765 0.6218 -0.3946
vn -0.8357 0.0492 -0.5470
vn 0.7038 -0.3816 0.5992
vn 0.7661 0.1373 0.6279
vn -0.0616 -0.9829 0.1733
vn -0.3539 -0.9352 -0.0149
vn -0.5636 -0.7717 -0.2946
vn 0.3524 0.9331 0.0718
vn 0.4134 0.8109 0.4143
vn 0.2913 0.9429 0.1618
vn 0.2288 0.9635 0.1389
vn 0.3380 0.8533 0.3971
vn 0.4372 0.7649 0.4730
vn 0.2814 0.9473 0.1532
vn 0.2695 0.3285 0.9053
vn 0.3955 0.4284 0.8124
vn 0.4329 0.4519 0.7800
vn 0.4750 0.7134 0.5152
vn 0.3873 0.9178 0.0877
vn 0.4244 0.4985 0.7559
vn -0.5279 -0.6916 -0.4929
vn -0.5549 -0.6601 -0.5063
vn -0.5487 -0.0885 -0.8313
vn -0.5191 -0.0522 -0.8531
vn -0.5284 -0.0592 -0.8469
vn -0.5410 -0.6967 -0.4710
vn -0.2716 -0.9067 0.3227
vn -0.2576 -0.8800 0.3990
vn -0.5411 -0.6967 -0.4710
vn -0.3421 -0.9207 0.1876
vn -0.4099 -0.0772 -0.9089
vn -0.5566 -0.6572 -0.5082
vn -0.5567 -0.6572 -0.5081
vn -0.4480 -0.8865 0.1162
vn -0.8546 0.0978 -0.5100
vn -0.3824 0.8376 0.3903
vn -0.3799 -0.6492 0.6590
vn -0.9291 -0.3406 -0.1439
vn -0.4115 0.6758 0.6116
vn -0.4254 0.1330 0.8952
vn -0.4253 0.1328 0.8953
vn -0.4116 0.6758 0.6115
vn -0.4115 0.6757 0.6116
vn 0.5013 0.7299 0.4647
vn 0.4985 0.6946 0.5187
vn 0.0584 0.4879 -0.8709
vn -0.0558 0.2383 -0.9696
vn -0.3135 -0.7500 0.5825
vn 0.0039 0.0070 1.0000
vn -0.5343 -0.8433 -0.0575
vn -0.5398 -0.6139 -0.5759
vn -0.3536 -0.2675 -0.8963
vn -0.5399 -0.6139 -0.5759
vn 0.4797 0.7136 0.5106
vn 0.7007 0.7130 -0.0254
vn 0.3308 0.8959 -0.2965
vn 0.3010 0.8943 -0.3312
vn 0.6486 0.7594 -0.0514
vn 0.6958 0.7175 0.0322
vn 0.3191 0.9236 -0.2125
vn 0.8039 0.2818 0.5238
vn 0.8502 0.2190 0.4788
vn 0.8299 0.2199 0.5127
vn 0.6618 0.7476 0.0551
vn 0.3461 0.9296 -0.1265
vn 0.7479 0.3070 0.5886
vn -0.8219 -0.5693 0.0184
vn -0.8359 -0.5488 0.0104
vn -0.8967 -0.0047 -0.4426
vn -0.9170 -0.0043 -0.3988
vn -0.9342 0.1341 -0.3306
vn -0.8661 -0.4977 0.0456
vn -0.8360 -0.5487 0.0104
vn -0.1721 -0.7867 0.5929
vn -0.1009 -0.7253 0.6810
vn -0.8661 -0.4978 0.0457
vn -0.3274 -0.7821 0.5303
vn -0.9084 0.1020 -0.4055
vn -0.7569 -0.6532 -0.0219
vn -0.7569 -0.6532 -0.0218
vn -0.3035 -0.8567 0.4170
vn -0.9734 0.2129 -0.0843
vn -0.3149 0.9478 0.0507
vn -0.4911 -0.1946 0.8491
vn -0.9341 0.0532 0.3531
vn -0.2159 0.8905 0.4005
vn -0.1411 0.4850 0.8631
vn -0.9341 0.0533 0.3529
vn 0.7135 0.6960 0.0801
vn 0.6565 0.7529 0.0472
vn -0.1534 0.9510 -0.2686
vn -0.6804 0.5317 -0.5043
vn 0.0617 -0.7552 0.6526
vn 0.4175 -0.3546 0.8366
vn -0.4147 -0.9011 0.1270
vn -0.6249 -0.7770 -0.0755
vn -0.8215 -0.4135 -0.3926
vn -0.6250 -0.7770 -0.0757
vn 0.6398 0.7610 0.1071
vn 0.1373 0.9083 0.3951
vn 0.5753 0.8098 0.1149
vn 0.6182 0.7859 0.0137
vn -0.0174 0.9515 0.3071
vn 0.6756 0.7361 -0.0413
vn -0.1198 0.9823 0.1440
vn 0.2890 0.8303 0.4765
vn 0.6252 0.7606 0.1748
vn -0.7767 0.6298 -0.0132
vn -0.6777 0.7211 0.1439
vn -0.1827 0.9829 -0.0238
vn 0.0217 -0.9818 -0.1888
vn 0.0724 -0.9936 -0.0869
vn 0.9076 -0.3988 -0.1314
vn 0.8651 -0.4448 -0.2317
vn -0.5090 0.7867 0.3492
vn -0.3132 0.8292 0.4630
vn -0.1976 0.7579 0.6217
vn 0.4112 0.7157 0.5645
vn 0.6293 0.7047 0.3277
vn 0.0887 0.7164 0.6920
vn 0.6885 0.7171 -0.1081
vn 0.6415 0.6385 -0.4252
vn -0.3249 0.8213 -0.4690
vn -0.8779 0.4332 -0.2042
vn -0.2039 -0.8809 -0.4272
vn -0.0877 -0.9390 -0.3327
vn 0.7124 -0.5192 -0.4722
vn 0.5184 -0.5686 -0.6387
vn 0.3286 -0.5142 -0.7923
vn -0.3841 -0.7605 -0.5236
vn 0.0217 -0.9817 -0.1890
vn -0.8473 -0.5299 -0.0371
vn -0.8828 -0.4688 -0.0305
vn 0.0725 -0.9936 -0.0869
vn -0.0877 -0.9389 -0.3327
vn -0.7699 -0.6365 -0.0455
vn -0.2040 -0.8809 -0.4272
vn -0.7691 -0.6353 -0.0702
vn -0.3842 -0.7604 -0.5236
vn -0.8163 -0.5697 -0.0951
vn 0.2731 -0.4295 -0.8608
vn -0.4602 -0.6579 -0.5962
vn -0.4602 -0.6579 -0.5961
vn -0.8609 -0.4758 -0.1803
vn 0.0380 -0.8610 -0.5072
vn 0.8811 -0.2655 -0.3914
vn -0.8841 -0.4100 -0.2243
vn 0.3390 0.6817 0.6484
vn 0.4510 0.6639 0.5966
vn 0.8453 0.5109 -0.1563
vn 0.6164 -0.1326 -0.7762
vn -0.9773 -0.2114 0.0105
vn -0.6232 0.4609 0.6318
vn -0.7949 -0.4942 -0.3519
vn -0.4711 -0.6064 -0.6406
vn 0.0166 -0.5665 -0.8239
vn 0.5411 0.6377 0.5482
vn 0.5492 0.7607 0.3460
vn 0.9379 0.2759 0.2103
vn 0.9367 0.3401 0.0830
vn 0.5580 0.8060 0.1976
vn 0.4847 0.7582 0.4362
vn 0.9334 0.2463 0.2611
vn 0.0060 0.9954 0.0953
vn -0.0243 0.9765 0.2141
vn -0.0045 0.9419 0.3359
vn 0.4096 0.7743 0.4823
vn 0.8846 0.3244 0.3350
vn -0.0650 0.9490 0.3086
vn -0.4826 -0.7190 -0.5002
vn -0.5230 -0.7581 -0.3895
vn 0.3466 -0.8820 -0.3193
vn 0.3584 -0.8650 -0.3513
vn 0.5019 -0.7535 -0.4246
vn -0.3630 -0.6803 -0.6367
vn -0.2677 -0.5438 -0.7954
vn -0.7538 -0.1827 -0.6312
vn -0.0551 0.7675 -0.6387
vn 0.4444 0.6523 -0.6141
vn 0.7872 0.3285 -0.5220
vn -0.9388 -0.1350 -0.3170
vn -0.9012 -0.1018 -0.4213
vn -0.3632 -0.6803 -0.6366
vn -0.8585 -0.0854 -0.5057
vn 0.4395 -0.8058 -0.3968
vn -0.4143 -0.6867 -0.5973
vn -0.4144 -0.6867 -0.5973
vn -0.8323 -0.0764 -0.5490
vn 0.3679 -0.6653 -0.6496
vn -0.2676 -0.5438 -0.7954
vn 0.4869 0.7074 0.5123
vn 0.3925 0.7710 0.5015
vn 0.9887 -0.0835 0.1246
vn 0.7664 -0.6119 -0.1954
vn -0.8055 0.5107 -0.3004
vn -0.4636 0.8851 0.0401
vn -0.6485 -0.4777 -0.5927
vn -0.4432 -0.6922 -0.5696
vn -0.1318 -0.8698 -0.4755
vn -0.4432 -0.6923 -0.5695
vn 0.2891 0.8274 0.4815
vn 0.4367 0.8629 0.2543
vn 0.8560 0.5100 0.0851
vn 0.7882 0.6145 -0.0329
vn 0.3676 0.9292 0.0381
vn 0.7520 0.6460 -0.1312
vn 0.3313 0.9353 -0.1240
vn 0.4328 0.8350 0.3397
vn 0.9107 0.4130 0.0048
vn -0.2921 0.9139 -0.2820
vn -0.2068 0.9685 -0.1390
vn 0.3265 0.9188 -0.2219
vn -0.3580 -0.9334 0.0244
vn -0.3314 -0.9403 0.0774
vn 0.7332 -0.6771 0.0632
vn 0.6750 -0.7377 0.0139
vn -0.1902 0.9811 0.0345
vn -0.2478 0.9426 0.2236
vn -0.5467 0.8084 0.2182
vn 0.4996 0.7153 0.4886
vn 0.8884 0.4199 0.1854
vn -0.3096 0.8418 0.4422
vn 0.7735 0.6123 -0.1637
vn 0.7930 0.4968 -0.3527
vn 0.2566 0.7927 -0.5530
vn -0.4136 0.7803 -0.4692
vn -0.4274 -0.8237 -0.3727
vn -0.4003 -0.9065 -0.1339
vn 0.5537 -0.8197 -0.1467
vn 0.4054 -0.8292 -0.3849
vn 0.2411 -0.7307 -0.6388
vn -0.4820 -0.6636 -0.5721
vn -0.9536 -0.2977 -0.0457
vn -0.9454 -0.3205 -0.0588
vn -0.3314 -0.9403 0.0775
vn -0.4002 -0.9066 -0.1340
vn -0.9547 -0.2857 -0.0833
vn -0.9172 -0.3280 -0.2264
vn -0.4821 -0.6636 -0.5721
vn -0.8979 -0.2707 -0.3471
vn 0.3091 -0.6929 -0.6514
vn -0.4875 -0.6462 -0.5872
vn -0.4877 -0.6461 -0.5872
vn -0.9443 -0.1616 -0.2867
vn -0.3422 -0.8957 -0.2840
vn 0.7204 -0.6679 -0.1869
vn -0.9239 -0.2758 -0.2653
vn -0.3421 -0.8957 -0.2840
vn 0.5181 0.6794 0.5196
vn 0.5232 0.6660 0.5317
vn 0.9865 0.0023 -0.1639
vn 0.6600 -0.5328 -0.5296
vn -0.9810 0.1924 -0.0235
vn -0.8240 0.5289 0.2032
vn -0.7913 -0.4538 -0.4099
vn -0.4721 -0.6828 -0.5576
vn -0.0963 -0.7899 -0.6056
vn -0.4720 -0.6829 -0.5576
vn 0.5138 0.6684 0.5378
vn 0.5864 0.7678 0.2580
vn 0.6509 0.7478 -0.1312
vn 0.6565 0.7357 -0.1665
vn 0.5280 0.8222 0.2126
vn 0.6177 0.7543 -0.2226
vn 0.4281 0.8877 0.1696
vn 0.5875 0.7717 0.2435
vn 0.6267 0.7287 -0.2761
vn -0.1836 0.8662 0.4648
vn 0.0595 0.8409 0.5379
vn 0.2568 0.9604 0.1081
vn -0.4668 -0.8338 -0.2947
vn -0.3411 -0.9201 -0.1924
vn 0.4754 -0.4451 -0.7588
vn 0.2754 -0.4352 -0.8572
vn 0.2058 0.7857 0.5833
vn 0.2916 0.7360 0.6109
vn 0.0778 0.6205 0.7803
vn 0.6815 0.6951 0.2289
vn 0.6588 0.5632 -0.4987
vn 0.1757 0.5244 0.8332
vn 0.5643 0.7728 -0.2904
vn 0.5389 0.7343 -0.4128
vn 0.1256 0.9920 0.0087
vn -0.3153 0.8646 0.3911
vn -0.6578 -0.6817 -0.3203
vn -0.5693 -0.7683 -0.2924
vn 0.0929 -0.4476 -0.8894
vn -0.1807 -0.4333 -0.8830
vn -0.4124 -0.3532 -0.8398
vn -0.7976 -0.5243 -0.2982
vn -0.4668 -0.8338 -0.2948
vn -0.7798 -0.3875 0.4917
vn -0.7874 -0.3387 0.5151
vn -0.3411 -0.9201 -0.1925
vn -0.5692 -0.7683 -0.2927
vn -0.7722 -0.3973 0.4959
vn -0.7968 -0.4291 0.4254
vn -0.8384 -0.3768 0.3938
vn -0.3006 -0.2827 -0.9109
vn -0.8231 -0.4941 -0.2799
vn -0.8311 -0.3326 0.4457
vn -0.3371 -0.9227 -0.1868
vn 0.5014 -0.4593 -0.7333
vn -0.8183 -0.2625 0.5113
vn -0.3371 -0.9228 -0.1869
vn 0.7496 0.6604 -0.0446
vn 0.7260 0.6470 0.2331
vn 0.1364 -0.0528 -0.9892
vn 0.0620 -0.1153 -0.9914
vn -0.7049 -0.1523 0.6928
vn -0.3414 0.1714 0.9242
vn -0.8527 -0.4702 0.2277
vn -0.7826 -0.5449 -0.3010
vn -0.3711 -0.3841 -0.8454
vn -0.7826 -0.5449 -0.3009
vn 0.6521 0.5914 0.4744
vn 0.4017 0.7698 -0.4960
vn 0.1209 0.9242 -0.3622
vn 0.0832 0.9382 -0.3359
vn 0.4109 0.7589 -0.5051
vn 0.3721 0.8045 -0.4630
vn 0.2506 0.8958 -0.3670
vn 0.7456 0.4846 -0.4575
vn 0.6562 0.5723 -0.4918
vn 0.5092 0.7232 -0.4667
vn 0.3059 0.8152 -0.4919
vn 0.1678 0.9353 -0.3116
vn 0.5081 0.6949 -0.5088
vn -0.3798 -0.7560 0.5331
vn -0.2990 -0.6787 0.6708
vn -0.7523 -0.0937 0.6521
vn -0.7965 -0.1879 0.5747
vn -0.7117 -0.2274 0.6647
vn -0.2901 -0.7864 0.5453
vn 0.2773 -0.1021 0.9554
vn 0.7929 -0.2762 0.5432
vn 0.8699 0.4903 0.0534
vn 0.6664 0.7425 0.0672
vn 0.3903 0.9085 0.1493
vn 0.5453 -0.7844 0.2954
vn -0.3799 -0.7560 0.5330
vn 0.4226 -0.8885 0.1788
vn -0.2902 -0.7864 0.5454
vn 0.4556 -0.8861 0.0850
vn -0.5289 -0.1102 0.8415
vn -0.1306 -0.7469 0.6519
vn -0.1307 -0.7469 0.6519
vn 0.4987 -0.8591 0.1153
vn -0.2612 0.2188 0.9402
vn 0.2772 -0.1021 0.9554
vn 0.2899 0.7876 -0.5438
vn 0.2745 0.8119 -0.5153
vn -0.3743 0.8563 0.3558
vn -0.5202 0.4183 0.7446
vn 0.7706 -0.6216 -0.1407
vn 0.8779 -0.0728 -0.4733
vn 0.3422 -0.9096 0.2357
vn -0.0951 -0.7273 0.6797
vn -0.4104 -0.2768 0.8689
vn -0.0953 -0.7272 0.6798
vn 0.2381 0.8520 -0.4662
vn -0.6006 0.7477 -0.2832
vn -0.6223 0.7725 -0.1264
vn -0.6828 0.7304 0.0154
vn -0.6235 0.7342 -0.2687
vn -0.6970 0.7014 0.1489
vn -0.6206 0.7528 -0.2194
vn -0.4666 0.8627 -0.1950
vn -0.5161 0.8564 0.0140
vn -0.3056 0.7246 -0.6177
vn -0.4060 0.7387 -0.5381
vn -0.6350 0.7413 -0.2173
vn 0.6647 -0.6849 0.2985
vn 0.6783 -0.6656 0.3113
vn 0.0848 -0.3761 0.9227
vn 0.1103 -0.4235 0.8991
vn -0.4767 0.7304 -0.4892
vn -0.4584 0.7418 -0.4895
vn -0.2906 0.8332 -0.4704
vn -0.4266 0.8742 -0.2319
vn -0.3859 0.9154 0.1147
vn -0.2162 0.7994 -0.5606
vn -0.7024 0.7019 0.1182
vn -0.4828 0.8625 0.1516
vn -0.3842 0.9205 -0.0709
vn -0.0282 0.8354 -0.5489
vn 0.6346 -0.6826 0.3625
vn 0.6371 -0.6873 0.3489
vn 0.1068 -0.4125 0.9047
vn 0.0555 -0.3456 0.9367
vn 0.0335 -0.4346 0.9000
vn 0.5421 -0.7839 0.3027
vn 0.6646 -0.6849 0.2987
vn 0.7540 -0.3723 -0.5412
vn 0.7602 -0.2981 -0.5773
vn 0.6782 -0.6656 0.3114
vn 0.6371 -0.6872 0.3490
vn 0.7701 -0.4282 -0.4728
vn 0.6345 -0.6826 0.3626
vn 0.7838 -0.4666 -0.4097
vn 0.5420 -0.7840 0.3027
vn 0.7072 -0.6212 -0.3377
vn 0.1909 -0.3718 0.9085
vn 0.5246 -0.8023 0.2848
vn 0.5246 -0.8023 0.2847
vn 0.6771 -0.6659 -0.3133
vn 0.7841 -0.3984 0.4758
vn 0.1117 -0.0706 0.9912
vn 0.8250 -0.0597 -0.5620
vn 0.7841 -0.3985 0.4758
vn -0.4088 0.8406 -0.3552
vn -0.4720 0.8339 -0.2861
vn -0.1699 0.7061 0.6874
vn 0.0939 0.0883 0.9917
vn 0.6646 -0.4048 -0.6281
vn 0.2622 0.3468 -0.9005
vn 0.6503 -0.7523 -0.1057
vn 0.5654 -0.7713 0.2925
vn 0.3419 -0.5511 0.7612
vn 0.5653 -0.7712 0.2926
vn -0.5204 0.8239 -0.2244
vn 0.4084 0.5684 -0.7143
vn 0.0136 0.7130 -0.7010
vn 0.0788 0.7074 -0.7024
vn 0.4072 0.6218 -0.6690
vn -0.1297 0.7611 -0.6356
vn 0.3241 0.7335 -0.5974
vn 0.4208 0.5992 -0.6811
vn -0.1335 0.7697 -0.6243
vn 0.7524 0.6199 -0.2227
vn 0.7072 0.6120 -0.3540
vn 0.2402 0.8035 -0.5447
vn -0.3778 -0.6601 0.6493
vn -0.3605 -0.7384 0.5699
vn -0.9619 -0.2694 0.0473
vn -0.9492 -0.2669 0.1665
vn 0.6777 0.5383 -0.5009
vn 0.7002 0.4277 -0.5717
vn 0.8003 0.3277 -0.5022
vn 0.3858 0.6090 -0.6931
vn -0.1403 0.8360 -0.5304
vn 0.7911 0.3278 -0.5164
vn -0.3586 0.7182 -0.5964
vn -0.5179 0.7396 -0.4298
vn 0.2610 0.9279 -0.2661
vn 0.7936 0.6051 0.0644
vn -0.3933 -0.4501 0.8017
vn -0.4302 -0.5414 0.7223
vn -0.9370 -0.1720 0.3042
vn -0.8718 -0.0393 0.4882
vn -0.7987 -0.0291 0.6010
vn -0.2634 -0.4343 0.8614
vn -0.3779 -0.6600 0.6493
vn 0.5612 -0.4696 0.6816
vn 0.6281 -0.4715 0.6190
vn -0.3607 -0.7384 0.5698
vn -0.4303 -0.5414 0.7223
vn 0.4340 -0.5172 0.7377
vn -0.3934 -0.4501 0.8017
vn 0.3643 -0.5777 0.7304
vn 0.4792 -0.5806 0.6582
vn -0.7481 0.0080 0.6636
vn -0.1726 -0.5223 0.8351
vn -0.1727 -0.5222 0.8351
vn 0.5936 -0.6225 0.5101
vn -0.4291 -0.5999 0.6753
vn -0.9976 -0.0689 -0.0109
vn 0.6127 -0.3705 0.6981
vn -0.4290 -0.6000 0.6753
vn 0.2322 0.6319 -0.7394
vn 0.3479 0.5962 -0.7235
vn -0.5641 0.8245 0.0438
vn -0.7516 0.3840 0.5363
vn 0.8966 -0.4199 0.1408
vn 0.9756 -0.2084 -0.0698
vn 0.4617 -0.7067 0.5361
vn -0.1497 -0.5927 0.7914
vn -0.6545 -0.1773 0.7350
vn 0.4673 0.5696 -0.6761
vn 0.1032 0.9744 0.1995
vn -0.0392 0.9989 -0.0253
vn 0.1100 0.7657 0.6338
vn 0.4427 0.6164 0.6512
vn -0.0010 0.8947 -0.4466
vn -0.2497 0.9681 0.0194
vn 0.5790 0.5457 0.6058
vn 0.1135 0.7596 0.6404
vn -0.1637 0.4726 0.8660
vn 0.2457 0.4021 0.8820
vn -0.5675 0.8109 0.1426
vn -0.5540 0.6705 0.4934
vn 0.5552 -0.0606 -0.8295
vn 0.7452 -0.5094 -0.4304
vn 0.2883 -0.5236 -0.8017
vn 0.1213 0.1744 -0.9772
vn 0.2881 -0.5236 -0.8018
vn -0.4002 -0.0464 -0.9152
vn -0.1816 0.4063 -0.8955
vn 0.8039 -0.4998 -0.3224
vn 0.8371 -0.4934 -0.2363
vn 0.2588 -0.4576 -0.8506
vn 0.2562 -0.5235 -0.8126
vn 0.2561 -0.5235 -0.8126
vn 0.2587 -0.4575 -0.8507
vn -0.3984 0.0733 -0.9143
vn -0.4846 -0.0919 -0.8699
vn 0.1213 0.1742 -0.9772
vn -0.3668 0.5074 0.7798
vn -0.2169 0.3991 0.8909
vn 0.7552 0.0231 0.6551
vn 0.9204 -0.3754 0.1094
vn -0.5688 0.3737 -0.7327
vn -0.7153 0.6488 -0.2597
vn -0.1081 -0.1934 -0.9751
vn 0.2695 -0.4391 -0.8571
vn 0.5824 -0.5937 -0.5553
vn 0.2696 -0.4392 -0.8570
vn -0.0410 0.2327 0.9717
vn 0.9217 0.1094 -0.3722
vn 0.7712 0.3330 -0.5426
vn 0.5380 -0.1544 -0.8287
vn 0.6870 -0.4367 -0.5808
vn 0.2708 -0.2978 -0.9154
vn 0.6371 -0.4573 -0.6204
vn 0.8853 0.3145 -0.3425
vn 0.6819 0.4013 -0.6115
vn 0.9304 -0.2727 0.2451
vn 0.8919 -0.4451 0.0806
vn 0.7296 -0.4725 -0.4944
vn -0.6274 0.5512 0.5501
vn -0.6693 0.5730 0.4730
vn -0.8482 0.3490 -0.3985
vn -0.7829 0.5230 -0.3370
vn 0.8081 -0.5754 -0.1258
vn 0.9857 0.0399 -0.1635
vn 0.9482 0.2976 -0.1112
vn 0.8243 0.2147 -0.5239
vn 0.5997 0.4137 -0.6849
vn 0.9263 0.1982 -0.3204
vn 0.1036 -0.3346 -0.9367
vn 0.0055 -0.3302 -0.9439
vn 0.7804 -0.4213 -0.4620
vn 0.9564 -0.2096 0.2032
vn -0.8652 0.0123 0.5012
vn -0.6832 0.4851 0.5458
vn -0.7019 0.6744 -0.2292
vn -0.8061 0.5159 -0.2899
vn -0.9285 0.2106 -0.3058
vn -0.8038 -0.2751 0.5275
vn -0.6275 0.5512 0.5499
vn 0.0553 0.1760 0.9828
vn 0.1017 0.3565 0.9287
vn -0.6693 0.5731 0.4729
vn -0.6832 0.4853 0.5457
vn -0.0561 -0.0426 0.9975
vn -0.1824 -0.3730 0.9097
vn -0.1744 -0.4580 0.8717
vn -0.9229 0.3591 -0.1387
vn -0.7840 -0.2573 0.5650
vn -0.7839 -0.2573 0.5650
vn -0.1579 -0.5256 0.8360
vn -0.5260 0.7153 0.4601
vn -0.8348 0.3088 -0.4558
vn 0.2810 0.4491 0.8481
vn 0.9480 -0.0791 -0.3084
vn 0.8191 0.2209 -0.5294
vn 0.1052 0.7881 -0.6065
vn -0.5079 0.7433 -0.4353
vn 0.1813 -0.5571 0.8104
vn 0.9887 -0.0568 0.1389
vn -0.4003 -0.5540 0.7300
vn -0.8101 -0.2517 0.5295
vn -0.9763 0.1331 0.1709
vn -0.8101 -0.2516 0.5296
vn 0.6239 0.4179 -0.6603
vn 0.8756 0.4816 -0.0377
vn 0.7469 0.6030 -0.2804
vn 0.6872 0.6303 -0.3613
vn 0.8640 0.5007 0.0538
vn 0.6107 0.6662 -0.4280
vn 0.8039 0.5781 0.1396
vn 0.8476 0.5281 -0.0517
vn 0.7138 0.6443 -0.2746
vn 0.4307 0.3455 0.8338
vn 0.6357 0.3367 0.6947
vn 0.6911 0.6934 0.2040
vn -0.8806 -0.4625 -0.1032
vn -0.7677 -0.6155 -0.1784
vn -0.4114 -0.1253 -0.9028
vn -0.5818 -0.0150 -0.8132
vn 0.7817 0.2939 0.5500
vn 0.8369 0.3014 0.4569
vn 0.7641 0.2811 0.5807
vn 0.8684 0.4846 -0.1053
vn 0.6831 0.6116 -0.3991
vn 0.8428 0.2954 0.4498
vn 0.5054 0.6884 -0.5203
vn 0.3536 0.6722 -0.6505
vn 0.5468 0.7858 0.2890
vn 0.2757 0.3389 0.8995
vn -0.9351 -0.3540 0.0174
vn -0.9217 -0.3875 -0.0200
vn -0.7099 0.0691 -0.7009
vn -0.7981 0.0891 -0.5959
vn -0.8682 0.0845 -0.4890
vn -0.9529 -0.2967 0.0634
vn -0.8806 -0.4624 -0.1034
vn -0.4633 -0.4660 0.7538
vn -0.4419 -0.4814 0.7570
vn -0.9217 -0.3874 -0.0201
vn -0.4703 -0.5036 0.7247
vn -0.4896 -0.4999 0.7144
vn -0.9528 -0.2968 0.0635
vn -0.5317 -0.4576 0.7126
vn -0.8216 0.1004 -0.5612
vn -0.9295 -0.3618 0.0720
vn -0.4919 -0.5083 0.7069
vn -0.8497 -0.5113 -0.1289
vn -0.4150 -0.0378 -0.9090
vn -0.5322 -0.4289 0.7300
vn -0.8497 -0.5112 -0.1289
vn 0.9139 0.3950 -0.0933
vn 0.8927 0.4299 -0.1355
vn 0.2558 0.6394 -0.7251
vn -0.4100 0.4136 -0.8129
vn -0.1701 -0.4367 0.8834
vn 0.4924 -0.0605 0.8683
vn -0.6499 -0.6087 0.4551
vn -0.8915 -0.4500 0.0515
vn -0.9151 -0.1793 -0.3612
vn -0.8916 -0.4499 0.0515
vn 0.8681 0.4647 -0.1744
vn 0.6454 0.7481 0.1545
vn 0.7277 0.5884 0.3525
vn 0.5583 0.7658 -0.3191
vn 0.2251 0.9135 -0.3390
vn 0.5648 0.4112 0.7155
vn 0.8586 0.4351 0.2711
vn 0.0740 0.9507 -0.3013
vn 0.5526 0.7667 -0.3268
vn 0.5761 0.4658 -0.6717
vn 0.2451 0.7164 -0.6532
vn 0.9865 0.1526 0.0593
vn 0.9306 0.1904 -0.3127
vn -0.5516 0.0808 0.8302
vn -0.9401 0.0663 0.3345
vn -0.6889 -0.3883 0.6121
vn -0.1074 -0.1279 0.9860
vn -0.1071 -0.1279 0.9860
vn -0.6888 -0.3884 0.6122
vn 0.1079 -0.6142 0.7817
vn 0.2785 -0.1701 0.9453
vn -0.9579 0.1495 0.2452
vn -0.9635 0.2055 0.1718
vn -0.6292 -0.3840 0.6757
vn -0.6682 -0.4144 0.6179
vn -0.6291 -0.3841 0.6758
vn 0.1911 -0.5378 0.8211
vn 0.1410 -0.6873 0.7125
vn 0.7277 0.5885 0.3523
vn 0.7277 0.5884 0.3524
vn 0.7286 0.3153 -0.6081
vn 0.5649 0.3903 -0.7270
vn -0.4093 0.7648 -0.4976
vn -0.8863 0.4523 -0.0993
vn 0.5482 -0.4106 0.7286
vn 0.9145 -0.1860 0.3594
vn -0.2072 -0.5194 0.8290
vn -0.6246 -0.3669 0.6894
vn -0.9053 -0.1427 0.4001
vn -0.6247 -0.3669 0.6893
vn 0.3377 0.4374 -0.8335
vn 0.4650 0.8671 0.1785
vn 0.7523 0.6587 0.0102
vn 0.7474 0.6490 -0.1421
vn 0.4697 0.8827 -0.0166
vn 0.8185 0.5292 -0.2234
vn 0.4922 0.8595 -0.1379
vn 0.4805 0.7712 0.4175
vn 0.8246 0.5328 0.1899
vn -0.3343 0.9366 -0.1049
vn -0.0763 0.9953 -0.0592
vn 0.4884 0.8407 -0.2338
vn -0.4659 -0.8847 0.0192
vn -0.3693 -0.9234 0.1050
vn 0.6041 -0.7871 -0.1247
vn 0.5801 -0.7889 -0.2030
vn -0.0191 0.9983 0.0559
vn -0.0171 0.9793 0.2017
vn -0.1016 0.8917 0.4412
vn 0.4466 0.6263 0.6390
vn 0.7644 0.4804 0.4300
vn -0.1303 0.7439 0.6555
vn 0.8897 0.3516 -0.2911
vn 0.8993 0.1325 -0.4169
vn 0.4551 0.7297 -0.5104
vn -0.5118 0.8310 -0.2179
vn -0.4999 -0.8253 -0.2627
vn -0.5204 -0.8478 -0.1025
vn 0.5483 -0.7827 -0.2944
vn 0.4524 -0.7923 -0.4094
vn 0.3602 -0.7440 -0.5629
vn -0.4554 -0.7342 -0.5036
vn -0.4658 -0.8847 0.0191
vn -0.9916 -0.0059 0.1293
vn -0.9891 -0.0368 0.1425
vn -0.3692 -0.9234 0.1049
vn -0.5203 -0.8478 -0.1026
vn -0.9976 0.0030 0.0685
vn -0.9907 -0.1276 -0.0475
vn -0.4554 -0.7342 -0.5035
vn -0.9212 -0.2904 -0.2591
vn 0.3530 -0.6169 -0.7034
vn -0.3712 -0.6162 -0.6946
vn -0.3713 -0.6162 -0.6946
vn -0.8602 -0.2582 -0.4397
vn -0.2948 -0.9550 -0.0319
vn 0.6796 -0.7124 -0.1752
vn -0.9951 -0.0589 0.0795
vn -0.2947 -0.9551 -0.0320
vn 0.3841 0.5996 0.7021
vn 0.4195 0.5615 0.7133
vn 0.9929 0.0564 -0.1052
vn 0.6190 -0.4656 -0.6324
vn -0.9628 0.0167 -0.2697
vn -0.8231 0.5218 0.2243
vn -0.6868 -0.4131 -0.5980
vn -0.3288 -0.5724 -0.7512
vn 0.1465 -0.6115 -0.7775
vn -0.3286 -0.5724 -0.7512
vn 0.4488 0.5383 0.7133
vn 0.3453 0.8963 0.2783
vn 0.6232 0.7818 -0.0209
vn 0.5167 0.8418 -0.1563
vn 0.2210 0.9696 0.1047
vn 0.4962 0.8124 -0.3061
vn 0.1455 0.9852 -0.0907
vn 0.4297 0.8268 0.3630
vn 0.7221 0.6865 -0.0856
vn -0.4373 0.8973 0.0602
vn -0.3426 0.9296 0.1361
vn 0.1071 0.9788 -0.1747
vn -0.1549 -0.9872 -0.0371
vn -0.1134 -0.9922 0.0512
vn 0.7265 -0.5824 -0.3648
vn 0.6520 -0.6059 -0.4558
vn -0.2049 0.9210 0.3313
vn -0.1331 0.8537 0.5035
vn -0.1435 0.7827 0.6056
vn 0.6134 0.6061 0.5063
vn 0.8552 0.5033 0.1241
vn 0.2426 0.6559 0.7148
vn 0.5558 0.7381 -0.3824
vn 0.6084 0.5537 -0.5685
vn 0.0442 0.8879 -0.4579
vn -0.5983 0.7935 -0.1110
vn -0.4100 -0.8361 -0.3645
vn -0.2753 -0.9434 -0.1849
vn 0.5390 -0.6093 -0.5816
vn 0.3976 -0.5574 -0.7289
vn 0.2292 -0.4040 -0.8856
vn -0.5282 -0.6599 -0.5343
vn -0.1548 -0.9872 -0.0374
vn -0.8529 -0.3734 0.3650
vn -0.8853 -0.2957 0.3590
vn -0.1134 -0.9922 0.0511
vn -0.8352 -0.4723 0.2817
vn -0.4100 -0.8360 -0.3646
vn -0.8760 -0.4604 0.1437
vn -0.5283 -0.6599 -0.5343
vn -0.8944 -0.4457 -0.0377
vn 0.1412 -0.3873 -0.9111
vn -0.6300 -0.5531 -0.5451
vn -0.9269 -0.3692 -0.0673
vn -0.1023 -0.9941 -0.0370
vn 0.7830 -0.4870 -0.3870
vn -0.9293 -0.2931 0.2249
vn -0.1023 -0.9941 -0.0368
vn 0.6793 0.5009 0.5363
vn 0.6602 0.5236 0.5384
vn 0.9009 0.2256 -0.3707
vn 0.4493 -0.2144 -0.8672
vn -0.9611 -0.1764 0.2123
vn -0.4767 0.4504 0.7549
vn -0.8987 -0.4028 -0.1736
vn -0.6691 -0.5268 -0.5243
vn -0.1946 -0.5264 -0.8276
vn -0.6689 -0.5268 -0.5244
vn 0.6389 0.5670 0.5199
vn 0.4304 0.8400 0.3303
vn 0.7245 0.5939 0.3498
vn 0.8153 0.5497 0.1820
vn 0.5238 0.8396 0.1438
vn 0.8759 0.4761 0.0778
vn 0.5699 0.8216 0.0142
vn 0.3026 0.8138 0.4962
vn 0.5560 0.6590 0.5065
vn 0.0047 0.9658 -0.2591
vn 0.1879 0.9764 -0.1061
vn 0.5676 0.8088 -0.1535
vn -0.5673 -0.8122 -0.1360
vn -0.6019 -0.7984 0.0157
vn 0.4228 -0.8973 0.1267
vn 0.4429 -0.8947 0.0576
vn 0.1783 0.9836 0.0255
vn 0.0931 0.9762 0.1959
vn 0.0098 0.9115 0.4112
vn 0.1545 0.6300 0.7611
vn 0.3807 0.5074 0.7731
vn -0.1397 0.7384 0.6597
vn 0.9544 0.2948 -0.0468
vn 0.9809 0.0929 -0.1708
vn 0.5668 0.7383 -0.3657
vn -0.1619 0.9101 -0.3816
vn -0.4586 -0.7982 -0.3906
vn -0.5525 -0.7954 -0.2493
vn 0.3929 -0.9194 0.0196
vn 0.3852 -0.9207 -0.0627
vn 0.4595 -0.8843 -0.0828
vn -0.3173 -0.8131 -0.4880
vn -0.5672 -0.8123 -0.1360
vn -0.9670 -0.0144 -0.2543
vn -0.9795 0.0887 -0.1806
vn -0.6018 -0.7985 0.0157
vn -0.5523 -0.7955 -0.2493
vn -0.9293 -0.1039 -0.3545
vn -0.8587 -0.1889 -0.4764
vn -0.3174 -0.8131 -0.4880
vn -0.7841 -0.2713 -0.5582
vn 0.6418 -0.6512 -0.4050
vn -0.1179 -0.6166 -0.7784
vn -0.6591 -0.1687 -0.7329
vn -0.6260 -0.7788 0.0396
vn 0.3586 -0.9251 0.1248
vn -0.9745 0.1406 -0.1748
vn -0.6259 -0.7789 0.0397
vn 0.0669 0.4755 0.8772
vn 0.0961 0.4674 0.8788
vn 0.6959 0.2428 0.6758
vn 0.8906 -0.3810 -0.2484
vn -0.8607 0.2891 -0.4190
vn -0.5780 0.7274 0.3700
vn -0.4769 -0.2590 -0.8399
vn -0.0538 -0.4878 -0.8713
vn 0.4654 -0.5937 -0.6564
vn 0.1379 0.4776 0.8677
vn -0.2738 0.4821 0.8323
vn -0.0906 0.4349 0.8959
vn 0.0467 0.4240 0.9045
vn -0.2137 0.4793 0.8512
vn 0.2447 0.3770 0.8933
vn -0.1364 0.4556 0.8797
vn -0.3613 0.4704 0.8051
vn -0.0978 0.3748 0.9219
vn -0.7208 0.4537 0.5241
vn -0.6728 0.5374 0.5084
vn -0.0329 0.3897 0.9203
vn 0.3091 -0.3620 -0.8795
vn 0.2630 -0.3026 -0.9161
vn 0.9427 -0.2413 -0.2302
vn 0.9303 -0.3029 -0.2071
vn -0.5523 0.5860 0.5930
vn -0.4949 0.5999 0.6287
vn -0.5920 0.5677 0.5721
vn -0.5534 0.4574 0.6961
vn -0.3840 0.4435 0.8099
vn -0.6666 0.5167 0.5372
vn 0.4965 0.2427 0.8334
vn 0.7317 0.1893 0.6548
vn 0.0631 0.4755 0.8775
vn -0.7591 0.4761 0.4440
vn 0.3793 -0.4390 -0.8145
vn 0.3215 -0.4401 -0.8384
vn 0.8773 -0.4357 -0.2011
vn 0.8383 -0.5237 -0.1518
vn 0.8304 -0.5523 -0.0731
vn 0.5129 -0.4475 -0.7326
vn 0.3092 -0.3620 -0.8794
vn -0.5960 -0.0096 -0.8029
vn -0.6888 -0.0061 -0.7249
vn 0.2631 -0.3026 -0.9161
vn 0.3215 -0.4402 -0.8383
vn -0.5052 -0.0213 -0.8627
vn -0.3844 0.0529 -0.9216
vn -0.2003 0.0246 -0.9794
vn 0.8102 -0.5814 0.0737
vn 0.5579 -0.4642 -0.6880
vn 0.5578 -0.4642 -0.6880
vn -0.0221 -0.0142 -0.9997
vn 0.2052 -0.2525 -0.9456
vn 0.9406 -0.2174 -0.2608
vn -0.7117 -0.0004 -0.7025
vn 0.2053 -0.2525 -0.9456
vn -0.6717 0.5753 0.4667
vn -0.5732 0.4626 0.6764
vn -0.0272 0.2164 0.9759
vn 0.6922 -0.4389 0.5730
vn -0.3939 0.3358 -0.8556
vn -0.7579 0.6448 -0.0996
vn 0.2291 -0.1979 -0.9531
vn 0.5468 -0.4601 -0.6996
vn 0.7442 -0.6476 -0.1638
vn 0.5468 -0.4601 -0.6995
vn -0.4374 0.3142 0.8426
vn 0.5383 0.3054 0.7855
vn 0.6808 0.3049 0.6660
vn 0.7559 0.4253 0.4978
vn 0.5831 0.4281 0.6905
vn 0.8298 0.4875 0.2717
vn 0.6086 0.5577 0.5644
vn 0.4986 0.2333 0.8348
vn 0.6643 0.2336 0.7100
vn -0.0630 0.6846 0.7262
vn 0.1871 0.5895 0.7858
vn 0.5906 0.6802 0.4342
vn -0.5973 -0.4955 -0.6306
vn -0.6162 -0.6058 -0.5032
vn 0.2125 -0.4993 -0.8400
vn 0.3345 -0.3484 -0.8756
vn 0.2619 0.4764 0.8393
vn 0.3212 0.3720 0.8709
vn 0.3173 0.3097 0.8963
vn 0.4914 0.1749 0.8532
vn 0.6993 0.1135 0.7057
vn 0.2788 0.3281 0.9026
vn 0.8946 0.4451 -0.0388
vn 0.8983 0.3929 -0.1965
vn 0.5297 0.7537 0.3891
vn -0.2458 0.6867 0.6841
vn -0.4784 -0.2530 -0.8409
vn -0.5595 -0.3602 -0.7465
vn 0.3773 -0.2630 -0.8880
vn 0.3759 -0.2421 -0.8945
vn 0.3825 -0.2108 -0.8996
vn -0.4174 -0.1365 -0.8984
vn -0.5972 -0.4955 -0.6307
vn -0.9700 -0.2411 -0.0324
vn -0.9593 -0.2698 0.0836
vn -0.6161 -0.6059 -0.5034
vn -0.5594 -0.3602 -0.7465
vn -0.9759 -0.1483 -0.1600
vn -0.4784 -0.2529 -0.8409
vn -0.9585 -0.0480 -0.2809
vn -0.4173 -0.1365 -0.8985
vn -0.9039 0.0595 -0.4237
vn 0.4574 -0.2472 -0.8542
vn -0.4404 -0.0817 -0.8941
vn -0.4403 -0.0817 -0.8941
vn -0.8858 0.1620 -0.4349
vn -0.6369 -0.5813 -0.5064
vn 0.1897 -0.5257 -0.8293
vn -0.9727 -0.2123 0.0936
vn 0.2984 0.2119 0.9306
vn 0.5070 0.1749 0.8440
vn 0.9833 -0.1710 -0.0621
vn 0.8268 -0.2538 -0.5020
vn -0.9420 0.3234 -0.0895
vn -0.5474 0.5363 0.6425
vn -0.8183 0.0646 -0.5712
vn -0.4775 -0.1111 -0.8716
vn 0.2101 -0.2882 -0.9342
vn -0.4774 -0.1111 -0.8716
vn 0.6362 0.1300 0.7605
vn 0.6001 0.6707 0.4360
vn 0.7506 0.6204 0.2273
vn 0.6534 0.7543 0.0643
vn 0.4357 0.8269 0.3555
vn 0.5867 0.8098 0.0040
vn 0.3157 0.8887 0.3326
vn 0.6598 0.5629 0.4978
vn 0.7815 0.5407 0.3113
vn -0.0804 0.8370 0.5413
vn 0.0173 0.8495 0.5274
vn 0.2332 0.9039 0.3586
vn -0.3651 -0.8490 -0.3819
vn -0.3333 -0.8613 -0.3834
vn 0.3993 -0.4784 -0.7821
vn 0.3100 -0.5578 -0.7699
vn 0.1305 0.8368 0.5317
vn 0.3600 0.7328 0.5775
vn 0.3676 0.5915 0.7176
vn 0.7204 0.2660 0.6405
vn 0.7851 0.2647 0.5600
vn 0.4584 0.3350 0.8232
vn 0.5818 0.8112 -0.0590
vn 0.6005 0.7488 -0.2805
vn 0.1201 0.9349 0.3341
vn -0.2396 0.7834 0.5735
vn -0.5998 -0.6271 -0.4969
vn -0.4649 -0.7824 -0.4144
vn 0.1477 -0.5985 -0.7874
vn -0.0170 -0.5569 -0.8304
vn -0.0404 -0.4415 -0.8963
vn -0.6650 -0.4318 -0.6094
vn -0.3651 -0.8490 -0.3820
vn -0.8350 -0.4489 0.3182
vn -0.8395 -0.3979 0.3701
vn -0.3331 -0.8614 -0.3834
vn -0.4648 -0.7825 -0.4144
vn -0.8840 -0.3779 0.2753
vn -0.5998 -0.6271 -0.4970
vn -0.9487 -0.2228 0.2241
vn -0.6650 -0.4317 -0.6094
vn -0.9878 -0.0835 0.1312
vn -0.0092 -0.1409 -0.9900
vn -0.6754 -0.1914 -0.7122
vn -0.9981 0.0156 0.0601
vn -0.4109 -0.7830 -0.4671
vn 0.3749 -0.4007 -0.8360
vn -0.8803 -0.3087 0.3602
vn 0.6021 0.0943 0.7928
vn 0.7276 0.0705 0.6824
vn 0.9196 0.2009 0.3377
vn 0.3632 0.0615 -0.9297
vn -0.8709 0.1573 0.4656
vn -0.0355 0.3365 0.9410
vn -0.9709 -0.0618 -0.2314
vn -0.6624 -0.0337 -0.7484
vn -0.1845 0.0013 -0.9828
vn 0.8455 0.0573 0.5309
vn 0.6958 0.7144 0.0742
vn 0.5364 0.8088 -0.2411
vn 0.3478 0.8898 -0.2953
vn 0.5791 0.8018 0.1477
vn 0.7681 0.6402 0.0134
vn 0.6142 0.7594 -0.2147
vn 0.6017 0.6992 0.3861
vn 0.6929 0.6778 0.2459
vn 0.8062 0.5443 0.2319
vn 0.9454 0.2030 -0.2548
vn 0.9038 0.1146 -0.4124
vn 0.9395 0.3358 -0.0669
vn -0.7008 -0.7127 -0.0305
vn -0.6268 -0.7780 -0.0436
vn -0.6375 -0.2809 -0.7174
vn -0.7316 -0.2440 -0.6365
vn -0.8407 -0.0503 -0.5392
vn -0.8555 -0.5082 0.0997
vn -0.6269 -0.7779 -0.0438
vn -0.2431 -0.6989 0.6726
vn -0.1472 -0.6170 0.7731
vn -0.8554 -0.5082 0.0997
vn -0.3567 -0.5775 0.7344
vn -0.9087 0.2976 -0.2927
vn -0.9353 -0.1322 0.3281
vn -0.9354 -0.1321 0.3281
vn -0.2769 -0.4126 0.8678
vn -0.7276 -0.1960 -0.6574
vn 0.0834 0.9411 -0.3278
vn -0.2057 -0.2938 0.9335
vn -0.7865 -0.6119 0.0838
vn 0.3532 0.9109 0.2132
vn 0.4316 0.7895 0.4363
vn -0.7864 -0.6120 0.0838
vn 0.9226 -0.3407 -0.1807
vn 0.9035 -0.1453 -0.4033
vn 0.5626 0.0784 -0.8230
vn -0.6983 0.4716 -0.5385
vn 0.3636 -0.3672 0.8561
vn 0.9284 0.3657 0.0655
vn -0.3927 -0.4084 0.8240
vn -0.9221 -0.0226 0.3863
vn -0.9561 0.2791 -0.0895
vn -0.9221 -0.0226 0.3864
vn 0.6822 0.2594 -0.6836
vn 0.7304 0.6774 0.0874
vn 0.7407 0.6502 -0.1693
vn 0.6396 0.7147 -0.2832
vn 0.6083 0.7927 0.0410
vn 0.5958 0.6826 -0.4233
vn 0.5009 0.8653 -0.0192
vn 0.8366 0.5397 0.0937
vn 0.8414 0.5331 -0.0882
vn 0.0750 0.9127 0.4016
vn 0.2358 0.8877 0.3955
vn 0.4367 0.8966 -0.0733
vn -0.6091 -0.7931 -0.0056
vn -0.5299 -0.8477 -0.0247
vn 0.0749 -0.6856 -0.7241
vn -0.0414 -0.6532 -0.7561
vn 0.4486 0.8247 0.3445
vn 0.6675 0.6968 0.2623
vn 0.7331 0.5711 0.3694
vn 0.9315 0.3609 0.0461
vn 0.9003 0.3974 -0.1774
vn 0.7756 0.4066 0.4828
vn 0.5960 0.5994 -0.5343
vn 0.5429 0.5758 -0.6113
vn 0.3047 0.9312 -0.1999
vn -0.0630 0.9501 0.3055
vn -0.7877 -0.6138 -0.0530
vn -0.6863 -0.7245 -0.0643
vn -0.2276 -0.5433 -0.8081
vn -0.3600 -0.4245 -0.8308
vn -0.4783 -0.2772 -0.8333
vn -0.9189 -0.3943 -0.0119
vn -0.6091 -0.7931 -0.0058
vn -0.6434 -0.1127 0.7572
vn -0.6670 -0.0513 0.7433
vn -0.5299 -0.8477 -0.0248
vn -0.6863 -0.7244 -0.0645
vn -0.6252 -0.2321 0.7451
vn -0.7877 -0.6137 -0.0532
vn -0.6398 -0.2996 0.7077
vn -0.9189 -0.3943 -0.0120
vn -0.7244 -0.1474 0.6735
vn -0.6210 -0.1009 -0.7773
vn -0.9617 -0.2658 -0.0668
vn -0.9617 -0.2658 -0.0665
vn -0.7646 -0.1194 0.6333
vn -0.5194 -0.8316 -0.1964
vn 0.1873 -0.6058 -0.7732
vn -0.7496 0.0586 0.6593
vn -0.5194 -0.8317 -0.1962
vn 0.9628 0.2403 0.1234
vn 0.9768 0.2137 0.0128
vn 0.7456 0.4270 -0.5117
vn -0.1427 0.1370 -0.9802
vn -0.1500 0.0118 0.9886
vn 0.2504 0.1914 0.9490
vn -0.9029 -0.3117 0.2959
vn -0.9549 -0.2732 -0.1163
vn -0.8390 -0.2180 -0.4986
vn -0.9549 -0.2732 -0.1164
vn 0.9775 0.2106 0.0079
vn 0.9786 0.1951 -0.0655
vn 0.9230 0.2860 -0.2573
vn 0.8998 0.3789 -0.2161
vn 0.9474 0.3119 -0.0715
vn 0.8296 0.5119 -0.2231
vn 0.8879 0.4588 -0.0335
vn 0.9949 0.0295 -0.0969
vn 0.8573 0.1814 -0.4817
vn 0.6569 0.5148 0.5509
vn 0.8448 0.4130 0.3402
vn 0.7600 0.6467 0.0644
vn -0.9293 -0.3643 -0.0609
vn -0.8412 -0.5309 -0.1022
vn -0.5436 -0.0543 -0.8376
vn -0.6124 0.0079 -0.7905
vn 0.9130 0.2511 0.3216
vn 0.9393 0.1061 0.3261
vn 0.8995 -0.0385 0.4353
vn 0.9297 -0.3163 -0.1886
vn 0.8109 -0.0652 -0.5815
vn 0.8729 -0.3570 0.3326
vn 0.6303 0.7016 -0.3324
vn 0.4179 0.8270 -0.3761
vn 0.5803 0.7925 0.1877
vn 0.4384 0.5742 0.6914
vn -0.9929 -0.1096 0.0455
vn -0.9737 -0.2276 0.0001
vn -0.6777 0.0967 -0.7289
vn -0.7204 0.1632 -0.6741
vn -0.7552 0.2712 -0.5968
vn -0.9888 0.0777 0.1275
vn -0.5236 -0.3773 0.7639
vn -0.4640 -0.4667 0.7529
vn -0.8413 -0.5308 -0.1022
vn -0.9737 -0.2277 0.0001
vn -0.5862 -0.3160 0.7460
vn -0.6276 -0.2552 0.7355
vn -0.9888 0.0779 0.1275
vn -0.6915 -0.0789 0.7180
vn -0.7755 0.3882 -0.4979
vn -0.9727 0.1578 0.1699
vn -0.7455 0.0496 0.6647
vn -0.8480 -0.5261 -0.0643
vn -0.5142 0.0324 -0.8571
vn -0.4602 -0.3951 0.7951
vn 0.8870 -0.4392 -0.1428
vn 0.8628 -0.4603 -0.2092
vn 0.4447 0.4236 -0.7892
vn -0.5430 0.5900 -0.5975
vn -0.6082 0.1263 0.7837
vn 0.4067 -0.1091 0.9070
vn -0.9014 0.0723 0.4270
vn -0.9754 0.1577 0.1541
vn -0.9383 0.2861 -0.1943
vn -0.9754 0.1577 0.1540
vn 0.8806 -0.3953 -0.2612
vn 0.6818 0.6904 0.2420
vn 0.7288 0.6792 0.0868
vn 0.7596 0.6277 0.1701
vn 0.7278 0.6421 0.2410
vn 0.8097 0.5685 0.1456
vn 0.6799 0.6633 0.3128
vn 0.6927 0.6326 0.3462
vn 0.7827 0.6191 0.0643
vn -0.0915 0.8386 0.5369
vn 0.2642 0.7910 0.5518
vn 0.4720 0.8449 0.2518
vn -0.5739 -0.6778 -0.4596
vn -0.4088 -0.8481 -0.3370
vn 0.5379 -0.5219 -0.6620
vn 0.4002 -0.5107 -0.7609
vn 0.4267 0.7479 0.5084
vn 0.3834 0.7309 0.5646
vn 0.4117 0.6394 0.6494
vn 0.7381 0.5340 0.4124
vn 0.8329 0.5429 0.1076
vn 0.4970 0.5566 0.6657
vn 0.7809 0.6172 -0.0961
vn 0.7130 0.6513 -0.2597
vn 0.2926 0.9557 0.0326
vn -0.3160 0.8445 0.4324
vn -0.6959 -0.6053 -0.3865
vn -0.6784 -0.5964 -0.4290
vn 0.2259 -0.4320 -0.8731
vn 0.0674 -0.3851 -0.9204
vn 0.0091 -0.3093 -0.9509
vn -0.7036 -0.5735 -0.4196
vn -0.9289 0.0143 0.3700
vn -0.9038 -0.0349 0.4265
vn -0.4087 -0.8481 -0.3372
vn -0.6784 -0.5964 -0.4291
vn -0.9178 -0.0902 0.3866
vn -0.6958 -0.6054 -0.3866
vn -0.8836 -0.2175 0.4146
vn -0.7036 -0.5734 -0.4196
vn -0.8890 -0.2953 0.3499
vn -0.1428 -0.1951 -0.9703
vn -0.7649 -0.4620 -0.4489
vn -0.9304 -0.3189 0.1807
vn -0.3951 -0.8555 -0.3346
vn 0.5822 -0.4565 -0.6728
vn -0.9178 -0.0277 0.3960
vn -0.3951 -0.8555 -0.3347
vn 0.7806 0.4225 0.4606
vn 0.7720 0.4552 0.4436
vn 0.8159 0.5235 -0.2457
vn 0.3199 0.2300 -0.9191
vn -0.8457 -0.1150 0.5212
vn -0.0505 0.4319 0.9005
vn -0.9231 -0.3839 -0.0213
vn -0.7957 -0.4119 -0.4440
vn -0.4563 -0.3145 -0.8324
vn -0.7957 -0.4119 -0.4441
vn 0.7499 0.4945 0.4394
vn 0.9489 -0.2711 0.1617
vn 0.9666 -0.1600 -0.2003
vn 0.9583 -0.0772 -0.2750
vn 0.9636 -0.1877 0.1903
vn 0.8991 0.0903 -0.4284
vn 0.9584 0.0054 0.2854
vn 0.9491 -0.2315 0.2134
vn 0.9767 -0.1042 -0.1875
vn 0.4285 0.0845 0.8996
vn 0.6317 0.0212 0.7749
vn 0.9140 0.1221 0.3870
vn -0.9762 0.0901 -0.1973
vn -0.9822 -0.0446 -0.1822
vn -0.4198 0.0356 -0.9069
vn -0.4654 0.1373 -0.8744
vn 0.7564 -0.1400 0.6389
vn 0.7281 -0.2698 0.6301
vn 0.5498 -0.2825 0.7861
vn 0.9759 -0.0295 0.2162
vn 0.9916 0.0833 -0.0988
vn 0.6308 0.0256 0.7755
vn 0.7543 0.1546 -0.6381
vn 0.6275 0.2137 -0.7487
vn 0.8987 0.2296 0.3737
vn 0.3667 0.1207 0.9225
vn -0.8896 0.4065 -0.2082
vn -0.9375 0.2938 -0.1863
vn -0.5026 0.3230 -0.8019
vn -0.4913 0.4003 -0.7736
vn -0.4742 0.3641 -0.8016
vn -0.8891 0.3806 -0.2542
vn -0.7448 0.0591 0.6647
vn -0.7715 -0.0295 0.6356
vn -0.9375 0.2938 -0.1862
vn -0.7458 0.1548 0.6479
vn -0.8896 0.4065 -0.2081
vn -0.7213 0.1877 0.6667
vn -0.7923 0.1613 0.5885
vn -0.5539 0.3054 -0.7745
vn -0.9563 0.0993 -0.2751
vn -0.8407 -0.0991 0.5323
vn -0.9770 0.0861 -0.1949
vn -0.4185 0.0993 -0.9028
vn -0.7655 0.0227 0.6430
vn -0.9770 0.0860 -0.1950
vn 0.9545 -0.0863 0.2855
vn 0.9824 0.0540 0.1788
vn 0.7926 0.4512 -0.4100
vn -0.2617 0.4807 -0.8369
vn -0.5826 -0.1575 0.7973
vn -0.0899 0.0795 0.9928
vn -0.8976 -0.2392 0.3703
vn -0.9611 -0.0440 -0.2725
vn -0.7313 0.1890 -0.6553
vn 0.9733 0.2215 0.0594
vn -0.8058 0.5192 0.2847
vn -0.7483 0.5508 0.3697
vn -0.6524 0.5052 0.5648
vn -0.8256 0.5001 0.2612
vn -0.6227 0.4424 0.6454
vn -0.8497 0.4605 0.2569
vn -0.7506 0.6059 0.2637
vn -0.6892 0.5463 0.4760
vn -0.7929 0.3605 -0.4913
vn -0.8485 0.4170 -0.3258
vn -0.8774 0.4226 0.2271
vn 0.9130 -0.3589 -0.1938
vn 0.9334 -0.3459 -0.0954
vn 0.6537 -0.1307 0.7454
vn 0.7434 -0.1626 0.6488
vn -0.8454 0.4972 -0.1953
vn -0.8305 0.5492 0.0929
vn -0.7941 0.6051 0.0570
vn -0.6094 0.7751 0.1667
vn -0.4585 0.4664 0.7565
vn -0.6656 0.6547 -0.3583
vn -0.6165 0.3792 0.6900
vn -0.5246 0.3857 0.7589
vn -0.8623 0.4627 0.2058
vn -0.6704 0.3242 -0.6674
vn 0.8468 -0.4617 -0.2640
vn 0.8953 -0.4040 -0.1877
vn 0.8047 -0.2370 0.5444
vn 0.8121 -0.3144 0.4916
vn 0.6969 -0.3815 0.6073
vn 0.8605 -0.4589 -0.2213
vn 0.9130 -0.3590 -0.1937
vn 0.3459 -0.2011 -0.9165
vn 0.3300 -0.1726 -0.9281
vn 0.9334 -0.3459 -0.0953
vn 0.8953 -0.4041 -0.1876
vn 0.3639 -0.2177 -0.9056
vn 0.8469 -0.4617 -0.2639
vn 0.3483 -0.2421 -0.9056
vn 0.8605 -0.4589 -0.2211
vn 0.4299 -0.2197 -0.8757
vn 0.6315 -0.3901 0.6701
vn 0.8890 -0.4384 -0.1324
vn 0.5049 -0.1943 -0.8410
vn 0.9711 -0.2378 -0.0197
vn 0.6318 -0.0811 0.7709
vn 0.3591 -0.1038 -0.9275
vn 0.9711 -0.2377 -0.0195
vn -0.6595 0.5084 -0.5537
vn -0.8450 0.4774 -0.2411
vn -0.8369 0.4922 -0.2393
vn -0.6308 0.4929 -0.5993
vn -0.8724 0.4757 -0.1126
vn -0.6209 0.4998 -0.6039
vn -0.6997 0.5489 -0.4573
vn -0.8841 0.4592 -0.0866
vn -0.0370 0.3848 -0.9223
vn -0.0934 0.4236 -0.9010
vn -0.6271 0.4495 -0.6361
vn 0.6514 -0.3810 0.6562
vn 0.7058 -0.3300 0.6268
vn -0.2373 -0.1599 0.9582
vn -0.1286 -0.1735 0.9764
vn -0.1522 0.4382 -0.8859
vn -0.1687 0.4899 -0.8553
vn -0.0998 0.4680 -0.8781
vn -0.7025 0.5594 -0.4398
vn -0.7850 0.6195 -0.0047
vn -0.2348 0.4608 -0.8559
vn -0.9410 0.3346 0.0503
vn -0.9665 0.2080 0.1504
vn -0.6076 0.4402 -0.6611
vn 0.0372 0.3785 -0.9249
vn 0.6198 -0.3888 0.6817
vn 0.6027 -0.3758 0.7040
vn -0.0378 -0.1990 0.9793
vn 0.0098 -0.2218 0.9750
vn 0.0163 -0.2692 0.9630
vn 0.6984 -0.4367 0.5671
vn 0.6513 -0.3809 0.6563
vn 0.9621 -0.2203 -0.1609
vn 0.9530 -0.1144 -0.2805
vn 0.7057 -0.3301 0.6269
vn 0.6027 -0.3757 0.7040
vn 0.9633 -0.2545 -0.0856
vn 0.6197 -0.3888 0.6818
vn 0.9581 -0.2526 -0.1350
vn 0.9313 -0.3000 -0.2065
vn 0.0937 -0.2016 0.9750
vn 0.6825 -0.5461 0.4857
vn 0.6826 -0.5461 0.4856
vn 0.8721 -0.4403 -0.2136
vn 0.7175 -0.1149 0.6870
vn -0.2479 -0.1287 0.9602
vn 0.9585 0.0683 -0.2767
vn 0.7175 -0.1151 0.6870
vn -0.6549 0.5721 -0.4938
vn -0.6952 0.5529 -0.4594
vn -0.5163 0.6504 0.5572
vn -0.1446 0.2178 0.9652
vn 0.7857 -0.2989 -0.5415
vn 0.3722 0.1551 -0.9151
vn 0.7665 -0.6354 0.0934
vn 0.6375 -0.6146 0.4646
vn 0.3679 -0.4428 0.8177
vn 0.6374 -0.6146 0.4647
vn -0.7162 0.5503 -0.4292
vn -0.2122 0.2753 -0.9376
vn -0.3019 0.3101 -0.9015
vn -0.2250 0.3602 -0.9054
vn -0.1489 0.3172 -0.9366
vn -0.4728 0.3865 -0.7919
vn -0.1157 0.2841 -0.9518
vn -0.2292 0.2828 -0.9314
vn -0.5033 0.3737 -0.7791
vn 0.4576 0.0762 -0.8859
vn 0.2353 0.2202 -0.9467
vn -0.1223 0.1968 -0.9728
vn 0.1888 -0.1707 0.9671
vn 0.1429 -0.0737 0.9870
vn -0.6277 0.1362 0.7664
vn -0.5627 0.0689 0.8238
vn 0.0390 0.3135 -0.9488
vn 0.0727 0.2566 -0.9638
vn 0.1311 0.2052 -0.9699
vn -0.2660 0.3666 -0.8915
vn -0.5157 0.4533 -0.7270
vn -0.0070 0.3737 -0.9275
vn -0.7259 0.3365 -0.5998
vn -0.8282 0.3192 -0.4605
vn -0.1109 0.1533 -0.9819
vn 0.6497 -0.0077 -0.7601
vn 0.1995 -0.2082 0.9575
vn 0.1668 -0.2221 0.9607
vn -0.5463 0.0512 0.8360
vn -0.4867 0.0195 0.8734
vn -0.4097 0.0327 0.9116
vn 0.2443 -0.2268 0.9428
vn 0.1887 -0.1707 0.9671
vn 0.8818 -0.2214 0.4165
vn 0.8632 -0.1542 0.4808
vn 0.1668 -0.2222 0.9606
vn 0.9095 -0.2622 0.3227
vn 0.1994 -0.2081 0.9576
vn 0.9107 -0.2639 0.3178
vn 0.2443 -0.2267 0.9428
vn 0.8428 -0.3364 0.4202
vn -0.2902 0.1020 0.9515
vn 0.2885 -0.3102 0.9058
vn 0.2886 -0.3103 0.9058
vn 0.7404 -0.5238 0.4213
vn 0.1426 0.0691 0.9874
vn -0.6846 0.2520 0.6840
vn 0.8619 -0.0703 0.5023
vn -0.2942 0.2579 -0.9203
vn -0.3187 0.3822 -0.8674
vn -0.8047 0.5678 -0.1736
vn -0.5863 0.3478 0.7316
vn 0.8522 -0.5223 -0.0309
vn 0.4763 0.2790 -0.8339
vn 0.6310 -0.5813 0.5137
vn 0.3156 -0.3335 0.8884
vn -0.0572 -0.0406 0.9975
vn 0.3155 -0.3335 0.8884
vn -0.3158 0.5410 -0.7794
vn 0.6655 0.1183 -0.7370
vn 0.4806 0.2212 -0.8486
vn 0.5120 0.2280 -0.8282
vn 0.7186 0.1222 -0.6846
vn 0.5276 0.2373 -0.8156
vn 0.7566 0.1338 -0.6400
vn 0.6433 0.1309 -0.7543
vn 0.4407 0.2701 -0.8561
vn 0.9845 -0.0908 -0.1500
vn 0.9430 0.0570 -0.3279
vn 0.6947 0.0456 -0.7178
vn -0.7967 -0.0196 0.6040
vn -0.7332 0.0591 0.6774
vn -0.9630 0.2543 -0.0895
vn -0.9818 0.1803 -0.0601
vn 0.8830 0.0842 -0.4618
vn 0.8629 0.0605 -0.5017
vn 0.8810 0.0115 -0.4729
vn 0.5594 0.0028 -0.8289
vn 0.4014 0.0979 -0.9107
vn 0.6926 -0.0041 -0.7213
vn 0.2872 0.2108 -0.9344
vn 0.0690 0.1842 -0.9805
vn 0.6491 -0.0400 -0.7597
vn 0.9823 -0.1872 -0.0120
vn -0.6385 -0.0329 0.7689
vn -0.7489 -0.0039 0.6627
vn -0.9688 0.2464 0.0253
vn -0.9548 0.2545 0.1538
vn -0.9215 0.2657 0.2834
vn -0.5427 -0.0711 0.8369
vn -0.7967 -0.0195 0.6040
vn 0.2121 -0.2143 0.9535
vn 0.3641 -0.1766 0.9144
vn 0.1623 -0.2385 0.9575
vn -0.6387 -0.0329 0.7688
vn 0.1422 -0.2521 0.9572
vn -0.5427 -0.0710 0.8369
vn 0.0523 -0.2771 0.9594
vn -0.8864 0.3633 0.2869
vn -0.5226 0.0188 0.8524
vn -0.5226 0.0187 0.8524
vn 0.0751 -0.2544 0.9642
vn -0.6295 0.2387 0.7394
vn -0.9110 0.3813 -0.1570
vn 0.4601 -0.1127 0.8807
vn -0.6295 0.2388 0.7394
vn 0.6346 -0.1708 -0.7537
vn 0.4959 -0.0784 -0.8648
vn -0.0510 0.3309 -0.9423
vn -0.8698 0.4755 -0.1316
vn 0.5341 -0.3654 0.7624
vn 0.8444 0.0090 -0.5356
vn -0.0261 -0.1806 0.9832
vn -0.5096 0.0926 0.8554
vn -0.8230 0.2900 0.4884
vn -0.5096 0.0927 0.8554
vn 0.3499 0.0643 -0.9346
vn -0.2785 0.0614 0.9585
vn 0.1205 -0.0411 0.9919
vn 0.2410 0.0227 0.9703
vn -0.2603 0.1447 0.9546
vn 0.4877 0.1514 0.8598
vn -0.2630 0.3212 0.9097
vn -0.3157 0.0853 0.9450
vn 0.1229 0.0121 0.9923
vn -0.8188 0.4535 0.3520
vn -0.7262 0.4308 0.5357
vn -0.3229 0.4087 0.8536
vn 0.2429 -0.1894 -0.9514
vn 0.2095 -0.2468 -0.9461
vn 0.8914 -0.2798 -0.3565
vn 0.8852 -0.2385 -0.3995
vn -0.6583 0.3421 0.6705
vn -0.7011 0.2447 0.6698
vn -0.8511 0.2088 0.4817
vn -0.2911 0.1763 0.9403
vn 0.0523 0.1539 0.9867
vn -0.7333 0.4101 0.5424
vn 0.6971 0.1028 0.7096
vn 0.8318 0.1180 0.5424
vn -0.2365 0.5458 0.8038
vn -0.8074 0.5323 0.2544
vn 0.3618 0.0229 -0.9320
vn 0.3007 -0.0564 -0.9520
vn 0.8626 -0.2035 -0.4632
vn 0.8603 -0.1829 -0.4758
vn 0.8881 -0.1570 -0.4321
vn 0.4083 0.0234 -0.9126
vn 0.2430 -0.1894 -0.9514
vn -0.5939 0.1185 -0.7958
vn -0.5807 0.0470 -0.8128
vn -0.5132 0.2502 -0.8210
vn -0.5002 0.3148 -0.8067
vn -0.4442 0.2308 -0.8657
vn 0.8682 -0.1999 -0.4542
vn 0.3587 -0.1686 -0.9181
vn -0.4303 0.0802 -0.8991
vn 0.3232 -0.0517 -0.9449
vn 0.9225 -0.1827 -0.3400
vn -0.5206 0.1607 -0.8385
vn 0.3233 -0.0517 -0.9449
vn -0.3968 0.1843 0.8992
vn -0.2600 0.2007 0.9445
vn 0.4720 0.2558 0.8437
vn 0.9856 -0.0980 -0.1380
vn -0.6665 0.2402 -0.7057
vn -0.7874 0.5781 -0.2141
vn -0.3316 -0.0688 -0.9409
vn 0.3238 -0.2622 -0.9091
vn 0.7325 -0.2698 -0.6250
vn -0.0874 0.2529 0.9635
vn -0.9193 0.3539 -0.1721
vn -0.8817 0.3474 0.3192
vn -0.7899 0.4428 0.4243
vn -0.8700 0.4668 -0.1589
vn -0.6356 0.4995 0.5886
vn -0.7941 0.5695 -0.2123
vn -0.9253 0.2926 -0.2414
vn -0.9033 0.3318 0.2720
vn -0.2642 0.5000 -0.8247
vn -0.4349 0.4498 -0.7801
vn -0.7022 0.6762 -0.2227
vn 0.8774 -0.4556 0.1502
vn 0.8815 -0.4625 0.0952
vn 0.4276 -0.2444 0.8703
vn 0.4321 -0.1821 0.8832
vn -0.5651 0.4557 -0.6878
vn -0.6240 0.3326 -0.7071
vn -0.5326 0.1142 -0.8386
vn -0.8650 0.4116 -0.2870
vn -0.8566 0.4773 0.1960
vn -0.4388 0.3704 -0.8187
vn -0.4655 0.4337 0.7715
vn -0.0175 0.4777 0.8783
vn -0.2135 0.9744 0.0710
vn -0.0110 0.7239 -0.6898
vn 0.9435 -0.2331 0.2357
vn 0.9120 -0.3686 0.1800
vn 0.4870 -0.1727 0.8562
vn 0.5121 -0.1486 0.8460
vn 0.4909 -0.1530 0.8577
vn 0.9337 -0.2263 0.2774
vn 0.6559 -0.2276 -0.7197
vn 0.6982 -0.1990 -0.6877
vn 0.8815 -0.4625 0.0953
vn 0.7100 -0.1622 -0.6852
vn 0.9435 -0.2330 0.2358
vn 0.7261 -0.0639 -0.6846
vn 0.7920 -0.1740 -0.5852
vn 0.5005 -0.1677 0.8493
vn 0.8683 -0.4105 0.2785
vn 0.8683 -0.4106 0.2785
vn 0.7986 -0.3513 -0.4887
vn 0.9782 -0.1000 0.1822
vn 0.5130 -0.0819 0.8545
vn 0.7560 0.0314 -0.6538
vn -0.8707 0.3936 -0.2948
vn -0.8365 0.4727 -0.2771
vn -0.5863 0.5959 0.5487
vn 0.2412 0.1110 0.9641
vn 0.6286 -0.1868 -0.7550
vn 0.1661 0.3788 -0.9105
vn 0.8077 -0.4449 -0.3869
vn 0.8370 -0.4691 0.2817
vn 0.6418 -0.2962 0.7073
vn 0.8369 -0.4692 0.2817
vn -0.7439 0.6210 -0.2467
vn 0.6584 -0.4340 -0.6149
vn 0.3550 -0.2647 -0.8966
vn 0.3230 -0.1180 -0.9390
vn 0.7209 -0.3476 -0.5996
vn 0.1799 -0.0013 -0.9837
vn 0.7489 -0.3619 -0.5551
vn 0.7036 -0.3812 -0.5997
vn 0.3937 -0.2145 -0.8939
vn 0.9052 -0.3639 0.2194
vn 0.9257 -0.3628 0.1075
vn 0.7791 -0.3319 -0.5319
vn -0.6697 0.4635 0.5803
vn -0.6181 0.4806 0.6221
vn -0.7801 0.5856 -0.2202
vn -0.8102 0.5319 -0.2464
vn 0.9447 -0.3258 -0.0383
vn 0.9024 -0.4284 -0.0465
vn 0.8951 -0.4308 0.1145
vn 0.8282 -0.0747 -0.5555
vn 0.5870 0.0938 -0.8041
vn 0.9899 -0.1187 -0.0774
vn -0.0216 0.1934 -0.9809
vn -0.1376 0.6062 -0.7833
vn 0.7723 0.3612 -0.5226
vn 0.9746 0.0581 0.2164
vn -0.6382 0.5798 0.5065
vn -0.6787 0.4581 0.5740
vn -0.8264 0.5177 -0.2216
vn -0.8137 0.5492 -0.1904
vn -0.8542 0.4792 -0.2019
vn -0.7131 0.4945 0.4970
vn -0.6697 0.4635 0.5802
vn 0.0932 0.1274 0.9875
vn 0.0676 0.1133 0.9913
vn -0.6787 0.4582 0.5740
vn 0.0755 0.1576 0.9846
vn -0.6381 0.5798 0.5065
vn 0.1199 0.2353 0.9645
vn 0.0071 0.1527 0.9883
vn -0.9342 0.3086 -0.1790
vn -0.8449 0.0857 0.5280
vn -0.2361 -0.1362 0.9621
vn -0.3932 0.7401 0.5455
vn -0.6745 0.7001 -0.2344
vn 0.2440 0.2823 0.9278
vn -0.3932 0.7402 0.5454
vn 0.8671 -0.0848 -0.4909
vn 0.8332 -0.0349 -0.5519
vn 0.1838 0.3421 -0.9215
vn -0.7732 0.4043 -0.4886
vn 0.1374 -0.2158 0.9667
vn 0.8279 -0.0978 0.5523
vn -0.4263 -0.1634 0.8897
vn -0.8514 0.0222 0.5240
vn -0.9778 0.2041 0.0482
vn -0.8515 0.0222 0.5239
vn 0.7942 0.0510 -0.6055
vn 0.4873 0.2022 0.8495
vn -0.0030 -0.0324 0.9995
vn -0.0000 0.0563 0.9984
vn 0.4809 0.2740 0.8329
vn -0.5409 0.1553 0.8266
vn -0.5461 0.1529 0.8236
vn -0.8438 0.3143 0.4350
vn -0.8496 0.2901 0.4405
vn -0.9221 0.3822 -0.0600
vn -0.9373 0.3445 -0.0521
vn -0.7620 0.3455 -0.5477
vn -0.7842 0.3131 -0.5358
vn -0.3851 0.2214 -0.8959
vn -0.4156 0.2029 -0.8866
vn 0.1059 0.0511 -0.9931
vn 0.0751 0.0379 -0.9965
vn 0.4105 -0.0604 -0.9098
vn 0.3909 -0.0794 -0.9170
vn 0.8531 -0.2482 -0.4589
vn 0.8405 -0.2771 -0.4656
vn 0.8603 -0.2873 -0.4211
vn 0.8730 -0.2592 -0.4131
vn 0.9118 -0.3358 0.2363
vn 0.9052 -0.3575 0.2297
vn 0.7802 -0.3230 0.5357
vn 0.7793 -0.3335 0.5305
vn 0.4052 -0.2282 0.8853
vn 0.4128 -0.2173 0.8845
vn -0.0864 -0.0525 0.9949
vn -0.0767 -0.0332 0.9965
vn -0.4855 -0.2536 0.8366
vn -0.7977 -0.3910 0.4591
vn -0.8094 -0.3557 0.4673
vn -0.4915 -0.1841 0.8512
vn -0.4855 -0.2536 0.8367
vn -0.4914 -0.1840 0.8513
vn -0.9028 -0.4300 -0.0011
vn -0.8035 -0.3708 -0.4657
vn -0.7936 -0.4004 -0.4581
vn -0.9043 -0.4269 -0.0000
vn -0.0552 -0.0473 0.9974
vn -0.5408 0.1553 0.8267
vn -0.5353 0.0593 0.8426
vn 0.8050 0.3661 0.4668
vn 0.7936 0.4004 0.4582
vn 0.9043 0.4264 0.0208
vn 0.9043 0.4269 -0.0000
vn 0.7769 0.4440 -0.4465
vn 0.8094 0.3558 -0.4673
vn 0.4682 0.2433 -0.8495
vn 0.4915 0.1840 -0.8512
vn 0.0025 0.0336 -0.9994
vn -0.0000 -0.0562 -0.9984
vn -0.4872 -0.2075 -0.8483
vn -0.4809 -0.2739 -0.8329
vn 0.8480 -0.1432 -0.5103
vn 0.8848 -0.1484 -0.4417
vn -0.8744 0.1447 0.4632
vn -0.9808 0.1907 -0.0399
vn -0.8263 0.1888 -0.5307
vn -0.4551 0.1401 -0.8794
vn 0.0339 0.0536 -0.9980
vn 0.3861 0.0153 -0.9223
vn 0.9668 -0.1703 0.1904
vn 0.8184 -0.2129 0.5337
vn 0.4394 -0.1486 0.8859
vn -0.5460 0.1529 0.8237
vn 0.1277 -0.9725 0.1946
vn -0.0709 -0.9561 0.2845
vn -0.0637 -0.9788 0.1945
vn 0.0988 -0.9866 0.1295
vn -0.4795 -0.7534 -0.4500
vn -0.2315 -0.7799 -0.5815
vn -0.1877 -0.8506 -0.4911
vn -0.3738 -0.8434 -0.3860
vn 0.0132 -0.8263 -0.5631
vn 0.0037 -0.8751 -0.4839
vn 0.1387 -0.8545 -0.5006
vn 0.1062 -0.8926 -0.4382
vn 0.3036 -0.9013 -0.3089
vn 0.2481 -0.9256 -0.2858
vn 0.3096 -0.9055 -0.2903
vn 0.2534 -0.9288 -0.2703
vn -0.3200 -0.9087 0.2682
vn -0.2579 -0.9509 0.1710
vn -0.5392 -0.8360 0.1015
vn -0.4208 -0.9065 0.0346
vn 0.2977 -0.9529 -0.0576
vn 0.2524 -0.9664 0.0495
vn 0.2044 -0.9788 0.0131
vn 0.2434 -0.9670 -0.0755
vn -0.6090 -0.7719 -0.1822
vn -0.4700 -0.8636 -0.1827
vn -0.0316 -0.9869 -0.1585
vn 0.1414 0.2555 0.9564
vn 0.1453 0.3717 0.9169
vn -0.9675 0.0195 -0.2521
vn -0.9241 0.2555 -0.2842
vn -0.1153 0.0141 -0.9932
vn -0.1414 0.2555 -0.9564
vn 0.8857 0.3685 0.2823
vn 0.9241 0.2555 0.2841
vn 0.8056 0.5566 0.2030
vn -0.0768 -0.3221 -0.9436
vn -0.0860 -0.3212 -0.9431
vn 0.8020 0.5775 0.1524
vn -0.9022 -0.3785 -0.2068
vn -0.0767 -0.3221 -0.9436
vn 0.0959 0.5140 0.8524
vn 0.0241 0.4716 0.8815
vn 0.9121 0.1783 0.3691
vn 0.1099 0.1076 0.9881
vn -0.8713 -0.4341 -0.2288
vn -0.0861 -0.3212 -0.9431
vn -0.0663 -0.4219 -0.9042
vn -0.8595 -0.4746 -0.1900
vn -0.9103 -0.3270 -0.2539
vn 0.0061 -0.6710 -0.7414
vn -0.0664 -0.4218 -0.9043
vn 0.9288 0.1057 0.3551
vn 0.0060 -0.6711 -0.7413
vn -0.0111 -0.6224 -0.7826
vn 0.8045 0.5856 0.0994
vn 0.0587 0.4720 0.8796
vn -0.0476 0.7772 0.6275
vn 0.4256 0.8848 -0.1896
vn -0.1175 0.9137 0.3890
vn -0.8925 -0.3951 -0.2176
vn -0.0111 -0.6223 -0.7827
vn -0.1058 -0.2998 -0.9481
vn -0.8798 -0.4329 -0.1962
vn -0.8797 -0.4331 -0.1961
vn -0.1057 -0.2998 -0.9481
vn -0.0000 -0.1370 -0.9906
vn -0.0000 0.6353 -0.7723
vn 0.2000 0.6352 -0.7460
vn 0.2564 -0.1370 -0.9568
vn 0.2000 0.6353 -0.7460
vn 0.3863 0.6352 -0.6688
vn 0.4953 -0.1370 -0.8579
vn 0.5461 0.6352 -0.5461
vn 0.7004 -0.1370 -0.7004
vn 0.6688 0.6352 -0.3863
vn 0.8579 -0.1370 -0.4953
vn 0.7460 0.6352 -0.1999
vn 0.9568 -0.1370 -0.2564
vn 0.7723 0.6353 -0.0001
vn 0.9906 -0.1370 -0.0000
vn 0.7460 0.6352 0.2000
vn 0.9568 -0.1370 0.2564
vn 0.6688 0.6352 0.3862
vn 0.8579 -0.1370 0.4953
vn 0.5462 0.6352 0.5461
vn 0.7004 -0.1370 0.7004
vn 0.3861 0.6352 0.6689
vn 0.4953 -0.1370 0.8579
vn 0.1999 0.6352 0.7460
vn 0.2564 -0.1370 0.9568
vn -0.0000 0.6353 0.7723
vn -0.0000 -0.1370 0.9906
vn -0.1999 0.6352 0.7460
vn -0.2564 -0.1370 0.9568
vn -0.3862 0.6352 0.6689
vn -0.4953 -0.1370 0.8579
vn -0.5462 0.6352 0.5460
vn -0.7004 -0.1370 0.7004
vn -0.6689 0.6352 0.3861
vn -0.8579 -0.1370 0.4953
vn -0.7460 0.6352 0.1999
vn -0.9568 -0.1370 0.2564
vn -0.7723 0.6353 -0.0002
vn -0.9906 -0.1370 -0.0000
vn -0.7460 0.6352 -0.2000
vn -0.9568 -0.1370 -0.2564
vn -0.6688 0.6352 -0.3863
vn -0.8579 -0.1370 -0.4953
vn -0.7004 -0.1370 -0.7004
vn -0.5462 0.6352 -0.5461
vn -0.3861 0.6353 -0.6689
vn -0.4953 -0.1370 -0.8579
vn -0.4944 -0.1494 -0.8563
vn -0.3667 -0.6798 -0.6351
vn -0.1899 -0.6798 -0.7084
vn -0.2559 -0.1493 -0.9551
vn -0.1999 0.6352 -0.7460
vn -0.2564 -0.1370 -0.9568
vn -0.0000 -0.6798 -0.7334
vn -0.0000 -0.1494 -0.9888
vn -0.6992 -0.1493 -0.6992
vn -0.5186 -0.6798 -0.5186
vn -0.8563 -0.1493 -0.4944
vn -0.6352 -0.6798 -0.3667
vn -0.9551 -0.1493 -0.2559
vn -0.7084 -0.6798 -0.1898
vn -0.9888 -0.1494 -0.0000
vn -0.7334 -0.6798 -0.0000
vn -0.9551 -0.1494 0.2559
vn -0.7084 -0.6798 0.1899
vn -0.8563 -0.1494 0.4944
vn -0.6352 -0.6798 0.3667
vn -0.6992 -0.1493 0.6992
vn -0.5186 -0.6798 0.5186
vn -0.4944 -0.1494 0.8563
vn -0.3667 -0.6798 0.6352
vn -0.2559 -0.1495 0.9551
vn -0.1898 -0.6798 0.7084
vn -0.0000 -0.1494 0.9888
vn -0.0000 -0.6798 0.7334
vn 0.2559 -0.1493 0.9551
vn 0.1899 -0.6798 0.7084
vn 0.4944 -0.1493 0.8563
vn 0.3667 -0.6798 0.6351
vn 0.6992 -0.1494 0.6992
vn 0.5186 -0.6798 0.5186
vn 0.8563 -0.1493 0.4944
vn 0.6352 -0.6798 0.3667
vn 0.9551 -0.1494 0.2559
vn 0.7084 -0.6798 0.1898
vn 0.9888 -0.1494 -0.0000
vn 0.7334 -0.6798 -0.0000
vn 0.9551 -0.1494 -0.2559
vn 0.7084 -0.6798 -0.1899
vn 0.8563 -0.1493 -0.4944
vn 0.6351 -0.6798 -0.3667
vn 0.6992 -0.1493 -0.6992
vn 0.5186 -0.6798 -0.5186
vn 0.4944 -0.1493 -0.8563
vn 0.3667 -0.6798 -0.6352
vn 0.2560 -0.1493 -0.9551
vn 0.1898 -0.6798 -0.7084
vn 0.2559 -0.1493 -0.9551
vn -0.1703 -0.7529 -0.6357
vn -0.0000 -0.7529 -0.6581
vn -0.3667 -0.6798 -0.6352
vn -0.3291 -0.7529 -0.5700
vn -0.4654 -0.7529 -0.4654
vn -0.5700 -0.7529 -0.3291
vn -0.6357 -0.7529 -0.1703
vn -0.6581 -0.7529 -0.0000
vn -0.6357 -0.7529 0.1703
vn -0.5700 -0.7529 0.3291
vn -0.4654 -0.7529 0.4654
vn -0.3291 -0.7529 0.5700
vn -0.1703 -0.7529 0.6357
vn -0.0000 -0.7529 0.6581
vn 0.1703 -0.7529 0.6357
vn 0.3667 -0.6798 0.6352
vn 0.3291 -0.7529 0.5700
vn 0.4654 -0.7529 0.4654
vn 0.5700 -0.7529 0.3291
vn 0.6357 -0.7529 0.1703
vn 0.6581 -0.7529 -0.0000
vn 0.6357 -0.7529 -0.1703
vn 0.6352 -0.6798 -0.3667
vn 0.5700 -0.7529 -0.3291
vn 0.4654 -0.7529 -0.4654
vn 0.3291 -0.7529 -0.5700
vn 0.1703 -0.7529 -0.6357
vn -0.0000 -0.1619 -0.9868
vn 0.2554 -0.1619 -0.9532
vn -0.2554 -0.1619 -0.9532
vn -0.4934 -0.1620 -0.8546
vn -0.6978 -0.1619 -0.6978
vn -0.8546 -0.1620 -0.4934
vn -0.9532 -0.1619 -0.2554
vn -0.9868 -0.1619 -0.0000
vn -0.9532 -0.1619 0.2554
vn -0.8546 -0.1620 0.4934
vn -0.6978 -0.1619 0.6978
vn -0.4934 -0.1620 0.8546
vn -0.2554 -0.1619 0.9532
vn -0.0000 -0.1619 0.9868
vn 0.2554 -0.1619 0.9532
vn 0.4934 -0.1620 0.8546
vn 0.6978 -0.1619 0.6978
vn 0.8546 -0.1620 0.4934
vn 0.9532 -0.1619 0.2554
vn 0.9868 -0.1619 -0.0000
vn 0.9532 -0.1619 -0.2554
vn 0.8546 -0.1619 -0.4934
vn 0.6978 -0.1619 -0.6978
vn 0.4934 -0.1620 -0.8546
vn -0.0886 -0.9842 -0.1534
vn -0.0459 -0.9842 -0.1711
vn -0.1282 -0.8687 -0.4785
vn -0.2477 -0.8687 -0.4290
vn -0.1253 -0.9842 0.1252
vn -0.1534 -0.9842 0.0886
vn -0.4290 -0.8687 0.2477
vn -0.3503 -0.8686 0.3503
vn 0.1771 -0.9842 -0.0000
vn 0.1711 -0.9842 0.0458
vn 0.4785 -0.8687 0.1282
vn 0.4954 -0.8687 -0.0000
vn -0.0000 -0.9842 -0.1771
vn -0.0000 -0.8687 -0.4954
vn -0.1711 -0.9842 0.0459
vn -0.4785 -0.8687 0.1282
vn 0.1534 -0.9842 0.0886
vn 0.4290 -0.8687 0.2477
vn 0.0459 -0.9842 -0.1711
vn 0.1282 -0.8687 -0.4785
vn -0.1771 -0.9842 -0.0000
vn -0.4954 -0.8687 -0.0000
vn 0.1252 -0.9842 0.1253
vn 0.3503 -0.8687 0.3503
vn 0.0886 -0.9842 -0.1534
vn 0.2477 -0.8687 -0.4290
vn -0.1711 -0.9842 -0.0458
vn -0.4785 -0.8687 -0.1282
vn 0.0886 -0.9842 0.1534
vn 0.2477 -0.8687 0.4290
vn 0.1252 -0.9842 -0.1253
vn 0.3503 -0.8687 -0.3503
vn -0.1534 -0.9842 -0.0886
vn -0.4290 -0.8687 -0.2477
vn 0.0459 -0.9842 0.1711
vn 0.1282 -0.8687 0.4785
vn -0.0000 -0.9842 0.1771
vn -0.0458 -0.9842 0.1711
vn -0.1282 -0.8687 0.4785
vn -0.0000 -0.8687 0.4954
vn 0.1534 -0.9842 -0.0886
vn 0.4290 -0.8687 -0.2477
vn -0.1253 -0.9842 -0.1252
vn -0.3503 -0.8686 -0.3503
vn -0.0459 -0.9842 0.1711
vn -0.0885 -0.9842 0.1534
vn -0.2477 -0.8687 0.4290
vn 0.1711 -0.9842 -0.0459
vn 0.4785 -0.8687 -0.1282
vn -0.0000 -1.0000 -0.0000
vn -0.3503 -0.8687 0.3503
vn -0.3503 -0.8687 -0.3503
vn -0.0000 0.0232 0.9997
vn -0.2586 0.0233 0.9657
vn -0.1668 0.7645 0.6227
vn 0.0001 0.7645 0.6446
vn -0.2588 0.0233 0.9656
vn -0.4999 0.0233 0.8658
vn -0.3224 0.7645 0.5583
vn -0.1669 0.7645 0.6226
vn -0.7069 0.0233 0.7069
vn -0.4558 0.7645 0.4558
vn -0.8658 0.0232 0.4999
vn -0.5583 0.7645 0.3223
vn -0.9657 0.0233 0.2588
vn -0.6227 0.7645 0.1668
vn -0.9997 0.0232 -0.0000
vn -0.6446 0.7645 -0.0000
vn -0.9657 0.0233 -0.2587
vn -0.6226 0.7645 -0.1669
vn -0.8658 0.0232 -0.4999
vn -0.5583 0.7645 -0.3224
vn -0.7069 0.0233 -0.7069
vn -0.4558 0.7645 -0.4558
vn -0.4999 0.0232 -0.8658
vn -0.3223 0.7645 -0.5583
vn -0.2588 0.0232 -0.9657
vn -0.1668 0.7645 -0.6227
vn -0.0000 0.0232 -0.9997
vn -0.0000 0.7645 -0.6446
vn 0.2587 0.0233 -0.9657
vn 0.1669 0.7645 -0.6226
vn 0.4999 0.0232 -0.8658
vn 0.3224 0.7645 -0.5583
vn 0.7069 0.0233 -0.7069
vn 0.4558 0.7645 -0.4558
vn 0.8658 0.0233 -0.4999
vn 0.5583 0.7645 -0.3223
vn 0.9657 0.0233 -0.2588
vn 0.6227 0.7645 -0.1668
vn 0.9997 0.0232 -0.0000
vn 0.6446 0.7645 -0.0000
vn 0.9657 0.0233 0.2587
vn 0.6226 0.7645 0.1669
vn 0.8658 0.0232 0.4999
vn 0.5582 0.7645 0.3223
vn 0.7069 0.0233 0.7069
vn 0.4559 0.7645 0.4558
vn 0.4999 0.0233 0.8658
vn 0.3223 0.7645 0.5583
vn 0.2587 0.0233 0.9657
vn 0.1668 0.7645 0.6227
vn 0.0115 0.9990 0.0423
vn 0.0001 0.9990 0.0439
vn -0.0000 0.7459 0.6660
vn 0.1723 0.7460 0.6433
vn 0.0310 0.9990 0.0311
vn 0.0220 0.9990 0.0380
vn 0.3330 0.7460 0.5767
vn 0.4709 0.7460 0.4709
vn 0.0380 0.9990 0.0220
vn 0.5768 0.7460 0.3329
vn 0.0424 0.9990 0.0113
vn 0.6433 0.7459 0.1724
vn 0.0440 0.9990 -0.0001
vn 0.6660 0.7459 -0.0000
vn 0.0424 0.9990 -0.0114
vn 0.6433 0.7460 -0.1724
vn 0.0380 0.9990 -0.0219
vn 0.5768 0.7460 -0.3329
vn 0.0311 0.9990 -0.0310
vn 0.4709 0.7460 -0.4709
vn 0.0220 0.9990 -0.0380
vn 0.3330 0.7460 -0.5767
vn 0.0113 0.9990 -0.0424
vn 0.1724 0.7459 -0.6433
vn -0.0001 0.9990 -0.0439
vn 0.0001 0.7459 -0.6660
vn -0.0114 0.9990 -0.0425
vn -0.1724 0.7460 -0.6433
vn -0.0219 0.9990 -0.0380
vn -0.3330 0.7459 -0.5768
vn -0.0310 0.9990 -0.0311
vn -0.4709 0.7460 -0.4709
vn -0.0380 0.9990 -0.0220
vn -0.5767 0.7460 -0.3330
vn -0.0424 0.9990 -0.0113
vn -0.6433 0.7459 -0.1724
vn -0.0440 0.9990 0.0001
vn -0.6660 0.7459 -0.0000
vn -0.0423 0.9990 0.0115
vn -0.6433 0.7460 0.1724
vn -0.0380 0.9990 0.0219
vn -0.5768 0.7460 0.3330
vn -0.0311 0.9990 0.0310
vn -0.4709 0.7460 0.4709
vn -0.0220 0.9990 0.0380
vn -0.3329 0.7460 0.5768
vn -0.0114 0.9990 0.0424
vn -0.1723 0.7460 0.6433
vn -0.0000 0.6978 0.7163
vn 0.1854 0.6978 0.6919
vn 0.3581 0.6978 0.6204
vn 0.5066 0.6978 0.5064
vn 0.6203 0.6978 0.3582
vn 0.6919 0.6978 0.1854
vn 0.7163 0.6978 -0.0000
vn 0.6919 0.6978 -0.1854
vn 0.6204 0.6978 -0.3581
vn 0.5065 0.6978 -0.5065
vn 0.3582 0.6978 -0.6203
vn 0.1854 0.6978 -0.6919
vn -0.0000 0.6978 -0.7163
vn -0.1853 0.6978 -0.6919
vn -0.3581 0.6978 -0.6204
vn -0.5065 0.6978 -0.5065
vn -0.6203 0.6978 -0.3582
vn -0.6919 0.6978 -0.1854
vn -0.7163 0.6978 -0.0000
vn -0.6919 0.6978 0.1854
vn -0.6203 0.6978 0.3582
vn -0.5066 0.6978 0.5065
vn -0.3581 0.6978 0.6204
vn -0.1854 0.6978 0.6919
vn -0.1853 0.6978 0.6919
vn 0.0317 0.9925 -0.1182
vn -0.0000 0.9925 -0.1224
vn 0.0612 0.9925 -0.1060
vn 0.0866 0.9925 -0.0866
vn 0.1060 0.9925 -0.0612
vn 0.1182 0.9925 -0.0317
vn 0.1224 0.9925 -0.0000
vn 0.1183 0.9925 0.0317
vn 0.1060 0.9925 0.0612
vn 0.0866 0.9925 0.0866
vn 0.0612 0.9925 0.1060
vn 0.0317 0.9925 0.1183
vn -0.0000 0.9925 0.1225
vn -0.0317 0.9925 0.1182
vn -0.0612 0.9925 0.1061
vn -0.0866 0.9925 0.0866
vn -0.1060 0.9925 0.0612
vn -0.1182 0.9925 0.0317
vn -0.1224 0.9925 -0.0000
vn -0.1182 0.9925 -0.0317
vn -0.1060 0.9925 -0.0612
vn -0.0612 0.9925 -0.1061
vn -0.0866 0.9925 -0.0866
vn -0.0317 0.9925 -0.1183
vn -0.6688 0.6353 -0.3862
vn -0.0113 0.9990 0.0425
vn -0.0000 0.6352 -0.7723
vn -0.1999 0.6353 -0.7460
vn -0.3862 0.6352 -0.6689
vn -0.7460 0.6353 -0.2000
vn -0.7723 0.6352 -0.0001
vn -0.7460 0.6353 0.1999
vn -0.6689 0.6352 0.3862
vn -0.5462 0.6352 0.5461
vn -0.0000 0.6352 0.7723
vn 0.1999 0.6353 0.7460
vn 0.3862 0.6352 0.6689
vn 0.5462 0.6353 0.5460
vn 0.6689 0.6352 0.3862
vn 0.7460 0.6353 0.2000
vn 0.7723 0.6352 -0.0001
vn 0.7460 0.6353 -0.1999
vn 0.6688 0.6353 -0.3863
vn 0.5462 0.6352 -0.5461
vn 0.3862 0.6352 -0.6688
vn 0.1999 0.6353 -0.7460
vn -0.8544 -0.1630 -0.4933
vn -0.6976 -0.1630 -0.6977
vn -0.2554 -0.1630 -0.9530
vn -0.0000 -0.1630 -0.9866
vn -0.4933 -0.1630 -0.8545
vn -0.9530 -0.1630 -0.2554
vn -0.9866 -0.1630 -0.0000
vn -0.9530 -0.1630 0.2553
vn -0.8545 -0.1630 0.4933
vn -0.6977 -0.1630 0.6976
vn -0.4933 -0.1630 0.8544
vn -0.2554 -0.1630 0.9530
vn -0.0000 -0.1630 0.9866
vn 0.2553 -0.1630 0.9530
vn 0.4933 -0.1630 0.8545
vn 0.6976 -0.1631 0.6977
vn 0.8544 -0.1630 0.4933
vn 0.9530 -0.1630 0.2554
vn 0.9866 -0.1630 -0.0000
vn 0.9530 -0.1630 -0.2553
vn 0.8545 -0.1630 -0.4933
vn 0.6976 -0.1630 -0.6977
vn 0.4933 -0.1630 -0.8544
vn 0.2554 -0.1629 -0.9530
vn 0.2553 -0.1629 -0.9530
vn -0.2334 -0.9439 -0.2335
vn -0.2859 -0.9439 -0.1651
vn -0.2859 -0.9439 0.1651
vn -0.2334 -0.9440 0.2334
vn 0.0854 -0.9439 0.3189
vn 0.1651 -0.9439 0.2859
vn 0.3301 -0.9439 -0.0000
vn 0.3189 -0.9439 -0.0854
vn -0.0854 -0.9439 -0.3189
vn -0.1651 -0.9439 -0.2859
vn -0.3301 -0.9439 -0.0000
vn -0.3189 -0.9439 0.0854
vn -0.0855 -0.9439 0.3189
vn -0.0000 -0.9439 0.3301
vn 0.2859 -0.9439 0.1651
vn 0.3189 -0.9439 0.0854
vn 0.2334 -0.9439 -0.2335
vn 0.1651 -0.9439 -0.2859
vn 0.0855 -0.9439 -0.3189
vn -0.3189 -0.9439 -0.0854
vn -0.1651 -0.9439 0.2859
vn 0.2334 -0.9440 0.2334
vn 0.2859 -0.9439 -0.1651
vn -0.0000 -0.9439 -0.3301
vn 0.2587 0.0308 0.9655
vn 0.4998 0.0308 0.8656
vn 0.7068 0.0309 0.7068
vn 0.8656 0.0308 0.4998
vn 0.9655 0.0308 0.2587
vn 0.9995 0.0308 -0.0000
vn 0.9655 0.0308 -0.2587
vn 0.8656 0.0308 -0.4998
vn 0.7068 0.0308 -0.7068
vn 0.4998 0.0308 -0.8656
vn 0.2587 0.0308 -0.9655
vn -0.0000 0.0308 -0.9995
vn -0.2587 0.0308 -0.9655
vn -0.4998 0.0308 -0.8656
vn -0.7068 0.0308 -0.7068
vn -0.8656 0.0308 -0.4998
vn -0.9655 0.0308 -0.2587
vn -0.9995 0.0308 -0.0000
vn -0.9655 0.0308 0.2587
vn -0.8656 0.0308 0.4998
vn -0.7068 0.0308 0.7068
vn -0.4998 0.0308 0.8656
vn -0.2587 0.0308 0.9655
vn -0.2586 0.0308 0.9655
vn -0.0000 0.0308 0.9995
vn -0.0000 0.0231 0.9997
vn 0.7069 0.0232 0.7069
vn 0.9657 0.0232 0.2587
vn 0.9997 0.0231 -0.0000
vn 0.9657 0.0232 -0.2588
vn 0.7069 0.0231 -0.7069
vn -0.0000 0.0231 -0.9997
vn -0.2588 0.0233 -0.9657
vn -0.7069 0.0232 -0.7069
vn -0.9997 0.0231 -0.0000
vn -0.7069 0.0231 0.7069
vn -0.2587 0.0233 0.9657
vn 0.1927 -0.6674 -0.7193
vn -0.0000 -0.6674 -0.7447
vn 0.0854 -0.9439 -0.3189
vn 0.3724 -0.6674 -0.6449
vn 0.1928 -0.6674 -0.7193
vn 0.5266 -0.6674 -0.5266
vn 0.6449 -0.6674 -0.3724
vn 0.7193 -0.6674 -0.1927
vn 0.7447 -0.6674 -0.0000
vn 0.7193 -0.6674 0.1927
vn 0.6449 -0.6674 0.3724
vn 0.5266 -0.6674 0.5266
vn 0.3724 -0.6674 0.6449
vn 0.1927 -0.6674 0.7193
vn -0.0000 -0.6674 0.7447
vn -0.1927 -0.6674 0.7193
vn -0.3724 -0.6674 0.6449
vn -0.5266 -0.6674 0.5266
vn -0.6449 -0.6674 0.3724
vn -0.7193 -0.6674 0.1927
vn -0.7447 -0.6674 -0.0000
vn -0.7193 -0.6674 -0.1927
vn -0.6449 -0.6674 -0.3724
vn -0.5266 -0.6674 -0.5266
vn -0.3724 -0.6674 -0.6450
vn -0.1927 -0.6674 -0.7193
vn -0.0423 0.9990 0.0113
vn -0.0000 1.0000 -0.0000
vn -0.0438 0.9990 -0.0000
vn -0.0000 0.9990 -0.0438
vn 0.0114 0.9990 -0.0423
vn 0.0423 0.9990 0.0114
vn 0.0380 0.9990 0.0219
vn 0.0219 0.9990 0.0380
vn 0.0113 0.9990 0.0423
vn -0.0113 0.9990 -0.0423
vn 0.0438 0.9990 -0.0000
vn -0.0310 0.9990 0.0310
vn 0.0423 0.9990 -0.0113
vn -0.0219 0.9990 0.0380
vn -0.0310 0.9990 -0.0310
vn -0.0114 0.9990 0.0423
vn -0.0380 0.9990 -0.0219
vn 0.0310 0.9990 -0.0310
vn -0.0000 0.9990 0.0438
vn -0.0423 0.9990 -0.0114
vn 0.0219 0.9990 -0.0380
vn 0.0310 0.9990 0.0310
s 1
f 171//1 72//2 126//3
f 120//4 121//5 25//6
f 121//5 171//1 25//6
f 172//7 27//8 173//9
f 173//9 27//8 174//10
f 174//10 27//8 127//11
f 174//10 127//11 175//12
f 176//13 128//14 179//15
f 128//14 30//16 179//15
f 179//15 172//7 26//17
f 179//15 27//8 172//7
f 176//13 179//15 124//18
f 308//19 129//20 125//21
f 182//22 183//23 71//24
f 262//25 181//26 122//27
f 182//22 71//24 262//25
f 265//28 182//22 262//25
f 265//28 185//29 184//30
f 72//2 309//31 187//32
f 170//33 187//32 188//34
f 126//3 72//2 187//32
f 189//35 191//36 32//37
f 73//38 32//37 33//39
f 190//40 192//41 191//36
f 191//36 192//41 38//42
f 127//11 189//35 123//43
f 127//11 191//36 189//35
f 27//8 131//44 34//45
f 34//45 192//41 190//40
f 192//41 39//46 38//42
f 32//37 38//42 33//39
f 35//47 193//48 30//16
f 30//16 131//44 27//8
f 132//49 205//50 193//48
f 30//16 193//48 131//44
f 197//51 40//52 132//49
f 197//51 196//53 40//52
f 36//54 37//55 195//56
f 37//55 196//53 195//56
f 196//53 44//57 40//52
f 40//52 134//58 132//49
f 35//47 197//51 132//49
f 36//54 195//56 130//59
f 74//60 199//61 36//54
f 204//62 200//63 33//39
f 43//64 202//65 204//62
f 202//65 203//66 137//67
f 39//46 206//68 43//64
f 138//69 203//66 43//64
f 42//70 137//67 133//71
f 137//67 46//72 136//73
f 205//50 207//74 206//68
f 206//68 207//74 219//75
f 206//68 219//75 138//69
f 134//58 207//74 205//50
f 134//58 139//76 207//74
f 207//74 139//76 219//75
f 44//57 209//77 134//58
f 45//78 48//79 47//80
f 47//80 140//81 209//77
f 197//51 129//20 180//82
f 197//51 180//82 194//83
f 211//84 135//85 44//57
f 203//66 216//86 214//87
f 46//72 310//88 218//89
f 137//67 203//66 310//88
f 310//88 203//66 213//90
f 142//91 217//92 216//86
f 219//75 220//93 141//94
f 220//93 224//95 221//96
f 220//93 221//96 222//97
f 221//96 225//98 223//99
f 219//75 141//94 138//69
f 139//76 224//95 220//93
f 224//95 143//100 225//98
f 225//98 144//101 226//102
f 225//98 145//103 144//101
f 47//80 311//104 228//105
f 227//106 229//107 228//105
f 140//81 47//80 228//105
f 311//104 230//108 227//106
f 229//107 145//103 228//105
f 234//109 233//110 229//107
f 145//103 235//111 147//112
f 235//111 49//113 147//112
f 227//106 146//114 234//109
f 76//115 237//116 240//117
f 149//118 151//119 239//120
f 239//120 52//121 237//116
f 237//116 52//121 240//117
f 241//122 236//123 165//124
f 75//125 236//123 241//122
f 316//126 151//119 149//118
f 242//127 51//128 243//129
f 245//130 244//131 54//132
f 247//133 248//134 2//135
f 246//136 120//4 303//137
f 153//138 55//139 246//136
f 249//140 23//141 121//5
f 78//142 121//5 120//4
f 246//136 78//142 120//4
f 103//143 104//144 153//138
f 252//145 250//146 317//147
f 104//144 253//148 255//149
f 12//150 253//148 104//144
f 12//150 257//151 253//148
f 257//151 58//152 253//148
f 258//153 256//154 257//151
f 155//155 256//154 258//153
f 261//156 259//157 155//155
f 263//158 80//159 261//156
f 13//160 261//156 3//161
f 106//162 265//28 14//163
f 107//164 264//165 265//28
f 156//166 59//167 264//165
f 81//168 269//169 59//167
f 81//168 157//170 269//169
f 270//171 157//170 81//168
f 59//167 271//172 267//173
f 269//169 271//172 59//167
f 108//174 270//171 81//168
f 157//170 61//175 82//176
f 273//177 15//178 274//179
f 60//180 272//181 157//170
f 277//182 84//183 275//184
f 274//179 111//185 84//183
f 111//185 112//186 276//187
f 279//188 62//189 63//190
f 62//189 17//191 113//192
f 63//190 62//189 159//193
f 159//193 113//192 114//194
f 281//195 282//196 86//197
f 161//198 281//195 160//199
f 54//132 244//131 281//195
f 244//131 159//193 281//195
f 159//193 114//194 282//196
f 86//197 115//200 116//201
f 160//199 281//195 86//197
f 160//199 86//197 283//202
f 283//202 86//197 116//201
f 283//202 116//201 117//203
f 64//204 117//203 118//205
f 65//206 283//202 162//207
f 284//208 64//204 285//209
f 285//209 118//205 119//210
f 288//211 18//212 19//213
f 286//214 19//213 66//215
f 53//216 289//217 151//119
f 163//218 88//219 289//217
f 66//215 290//220 88//219
f 88//219 290//220 291//221
f 289//217 291//221 52//121
f 291//221 6//222 21//223
f 164//224 94//225 95//226
f 164//224 22//227 94//225
f 7//228 22//227 164//224
f 165//124 89//229 167//230
f 236//123 292//231 165//124
f 292//231 164//224 89//229
f 89//229 164//224 97//232
f 164//224 95//226 96//233
f 67//234 293//235 168//236
f 167//230 98//237 99//238
f 294//239 293//235 67//234
f 166//240 165//124 293//235
f 295//241 296//242 298//243
f 297//244 296//242 295//241
f 298//243 99//238 100//245
f 296//242 167//230 99//238
f 296//242 99//238 298//243
f 69//246 90//247 299//248
f 299//248 68//249 295//241
f 302//250 92//251 301//252
f 69//246 300//253 90//247
f 101//254 301//252 100//245
f 91//255 31//256 93//257
f 93//257 69//246 92//251
f 93//257 70//258 69//246
f 170//33 188//34 91//255
f 31//256 169//259 70//258
f 91//255 92//251 302//250
f 303//137 305//260 304//261
f 303//137 25//6 305//260
f 305//260 126//3 170//33
f 305//260 170//33 304//261
f 304//261 170//33 91//255
f 25//6 171//1 126//3
f 306//262 173//9 174//10
f 175//12 127//11 307//263
f 307//263 127//11 123//43
f 177//264 178//265 176//13
f 176//13 178//265 128//14
f 28//266 125//21 178//265
f 178//265 125//21 129//20
f 128//14 178//265 129//20
f 128//14 129//20 35//47
f 27//8 179//15 30//16
f 124//18 179//15 26//17
f 34//45 190//40 127//11
f 34//45 127//11 27//8
f 262//25 71//24 181//26
f 265//28 184//30 182//22
f 185//29 29//267 186//268
f 170//33 126//3 187//32
f 73//38 189//35 32//37
f 127//11 190//40 191//36
f 211//84 44//57 196//53
f 211//84 196//53 37//55
f 34//45 193//48 192//41
f 192//41 193//48 39//46
f 33//39 38//42 204//62
f 32//37 191//36 38//42
f 35//47 132//49 193//48
f 128//14 35//47 30//16
f 131//44 193//48 34//45
f 197//51 194//83 195//56
f 197//51 195//56 196//53
f 129//20 197//51 35//47
f 130//59 195//56 194//83
f 198//269 74//60 36//54
f 199//61 41//270 37//55
f 36//54 199//61 37//55
f 200//63 204//62 202//65
f 201//271 202//65 42//70
f 202//65 43//64 203//66
f 204//62 38//42 43//64
f 38//42 39//46 43//64
f 42//70 202//65 137//67
f 39//46 193//48 205//50
f 132//49 134//58 205//50
f 43//64 206//68 138//69
f 39//46 205//50 206//68
f 40//52 44//57 134//58
f 44//57 208//272 209//77
f 208//272 47//80 209//77
f 47//80 208//272 135//85
f 47//80 135//85 45//78
f 44//57 135//85 208//272
f 216//86 203//66 141//94
f 216//86 141//94 142//91
f 45//78 9//273 48//79
f 139//76 209//77 140//81
f 134//58 209//77 139//76
f 37//55 41//270 211//84
f 135//85 212//274 45//78
f 211//84 210//275 135//85
f 213//90 203//66 214//87
f 214//87 216//86 215//276
f 46//72 137//67 310//88
f 138//69 141//94 203//66
f 228//105 143//100 139//76
f 228//105 139//76 140//81
f 221//96 224//95 225//98
f 219//75 139//76 220//93
f 139//76 143//100 224//95
f 225//98 143//100 145//103
f 311//104 227//106 228//105
f 227//106 234//109 229//107
f 147//112 312//277 144//101
f 147//112 144//101 145//103
f 48//79 311//104 47//80
f 48//79 230//108 311//104
f 227//106 230//108 146//114
f 229//107 233//110 145//103
f 143//100 228//105 145//103
f 232//278 313//278 235//111
f 232//278 235//111 233//110
f 145//103 233//110 235//111
f 233//110 234//109 231//279
f 165//124 148//280 315//281
f 165//124 315//281 241//122
f 314//282 240//117 236//123
f 238//283 239//120 237//116
f 159//193 244//131 77//284
f 159//193 77//284 243//129
f 50//285 149//118 239//120
f 239//120 151//119 52//121
f 240//117 52//121 292//231
f 236//123 240//117 292//231
f 63//190 159//193 243//129
f 63//190 243//129 51//128
f 303//137 2//135 248//134
f 303//137 248//134 246//136
f 154//286 249//140 78//142
f 154//286 78//142 56//287
f 248//134 102//288 246//136
f 102//288 153//138 246//136
f 303//137 120//4 25//6
f 246//136 55//139 78//142
f 251//289 56//287 78//142
f 251//289 78//142 317//147
f 78//142 249//140 121//5
f 55//139 57//290 252//145
f 55//139 104//144 57//290
f 153//138 104//144 55//139
f 104//144 255//149 57//290
f 78//142 252//145 317//147
f 24//291 263//158 262//25
f 24//291 262//25 122//27
f 78//142 55//139 252//145
f 255//149 253//148 79//292
f 79//292 253//148 254//293
f 12//150 105//294 257//151
f 257//151 256//154 58//152
f 260//295 261//156 155//155
f 258//153 260//295 155//155
f 260//295 3//161 261//156
f 13//160 262//25 263//158
f 13//160 263//158 261//156
f 8//296 29//267 264//165
f 8//296 264//165 268//297
f 106//162 107//164 265//28
f 13//160 14//163 262//25
f 14//163 265//28 262//25
f 107//164 156//166 264//165
f 267//173 268//297 264//165
f 267//173 264//165 59//167
f 265//28 29//267 185//29
f 265//28 264//165 29//267
f 158//298 280//299 278//300
f 158//298 278//300 85//301
f 266//302 81//168 59//167
f 156//166 266//302 59//167
f 266//302 108//174 81//168
f 269//169 157//170 82//176
f 270//171 60//180 157//170
f 270//171 109//303 60//180
f 271//172 269//169 318//304
f 272//181 83//305 273//177
f 273//177 83//305 15//178
f 157//170 272//181 61//175
f 60//180 83//305 272//181
f 60//180 109//303 83//305
f 83//305 109//303 110//306
f 83//305 110//306 15//178
f 84//183 111//185 276//187
f 275//184 84//183 276//187
f 276//187 112//186 158//298
f 274//179 15//178 111//185
f 158//298 112//186 4//307
f 85//301 275//184 158//298
f 275//184 276//187 158//298
f 279//188 51//128 150//308
f 279//188 150//308 280//299
f 279//188 158//298 62//189
f 5//309 17//191 62//189
f 5//309 62//189 16//310
f 280//299 158//298 279//188
f 158//298 4//307 16//310
f 62//189 158//298 16//310
f 281//195 161//198 152//311
f 281//195 152//311 54//132
f 51//128 279//188 63//190
f 159//193 62//189 113//192
f 281//195 159//193 282//196
f 288//211 287//312 284//208
f 288//211 284//208 285//209
f 86//197 282//196 114//194
f 86//197 114//194 115//200
f 64//204 283//202 117//203
f 319//313 161//198 160//199
f 162//207 283//202 64//204
f 284//208 162//207 64//204
f 285//209 64//204 118//205
f 288//211 285//209 119//210
f 6//222 291//221 290//220
f 6//222 290//220 20//314
f 286//214 287//312 19//213
f 287//312 288//211 19//213
f 163//218 87//315 66//215
f 288//211 119//210 18//212
f 66//215 19//213 290//220
f 87//315 286//214 66//215
f 289//217 88//219 291//221
f 163//218 66//215 88//219
f 290//220 19//213 20//314
f 165//124 166//240 10//316
f 165//124 10//316 148//280
f 52//121 291//221 164//224
f 292//231 52//121 164//224
f 151//119 289//217 52//121
f 291//221 21//223 7//228
f 164//224 291//221 7//228
f 165//124 292//231 89//229
f 167//230 89//229 97//232
f 168//236 296//242 297//244
f 168//236 297//244 67//234
f 97//232 164//224 96//233
f 168//236 293//235 167//230
f 294//239 166//240 293//235
f 293//235 165//124 167//230
f 167//230 97//232 98//237
f 68//249 297//244 295//241
f 91//255 302//250 1//317
f 91//255 1//317 11//318
f 296//242 168//236 167//230
f 301//252 69//246 299//248
f 299//248 90//247 68//249
f 101//254 302//250 301//252
f 92//251 69//246 301//252
f 90//247 300//253 320//319
f 301//252 299//248 295//241
f 301//252 295//241 298//243
f 100//245 301//252 298//243
f 92//251 91//255 93//257
f 93//257 31//256 70//258
f 304//261 11//318 2//135
f 304//261 2//135 303//137
f 91//255 188//34 31//256
f 305//260 25//6 126//3
f 11//318 304//261 91//255
f 688//320 325//321 328//322
f 1040//323 336//324 334//325
f 340//326 338//327 337//328
f 1027//329 337//328 338//327
f 344//330 334//325 336//324
f 339//331 333//332 336//324
f 334//325 340//326 337//328
f 671//333 336//324 333//332
f 342//334 340//326 341//335
f 352//336 344//330 671//333
f 336//324 671//333 344//330
f 334//325 344//330 340//326
f 348//337 353//338 345//339
f 352//336 349//340 344//330
f 342//334 338//327 340//326
f 350//341 340//326 347//342
f 346//343 344//330 349//340
f 350//341 343//344 341//335
f 352//336 345//339 353//338
f 671//333 345//339 352//336
f 346//343 349//340 351//345
f 352//336 351//345 349//340
f 343//344 350//341 355//346
f 353//338 373//347 352//336
f 676//348 345//339 671//333
f 373//347 351//345 352//336
f 340//326 350//341 341//335
f 347//342 340//326 346//343
f 346//343 340//326 344//330
f 365//349 373//347 353//338
f 354//350 351//345 368//351
f 356//352 358//353 360//354
f 350//341 347//342 358//353
f 353//338 348//337 365//349
f 355//346 350//341 356//352
f 350//341 358//353 356//352
f 365//349 348//337 361//355
f 346//343 354//350 347//342
f 351//345 354//350 346//343
f 371//356 351//345 373//347
f 371//356 368//351 351//345
f 372//357 348//337 345//339
f 366//358 365//349 361//355
f 372//357 361//355 348//337
f 376//359 354//350 368//351
f 371//356 373//347 365//349
f 354//350 367//360 358//353
f 354//350 358//353 347//342
f 376//359 371//356 375//361
f 376//359 367//360 354//350
f 377//362 367//360 375//361
f 387//363 375//361 371//356
f 366//358 363//364 365//349
f 394//365 364//366 377//362
f 368//351 371//356 376//359
f 357//367 360//354 359//368
f 377//362 364//366 367//360
f 383//369 396//370 387//363
f 367//360 364//366 360//354
f 381//371 359//368 364//366
f 387//363 363//364 374//372
f 358//353 367//360 360//354
f 369//373 374//372 362//364
f 375//361 367//360 376//359
f 360//354 357//367 356//352
f 359//368 360//354 364//366
f 363//364 371//356 365//349
f 363//364 387//363 371//356
f 387//363 377//362 375//361
f 374//372 386//374 387//363
f 384//375 380//376 379//377
f 397//378 380//376 384//375
f 379//377 381//371 364//366
f 379//377 378//379 381//371
f 391//380 393//381 392//382
f 394//365 403//383 379//377
f 379//377 364//366 394//365
f 396//370 399//384 387//363
f 383//369 387//363 386//374
f 397//378 391//380 380//376
f 405//385 394//365 388//386
f 384//375 385//387 395//388
f 405//385 400//389 394//365
f 411//390 395//388 385//387
f 391//380 392//382 380//376
f 384//375 395//388 397//378
f 389//391 396//370 390//392
f 388//386 377//362 387//363
f 394//365 377//362 388//386
f 399//384 405//385 388//386
f 385//387 384//375 379//377
f 402//393 399//384 396//370
f 402//393 396//370 389//391
f 403//383 385//387 379//377
f 804//394 796//395 402//393
f 402//393 389//391 401//396
f 399//384 388//386 387//363
f 399//384 796//395 408//397
f 403//383 394//365 400//389
f 411//390 385//387 403//383
f 729//398 412//399 406//400
f 796//395 799//401 408//397
f 391//380 406//400 744//402
f 397//378 406//400 391//380
f 403//383 400//389 407//403
f 407//403 400//389 408//397
f 729//398 754//404 412//399
f 410//405 729//398 397//378
f 729//398 406//400 397//378
f 407//403 408//397 414//406
f 400//389 405//385 408//397
f 796//395 399//384 402//393
f 397//378 395//388 411//390
f 409//407 407//403 414//406
f 414//406 408//397 799//401
f 405//385 399//384 408//397
f 414//406 417//408 409//407
f 411//390 403//383 407//403
f 410//405 397//378 411//390
f 410//405 411//390 417//408
f 417//408 411//390 407//403
f 417//408 407//403 409//407
f 413//409 410//405 417//408
f 398//410 413//409 417//408
f 918//411 420//412 909//413
f 924//414 420//412 429//415
f 711//416 421//417 918//411
f 426//418 711//416 419//419
f 426//418 421//417 711//416
f 423//420 431//421 420//412
f 421//417 423//420 420//412
f 423//420 421//417 426//418
f 421//417 420//412 918//411
f 429//415 420//412 431//421
f 423//420 433//422 431//421
f 434//423 435//424 442//425
f 422//426 924//414 429//415
f 430//427 435//424 932//428
f 429//415 431//421 427//429
f 431//421 443//430 427//429
f 439//431 429//415 427//429
f 432//432 434//423 442//425
f 424//433 423//420 426//418
f 930//434 435//424 434//423
f 428//435 429//415 439//431
f 710//436 425//437 419//419
f 428//435 422//426 429//415
f 433//422 443//430 431//421
f 428//435 430//427 422//426
f 437//438 435//424 430//427
f 436//439 437//438 428//435
f 427//429 443//430 439//431
f 446//440 433//422 423//420
f 453//441 455//442 452//443
f 424//433 426//418 425//437
f 930//434 932//428 435//424
f 437//438 430//427 428//435
f 442//425 452//443 455//442
f 424//433 446//440 423//420
f 454//444 455//442 453//441
f 446//440 450//445 444//446
f 444//446 433//422 446//440
f 441//447 448//448 445//449
f 450//445 424//433 425//437
f 445//449 443//430 475//450
f 439//431 436//439 428//435
f 460//451 475//450 433//422
f 439//431 440//452 436//439
f 446//440 424//433 450//445
f 444//446 450//445 460//451
f 452//443 442//425 435//424
f 453//441 452//443 459//453
f 460//451 433//422 444//446
f 443//430 433//422 475//450
f 462//454 445//449 475//450
f 448//448 472//455 445//449
f 445//449 439//431 443//430
f 458//456 452//443 464//457
f 439//431 445//449 472//455
f 464//457 437//438 440//452
f 472//455 440//452 439//431
f 464//457 452//443 435//424
f 435//424 437//438 464//457
f 440//452 437//438 436//439
f 457//458 452//443 458//456
f 458//456 464//457 467//459
f 441//447 472//455 448//448
f 456//460 464//457 440//452
f 462//454 441//447 445//449
f 471//461 440//452 472//455
f 479//462 470//463 461//464
f 470//463 468//465 473//466
f 477//467 471//461 472//455
f 466//468 465//469 447//470
f 480//471 441//447 478//472
f 467//459 466//468 447//470
f 471//461 456//460 440//452
f 470//463 479//462 468//465
f 477//467 441//447 480//471
f 462//454 478//472 441//447
f 473//466 469//473 475//450
f 460//451 470//463 473//466
f 464//457 466//468 467//459
f 460//451 450//445 461//464
f 475//450 460//451 473//466
f 469//473 462//454 475//450
f 478//472 462//454 469//473
f 489//474 469//473 485//475
f 488//476 481//477 473//466
f 473//466 481//477 469//473
f 471//461 463//478 456//460
f 498//479 509//480 480//471
f 483//481 480//471 509//480
f 470//463 460//451 461//464
f 466//468 464//457 456//460
f 483//481 477//467 480//471
f 480//471 469//473 498//479
f 486//482 482//483 490//484
f 485//475 481//477 489//474
f 477//467 483//481 482//483
f 483//481 490//484 482//483
f 489//474 481//477 484//485
f 472//455 441//447 477//467
f 490//484 483//481 497//486
f 483//481 509//480 497//486
f 488//476 473//466 468//465
f 471//461 477//467 476//487
f 476//487 477//467 482//483
f 493//488 501//489 491//490
f 506//491 501//489 493//488
f 496//492 490//484 497//486
f 495//493 501//489 506//491
f 498//479 469//473 489//474
f 485//475 469//473 481//477
f 480//471 478//472 469//473
f 484//485 481//477 495//493
f 501//489 481//477 488//476
f 511//494 515//495 513//496
f 501//489 495//493 481//477
f 495//493 521//497 484//485
f 521//497 505//498 484//485
f 489//474 513//496 498//479
f 507//499 590//500 493//488
f 509//480 498//479 504//501
f 506//491 499//502 495//493
f 489//474 484//485 505//498
f 493//488 520//503 506//491
f 512//504 505//498 503//505
f 512//504 511//494 505//498
f 499//502 521//497 495//493
f 520//503 493//488 590//500
f 499//502 506//491 487//506
f 489//474 511//494 513//496
f 510//507 503//505 505//498
f 519//508 517//509 514//510
f 500//511 502//512 510//507
f 519//508 505//498 521//497
f 522//513 517//509 519//508
f 505//498 500//511 510//507
f 521//497 599//514 518//515
f 499//502 487//506 594//516
f 594//516 487//506 506//491
f 504//501 498//479 513//496
f 594//516 506//491 520//503
f 599//514 521//497 499//502
f 505//498 519//508 514//510
f 524//517 516//518 523//519
f 521//497 518//515 519//508
f 518//515 522//513 519//508
f 500//511 505//498 514//510
f 525//520 522//513 518//515
f 526//521 533//522 415//523
f 416//524 538//525 526//521
f 529//526 538//525 551//527
f 533//522 526//521 529//526
f 543//528 537//529 540//530
f 542//531 494//532 762//533
f 762//533 537//529 542//531
f 540//530 535//534 528//535
f 542//531 537//529 543//528
f 526//521 538//525 529//526
f 529//526 530//536 533//522
f 526//521 410//405 416//524
f 544//537 528//535 527//538
f 526//521 415//523 754//404
f 531//539 544//537 527//538
f 552//540 547//541 494//532
f 536//542 528//535 535//534
f 561//543 597//544 590//500
f 528//535 536//542 527//538
f 548//545 554//546 547//541
f 547//541 554//546 494//532
f 562//547 543//528 540//530
f 530//536 544//537 531//539
f 544//537 540//530 528//535
f 561//543 546//548 494//532
f 575//549 552//540 542//531
f 530//536 531//539 527//538
f 533//522 530//536 527//538
f 547//541 552//540 549//550
f 494//532 554//546 561//543
f 527//538 536//542 533//522
f 507//499 493//488 491//490
f 556//551 530//536 529//526
f 556//551 529//526 551//527
f 561//543 765//552 546//548
f 537//529 535//534 540//530
f 418//553 530//536 556//551
f 561//543 507//499 765//552
f 559//554 562//547 558//555
f 548//545 565//556 554//546
f 561//543 590//500 507//499
f 494//532 542//531 552//540
f 542//531 545//557 574//558
f 543//528 545//557 542//531
f 557//559 560//560 562//547
f 577//561 558//555 564//562
f 561//543 554//546 565//556
f 558//555 562//547 530//536
f 597//544 561//543 565//556
f 576//563 418//553 556//551
f 567//564 813//565 532//566
f 549//550 548//545 547//541
f 577//561 563//567 557//559
f 557//559 558//555 577//561
f 559//554 557//559 562//547
f 544//537 562//547 540//530
f 576//563 551//527 813//565
f 545//557 543//528 560//560
f 577//561 570//568 579//569
f 418//553 564//562 530//536
f 556//551 551//527 576//563
f 582//570 574//558 545//557
f 558//555 530//536 564//562
f 813//565 567//564 576//563
f 549//550 552//540 575//549
f 575//549 542//531 574//558
f 581//571 607//572 548//545
f 549//550 587//573 573//574
f 583//575 587//573 575//549
f 582//570 545//557 569//576
f 568//577 577//561 550//578
f 511//494 489//474 505//498
f 562//547 544//537 530//536
f 571//579 574//558 582//570
f 550//578 577//561 564//562
f 570//568 577//561 568//577
f 418//553 553//580 564//562
f 534//581 550//578 564//562
f 558//555 557//559 559//554
f 564//562 553//580 534//581
f 582//570 572//582 571//579
f 582//570 569//576 572//582
f 562//547 560//560 543//528
f 560//560 557//559 541//583
f 560//560 566//584 580//585
f 560//560 569//576 545//557
f 560//560 541//583 566//584
f 563//567 541//583 557//559
f 560//560 580//585 569//576
f 584//575 555//586 585//587
f 577//561 579//569 578//588
f 577//561 578//588 563//567
f 583//575 575//549 555//589
f 575//549 574//558 555//589
f 573//574 548//545 549//550
f 573//574 581//571 548//545
f 607//572 581//571 588//590
f 586//573 584//575 585//587
f 593//591 548//545 607//572
f 520//503 590//500 603//592
f 597//544 592//593 590//500
f 593//591 592//593 597//544
f 603//592 590//500 592//593
f 595//594 593//591 607//572
f 594//516 520//503 603//592
f 499//502 594//516 599//514
f 599//514 606//595 518//515
f 594//516 600//596 599//514
f 593//591 591//597 601//598
f 548//545 593//591 565//556
f 565//556 593//591 597//544
f 594//516 603//592 600//596
f 600//596 603//592 602//599
f 592//593 593//591 601//598
f 524//517 525//520 516//518
f 518//515 516//518 525//520
f 604//600 600//596 602//599
f 606//595 599//514 598//601
f 599//514 600//596 596//602
f 591//597 593//591 595//594
f 549//550 575//549 587//573
f 1055//603 612//604 610//605
f 616//606 609//607 615//608
f 612//604 1055//603 611//609
f 616//606 610//605 609//607
f 624//610 632//611 620//612
f 632//611 624//610 621//613
f 616//606 627//614 635//615
f 626//616 622//617 629//618
f 632//611 623//619 620//612
f 646//620 642//621 632//611
f 615//608 608//622 618//623
f 632//611 633//624 623//619
f 615//608 618//623 616//606
f 626//616 632//611 621//613
f 639//625 633//624 632//611
f 1055//603 610//605 637//626
f 635//615 636//627 637//626
f 633//624 639//625 634//628
f 616//606 635//615 637//626
f 637//626 610//605 616//606
f 640//629 638//630 637//626
f 629//618 625//631 628//632
f 629//618 628//632 630//633
f 632//611 626//616 646//620
f 1068//634 638//630 640//629
f 627//614 616//606 618//623
f 636//627 1077//635 637//626
f 639//625 632//611 642//621
f 643//636 630//633 647//637
f 629//618 630//633 643//636
f 631//638 643//636 645//639
f 629//618 622//617 625//631
f 638//630 1055//603 637//626
f 636//627 641//640 634//628
f 639//625 642//621 634//628
f 641//640 636//627 635//615
f 649//641 614//642 650//643
f 996//644 656//645 631//638
f 634//628 641//640 619//646
f 634//628 619//646 633//624
f 649//641 643//636 647//637
f 656//645 646//620 631//638
f 642//621 648//647 652//648
f 643//636 649//641 650//643
f 646//620 629//618 631//638
f 629//618 646//620 626//616
f 654//649 655//650 657//651
f 634//628 1077//635 636//627
f 642//621 646//620 648//647
f 657//651 660//652 653//653
f 646//620 656//645 648//647
f 648//647 656//645 652//648
f 939//654 327//655 662//656
f 614//642 644//657 650//643
f 654//649 652//648 651//658
f 643//636 631//638 629//618
f 634//628 642//621 654//649
f 652//648 654//649 642//621
f 659//659 657//651 653//653
f 645//639 643//636 650//643
f 655//650 654//649 651//658
f 1077//635 634//628 659//659
f 657//651 1007//660 660//652
f 660//652 661//661 327//655
f 660//652 939//654 653//653
f 631//638 645//639 996//644
f 327//655 939//654 660//652
f 1071//662 1075//663 1053//664
f 659//659 634//628 654//649
f 652//648 1001//665 651//658
f 659//659 653//653 939//654
f 656//645 996//644 652//648
f 1007//660 657//651 655//650
f 996//644 997//666 652//648
f 660//652 1007//660 661//661
f 667//667 335//668 666//669
f 664//670 668//671 335//668
f 335//668 667//667 834//672
f 667//667 666//669 669//673
f 659//659 654//649 657//651
f 669//673 339//331 667//667
f 339//331 670//674 333//332
f 671//333 673//675 676//348
f 333//332 673//675 671//333
f 339//331 669//673 670//674
f 339//331 1040//323 667//667
f 672//676 673//675 333//332
f 672//676 333//332 670//674
f 665//677 676//348 674//678
f 675//679 345//339 665//677
f 676//348 665//677 345//339
f 345//339 675//679 382//680
f 370//681 345//339 382//680
f 676//348 673//675 674//678
f 370//681 372//357 345//339
f 324//682 325//321 952//683
f 952//683 325//321 679//684
f 679//684 325//321 678//685
f 685//686 692//687 688//320
f 325//321 681//688 682//689
f 683//690 328//322 324//682
f 329//691 678//685 682//689
f 775//692 328//322 683//690
f 677//693 328//322 775//692
f 693//694 1083//695 1072//696
f 324//682 328//322 325//321
f 685//686 328//322 677//693
f 768//697 685//686 677//693
f 329//691 686//698 330//699
f 329//691 330//699 326//700
f 326//700 691//701 329//691
f 326//700 323//702 949//703
f 327//655 680//704 684//705
f 692//687 694//706 681//688
f 682//689 686//698 329//691
f 785//707 766//708 768//697
f 785//707 768//697 677//693
f 691//701 326//700 949//703
f 682//689 678//685 325//321
f 689//709 326//700 330//699
f 328//322 685//686 688//320
f 324//682 952//683 951//710
f 688//320 681//688 325//321
f 686//698 682//689 1084//711
f 330//699 690//712 689//709
f 330//699 686//698 690//712
f 1081//713 690//712 686//698
f 686//698 1084//711 1081//713
f 697//714 704//715 699//716
f 703//717 705//718 704//715
f 701//719 702//720 711//416
f 706//721 703//717 704//715
f 707//722 981//723 700//724
f 715//725 704//715 713//726
f 703//717 696//727 705//718
f 704//715 697//714 698//728
f 702//720 701//719 696//727
f 419//419 702//720 710//436
f 449//729 709//730 705//718
f 704//715 705//718 695//731
f 449//729 696//727 701//719
f 711//416 901//732 701//719
f 706//721 702//720 703//717
f 696//727 449//729 705//718
f 702//720 696//727 703//717
f 707//722 712//733 695//731
f 705//718 707//722 695//731
f 708//734 710//436 702//720
f 702//720 706//721 708//734
f 711//416 702//720 419//419
f 718//735 723//736 714//737
f 713//726 704//715 698//728
f 695//731 699//716 704//715
f 704//715 715//725 719//738
f 438//739 724//740 722//741
f 717//742 719//738 715//725
f 721//743 739//744 719//738
f 708//734 706//721 716//745
f 716//745 724//740 708//734
f 716//745 706//721 704//715
f 450//445 710//436 708//734
f 450//445 708//734 724//740
f 450//445 724//740 451//746
f 722//741 719//738 739//744
f 716//745 704//715 719//738
f 722//741 716//745 719//738
f 724//740 716//745 722//741
f 450//445 451//746 461//464
f 727//747 722//741 739//744
f 438//739 722//741 727//747
f 721//743 719//738 717//742
f 721//743 717//742 720//748
f 744//402 406//400 412//399
f 479//462 461//464 451//746
f 451//746 438//739 474//749
f 726//750 718//735 753//751
f 726//750 723//736 718//735
f 714//737 740//752 718//735
f 735//753 723//736 726//750
f 450//445 425//437 710//436
f 744//402 404//754 391//380
f 451//746 724//740 438//739
f 748//755 734//756 746//757
f 753//751 718//735 740//752
f 731//758 734//756 748//755
f 743//759 731//758 748//755
f 743//759 728//760 731//758
f 412//399 539//761 744//402
f 744//402 725//762 404//754
f 748//755 740//752 743//759
f 746//757 733//763 730//764
f 736//765 735//753 753//751
f 746//757 732//766 733//763
f 736//765 739//744 721//743
f 746//757 734//756 732//766
f 492//767 474//749 727//747
f 735//753 726//750 753//751
f 753//751 740//752 748//755
f 738//768 746//757 730//764
f 739//744 492//767 727//747
f 727//747 474//749 438//739
f 736//765 753//751 747//769
f 747//769 741//770 736//765
f 479//462 474//749 468//465
f 479//462 451//746 474//749
f 747//769 753//751 755//771
f 739//744 736//765 741//770
f 742//772 739//744 741//770
f 742//772 492//767 739//744
f 539//761 749//773 737//774
f 745//775 738//768 737//774
f 758//776 742//772 741//770
f 749//773 539//761 412//399
f 751//777 492//767 742//772
f 742//772 758//776 752//778
f 738//768 745//775 746//757
f 745//775 737//774 749//773
f 754//404 750//779 412//399
f 468//465 474//749 751//777
f 412//399 750//779 749//773
f 758//776 741//770 747//769
f 746//757 759//780 748//755
f 750//779 745//775 749//773
f 759//780 745//775 757//781
f 415//523 745//775 750//779
f 759//780 753//751 748//755
f 759//780 755//771 753//751
f 751//777 474//749 492//767
f 742//772 752//778 751//777
f 605//782 468//465 751//777
f 760//783 761//784 755//771
f 536//542 757//781 533//522
f 415//523 750//779 754//404
f 536//542 759//780 757//781
f 745//775 759//780 746//757
f 761//784 758//776 747//769
f 533//522 757//781 415//523
f 754//404 729//398 526//521
f 410//405 526//521 729//398
f 747//769 755//771 761//784
f 757//781 745//775 415//523
f 491//490 488//476 605//782
f 605//782 488//476 468//465
f 755//771 759//780 760//783
f 508//785 756//786 765//552
f 759//780 536//542 760//783
f 752//778 758//776 761//784
f 488//476 491//490 501//489
f 605//782 751//777 756//786
f 752//778 756//786 751//777
f 535//534 760//783 536//542
f 762//533 546//548 764//787
f 763//788 756//786 761//784
f 756//786 763//788 764//787
f 760//783 535//534 537//529
f 763//788 761//784 537//529
f 756//786 752//778 761//784
f 763//788 537//529 762//533
f 763//788 762//533 764//787
f 756//786 764//787 765//552
f 508//785 605//782 756//786
f 761//784 760//783 537//529
f 508//785 491//490 605//782
f 546//548 762//533 494//532
f 546//548 765//552 764//787
f 491//490 508//785 765//552
f 507//499 491//490 765//552
f 774//789 772//790 766//708
f 774//789 766//708 785//707
f 772//790 774//789 767//791
f 778//792 777//793 776//794
f 772//790 773//795 766//708
f 778//792 776//794 767//791
f 767//791 774//789 778//792
f 777//793 778//792 779//796
f 779//796 783//797 770//798
f 780//799 848//800 790//801
f 770//798 777//793 779//796
f 779//796 778//792 781//802
f 779//796 781//802 786//803
f 778//792 785//707 781//802
f 778//792 774//789 785//707
f 782//804 779//796 788//805
f 782//804 784//806 779//796
f 789//807 683//690 850//808
f 788//805 794//809 787//810
f 785//707 677//693 775//692
f 790//801 848//800 792//811
f 784//806 783//797 779//796
f 780//799 784//806 782//804
f 786//803 781//802 787//810
f 789//807 787//810 683//690
f 787//810 794//809 786//803
f 793//812 792//811 852//813
f 683//690 787//810 781//802
f 779//796 786//803 794//809
f 785//707 775//692 683//690
f 781//802 785//707 683//690
f 791//814 780//799 790//801
f 794//809 788//805 779//796
f 799//401 795//815 798//816
f 803//817 800//818 801//819
f 799//401 800//818 414//406
f 803//817 801//819 589//820
f 798//816 797//821 799//401
f 799//401 796//395 795//815
f 803//817 805//822 800//818
f 804//394 402//393 401//396
f 398//410 805//822 806//823
f 802//824 398//410 417//408
f 802//824 805//822 398//410
f 803//817 811//825 805//822
f 811//825 806//823 805//822
f 809//826 803//817 808//827
f 413//409 416//524 410//405
f 813//565 809//826 810//828
f 808//827 807//829 809//826
f 416//524 806//823 811//825
f 538//525 416//524 811//825
f 799//401 801//819 800//818
f 797//821 801//819 799//401
f 800//818 802//824 414//406
f 802//824 417//408 414//406
f 813//565 803//817 809//826
f 806//823 413//409 398//410
f 813//565 810//828 814//830
f 803//817 813//565 811//825
f 416//524 413//409 806//823
f 813//565 538//525 811//825
f 813//565 551//527 538//525
f 813//565 814//830 815//831
f 815//831 532//566 813//565
f 812//832 803//817 589//820
f 808//827 803//817 812//832
f 800//818 805//822 802//824
f 1002//833 816//834 820//835
f 817//836 990//837 821//838
f 820//835 821//838 1002//833
f 990//837 817//836 819//839
f 818//840 823//841 822//842
f 824//843 822//842 823//841
f 990//837 819//839 1003//844
f 827//845 824//843 826//846
f 1024//847 1023//848 827//845
f 827//845 826//846 830//849
f 822//842 1003//844 819//839
f 819//839 818//840 822//842
f 830//849 1024//847 827//845
f 827//845 1023//848 822//842
f 827//845 822//842 824//843
f 1024//847 830//849 829//850
f 829//850 832//851 825//852
f 839//853 836//854 833//855
f 828//856 1024//847 829//850
f 828//856 829//850 825//852
f 828//856 836//854 1024//847
f 836//854 831//857 833//855
f 837//858 834//672 838//859
f 838//859 834//672 833//855
f 836//854 839//853 1024//847
f 834//672 837//858 840//860
f 840//860 664//670 834//672
f 335//668 834//672 664//670
f 834//672 839//853 833//855
f 834//672 835//861 839//853
f 841//862 850//808 844//863
f 851//864 846//865 844//863
f 847//866 851//864 854//867
f 850//808 683//690 324//682
f 787//810 841//862 845//868
f 841//862 787//810 789//807
f 841//862 789//807 850//808
f 851//864 847//866 846//865
f 863//869 851//864 843//870
f 844//863 846//865 845//868
f 788//805 787//810 846//865
f 844//863 845//868 841//862
f 843//870 849//871 842//872
f 864//873 870//874 873//875
f 792//811 848//800 852//813
f 844//863 843//870 842//872
f 847//866 782//804 846//865
f 851//864 849//871 843//870
f 844//863 850//808 843//870
f 851//864 844//863 849//871
f 872//876 856//877 852//813
f 787//810 845//868 846//865
f 782//804 788//805 846//865
f 857//878 861//879 860//880
f 853//881 880//882 871//883
f 780//799 782//804 847//866
f 855//884 859//885 854//867
f 849//871 844//863 842//872
f 851//864 855//884 854//867
f 865//886 855//884 851//864
f 780//799 847//866 848//800
f 868//887 321//888 884//889
f 852//813 870//874 872//876
f 847//866 854//867 848//800
f 859//885 852//813 848//800
f 848//800 854//867 859//885
f 859//885 870//874 852//813
f 870//874 860//880 872//876
f 873//875 870//874 859//885
f 863//869 880//882 853//881
f 880//882 863//869 961//890
f 860//880 858//891 857//878
f 859//885 855//884 873//875
f 874//892 867//893 866//894
f 871//883 874//892 853//881
f 872//876 860//880 861//879
f 865//886 863//869 853//881
f 866//894 873//875 855//884
f 880//882 876//895 871//883
f 866//894 865//886 853//881
f 864//873 875//896 886//897
f 884//889 870//874 864//873
f 851//864 863//869 865//886
f 961//890 894//898 869//899
f 873//875 866//894 875//896
f 860//880 870//874 884//889
f 866//894 853//881 874//892
f 865//886 866//894 855//884
f 863//869 843//870 961//890
f 884//889 881//900 878//901
f 884//889 878//901 868//887
f 875//896 866//894 867//893
f 864//873 873//875 875//896
f 897//902 886//897 867//893
f 886//897 888//903 864//873
f 888//903 884//889 864//873
f 886//897 897//902 888//903
f 875//896 867//893 886//897
f 883//904 884//889 888//903
f 869//899 885//905 961//890
f 880//882 890//906 876//895
f 880//882 961//890 885//905
f 882//907 881//900 884//889
f 867//893 874//892 897//902
f 883//904 887//908 882//907
f 880//882 885//905 890//906
f 889//909 877//910 887//908
f 883//904 889//909 887//908
f 877//910 879//911 887//908
f 883//904 882//907 884//889
f 883//904 888//903 889//909
f 889//909 888//903 902//912
f 892//913 897//902 874//892
f 892//913 890//906 903//914
f 897//902 892//913 895//915
f 892//913 876//895 890//906
f 890//906 869//899 893//916
f 898//917 895//915 903//914
f 885//905 869//899 890//906
f 901//732 913//918 905//919
f 874//892 871//883 892//913
f 892//913 871//883 876//895
f 891//920 889//909 902//912
f 891//920 912//921 904//922
f 900//923 898//917 922//924
f 908//925 888//903 897//902
f 911//926 907//927 904//922
f 891//920 902//912 912//921
f 897//902 898//917 908//925
f 895//915 898//917 897//902
f 922//924 898//917 903//914
f 920//928 911//926 912//921
f 905//919 903//914 890//906
f 898//917 900//923 908//925
f 895//915 892//913 903//914
f 884//889 321//888 860//880
f 908//925 900//923 919//929
f 860//880 321//888 858//891
f 919//929 912//921 902//912
f 915//930 899//931 332//932
f 903//914 905//919 906//933
f 908//925 902//912 888//903
f 918//411 914//934 913//918
f 906//933 905//919 914//934
f 918//411 913//918 711//416
f 906//933 909//413 924//414
f 919//929 900//923 924//414
f 890//906 901//732 905//919
f 906//933 914//934 909//413
f 901//732 711//416 913//918
f 911//926 904//922 912//921
f 908//925 919//929 902//912
f 915//930 920//928 917//935
f 915//930 917//935 923//936
f 920//928 332//932 911//926
f 917//935 921//937 928//938
f 920//928 912//921 919//929
f 913//918 914//934 905//919
f 914//934 918//411 909//413
f 924//414 903//914 906//933
f 924//414 922//924 903//914
f 915//930 332//932 920//928
f 917//935 928//938 923//936
f 900//923 922//924 924//414
f 932//428 921//937 917//935
f 937//939 931//940 434//423
f 936//941 933//942 931//940
f 936//941 931//940 937//939
f 919//929 917//935 920//928
f 915//930 923//936 910//943
f 331//944 921//937 931//940
f 420//412 924//414 909//413
f 931//940 921//937 932//428
f 919//929 924//414 926//945
f 434//423 938//946 937//939
f 422//426 926//945 924//414
f 926//945 917//935 919//929
f 934//947 941//948 935//949
f 1013//950 935//949 680//704
f 422//426 430//427 926//945
f 680//704 935//949 323//702
f 932//428 926//945 430//427
f 926//945 932//428 917//935
f 323//702 935//949 941//948
f 946//951 329//691 691//701
f 943//952 941//948 940//953
f 942//954 941//948 934//947
f 432//432 938//946 434//423
f 954//955 944//956 947//957
f 678//685 945//958 679//684
f 934//947 944//956 942//954
f 679//684 945//958 950//959
f 930//434 434//423 932//428
f 946//951 945//958 329//691
f 947//957 944//956 1018//960
f 323//702 941//948 943//952
f 931//940 932//428 434//423
f 950//959 952//683 679//684
f 945//958 946//951 955//961
f 950//959 963//962 951//710
f 942//954 940//953 941//948
f 691//701 949//703 948//963
f 955//961 691//701 948//963
f 935//949 1013//950 934//947
f 955//961 946//951 691//701
f 949//703 940//953 948//963
f 940//953 955//961 948//963
f 949//703 323//702 943//952
f 850//808 951//710 963//962
f 950//959 951//710 952//683
f 943//952 940//953 949//703
f 862//964 950//959 945//958
f 953//965 945//958 955//961
f 940//953 942//954 962//966
f 962//966 955//961 940//953
f 955//961 962//966 960//967
f 961//890 953//965 964//968
f 942//954 954//955 962//966
f 960//967 958//969 955//961
f 850//808 963//962 843//870
f 961//890 963//962 953//965
f 958//969 956//970 967//971
f 862//964 945//958 953//965
f 953//965 963//962 862//964
f 843//870 963//962 961//890
f 962//966 954//955 965//972
f 963//962 950//959 862//964
f 964//968 953//965 958//969
f 956//970 958//969 960//967
f 324//682 951//710 850//808
f 967//971 964//968 958//969
f 957//973 965//972 954//955
f 959//974 962//966 965//972
f 970//975 959//974 965//972
f 953//965 955//961 958//969
f 942//954 944//956 954//955
f 894//898 961//890 964//968
f 962//966 971//976 960//967
f 964//968 869//899 894//898
f 960//967 971//976 969//977
f 971//976 959//974 966//978
f 959//974 971//976 962//966
f 956//970 960//967 969//977
f 972//979 971//976 966//978
f 973//980 969//977 976//981
f 964//968 967//971 893//916
f 893//916 869//899 964//968
f 977//982 969//977 916//983
f 976//981 969//977 977//982
f 945//958 678//685 329//691
f 973//980 976//981 896//984
f 967//971 973//980 896//984
f 893//916 967//971 896//984
f 967//971 956//970 973//980
f 969//977 971//976 709//730
f 709//730 916//983 969//977
f 969//977 973//980 956//970
f 974//985 971//976 972//979
f 974//985 709//730 971//976
f 705//718 979//986 981//723
f 982//987 975//988 979//986
f 893//916 983//989 890//906
f 983//989 893//916 896//984
f 968//990 976//981 916//983
f 709//730 982//987 979//986
f 984//991 983//989 976//981
f 984//991 976//981 968//990
f 896//984 976//981 983//989
f 709//730 968//990 916//983
f 983//989 925//992 901//732
f 981//723 979//986 978//993
f 968//990 709//730 984//991
f 901//732 925//992 449//729
f 901//732 449//729 701//719
f 705//718 709//730 979//986
f 890//906 983//989 901//732
f 929//994 331//944 931//940
f 929//994 927//995 331//944
f 426//418 419//419 425//437
f 925//992 984//991 449//729
f 449//729 984//991 709//730
f 983//989 984//991 925//992
f 982//987 709//730 980//996
f 709//730 974//985 980//996
f 933//942 929//994 931//940
f 1002//833 986//997 322//998
f 1002//833 995//999 986//997
f 996//644 645//639 650//643
f 986//997 988//1000 322//998
f 650//643 644//657 988//1000
f 986//997 987//1001 988//1000
f 985//1002 994//1003 993//1004
f 987//1001 993//1004 994//1003
f 1002//833 322//998 991//1005
f 987//1001 650//643 988//1000
f 650//643 992//1006 996//644
f 650//643 994//1003 992//1006
f 995//999 1002//833 990//837
f 995//999 990//837 1003//844
f 992//1006 998//1007 1006//1008
f 987//1001 986//997 993//1004
f 1001//665 1000//1009 999//1010
f 1001//665 1006//1008 1000//1009
f 987//1001 994//1003 650//643
f 985//1002 998//1007 994//1003
f 1006//1008 1001//665 652//648
f 1009//1011 989//1012 998//1007
f 1006//1008 997//666 996//644
f 992//1006 1006//1008 996//644
f 816//834 1002//833 991//1005
f 985//1002 1003//844 1008//1013
f 995//999 985//1002 986//997
f 1008//1013 998//1007 985//1002
f 985//1002 993//1004 986//997
f 1007//660 1011//1014 661//661
f 997//666 1006//1008 652//648
f 821//838 990//837 1002//833
f 999//1010 1000//1009 1005//1015
f 1008//1013 1009//1011 998//1007
f 1004//1016 1000//1009 1006//1008
f 1011//1014 1005//1015 1015//1017
f 1005//1015 1000//1009 1015//1017
f 1017//1018 1015//1017 1016//1019
f 998//1007 992//1006 994//1003
f 1015//1017 1017//1018 1011//1014
f 661//661 1013//950 327//655
f 1014//1020 1003//844 822//842
f 1015//1017 1000//1009 1004//1016
f 1001//665 999//1010 651//658
f 1013//950 661//661 1012//1021
f 934//947 1013//950 1012//1021
f 1006//1008 989//1012 1004//1016
f 655//650 651//658 1005//1015
f 661//661 1011//1014 1012//1021
f 1005//1015 1007//660 655//650
f 1007//660 1005//1015 1011//1014
f 1005//1015 651//658 999//1010
f 1003//844 985//1002 995//999
f 680//704 327//655 1013//950
f 1014//1020 1022//1022 1008//1013
f 1012//1021 1011//1014 1017//1018
f 1012//1021 1017//1018 1018//960
f 989//1012 1006//1008 998//1007
f 822//842 1023//848 1014//1020
f 1010//1023 989//1012 1022//1022
f 1008//1013 1003//844 1014//1020
f 989//1012 1009//1011 1022//1022
f 1026//1024 989//1012 1025//1025
f 1028//1026 1019//1027 1045//1028
f 1014//1020 1023//848 1020//1029
f 1017//1018 1016//1019 1018//960
f 1010//1023 1022//1022 1014//1020
f 1019//1027 1026//1024 1045//1028
f 1016//1019 1015//1017 1004//1016
f 1016//1019 1004//1016 989//1012
f 1021//1030 947//957 1018//960
f 944//956 934//947 1018//960
f 1018//960 934//947 1012//1021
f 1018//960 1019//1027 1021//1030
f 1026//1024 1016//1019 989//1012
f 1026//1024 1019//1027 1016//1019
f 1026//1024 1025//1025 1033//1031
f 1019//1027 1018//960 1016//1019
f 1010//1023 1014//1020 1020//1029
f 1034//1032 1033//1031 1025//1025
f 989//1012 1010//1023 1025//1025
f 1031//1033 1020//1029 1023//848
f 1024//847 1031//1033 1023//848
f 1022//1022 1009//1011 1008//1013
f 1030//1034 1036//1035 1010//1023
f 1028//1026 1048//1036 1019//1027
f 1036//1035 1039//1037 1029//1038
f 1025//1025 1029//1038 1037//1039
f 1039//1037 1036//1035 1046//1040
f 1024//847 839//853 1031//1033
f 839//853 835//861 1031//1033
f 1029//1038 1025//1025 1010//1023
f 1031//1033 1010//1023 1020//1029
f 1030//1034 1010//1023 1031//1033
f 1046//1040 1042//1041 835//861
f 1031//1033 835//861 1042//1041
f 1046//1040 835//861 1040//323
f 1040//323 835//861 667//667
f 1042//1041 1046//1040 1036//1035
f 1037//1039 1034//1032 1025//1025
f 1038//1042 1045//1028 1026//1024
f 1019//1027 1048//1036 1021//1030
f 1038//1042 1026//1024 1033//1031
f 1035//1043 1029//1038 1041//1044
f 1030//1034 1031//1033 1042//1041
f 1036//1035 1029//1038 1010//1023
f 1042//1041 1036//1035 1030//1034
f 667//667 835//861 834//672
f 1047//1045 1038//1042 1033//1031
f 1035//1043 1041//1044 1052//1046
f 339//331 336//324 1040//323
f 1049//1047 947//957 1021//1030
f 1029//1038 1035//1043 1037//1039
f 1047//1045 1033//1031 1043//1048
f 1041//1044 1029//1038 1051//1049
f 1039//1037 1046//1040 1044//1050
f 1044//1050 1029//1038 1039//1037
f 334//325 337//328 1046//1040
f 1046//1040 1040//323 334//325
f 1046//1040 337//328 1044//1050
f 1044//1050 1032//1051 1051//1049
f 1029//1038 1044//1050 1051//1049
f 1052//1046 1050//1052 1035//1043
f 1027//329 1044//1050 337//328
f 681//688 1084//711 682//689
f 689//709 693//694 1071//662
f 1055//603 613//1053 611//609
f 1069//1054 617//1055 613//1053
f 1056//1056 617//1055 1073//1057
f 1065//1058 1054//1059 1085//1060
f 1059//1061 1054//1059 1065//1058
f 1058//1062 1059//1061 1060//1063
f 1060//1063 1059//1061 1065//1058
f 1055//603 1069//1054 613//1053
f 617//1055 1069//1054 1073//1057
f 1064//1064 1061//1065 1067//1066
f 1057//1067 1064//1064 1067//1066
f 1054//1059 1056//1056 1073//1057
f 1057//1067 1067//1066 1063//1068
f 1061//1065 1064//1064 1060//1063
f 1065//1058 1061//1065 1060//1063
f 1068//634 658//1069 663//1070
f 1055//603 638//630 1069//1054
f 1070//1071 1066//1072 1080//1073
f 1054//1059 1073//1057 1085//1060
f 1069//1054 1068//634 1073//1057
f 1077//635 1068//634 640//629
f 1085//1060 1074//1074 1071//662
f 1076//1075 1061//1065 1065//1058
f 638//630 1068//634 1069//1054
f 1079//1076 1063//1068 1067//1066
f 1068//634 1077//635 658//1069
f 1061//1065 1076//1075 1067//1066
f 1076//1075 1072//696 1083//695
f 1081//713 1079//1076 1062//1077
f 637//626 1077//635 640//629
f 1079//1076 1067//1066 1062//1077
f 1071//662 1072//696 1085//1060
f 1076//1075 1062//1077 1067//1066
f 1075//663 663//1070 658//1069
f 1083//695 1062//1077 1076//1075
f 1074//1074 1085//1060 1075//663
f 1087//1078 681//688 694//706
f 1087//1078 694//706 1080//1073
f 1068//634 663//1070 1085//1060
f 1071//662 1074//1074 1075//663
f 1065//1058 1085//1060 1072//696
f 658//1069 939//654 662//656
f 1068//634 1085//1060 1073//1057
f 1081//713 1062//1077 1083//695
f 658//1069 662//656 1082//1079
f 1065//1058 1072//696 1076//1075
f 1085//1060 663//1070 1075//663
f 1083//695 690//712 1081//713
f 1053//664 1075//663 1082//1079
f 1082//1079 1075//663 658//1069
f 1087//1078 1066//1072 1079//1076
f 1087//1078 1080//1073 1066//1072
f 1080//1073 694//706 768//697
f 1087//1078 1081//713 1086//1080
f 1071//662 687//1081 323//702
f 323//702 684//705 680//704
f 326//700 1071//662 323//702
f 1081//713 1087//1078 1079//1076
f 771//1082 1078//1083 768//697
f 658//1069 1077//635 939//654
f 659//659 939//654 1077//635
f 1087//1078 1086//1080 681//688
f 1071//662 693//694 1072//696
f 773//795 768//697 766//708
f 1086//1080 1084//711 681//688
f 692//687 685//686 768//697
f 1084//711 1086//1080 1081//713
f 684//705 323//702 687//1081
f 1071//662 1053//664 687//1081
f 1082//1079 662//656 684//705
f 326//700 689//709 1071//662
f 1070//1071 1080//1073 769//1084
f 692//687 768//697 694//706
f 1082//1079 687//1081 1053//664
f 693//694 690//712 1083//695
f 769//1084 1080//1073 768//697
f 768//697 773//795 771//1082
f 662//656 327//655 684//705
f 1078//1083 769//1084 768//697
f 689//709 690//712 693//694
f 687//1081 1082//1079 684//705
f 681//688 688//320 692//687
f 705//718 981//723 707//722
f 976//981 977//982 916//983
f 698//728 697//714 1106//1085
f 698//728 1106//1085 1107//1086
f 734//756 731//758 1122//1087
f 734//756 1122//1087 1125//1088
f 338//327 342//334 1090//1089
f 338//327 1090//1089 1088//1090
f 392//382 393//381 1102//1091
f 392//382 1102//1091 1101//1092
f 404//754 725//762 1119//1093
f 404//754 1119//1093 1103//1094
f 380//376 392//382 1101//1092
f 380//376 1101//1092 1098//1095
f 733//763 732//766 1123//1096
f 733//763 1123//1096 1124//1097
f 970//975 965//972 1137//1098
f 970//975 1137//1098 1139//1099
f 381//371 378//379 1096//1100
f 381//371 1096//1100 1099//1101
f 721//743 720//748 1116//1102
f 721//743 1116//1102 1117//1103
f 715//725 713//726 1112//1104
f 715//725 1112//1104 1114//1105
f 1021//1030 1048//1036 1162//1106
f 1021//1030 1162//1106 1148//1107
f 959//974 970//975 1139//1099
f 959//974 1139//1099 1136//1108
f 714//737 723//736 1118//1109
f 714//737 1118//1109 1113//1110
f 732//766 734//756 1125//1088
f 732//766 1125//1088 1123//1096
f 1044//1050 1027//329 1149//1111
f 1044//1050 1149//1111 1159//1112
f 359//368 381//371 1099//1101
f 359//368 1099//1101 1095//1113
f 356//352 357//367 1094//1114
f 356//352 1094//1114 1093//1115
f 979//986 975//988 1142//1116
f 979//986 1142//1116 1144//1117
f 391//380 404//754 1103//1094
f 391//380 1103//1094 1100//1118
f 699//716 695//731 1105//1119
f 699//716 1105//1119 1108//1120
f 713//726 698//728 1107//1086
f 713//726 1107//1086 1112//1104
f 730//764 733//763 1124//1097
f 730//764 1124//1097 1121//1121
f 695//731 712//733 1111//1122
f 695//731 1111//1122 1105//1119
f 978//993 979//986 1144//1117
f 978//993 1144//1117 1143//1123
f 1028//1026 1045//1028 1160//1124
f 1028//1026 1160//1124 1150//1125
f 731//758 728//760 1120//1126
f 731//758 1120//1126 1122//1087
f 743//759 740//752 1130//1127
f 743//759 1130//1127 1131//1128
f 1052//1046 1041//1044 1157//1129
f 1052//1046 1157//1129 1166//1130
f 342//334 341//335 1089//1131
f 342//334 1089//1131 1090//1089
f 1041//1044 1051//1049 1165//1132
f 1041//1044 1165//1132 1157//1129
f 954//955 947//957 1133//1133
f 954//955 1133//1133 1134//1134
f 355//346 356//352 1093//1115
f 355//346 1093//1115 1092//1135
f 717//742 715//725 1114//1105
f 717//742 1114//1105 1115//1136
f 379//377 380//376 1098//1095
f 379//377 1098//1095 1097//1137
f 712//733 707//722 1110//1138
f 712//733 1110//1138 1111//1122
f 1034//1032 1037//1039 1155//1139
f 1034//1032 1155//1139 1153//1140
f 1033//1031 1034//1032 1153//1140
f 1033//1031 1153//1140 1152//1141
f 725//762 744//402 1132//1142
f 725//762 1132//1142 1119//1093
f 740//752 714//737 1113//1110
f 740//752 1113//1110 1130//1127
f 539//761 737//774 1128//1143
f 539//761 1128//1143 1104//1144
f 1045//1028 1038//1042 1156//1145
f 1045//1028 1156//1145 1160//1124
f 700//724 981//723 1146//1146
f 700//724 1146//1146 1109//1147
f 720//748 717//742 1115//1136
f 720//748 1115//1136 1116//1102
f 1051//1049 1032//1051 1151//1148
f 1051//1049 1151//1148 1165//1132
f 1035//1043 1050//1052 1164//1149
f 1035//1043 1164//1149 1154//1150
f 975//988 982//987 1147//1151
f 975//988 1147//1151 1142//1116
f 947//957 1049//1047 1163//1152
f 947//957 1163//1152 1133//1133
f 723//736 735//753 1126//1153
f 723//736 1126//1153 1118//1109
f 744//402 539//761 1104//1144
f 744//402 1104//1144 1132//1142
f 1038//1042 1047//1045 1161//1154
f 1038//1042 1161//1154 1156//1145
f 981//723 978//993 1143//1123
f 981//723 1143//1123 1146//1146
f 1047//1045 1043//1048 1158//1155
f 1047//1045 1158//1155 1161//1154
f 341//335 343//344 1091//1156
f 341//335 1091//1156 1089//1131
f 736//765 721//743 1117//1103
f 736//765 1117//1103 1127//1157
f 974//985 972//979 1140//1158
f 974//985 1140//1158 1141//1159
f 957//973 954//955 1134//1134
f 957//973 1134//1134 1135//1160
f 980//996 974//985 1141//1159
f 980//996 1141//1159 1145//1161
f 737//774 738//768 1129//1162
f 737//774 1129//1162 1128//1143
f 1032//1051 1044//1050 1159//1112
f 1032//1051 1159//1112 1151//1148
f 728//760 743//759 1131//1128
f 728//760 1131//1128 1120//1126
f 735//753 736//765 1127//1157
f 735//753 1127//1157 1126//1153
f 972//979 966//978 1138//1163
f 972//979 1138//1163 1140//1158
f 965//972 957//973 1135//1160
f 965//972 1135//1160 1137//1098
f 697//714 699//716 1108//1120
f 697//714 1108//1120 1106//1085
f 393//381 391//380 1100//1118
f 393//381 1100//1118 1102//1091
f 357//367 359//368 1095//1113
f 357//367 1095//1113 1094//1114
f 1027//329 338//327 1088//1090
f 1027//329 1088//1090 1149//1111
f 1048//1036 1028//1026 1150//1125
f 1048//1036 1150//1125 1162//1106
f 1043//1048 1033//1031 1152//1141
f 1043//1048 1152//1141 1158//1155
f 1049//1047 1021//1030 1148//1107
f 1049//1047 1148//1107 1163//1152
f 378//379 379//377 1097//1137
f 378//379 1097//1137 1096//1100
f 707//722 700//724 1109//1147
f 707//722 1109//1147 1110//1138
f 966//978 959//974 1136//1108
f 966//978 1136//1108 1138//1163
f 738//768 730//764 1121//1121
f 738//768 1121//1121 1129//1162
f 982//987 980//996 1145//1161
f 982//987 1145//1161 1147//1151
f 343//344 355//346 1092//1135
f 343//344 1092//1135 1091//1156
f 1050//1052 1052//1046 1166//1130
f 1050//1052 1166//1130 1164//1149
f 1037//1039 1035//1043 1154//1150
f 1037//1039 1154//1150 1155//1139
f 1167//1164 1168//1165 1170//1166
f 1167//1164 1170//1166 1169//1167
f 1169//1167 1170//1166 1172//1168
f 1169//1167 1172//1168 1171//1169
f 1168//1165 1167//1164 1173//1170
f 1168//1165 1173//1170 1174//1171
f 1177//1172 1178//1173 1171//1169
f 1177//1172 1171//1169 1175//1174
f 1195//1175 1201//1176 1200//1177
f 1195//1175 1200//1177 1194//1178
f 1171//1169 1178//1173 1179//1179
f 1171//1169 1179//1179 1169//1167
f 1169//1167 1179//1179 1180//1180
f 1169//1167 1180//1180 1167//1164
f 1167//1164 1180//1180 1181//1181
f 1167//1164 1181//1181 1173//1170
f 1174//1171 1173//1170 1182//1182
f 1174//1171 1182//1182 1183//1183
f 1173//1170 1181//1181 1184//1184
f 1173//1170 1184//1184 1182//1182
f 1175//1174 1176//1185 1186//1186
f 1175//1174 1186//1186 1185//1187
f 1175//1174 1185//1187 1187//1188
f 1175//1174 1187//1188 1177//1172
f 1189//1189 1192//1190 1191//1191
f 1189//1189 1191//1191 1188//1192
f 1192//1190 1195//1175 1194//1178
f 1192//1190 1194//1178 1191//1191
f 1188//1192 1197//1193 1198//1194
f 1188//1192 1198//1194 1189//1189
f 1196//1175 1204//1195 1203//1196
f 1196//1175 1203//1196 1202//1197
f 1177//1172 1203//1196 1204//1195
f 1177//1172 1204//1195 1178//1173
f 1196//1175 1193//1198 1205//1199
f 1196//1175 1205//1199 1204//1195
f 1193//1198 1190//1200 1206//1201
f 1193//1198 1206//1201 1205//1199
f 1190//1200 1199//1194 1207//1202
f 1190//1200 1207//1202 1206//1201
f 1197//1193 1208//1203 1209//1204
f 1197//1193 1209//1204 1198//1194
f 1199//1194 1210//1205 1211//1206
f 1199//1194 1211//1206 1207//1202
f 1201//1176 1213//1207 1212//1208
f 1201//1176 1212//1208 1200//1177
f 1202//1197 1203//1196 1215//1209
f 1202//1197 1215//1209 1214//1210
f 1194//1178 1200//1177 1176//1185
f 1194//1178 1176//1185 1172//1168
f 1176//1185 1200//1177 1212//1208
f 1176//1185 1212//1208 1186//1186
f 1185//1187 1214//1210 1215//1209
f 1185//1187 1215//1209 1187//1188
f 1183//1183 1208//1203 1197//1193
f 1183//1183 1197//1193 1174//1171
f 1170//1166 1191//1191 1194//1178
f 1170//1166 1194//1178 1172//1168
f 1178//1173 1204//1195 1205//1199
f 1178//1173 1205//1199 1179//1179
f 1187//1188 1215//1209 1203//1196
f 1187//1188 1203//1196 1177//1172
f 1181//1181 1207//1202 1211//1206
f 1181//1181 1211//1206 1184//1184
f 1174//1171 1197//1193 1188//1192
f 1174//1171 1188//1192 1168//1165
f 1179//1179 1205//1199 1206//1201
f 1179//1179 1206//1201 1180//1180
f 1186//1186 1212//1208 1213//1207
f 1186//1186 1213//1207 1185//1187
f 1180//1180 1206//1201 1207//1202
f 1180//1180 1207//1202 1181//1181
f 1168//1165 1188//1192 1191//1191
f 1168//1165 1191//1191 1170//1166
f 1172//1168 1176//1185 1175//1174
f 1172//1168 1175//1174 1171//1169
f 1224//1211 1183//1183 1182//1182
f 1224//1211 1182//1182 1216//1212
f 1208//1203 1183//1183 1217//1213
f 1208//1203 1217//1213 1219//1214
f 1183//1183 1224//1211 1217//1213
f 1184//1184 1211//1206 1222//1215
f 1184//1184 1222//1215 1218//1216
f 1211//1206 1226//1217 1222//1215
f 1226//1217 1211//1206 1210//1205
f 1226//1217 1210//1205 1221//1218
f 1209//1204 1208//1203 1225//1219
f 1209//1204 1225//1219 1220//1220
f 1182//1182 1184//1184 1223//1221
f 1182//1182 1223//1221 1216//1212
f 1184//1184 1218//1216 1223//1221
f 1208//1203 1219//1214 1225//1219
f 1227//1222 1228//1223 1230//1224
f 1227//1222 1230//1224 1229//1225
f 1229//1225 1230//1224 1232//1226
f 1229//1225 1232//1226 1231//1227
f 1228//1223 1227//1222 1233//1228
f 1228//1223 1233//1228 1234//1229
f 1237//1230 1238//1231 1231//1227
f 1237//1230 1231//1227 1235//1232
f 1256//1233 1262//1234 1260//1235
f 1256//1233 1260//1235 1254//1236
f 1231//1227 1238//1231 1239//1237
f 1231//1227 1239//1237 1229//1225
f 1229//1225 1239//1237 1240//1238
f 1229//1225 1240//1238 1227//1222
f 1227//1222 1240//1238 1241//1239
f 1227//1222 1241//1239 1233//1228
f 1234//1229 1233//1228 1242//1240
f 1234//1229 1242//1240 1243//1241
f 1233//1228 1241//1239 1244//1242
f 1233//1228 1244//1242 1242//1240
f 1235//1232 1236//1243 1246//1244
f 1235//1232 1246//1244 1245//1245
f 1235//1232 1245//1245 1247//1246
f 1235//1232 1247//1246 1237//1230
f 1250//1247 1253//1248 1251//1249
f 1250//1247 1251//1249 1248//1250
f 1253//1248 1256//1233 1254//1236
f 1253//1248 1254//1236 1251//1249
f 1248//1250 1257//1251 1259//1252
f 1248//1250 1259//1252 1250//1247
f 1255//1233 1264//1253 1263//1254
f 1255//1233 1263//1254 1261//1255
f 1237//1230 1263//1254 1264//1253
f 1237//1230 1264//1253 1238//1231
f 1255//1233 1252//1256 1265//1257
f 1255//1233 1265//1257 1264//1253
f 1252//1256 1249//1258 1266//1259
f 1252//1256 1266//1259 1265//1257
f 1249//1258 1258//1260 1267//1261
f 1249//1258 1267//1261 1266//1259
f 1257//1251 1268//1262 1270//1263
f 1257//1251 1270//1263 1259//1252
f 1258//1260 1269//1264 1271//1265
f 1258//1260 1271//1265 1267//1261
f 1262//1234 1274//1266 1272//1267
f 1262//1234 1272//1267 1260//1235
f 1261//1255 1263//1254 1275//1268
f 1261//1255 1275//1268 1273//1269
f 1254//1236 1260//1235 1236//1243
f 1254//1236 1236//1243 1232//1226
f 1236//1243 1260//1235 1272//1267
f 1236//1243 1272//1267 1246//1244
f 1245//1245 1273//1269 1275//1268
f 1245//1245 1275//1268 1247//1246
f 1243//1241 1268//1262 1257//1251
f 1243//1241 1257//1251 1234//1229
f 1230//1224 1251//1249 1254//1236
f 1230//1224 1254//1236 1232//1226
f 1238//1231 1264//1253 1265//1257
f 1238//1231 1265//1257 1239//1237
f 1247//1246 1275//1268 1263//1254
f 1247//1246 1263//1254 1237//1230
f 1241//1239 1267//1261 1271//1265
f 1241//1239 1271//1265 1244//1242
f 1234//1229 1257//1251 1248//1250
f 1234//1229 1248//1250 1228//1223
f 1239//1237 1265//1257 1266//1259
f 1239//1237 1266//1259 1240//1238
f 1246//1244 1272//1267 1274//1266
f 1246//1244 1274//1266 1245//1245
f 1240//1238 1266//1259 1267//1261
f 1240//1238 1267//1261 1241//1239
f 1228//1223 1248//1250 1251//1249
f 1228//1223 1251//1249 1230//1224
f 1232//1226 1236//1243 1235//1232
f 1232//1226 1235//1232 1231//1227
f 1284//1270 1243//1241 1242//1240
f 1284//1270 1242//1240 1276//1271
f 1268//1262 1243//1241 1277//1272
f 1268//1262 1277//1272 1279//1273
f 1243//1241 1284//1270 1277//1272
f 1244//1242 1271//1265 1282//1274
f 1244//1242 1282//1274 1278//1275
f 1271//1265 1286//1276 1282//1274
f 1286//1276 1271//1265 1269//1264
f 1286//1276 1269//1264 1280//1277
f 1270//1263 1268//1262 1285//1278
f 1270//1263 1285//1278 1281//1277
f 1242//1240 1244//1242 1283//1279
f 1242//1240 1283//1279 1276//1271
f 1244//1242 1278//1275 1283//1279
f 1268//1262 1279//1273 1285//1278
f 1287//1280 1288//1281 1290//1282
f 1287//1280 1290//1282 1289//1283
f 1289//1283 1290//1282 1292//1284
f 1289//1283 1292//1284 1291//1285
f 1288//1281 1287//1280 1293//1286
f 1288//1281 1293//1286 1294//1287
f 1297//1288 1298//1289 1291//1285
f 1297//1288 1291//1285 1295//1290
f 1316//1291 1322//1292 1320//1293
f 1316//1291 1320//1293 1314//1294
f 1291//1285 1298//1289 1299//1295
f 1291//1285 1299//1295 1289//1283
f 1289//1283 1299//1295 1300//1296
f 1289//1283 1300//1296 1287//1280
f 1287//1280 1300//1296 1301//1297
f 1287//1280 1301//1297 1293//1286
f 1294//1287 1293//1286 1302//1298
f 1294//1287 1302//1298 1303//1299
f 1293//1286 1301//1297 1304//1300
f 1293//1286 1304//1300 1302//1298
f 1295//1290 1296//1301 1306//1302
f 1295//1290 1306//1302 1305//1303
f 1295//1290 1305//1303 1307//1304
f 1295//1290 1307//1304 1297//1288
f 1310//1305 1313//1306 1311//1307
f 1310//1305 1311//1307 1308//1308
f 1313//1306 1316//1291 1314//1294
f 1313//1306 1314//1294 1311//1307
f 1308//1308 1317//1309 1319//1310
f 1308//1308 1319//1310 1310//1305
f 1315//1291 1324//1311 1323//1312
f 1315//1291 1323//1312 1321//1313
f 1297//1288 1323//1312 1324//1311
f 1297//1288 1324//1311 1298//1289
f 1315//1291 1312//1314 1325//1315
f 1315//1291 1325//1315 1324//1311
f 1312//1314 1309//1316 1326//1317
f 1312//1314 1326//1317 1325//1315
f 1309//1316 1318//1318 1327//1319
f 1309//1316 1327//1319 1326//1317
f 1317//1309 1328//1320 1330//1321
f 1317//1309 1330//1321 1319//1310
f 1318//1318 1329//1322 1331//1323
f 1318//1318 1331//1323 1327//1319
f 1322//1292 1334//1324 1332//1325
f 1322//1292 1332//1325 1320//1293
f 1321//1313 1323//1312 1335//1326
f 1321//1313 1335//1326 1333//1327
f 1314//1294 1320//1293 1296//1301
f 1314//1294 1296//1301 1292//1284
f 1296//1301 1320//1293 1332//1325
f 1296//1301 1332//1325 1306//1302
f 1305//1303 1333//1327 1335//1326
f 1305//1303 1335//1326 1307//1304
f 1303//1299 1328//1320 1317//1309
f 1303//1299 1317//1309 1294//1287
f 1290//1282 1311//1307 1314//1294
f 1290//1282 1314//1294 1292//1284
f 1298//1289 1324//1311 1325//1315
f 1298//1289 1325//1315 1299//1295
f 1307//1304 1335//1326 1323//1312
f 1307//1304 1323//1312 1297//1288
f 1301//1297 1327//1319 1331//1323
f 1301//1297 1331//1323 1304//1300
f 1294//1287 1317//1309 1308//1308
f 1294//1287 1308//1308 1288//1281
f 1299//1295 1325//1315 1326//1317
f 1299//1295 1326//1317 1300//1296
f 1306//1302 1332//1325 1334//1324
f 1306//1302 1334//1324 1305//1303
f 1300//1296 1326//1317 1327//1319
f 1300//1296 1327//1319 1301//1297
f 1288//1281 1308//1308 1311//1307
f 1288//1281 1311//1307 1290//1282
f 1292//1284 1296//1301 1295//1290
f 1292//1284 1295//1290 1291//1285
f 1344//1328 1303//1299 1302//1298
f 1344//1328 1302//1298 1336//1329
f 1328//1320 1303//1299 1337//1330
f 1328//1320 1337//1330 1339//1331
f 1303//1299 1344//1328 1337//1330
f 1304//1300 1331//1323 1342//1332
f 1304//1300 1342//1332 1338//1333
f 1331//1323 1346//1334 1342//1332
f 1346//1334 1331//1323 1329//1322
f 1346//1334 1329//1322 1340//1335
f 1330//1321 1328//1320 1345//1336
f 1330//1321 1345//1336 1341//1337
f 1302//1298 1304//1300 1343//1338
f 1302//1298 1343//1338 1336//1329
f 1304//1300 1338//1333 1343//1338
f 1328//1320 1339//1331 1345//1336
f 1347//1339 1348//1340 1350//1341
f 1347//1339 1350//1341 1349//1342
f 1349//1342 1350//1341 1352//1343
f 1349//1342 1352//1343 1351//1344
f 1348//1340 1347//1339 1353//1345
f 1348//1340 1353//1345 1354//1346
f 1357//1347 1358//1348 1351//1344
f 1357//1347 1351//1344 1355//1349
f 1375//1350 1381//1351 1380//1352
f 1375//1350 1380//1352 1374//1353
f 1351//1344 1358//1348 1359//1354
f 1351//1344 1359//1354 1349//1342
f 1349//1342 1359//1354 1360//1355
f 1349//1342 1360//1355 1347//1339
f 1347//1339 1360//1355 1361//1356
f 1347//1339 1361//1356 1353//1345
f 1354//1346 1353//1345 1362//1357
f 1354//1346 1362//1357 1363//1358
f 1353//1345 1361//1356 1364//1359
f 1353//1345 1364//1359 1362//1357
f 1355//1349 1356//1360 1366//1361
f 1355//1349 1366//1361 1365//1362
f 1355//1349 1365//1362 1367//1363
f 1355//1349 1367//1363 1357//1347
f 1369//1364 1372//1365 1371//1366
f 1369//1364 1371//1366 1368//1367
f 1372//1365 1375//1350 1374//1353
f 1372//1365 1374//1353 1371//1366
f 1368//1367 1377//1368 1378//1369
f 1368//1367 1378//1369 1369//1364
f 1376//1370 1384//1371 1383//1372
f 1376//1370 1383//1372 1382//1373
f 1357//1347 1383//1372 1384//1371
f 1357//1347 1384//1371 1358//1348
f 1376//1370 1373//1374 1385//1375
f 1376//1370 1385//1375 1384//1371
f 1373//1374 1370//1364 1386//1376
f 1373//1374 1386//1376 1385//1375
f 1370//1364 1379//1369 1387//1377
f 1370//1364 1387//1377 1386//1376
f 1377//1368 1388//1378 1389//1379
f 1377//1368 1389//1379 1378//1369
f 1379//1369 1390//1380 1391//1381
f 1379//1369 1391//1381 1387//1377
f 1381//1351 1393//1382 1392//1383
f 1381//1351 1392//1383 1380//1352
f 1382//1373 1383//1372 1395//1384
f 1382//1373 1395//1384 1394//1385
f 1374//1353 1380//1352 1356//1360
f 1374//1353 1356//1360 1352//1343
f 1356//1360 1380//1352 1392//1383
f 1356//1360 1392//1383 1366//1361
f 1365//1362 1394//1385 1395//1384
f 1365//1362 1395//1384 1367//1363
f 1363//1358 1388//1378 1377//1368
f 1363//1358 1377//1368 1354//1346
f 1350//1341 1371//1366 1374//1353
f 1350//1341 1374//1353 1352//1343
f 1358//1348 1384//1371 1385//1375
f 1358//1348 1385//1375 1359//1354
f 1367//1363 1395//1384 1383//1372
f 1367//1363 1383//1372 1357//1347
f 1361//1356 1387//1377 1391//1381
f 1361//1356 1391//1381 1364//1359
f 1354//1346 1377//1368 1368//1367
f 1354//1346 1368//1367 1348//1340
f 1359//1354 1385//1375 1386//1376
f 1359//1354 1386//1376 1360//1355
f 1366//1361 1392//1383 1393//1382
f 1366//1361 1393//1382 1365//1362
f 1360//1355 1386//1376 1387//1377
f 1360//1355 1387//1377 1361//1356
f 1348//1340 1368//1367 1371//1366
f 1348//1340 1371//1366 1350//1341
f 1352//1343 1356//1360 1355//1349
f 1352//1343 1355//1349 1351//1344
f 1404//1386 1363//1358 1362//1357
f 1404//1386 1362//1357 1396//1387
f 1388//1378 1363//1358 1397//1388
f 1388//1378 1397//1388 1399//1389
f 1363//1358 1404//1386 1397//1388
f 1364//1359 1391//1381 1402//1390
f 1364//1359 1402//1390 1398//1391
f 1391//1381 1406//1392 1402//1390
f 1406//1392 1391//1381 1390//1380
f 1406//1392 1390//1380 1401//1393
f 1389//1379 1388//1378 1405//1394
f 1389//1379 1405//1394 1400//1393
f 1362//1357 1364//1359 1403//1395
f 1362//1357 1403//1395 1396//1387
f 1364//1359 1398//1391 1403//1395
f 1388//1378 1399//1389 1405//1394
f 1407//1396 1408//1397 1410//1398
f 1407//1396 1410//1398 1409//1399
f 1409//1399 1410//1398 1412//1400
f 1409//1399 1412//1400 1411//1401
f 1408//1397 1407//1396 1413//1402
f 1408//1397 1413//1402 1414//1403
f 1417//1404 1418//1405 1411//1401
f 1417//1404 1411//1401 1415//1406
f 1436//1407 1442//1408 1440//1409
f 1436//1407 1440//1409 1434//1410
f 1411//1401 1418//1405 1419//1411
f 1411//1401 1419//1411 1409//1399
f 1409//1399 1419//1411 1420//1412
f 1409//1399 1420//1412 1407//1396
f 1407//1396 1420//1412 1421//1413
f 1407//1396 1421//1413 1413//1402
f 1414//1403 1413//1402 1422//1414
f 1414//1403 1422//1414 1423//1415
f 1413//1402 1421//1413 1424//1416
f 1413//1402 1424//1416 1422//1414
f 1415//1406 1416//1417 1426//1418
f 1415//1406 1426//1418 1425//1419
f 1415//1406 1425//1419 1427//1420
f 1415//1406 1427//1420 1417//1404
f 1430//1421 1433//1422 1431//1423
f 1430//1421 1431//1423 1428//1424
f 1433//1422 1436//1407 1434//1410
f 1433//1422 1434//1410 1431//1423
f 1428//1424 1437//1425 1439//1426
f 1428//1424 1439//1426 1430//1421
f 1435//1427 1444//1428 1443//1429
f 1435//1427 1443//1429 1441//1430
f 1417//1404 1443//1429 1444//1428
f 1417//1404 1444//1428 1418//1405
f 1435//1427 1432//1422 1445//1431
f 1435//1427 1445//1431 1444//1428
f 1432//1422 1429//1432 1446//1433
f 1432//1422 1446//1433 1445//1431
f 1429//1432 1438//1426 1447//1434
f 1429//1432 1447//1434 1446//1433
f 1437//1425 1448//1435 1450//1436
f 1437//1425 1450//1436 1439//1426
f 1438//1426 1449//1437 1451//1438
f 1438//1426 1451//1438 1447//1434
f 1442//1408 1454//1439 1452//1440
f 1442//1408 1452//1440 1440//1409
f 1441//1430 1443//1429 1455//1441
f 1441//1430 1455//1441 1453//1439
f 1434//1410 1440//1409 1416//1417
f 1434//1410 1416//1417 1412//1400
f 1416//1417 1440//1409 1452//1440
f 1416//1417 1452//1440 1426//1418
f 1425//1419 1453//1439 1455//1441
f 1425//1419 1455//1441 1427//1420
f 1423//1415 1448//1435 1437//1425
f 1423//1415 1437//1425 1414//1403
f 1410//1398 1431//1423 1434//1410
f 1410//1398 1434//1410 1412//1400
f 1418//1405 1444//1428 1445//1431
f 1418//1405 1445//1431 1419//1411
f 1427//1420 1455//1441 1443//1429
f 1427//1420 1443//1429 1417//1404
f 1421//1413 1447//1434 1451//1438
f 1421//1413 1451//1438 1424//1416
f 1414//1403 1437//1425 1428//1424
f 1414//1403 1428//1424 1408//1397
f 1419//1411 1445//1431 1446//1433
f 1419//1411 1446//1433 1420//1412
f 1426//1418 1452//1440 1454//1439
f 1426//1418 1454//1439 1425//1419
f 1420//1412 1446//1433 1447//1434
f 1420//1412 1447//1434 1421//1413
f 1408//1397 1428//1424 1431//1423
f 1408//1397 1431//1423 1410//1398
f 1412//1400 1416//1417 1415//1406
f 1412//1400 1415//1406 1411//1401
f 1464//1442 1423//1415 1422//1414
f 1464//1442 1422//1414 1456//1443
f 1448//1435 1423//1415 1457//1444
f 1448//1435 1457//1444 1459//1445
f 1423//1415 1464//1442 1457//1444
f 1424//1416 1451//1438 1462//1446
f 1424//1416 1462//1446 1458//1447
f 1451//1438 1466//1448 1462//1446
f 1466//1448 1451//1438 1449//1437
f 1466//1448 1449//1437 1460//1449
f 1450//1436 1448//1435 1465//1450
f 1450//1436 1465//1450 1461//1451
f 1422//1414 1424//1416 1463//1452
f 1422//1414 1463//1452 1456//1443
f 1424//1416 1458//1447 1463//1452
f 1448//1435 1459//1445 1465//1450
f 1467//1453 1468//1454 1470//1455
f 1467//1453 1470//1455 1469//1456
f 1469//1456 1470//1455 1472//1457
f 1469//1456 1472//1457 1471//1458
f 1468//1454 1467//1453 1473//1459
f 1468//1454 1473//1459 1474//1460
f 1477//1461 1478//1462 1471//1458
f 1477//1461 1471//1458 1475//1463
f 1495//1464 1501//1465 1500//1466
f 1495//1464 1500//1466 1494//1467
f 1471//1458 1478//1462 1479//1468
f 1471//1458 1479//1468 1469//1456
f 1469//1456 1479//1468 1480//1469
f 1469//1456 1480//1469 1467//1453
f 1467//1453 1480//1469 1481//1470
f 1467//1453 1481//1470 1473//1459
f 1474//1460 1473//1459 1482//1471
f 1474//1460 1482//1471 1483//1472
f 1473//1459 1481//1470 1484//1473
f 1473//1459 1484//1473 1482//1471
f 1475//1463 1476//1474 1486//1475
f 1475//1463 1486//1475 1485//1476
f 1475//1463 1485//1476 1487//1477
f 1475//1463 1487//1477 1477//1461
f 1489//1478 1492//1479 1491//1480
f 1489//1478 1491//1480 1488//1481
f 1492//1479 1495//1464 1494//1467
f 1492//1479 1494//1467 1491//1480
f 1488//1481 1497//1482 1498//1483
f 1488//1481 1498//1483 1489//1478
f 1496//1484 1504//1485 1503//1486
f 1496//1484 1503//1486 1502//1487
f 1477//1461 1503//1486 1504//1485
f 1477//1461 1504//1485 1478//1462
f 1496//1484 1493//1488 1505//1489
f 1496//1484 1505//1489 1504//1485
f 1493//1488 1490//1478 1506//1490
f 1493//1488 1506//1490 1505//1489
f 1490//1478 1499//1483 1507//1491
f 1490//1478 1507//1491 1506//1490
f 1497//1482 1508//1492 1509//1493
f 1497//1482 1509//1493 1498//1483
f 1499//1483 1510//1493 1511//1494
f 1499//1483 1511//1494 1507//1491
f 1501//1465 1513//1495 1512//1496
f 1501//1465 1512//1496 1500//1466
f 1502//1487 1503//1486 1515//1497
f 1502//1487 1515//1497 1514//1495
f 1494//1467 1500//1466 1476//1474
f 1494//1467 1476//1474 1472//1457
f 1476//1474 1500//1466 1512//1496
f 1476//1474 1512//1496 1486//1475
f 1485//1476 1514//1495 1515//1497
f 1485//1476 1515//1497 1487//1477
f 1483//1472 1508//1492 1497//1482
f 1483//1472 1497//1482 1474//1460
f 1470//1455 1491//1480 1494//1467
f 1470//1455 1494//1467 1472//1457
f 1478//1462 1504//1485 1505//1489
f 1478//1462 1505//1489 1479//1468
f 1487//1477 1515//1497 1503//1486
f 1487//1477 1503//1486 1477//1461
f 1481//1470 1507//1491 1511//1494
f 1481//1470 1511//1494 1484//1473
f 1474//1460 1497//1482 1488//1481
f 1474//1460 1488//1481 1468//1454
f 1479//1468 1505//1489 1506//1490
f 1479//1468 1506//1490 1480//1469
f 1486//1475 1512//1496 1513//1495
f 1486//1475 1513//1495 1485//1476
f 1480//1469 1506//1490 1507//1491
f 1480//1469 1507//1491 1481//1470
f 1468//1454 1488//1481 1491//1480
f 1468//1454 1491//1480 1470//1455
f 1472//1457 1476//1474 1475//1463
f 1472//1457 1475//1463 1471//1458
f 1524//1498 1483//1472 1482//1471
f 1524//1498 1482//1471 1516//1499
f 1508//1492 1483//1472 1517//1500
f 1508//1492 1517//1500 1519//1501
f 1483//1472 1524//1498 1517//1500
f 1484//1473 1511//1494 1522//1502
f 1484//1473 1522//1502 1518//1503
f 1511//1494 1526//1504 1522//1502
f 1526//1504 1511//1494 1510//1493
f 1526//1504 1510//1493 1521//1505
f 1509//1493 1508//1492 1525//1506
f 1509//1493 1525//1506 1520//1505
f 1482//1471 1484//1473 1523//1507
f 1482//1471 1523//1507 1516//1499
f 1484//1473 1518//1503 1523//1507
f 1508//1492 1519//1501 1525//1506
f 1527//1508 1528//1509 1530//1510
f 1527//1508 1530//1510 1529//1511
f 1528//1509 1527//1508 1531//1512
f 1528//1509 1531//1512 1532//1513
f 1529//1511 1533//1514 1534//1515
f 1529//1511 1534//1515 1527//1508
f 1527//1508 1534//1515 1535//1516
f 1527//1508 1535//1516 1531//1512
f 1532//1513 1531//1512 1536//1517
f 1532//1513 1536//1517 1537//1518
f 1531//1512 1535//1516 1538//1519
f 1531//1512 1538//1519 1536//1517
f 1541//1520 1544//1521 1542//1522
f 1541//1520 1542//1522 1539//1523
f 1539//1523 1545//1524 1547//1525
f 1539//1523 1547//1525 1541//1520
f 1543//1521 1540//1520 1549//1526
f 1543//1521 1549//1526 1548//1527
f 1540//1520 1546//1528 1550//1529
f 1540//1520 1550//1529 1549//1526
f 1545//1524 1551//1530 1553//1531
f 1545//1524 1553//1531 1547//1525
f 1546//1528 1552//1532 1554//1533
f 1546//1528 1554//1533 1550//1529
f 1537//1518 1551//1530 1545//1524
f 1537//1518 1545//1524 1532//1513
f 1535//1516 1550//1529 1554//1533
f 1535//1516 1554//1533 1538//1519
f 1532//1513 1545//1524 1539//1523
f 1532//1513 1539//1523 1528//1509
f 1533//1514 1548//1527 1549//1526
f 1533//1514 1549//1526 1534//1515
f 1534//1515 1549//1526 1550//1529
f 1534//1515 1550//1529 1535//1516
f 1528//1509 1539//1523 1542//1522
f 1528//1509 1542//1522 1530//1510
f 1530//1510 1542//1522 1561//1534
f 1530//1510 1561//1534 1558//1535
f 1543//1521 1548//1527 1564//1536
f 1543//1521 1564//1536 1562//1537
f 1533//1514 1529//1511 1556//1538
f 1533//1514 1556//1538 1560//1539
f 1542//1522 1544//1521 1563//1537
f 1542//1522 1563//1537 1561//1534
f 1548//1527 1533//1514 1559//1540
f 1548//1527 1559//1540 1564//1536
f 1529//1511 1530//1510 1558//1535
f 1529//1511 1558//1535 1556//1538
f 1557//1541 1558//1535 1561//1534
f 1557//1541 1561//1534 1563//1537
f 1555//1542 1562//1537 1564//1536
f 1555//1542 1564//1536 1559//1540
f 1573//1543 1537//1518 1536//1517
f 1573//1543 1536//1517 1565//1544
f 1551//1530 1537//1518 1566//1545
f 1551//1530 1566//1545 1568//1546
f 1537//1518 1573//1543 1566//1545
f 1538//1519 1554//1533 1571//1547
f 1538//1519 1571//1547 1567//1548
f 1554//1533 1575//1549 1571//1547
f 1575//1549 1554//1533 1552//1532
f 1575//1549 1552//1532 1569//1550
f 1553//1531 1551//1530 1574//1551
f 1553//1531 1574//1551 1570//1552
f 1536//1517 1538//1519 1572//1553
f 1536//1517 1572//1553 1565//1544
f 1538//1519 1567//1548 1572//1553
f 1551//1530 1568//1546 1574//1551
f 1576//1554 1577//1555 1579//1556
f 1576//1554 1579//1556 1578//1557
f 1577//1555 1576//1554 1580//1558
f 1577//1555 1580//1558 1581//1559
f 1578//1557 1582//1560 1583//1561
f 1578//1557 1583//1561 1576//1554
f 1576//1554 1583//1561 1584//1562
f 1576//1554 1584//1562 1580//1558
f 1581//1559 1580//1558 1585//1563
f 1581//1559 1585//1563 1586//1564
f 1580//1558 1584//1562 1587//1565
f 1580//1558 1587//1565 1585//1563
f 1590//1566 1593//1567 1591//1568
f 1590//1566 1591//1568 1588//1569
f 1588//1569 1594//1570 1596//1571
f 1588//1569 1596//1571 1590//1566
f 1592//1572 1589//1566 1598//1573
f 1592//1572 1598//1573 1597//1574
f 1589//1566 1595//1575 1599//1576
f 1589//1566 1599//1576 1598//1573
f 1594//1570 1600//1577 1602//1578
f 1594//1570 1602//1578 1596//1571
f 1595//1575 1601//1579 1603//1580
f 1595//1575 1603//1580 1599//1576
f 1586//1564 1600//1577 1594//1570
f 1586//1564 1594//1570 1581//1559
f 1584//1562 1599//1576 1603//1580
f 1584//1562 1603//1580 1587//1565
f 1581//1559 1594//1570 1588//1569
f 1581//1559 1588//1569 1577//1555
f 1582//1560 1597//1574 1598//1573
f 1582//1560 1598//1573 1583//1561
f 1583//1561 1598//1573 1599//1576
f 1583//1561 1599//1576 1584//1562
f 1577//1555 1588//1569 1591//1568
f 1577//1555 1591//1568 1579//1556
f 1579//1556 1591//1568 1607//1581
f 1579//1556 1607//1581 1605//1582
f 1592//1572 1597//1574 1610//1583
f 1592//1572 1610//1583 1608//1584
f 1582//1560 1578//1557 1604//1585
f 1582//1560 1604//1585 1606//1586
f 1591//1568 1593//1567 1609//1587
f 1591//1568 1609//1587 1607//1581
f 1597//1574 1582//1560 1606//1586
f 1597//1574 1606//1586 1610//1583
f 1578//1557 1579//1556 1605//1582
f 1578//1557 1605//1582 1604//1585
f 1604//1585 1605//1582 1607//1581
f 1604//1585 1607//1581 1609//1587
f 1604//1585 1608//1584 1610//1583
f 1604//1585 1610//1583 1606//1586
f 1619//1588 1586//1564 1585//1563
f 1619//1588 1585//1563 1611//1589
f 1600//1577 1586//1564 1612//1590
f 1600//1577 1612//1590 1614//1591
f 1586//1564 1619//1588 1612//1590
f 1587//1565 1603//1580 1617//1592
f 1587//1565 1617//1592 1613//1593
f 1603//1580 1621//1594 1617//1592
f 1621//1594 1603//1580 1601//1579
f 1621//1594 1601//1579 1615//1595
f 1602//1578 1600//1577 1620//1596
f 1602//1578 1620//1596 1616//1597
f 1585//1563 1587//1565 1618//1598
f 1585//1563 1618//1598 1611//1589
f 1587//1565 1613//1593 1618//1598
f 1600//1577 1614//1591 1620//1596
f 1622//1599 1623//1600 1625//1601
f 1622//1599 1625//1601 1624//1602
f 1624//1602 1625//1601 1627//1603
f 1624//1602 1627//1603 1626//1604
f 1623//1600 1622//1599 1628//1605
f 1623//1600 1628//1605 1629//1606
f 1632//1607 1633//1608 1626//1604
f 1632//1607 1626//1604 1630//1609
f 1651//1610 1657//1611 1655//1612
f 1651//1610 1655//1612 1649//1613
f 1626//1604 1633//1608 1634//1614
f 1626//1604 1634//1614 1624//1602
f 1624//1602 1634//1614 1635//1615
f 1624//1602 1635//1615 1622//1599
f 1622//1599 1635//1615 1636//1616
f 1622//1599 1636//1616 1628//1605
f 1629//1606 1628//1605 1637//1617
f 1629//1606 1637//1617 1638//1618
f 1628//1605 1636//1616 1639//1619
f 1628//1605 1639//1619 1637//1617
f 1630//1609 1631//1620 1641//1621
f 1630//1609 1641//1621 1640//1622
f 1630//1609 1640//1622 1642//1623
f 1630//1609 1642//1623 1632//1607
f 1645//1624 1648//1625 1646//1626
f 1645//1624 1646//1626 1643//1627
f 1648//1625 1651//1610 1649//1613
f 1648//1625 1649//1613 1646//1626
f 1643//1627 1652//1628 1654//1629
f 1643//1627 1654//1629 1645//1624
f 1650//1630 1659//1631 1658//1632
f 1650//1630 1658//1632 1656//1633
f 1632//1607 1658//1632 1659//1631
f 1632//1607 1659//1631 1633//1608
f 1650//1630 1647//1634 1660//1635
f 1650//1630 1660//1635 1659//1631
f 1647//1634 1644//1636 1661//1637
f 1647//1634 1661//1637 1660//1635
f 1644//1636 1653//1638 1662//1639
f 1644//1636 1662//1639 1661//1637
f 1652//1628 1663//1640 1665//1641
f 1652//1628 1665//1641 1654//1629
f 1653//1638 1664//1642 1666//1643
f 1653//1638 1666//1643 1662//1639
f 1657//1611 1669//1644 1667//1645
f 1657//1611 1667//1645 1655//1612
f 1656//1633 1658//1632 1670//1646
f 1656//1633 1670//1646 1668//1644
f 1649//1613 1655//1612 1631//1620
f 1649//1613 1631//1620 1627//1603
f 1631//1620 1655//1612 1667//1645
f 1631//1620 1667//1645 1641//1621
f 1640//1622 1668//1644 1670//1646
f 1640//1622 1670//1646 1642//1623
f 1638//1618 1663//1640 1652//1628
f 1638//1618 1652//1628 1629//1606
f 1625//1601 1646//1626 1649//1613
f 1625//1601 1649//1613 1627//1603
f 1633//1608 1659//1631 1660//1635
f 1633//1608 1660//1635 1634//1614
f 1642//1623 1670//1646 1658//1632
f 1642//1623 1658//1632 1632//1607
f 1636//1616 1662//1639 1666//1643
f 1636//1616 1666//1643 1639//1619
f 1629//1606 1652//1628 1643//1627
f 1629//1606 1643//1627 1623//1600
f 1634//1614 1660//1635 1661//1637
f 1634//1614 1661//1637 1635//1615
f 1641//1621 1667//1645 1669//1644
f 1641//1621 1669//1644 1640//1622
f 1635//1615 1661//1637 1662//1639
f 1635//1615 1662//1639 1636//1616
f 1623//1600 1643//1627 1646//1626
f 1623//1600 1646//1626 1625//1601
f 1627//1603 1631//1620 1630//1609
f 1627//1603 1630//1609 1626//1604
f 1679//1647 1638//1618 1637//1617
f 1679//1647 1637//1617 1671//1648
f 1663//1640 1638//1618 1672//1649
f 1663//1640 1672//1649 1674//1650
f 1638//1618 1679//1647 1672//1649
f 1639//1619 1666//1643 1677//1651
f 1639//1619 1677//1651 1673//1652
f 1666//1643 1681//1653 1677//1651
f 1681//1653 1666//1643 1664//1642
f 1681//1653 1664//1642 1675//1654
f 1665//1641 1663//1640 1680//1655
f 1665//1641 1680//1655 1676//1654
f 1637//1617 1639//1619 1678//1656
f 1637//1617 1678//1656 1671//1648
f 1639//1619 1673//1652 1678//1656
f 1663//1640 1674//1650 1680//1655
f 1682//1657 1683//1658 1685//1659
f 1682//1657 1685//1659 1684//1660
f 1683//1658 1682//1657 1686//1661
f 1683//1658 1686//1661 1687//1662
f 1684//1660 1688//1663 1689//1664
f 1684//1660 1689//1664 1682//1657
f 1682//1657 1689//1664 1690//1665
f 1682//1657 1690//1665 1686//1661
f 1687//1662 1686//1661 1691//1666
f 1687//1662 1691//1666 1692//1667
f 1686//1661 1690//1665 1693//1668
f 1686//1661 1693//1668 1691//1666
f 1695//1669 1698//1670 1697//1671
f 1695//1669 1697//1671 1694//1672
f 1694//1672 1701//1673 1702//1674
f 1694//1672 1702//1674 1695//1669
f 1705//1675 1700//1676 1707//1677
f 1705//1675 1707//1677 1716//1678
f 1684//1660 1685//1659 1715//1679
f 1684//1660 1715//1679 1716//1678
f 1699//1670 1708//1680 1700//1676
f 1699//1670 1700//1676 1705//1675
f 1699//1670 1696//1669 1709//1681
f 1699//1670 1709//1681 1708//1680
f 1696//1669 1703//1682 1710//1683
f 1696//1669 1710//1683 1709//1681
f 1701//1673 1711//1684 1712//1685
f 1701//1673 1712//1685 1702//1674
f 1703//1682 1713//1686 1714//1687
f 1703//1682 1714//1687 1710//1683
f 1685//1659 1697//1671 1706//1688
f 1685//1659 1706//1688 1715//1679
f 1697//1671 1698//1670 1704//1689
f 1697//1671 1704//1689 1706//1688
f 1692//1667 1711//1684 1701//1673
f 1692//1667 1701//1673 1687//1662
f 1688//1663 1684//1660 1716//1678
f 1688//1663 1716//1678 1707//1677
f 1708//1680 1688//1663 1707//1677
f 1708//1680 1707//1677 1700//1676
f 1690//1665 1710//1683 1714//1687
f 1690//1665 1714//1687 1693//1668
f 1687//1662 1701//1673 1694//1672
f 1687//1662 1694//1672 1683//1658
f 1688//1663 1708//1680 1709//1681
f 1688//1663 1709//1681 1689//1664
f 1689//1664 1709//1681 1710//1683
f 1689//1664 1710//1683 1690//1665
f 1683//1658 1694//1672 1697//1671
f 1683//1658 1697//1671 1685//1659
f 1716//1678 1715//1679 1706//1688
f 1716//1678 1706//1688 1704//1689
f 1725//1690 1692//1667 1691//1666
f 1725//1690 1691//1666 1717//1691
f 1711//1684 1692//1667 1718//1692
f 1711//1684 1718//1692 1720//1693
f 1692//1667 1725//1690 1718//1692
f 1693//1668 1714//1687 1723//1694
f 1693//1668 1723//1694 1719//1695
f 1714//1687 1727//1696 1723//1694
f 1727//1696 1714//1687 1713//1686
f 1727//1696 1713//1686 1722//1697
f 1712//1685 1711//1684 1726//1698
f 1712//1685 1726//1698 1721//1699
f 1691//1666 1693//1668 1724//1700
f 1691//1666 1724//1700 1717//1691
f 1693//1668 1719//1695 1724//1700
f 1711//1684 1720//1693 1726//1698
f 1728//1701 1729//1702 1731//1703
f 1728//1701 1731//1703 1730//1704
f 1730//1704 1731//1703 1733//1705
f 1730//1704 1733//1705 1732//1706
f 1729//1702 1728//1701 1734//1707
f 1729//1702 1734//1707 1735//1708
f 1738//1709 1739//1710 1732//1706
f 1738//1709 1732//1706 1736//1711
f 1756//1712 1762//1713 1761//1714
f 1756//1712 1761//1714 1755//1715
f 1732//1706 1739//1710 1740//1716
f 1732//1706 1740//1716 1730//1704
f 1730//1704 1740//1716 1741//1717
f 1730//1704 1741//1717 1728//1701
f 1728//1701 1741//1717 1742//1718
f 1728//1701 1742//1718 1734//1707
f 1735//1708 1734//1707 1743//1719
f 1735//1708 1743//1719 1744//1720
f 1734//1707 1742//1718 1745//1721
f 1734//1707 1745//1721 1743//1719
f 1736//1711 1737//1722 1747//1723
f 1736//1711 1747//1723 1746//1724
f 1736//1711 1746//1724 1748//1725
f 1736//1711 1748//1725 1738//1709
f 1750//1726 1753//1727 1752//1728
f 1750//1726 1752//1728 1749//1729
f 1753//1727 1756//1712 1755//1715
f 1753//1727 1755//1715 1752//1728
f 1749//1729 1758//1730 1759//1731
f 1749//1729 1759//1731 1750//1726
f 1757//1712 1765//1732 1764//1733
f 1757//1712 1764//1733 1763//1734
f 1738//1709 1764//1733 1765//1732
f 1738//1709 1765//1732 1739//1710
f 1757//1712 1754//1735 1766//1736
f 1757//1712 1766//1736 1765//1732
f 1754//1735 1751//1726 1767//1737
f 1754//1735 1767//1737 1766//1736
f 1751//1726 1760//1738 1768//1739
f 1751//1726 1768//1739 1767//1737
f 1758//1730 1769//1740 1770//1741
f 1758//1730 1770//1741 1759//1731
f 1760//1738 1771//1742 1772//1743
f 1760//1738 1772//1743 1768//1739
f 1762//1713 1774//1744 1773//1745
f 1762//1713 1773//1745 1761//1714
f 1763//1734 1764//1733 1776//1746
f 1763//1734 1776//1746 1775//1747
f 1755//1715 1761//1714 1737//1722
f 1755//1715 1737//1722 1733//1705
f 1737//1722 1761//1714 1773//1745
f 1737//1722 1773//1745 1747//1723
f 1746//1724 1775//1747 1776//1746
f 1746//1724 1776//1746 1748//1725
f 1744//1720 1769//1740 1758//1730
f 1744//1720 1758//1730 1735//1708
f 1731//1703 1752//1728 1755//1715
f 1731//1703 1755//1715 1733//1705
f 1739//1710 1765//1732 1766//1736
f 1739//1710 1766//1736 1740//1716
f 1748//1725 1776//1746 1764//1733
f 1748//1725 1764//1733 1738//1709
f 1742//1718 1768//1739 1772//1743
f 1742//1718 1772//1743 1745//1721
f 1735//1708 1758//1730 1749//1729
f 1735//1708 1749//1729 1729//1702
f 1740//1716 1766//1736 1767//1737
f 1740//1716 1767//1737 1741//1717
f 1747//1723 1773//1745 1774//1744
f 1747//1723 1774//1744 1746//1724
f 1741//1717 1767//1737 1768//1739
f 1741//1717 1768//1739 1742//1718
f 1729//1702 1749//1729 1752//1728
f 1729//1702 1752//1728 1731//1703
f 1733//1705 1737//1722 1736//1711
f 1733//1705 1736//1711 1732//1706
f 1785//1748 1744//1720 1743//1719
f 1785//1748 1743//1719 1777//1749
f 1769//1740 1744//1720 1778//1750
f 1769//1740 1778//1750 1780//1751
f 1744//1720 1785//1748 1778//1750
f 1745//1721 1772//1743 1783//1752
f 1745//1721 1783//1752 1779//1753
f 1772//1743 1787//1754 1783//1752
f 1787//1754 1772//1743 1771//1742
f 1787//1754 1771//1742 1782//1755
f 1770//1741 1769//1740 1786//1756
f 1770//1741 1786//1756 1781//1757
f 1743//1719 1745//1721 1784//1758
f 1743//1719 1784//1758 1777//1749
f 1745//1721 1779//1753 1784//1758
f 1769//1740 1780//1751 1786//1756
f 1788//1759 1789//1760 1791//1761
f 1788//1759 1791//1761 1790//1762
f 1790//1762 1791//1761 1793//1763
f 1790//1762 1793//1763 1792//1764
f 1789//1760 1788//1759 1794//1765
f 1789//1760 1794//1765 1795//1766
f 1798//1767 1799//1768 1792//1764
f 1798//1767 1792//1764 1796//1769
f 1817//1770 1823//1771 1821//1772
f 1817//1770 1821//1772 1815//1773
f 1792//1764 1799//1768 1800//1774
f 1792//1764 1800//1774 1790//1762
f 1790//1762 1800//1774 1801//1775
f 1790//1762 1801//1775 1788//1759
f 1788//1759 1801//1775 1802//1776
f 1788//1759 1802//1776 1794//1765
f 1795//1766 1794//1765 1803//1777
f 1795//1766 1803//1777 1804//1778
f 1794//1765 1802//1776 1805//1779
f 1794//1765 1805//1779 1803//1777
f 1796//1769 1797//1780 1807//1781
f 1796//1769 1807//1781 1806//1782
f 1796//1769 1806//1782 1808//1783
f 1796//1769 1808//1783 1798//1767
f 1811//1784 1814//1785 1812//1786
f 1811//1784 1812//1786 1809//1787
f 1814//1785 1817//1770 1815//1773
f 1814//1785 1815//1773 1812//1786
f 1809//1787 1818//1788 1820//1789
f 1809//1787 1820//1789 1811//1784
f 1816//1790 1825//1791 1824//1792
f 1816//1790 1824//1792 1822//1793
f 1798//1767 1824//1792 1825//1791
f 1798//1767 1825//1791 1799//1768
f 1816//1790 1813//1794 1826//1795
f 1816//1790 1826//1795 1825//1791
f 1813//1794 1810//1784 1827//1796
f 1813//1794 1827//1796 1826//1795
f 1810//1784 1819//1789 1828//1797
f 1810//1784 1828//1797 1827//1796
f 1818//1788 1829//1798 1831//1799
f 1818//1788 1831//1799 1820//1789
f 1819//1789 1830//1799 1832//1800
f 1819//1789 1832//1800 1828//1797
f 1823//1771 1835//1801 1833//1802
f 1823//1771 1833//1802 1821//1772
f 1822//1793 1824//1792 1836//1803
f 1822//1793 1836//1803 1834//1804
f 1815//1773 1821//1772 1797//1780
f 1815//1773 1797//1780 1793//1763
f 1797//1780 1821//1772 1833//1802
f 1797//1780 1833//1802 1807//1781
f 1806//1782 1834//1804 1836//1803
f 1806//1782 1836//1803 1808//1783
f 1804//1778 1829//1798 1818//1788
f 1804//1778 1818//1788 1795//1766
f 1791//1761 1812//1786 1815//1773
f 1791//1761 1815//1773 1793//1763
f 1799//1768 1825//1791 1826//1795
f 1799//1768 1826//1795 1800//1774
f 1808//1783 1836//1803 1824//1792
f 1808//1783 1824//1792 1798//1767
f 1802//1776 1828//1797 1832//1800
f 1802//1776 1832//1800 1805//1779
f 1795//1766 1818//1788 1809//1787
f 1795//1766 1809//1787 1789//1760
f 1800//1774 1826//1795 1827//1796
f 1800//1774 1827//1796 1801//1775
f 1807//1781 1833//1802 1835//1801
f 1807//1781 1835//1801 1806//1782
f 1801//1775 1827//1796 1828//1797
f 1801//1775 1828//1797 1802//1776
f 1789//1760 1809//1787 1812//1786
f 1789//1760 1812//1786 1791//1761
f 1793//1763 1797//1780 1796//1769
f 1793//1763 1796//1769 1792//1764
f 1845//1805 1804//1778 1803//1777
f 1845//1805 1803//1777 1837//1806
f 1829//1798 1804//1778 1838//1807
f 1829//1798 1838//1807 1840//1808
f 1804//1778 1845//1805 1838//1807
f 1805//1779 1832//1800 1843//1809
f 1805//1779 1843//1809 1839//1810
f 1832//1800 1847//1811 1843//1809
f 1847//1811 1832//1800 1830//1799
f 1847//1811 1830//1799 1841//1812
f 1831//1799 1829//1798 1846//1813
f 1831//1799 1846//1813 1842//1814
f 1803//1777 1805//1779 1844//1815
f 1803//1777 1844//1815 1837//1806
f 1805//1779 1839//1810 1844//1815
f 1829//1798 1840//1808 1846//1813
f 1848//1816 1849//1817 1851//1818
f 1848//1816 1851//1818 1850//1819
f 1849//1817 1848//1816 1852//1820
f 1849//1817 1852//1820 1853//1821
f 1850//1819 1854//1822 1855//1823
f 1850//1819 1855//1823 1848//1816
f 1848//1816 1855//1823 1856//1824
f 1848//1816 1856//1824 1852//1820
f 1853//1821 1852//1820 1857//1825
f 1853//1821 1857//1825 1858//1826
f 1852//1820 1856//1824 1859//1827
f 1852//1820 1859//1827 1857//1825
f 1862//1828 1865//1829 1863//1830
f 1862//1828 1863//1830 1860//1831
f 1860//1831 1867//1832 1869//1833
f 1860//1831 1869//1833 1862//1828
f 1870//1834 1866//1835 1873//1836
f 1870//1834 1873//1836 1882//1837
f 1850//1819 1851//1818 1881//1838
f 1850//1819 1881//1838 1882//1837
f 1864//1829 1874//1839 1866//1835
f 1864//1829 1866//1835 1870//1834
f 1864//1829 1861//1840 1875//1841
f 1864//1829 1875//1841 1874//1839
f 1861//1840 1868//1842 1876//1843
f 1861//1840 1876//1843 1875//1841
f 1867//1832 1877//1844 1879//1845
f 1867//1832 1879//1845 1869//1833
f 1868//1842 1878//1846 1880//1847
f 1868//1842 1880//1847 1876//1843
f 1851//1818 1863//1830 1872//1848
f 1851//1818 1872//1848 1881//1838
f 1863//1830 1865//1829 1871//1849
f 1863//1830 1871//1849 1872//1848
f 1858//1826 1877//1844 1867//1832
f 1858//1826 1867//1832 1853//1821
f 1854//1822 1850//1819 1882//1837
f 1854//1822 1882//1837 1873//1836
f 1874//1839 1854//1822 1873//1836
f 1874//1839 1873//1836 1866//1835
f 1856//1824 1876//1843 1880//1847
f 1856//1824 1880//1847 1859//1827
f 1853//1821 1867//1832 1860//1831
f 1853//1821 1860//1831 1849//1817
f 1854//1822 1874//1839 1875//1841
f 1854//1822 1875//1841 1855//1823
f 1855//1823 1875//1841 1876//1843
f 1855//1823 1876//1843 1856//1824
f 1849//1817 1860//1831 1863//1830
f 1849//1817 1863//1830 1851//1818
f 1882//1837 1881//1838 1872//1848
f 1882//1837 1872//1848 1871//1849
f 1891//1850 1858//1826 1857//1825
f 1891//1850 1857//1825 1883//1851
f 1877//1844 1858//1826 1884//1852
f 1877//1844 1884//1852 1886//1853
f 1858//1826 1891//1850 1884//1852
f 1859//1827 1880//1847 1889//1854
f 1859//1827 1889//1854 1885//1855
f 1880//1847 1893//1856 1889//1854
f 1893//1856 1880//1847 1878//1846
f 1893//1856 1878//1846 1887//1857
f 1879//1845 1877//1844 1892//1858
f 1879//1845 1892//1858 1888//1859
f 1857//1825 1859//1827 1890//1860
f 1857//1825 1890//1860 1883//1851
f 1859//1827 1885//1855 1890//1860
f 1877//1844 1886//1853 1892//1858
f 1894//1861 1895//1862 1897//1863
f 1894//1861 1897//1863 1896//1864
f 1896//1864 1897//1863 1899//1865
f 1896//1864 1899//1865 1898//1866
f 1895//1862 1894//1861 1900//1867
f 1895//1862 1900//1867 1901//1868
f 1904//1869 1905//1870 1898//1866
f 1904//1869 1898//1866 1902//1871
f 1922//1872 1928//1873 1927//1874
f 1922//1872 1927//1874 1921//1875
f 1898//1866 1905//1870 1906//1876
f 1898//1866 1906//1876 1896//1864
f 1896//1864 1906//1876 1907//1877
f 1896//1864 1907//1877 1894//1861
f 1894//1861 1907//1877 1908//1878
f 1894//1861 1908//1878 1900//1867
f 1901//1868 1900//1867 1909//1879
f 1901//1868 1909//1879 1910//1880
f 1900//1867 1908//1878 1911//1881
f 1900//1867 1911//1881 1909//1879
f 1902//1871 1903//1882 1913//1883
f 1902//1871 1913//1883 1912//1884
f 1902//1871 1912//1884 1914//1885
f 1902//1871 1914//1885 1904//1869
f 1916//1886 1919//1887 1918//1888
f 1916//1886 1918//1888 1915//1889
f 1919//1887 1922//1872 1921//1875
f 1919//1887 1921//1875 1918//1888
f 1915//1889 1924//1890 1925//1891
f 1915//1889 1925//1891 1916//1886
f 1923//1892 1931//1893 1930//1894
f 1923//1892 1930//1894 1929//1895
f 1904//1869 1930//1894 1931//1893
f 1904//1869 1931//1893 1905//1870
f 1923//1892 1920//1896 1932//1897
f 1923//1892 1932//1897 1931//1893
f 1920//1896 1917//1898 1933//1899
f 1920//1896 1933//1899 1932//1897
f 1917//1898 1926//1900 1934//1901
f 1917//1898 1934//1901 1933//1899
f 1924//1890 1935//1902 1936//1903
f 1924//1890 1936//1903 1925//1891
f 1926//1900 1937//1904 1938//1905
f 1926//1900 1938//1905 1934//1901
f 1928//1873 1940//1906 1939//1907
f 1928//1873 1939//1907 1927//1874
f 1929//1895 1930//1894 1942//1908
f 1929//1895 1942//1908 1941//1909
f 1921//1875 1927//1874 1903//1882
f 1921//1875 1903//1882 1899//1865
f 1903//1882 1927//1874 1939//1907
f 1903//1882 1939//1907 1913//1883
f 1912//1884 1941//1909 1942//1908
f 1912//1884 1942//1908 1914//1885
f 1910//1880 1935//1902 1924//1890
f 1910//1880 1924//1890 1901//1868
f 1897//1863 1918//1888 1921//1875
f 1897//1863 1921//1875 1899//1865
f 1905//1870 1931//1893 1932//1897
f 1905//1870 1932//1897 1906//1876
f 1914//1885 1942//1908 1930//1894
f 1914//1885 1930//1894 1904//1869
f 1908//1878 1934//1901 1938//1905
f 1908//1878 1938//1905 1911//1881
f 1901//1868 1924//1890 1915//1889
f 1901//1868 1915//1889 1895//1862
f 1906//1876 1932//1897 1933//1899
f 1906//1876 1933//1899 1907//1877
f 1913//1883 1939//1907 1940//1906
f 1913//1883 1940//1906 1912//1884
f 1907//1877 1933//1899 1934//1901
f 1907//1877 1934//1901 1908//1878
f 1895//1862 1915//1889 1918//1888
f 1895//1862 1918//1888 1897//1863
f 1899//1865 1903//1882 1902//1871
f 1899//1865 1902//1871 1898//1866
f 1951//1910 1910//1880 1909//1879
f 1951//1910 1909//1879 1943//1911
f 1935//1902 1910//1880 1944//1912
f 1935//1902 1944//1912 1946//1913
f 1910//1880 1951//1910 1944//1912
f 1911//1881 1938//1905 1949//1914
f 1911//1881 1949//1914 1945//1915
f 1938//1905 1953//1916 1949//1914
f 1953//1916 1938//1905 1937//1904
f 1953//1916 1937//1904 1948//1917
f 1936//1903 1935//1902 1952//1918
f 1936//1903 1952//1918 1947//1919
f 1909//1879 1911//1881 1950//1920
f 1909//1879 1950//1920 1943//1911
f 1911//1881 1945//1915 1950//1920
f 1935//1902 1946//1913 1952//1918
f 1954//1921 1955//1922 1957//1923
f 1954//1921 1957//1923 1956//1924
f 1956//1924 1957//1923 1959//1925
f 1956//1924 1959//1925 1958//1926
f 1955//1922 1954//1921 1960//1927
f 1955//1922 1960//1927 1961//1928
f 1964//1929 1965//1930 1958//1926
f 1964//1929 1958//1926 1962//1931
f 1983//1932 1989//1933 1987//1934
f 1983//1932 1987//1934 1981//1935
f 1958//1926 1965//1930 1966//1936
f 1958//1926 1966//1936 1956//1924
f 1956//1924 1966//1936 1967//1937
f 1956//1924 1967//1937 1954//1921
f 1954//1921 1967//1937 1968//1938
f 1954//1921 1968//1938 1960//1927
f 1961//1928 1960//1927 1969//1939
f 1961//1928 1969//1939 1970//1940
f 1960//1927 1968//1938 1971//1941
f 1960//1927 1971//1941 1969//1939
f 1962//1931 1963//1942 1973//1943
f 1962//1931 1973//1943 1972//1944
f 1962//1931 1972//1944 1974//1945
f 1962//1931 1974//1945 1964//1929
f 1977//1946 1980//1947 1978//1948
f 1977//1946 1978//1948 1975//1949
f 1980//1947 1983//1932 1981//1935
f 1980//1947 1981//1935 1978//1948
f 1975//1949 1984//1950 1986//1951
f 1975//1949 1986//1951 1977//1946
f 1982//1952 1991//1953 1990//1954
f 1982//1952 1990//1954 1988//1955
f 1964//1929 1990//1954 1991//1953
f 1964//1929 1991//1953 1965//1930
f 1982//1952 1979//1956 1992//1957
f 1982//1952 1992//1957 1991//1953
f 1979//1956 1976//1958 1993//1959
f 1979//1956 1993//1959 1992//1957
f 1976//1958 1985//1951 1994//1960
f 1976//1958 1994//1960 1993//1959
f 1984//1950 1995//1961 1997//1962
f 1984//1950 1997//1962 1986//1951
f 1985//1951 1996//1963 1998//1964
f 1985//1951 1998//1964 1994//1960
f 1989//1933 2001//1965 1999//1966
f 1989//1933 1999//1966 1987//1934
f 1988//1955 1990//1954 2002//1967
f 1988//1955 2002//1967 2000//1968
f 1981//1935 1987//1934 1963//1942
f 1981//1935 1963//1942 1959//1925
f 1963//1942 1987//1934 1999//1966
f 1963//1942 1999//1966 1973//1943
f 1972//1944 2000//1968 2002//1967
f 1972//1944 2002//1967 1974//1945
f 1970//1940 1995//1961 1984//1950
f 1970//1940 1984//1950 1961//1928
f 1957//1923 1978//1948 1981//1935
f 1957//1923 1981//1935 1959//1925
f 1965//1930 1991//1953 1992//1957
f 1965//1930 1992//1957 1966//1936
f 1974//1945 2002//1967 1990//1954
f 1974//1945 1990//1954 1964//1929
f 1968//1938 1994//1960 1998//1964
f 1968//1938 1998//1964 1971//1941
f 1961//1928 1984//1950 1975//1949
f 1961//1928 1975//1949 1955//1922
f 1966//1936 1992//1957 1993//1959
f 1966//1936 1993//1959 1967//1937
f 1973//1943 1999//1966 2001//1965
f 1973//1943 2001//1965 1972//1944
f 1967//1937 1993//1959 1994//1960
f 1967//1937 1994//1960 1968//1938
f 1955//1922 1975//1949 1978//1948
f 1955//1922 1978//1948 1957//1923
f 1959//1925 1963//1942 1962//1931
f 1959//1925 1962//1931 1958//1926
f 2011//1969 1970//1940 1969//1939
f 2011//1969 1969//1939 2003//1970
f 1995//1961 1970//1940 2004//1971
f 1995//1961 2004//1971 2006//1972
f 1970//1940 2011//1969 2004//1971
f 1971//1941 1998//1964 2009//1973
f 1971//1941 2009//1973 2005//1974
f 1998//1964 2013//1975 2009//1973
f 2013//1975 1998//1964 1996//1963
f 2013//1975 1996//1963 2007//1976
f 1997//1962 1995//1961 2012//1977
f 1997//1962 2012//1977 2008//1976
f 1969//1939 1971//1941 2010//1978
f 1969//1939 2010//1978 2003//1970
f 1971//1941 2005//1974 2010//1978
f 1995//1961 2006//1972 2012//1977
f 2035//1979 2036//1980 2014//1981
f 2035//1979 2014//1981 2015//1982
f 2036//1980 2037//1983 2016//1984
f 2036//1980 2016//1984 2014//1981
f 2034//1985 2033//1986 2017//1987
f 2034//1985 2017//1987 2018//1988
f 2033//1986 2027//1989 2019//1990
f 2033//1986 2019//1990 2017//1987
f 2038//1991 2020//1992 2022//1993
f 2038//1991 2022//1993 2041//1994
f 2039//1994 2021//1995 2028//1996
f 2039//1994 2028//1996 2042//1997
f 2026//1998 2029//1999 2031//2000
f 2026//1998 2031//2000 2025//2001
f 2024//2002 2030//2003 2032//2004
f 2024//2002 2032//2004 2023//2005
f 2034//1985 2026//1998 2020//1992
f 2034//1985 2020//1992 2015//1982
f 2027//1989 2023//2005 2032//2004
f 2027//1989 2032//2004 2019//1990
f 2037//1983 2042//1997 2028//1996
f 2037//1983 2028//1996 2016//1984
f 2015//1982 2014//1981 2033//1986
f 2015//1982 2033//1986 2034//1985
f 2014//1981 2016//1984 2027//1989
f 2014//1981 2027//1989 2033//1986
f 2015//1982 2020//1992 2038//1991
f 2015//1982 2038//1991 2035//1979
f 2020//1992 2026//1998 2025//2001
f 2020//1992 2025//2001 2022//1993
f 2021//1995 2024//2002 2023//2005
f 2021//1995 2023//2005 2028//1996
f 2018//1988 2029//1999 2026//1998
f 2018//1988 2026//1998 2034//1985
f 2016//1984 2028//1996 2023//2005
f 2016//1984 2023//2005 2027//1989
f 2035//1979 2038//1991 2040//2006
f 2035//1979 2040//2006 2036//1980
f 2037//1983 2036//1980 2040//2006
f 2037//1983 2040//2006 2042//1997
f 2051//2007 2018//1988 2017//1987
f 2051//2007 2017//1987 2043//2008
f 2029//1999 2018//1988 2044//2009
f 2029//1999 2044//2009 2046//2010
f 2018//1988 2051//2007 2044//2009
f 2019//1990 2032//2004 2049//2011
f 2019//1990 2049//2011 2045//2012
f 2032//2004 2053//2013 2049//2011
f 2053//2013 2032//2004 2030//2003
f 2053//2013 2030//2003 2047//2014
f 2031//2000 2029//1999 2052//2015
f 2031//2000 2052//2015 2048//2016
f 2017//1987 2019//1990 2050//2017
f 2017//1987 2050//2017 2043//2008
f 2019//1990 2045//2012 2050//2017
f 2029//1999 2046//2010 2052//2015
f 2054//2018 2055//2019 2057//2020
f 2054//2018 2057//2020 2056//2021
f 2056//2021 2057//2020 2059//2022
f 2056//2021 2059//2022 2058//2023
f 2055//2019 2054//2018 2060//2024
f 2055//2019 2060//2024 2061//2025
f 2064//2026 2065//2027 2058//2023
f 2064//2026 2058//2023 2062//2028
f 2082//2029 2088//2030 2087//2031
f 2082//2029 2087//2031 2081//2032
f 2058//2023 2065//2027 2066//2033
f 2058//2023 2066//2033 2056//2021
f 2056//2021 2066//2033 2067//2034
f 2056//2021 2067//2034 2054//2018
f 2054//2018 2067//2034 2068//2035
f 2054//2018 2068//2035 2060//2024
f 2061//2025 2060//2024 2069//2036
f 2061//2025 2069//2036 2070//2037
f 2060//2024 2068//2035 2071//2038
f 2060//2024 2071//2038 2069//2036
f 2062//2028 2063//2039 2073//2040
f 2062//2028 2073//2040 2072//2041
f 2062//2028 2072//2041 2074//2042
f 2062//2028 2074//2042 2064//2026
f 2076//2043 2079//2044 2078//2045
f 2076//2043 2078//2045 2075//2046
f 2079//2044 2082//2029 2081//2032
f 2079//2044 2081//2032 2078//2045
f 2075//2046 2084//2047 2085//2048
f 2075//2046 2085//2048 2076//2043
f 2083//2049 2091//2050 2090//2051
f 2083//2049 2090//2051 2089//2052
f 2064//2026 2090//2051 2091//2050
f 2064//2026 2091//2050 2065//2027
f 2083//2049 2080//2053 2092//2054
f 2083//2049 2092//2054 2091//2050
f 2080//2053 2077//2043 2093//2055
f 2080//2053 2093//2055 2092//2054
f 2077//2043 2086//2048 2094//2056
f 2077//2043 2094//2056 2093//2055
f 2084//2047 2095//2057 2096//2058
f 2084//2047 2096//2058 2085//2048
f 2086//2048 2097//2059 2098//2060
f 2086//2048 2098//2060 2094//2056
f 2088//2030 2100//2061 2099//2062
f 2088//2030 2099//2062 2087//2031
f 2089//2052 2090//2051 2102//2063
f 2089//2052 2102//2063 2101//2061
f 2081//2032 2087//2031 2063//2039
f 2081//2032 2063//2039 2059//2022
f 2063//2039 2087//2031 2099//2062
f 2063//2039 2099//2062 2073//2040
f 2072//2041 2101//2061 2102//2063
f 2072//2041 2102//2063 2074//2042
f 2070//2037 2095//2057 2084//2047
f 2070//2037 2084//2047 2061//2025
f 2057//2020 2078//2045 2081//2032
f 2057//2020 2081//2032 2059//2022
f 2065//2027 2091//2050 2092//2054
f 2065//2027 2092//2054 2066//2033
f 2074//2042 2102//2063 2090//2051
f 2074//2042 2090//2051 2064//2026
f 2068//2035 2094//2056 2098//2060
f 2068//2035 2098//2060 2071//2038
f 2061//2025 2084//2047 2075//2046
f 2061//2025 2075//2046 2055//2019
f 2066//2033 2092//2054 2093//2055
f 2066//2033 2093//2055 2067//2034
f 2073//2040 2099//2062 2100//2061
f 2073//2040 2100//2061 2072//2041
f 2067//2034 2093//2055 2094//2056
f 2067//2034 2094//2056 2068//2035
f 2055//2019 2075//2046 2078//2045
f 2055//2019 2078//2045 2057//2020
f 2059//2022 2063//2039 2062//2028
f 2059//2022 2062//2028 2058//2023
f 2111//2064 2070//2037 2069//2036
f 2111//2064 2069//2036 2103//2065
f 2095//2057 2070//2037 2104//2066
f 2095//2057 2104//2066 2106//2067
f 2070//2037 2111//2064 2104//2066
f 2071//2038 2098//2060 2109//2068
f 2071//2038 2109//2068 2105//2069
f 2098//2060 2113//2070 2109//2068
f 2113//2070 2098//2060 2097//2059
f 2113//2070 2097//2059 2108//2071
f 2096//2058 2095//2057 2112//2072
f 2096//2058 2112//2072 2107//2073
f 2069//2036 2071//2038 2110//2074
f 2069//2036 2110//2074 2103//2065
f 2071//2038 2105//2069 2110//2074
f 2095//2057 2106//2067 2112//2072
f 2114//2075 2115//2076 2117//2077
f 2114//2075 2117//2077 2116//2078
f 2116//2078 2117//2077 2119//2079
f 2116//2078 2119//2079 2118//2080
f 2115//2076 2114//2075 2120//2081
f 2115//2076 2120//2081 2121//2082
f 2124//2083 2125//2084 2118//2080
f 2124//2083 2118//2080 2122//2085
f 2142//2086 2148//2087 2147//2088
f 2142//2086 2147//2088 2141//2089
f 2118//2080 2125//2084 2126//2090
f 2118//2080 2126//2090 2116//2078
f 2116//2078 2126//2090 2127//2091
f 2116//2078 2127//2091 2114//2075
f 2114//2075 2127//2091 2128//2092
f 2114//2075 2128//2092 2120//2081
f 2121//2082 2120//2081 2129//2093
f 2121//2082 2129//2093 2130//2094
f 2120//2081 2128//2092 2131//2095
f 2120//2081 2131//2095 2129//2093
f 2122//2085 2123//2096 2133//2097
f 2122//2085 2133//2097 2132//2098
f 2122//2085 2132//2098 2134//2099
f 2122//2085 2134//2099 2124//2083
f 2136//2100 2139//2101 2138//2102
f 2136//2100 2138//2102 2135//2103
f 2139//2101 2142//2086 2141//2089
f 2139//2101 2141//2089 2138//2102
f 2135//2103 2144//2104 2145//2105
f 2135//2103 2145//2105 2136//2100
f 2143//2106 2151//2107 2150//2108
f 2143//2106 2150//2108 2149//2087
f 2124//2083 2150//2108 2151//2107
f 2124//2083 2151//2107 2125//2084
f 2143//2106 2140//2109 2152//2110
f 2143//2106 2152//2110 2151//2107
f 2140//2109 2137//2100 2153//2111
f 2140//2109 2153//2111 2152//2110
f 2137//2100 2146//2112 2154//2113
f 2137//2100 2154//2113 2153//2111
f 2144//2104 2155//2114 2156//2115
f 2144//2104 2156//2115 2145//2105
f 2146//2112 2157//2115 2158//2116
f 2146//2112 2158//2116 2154//2113
f 2148//2087 2160//2117 2159//2118
f 2148//2087 2159//2118 2147//2088
f 2149//2087 2150//2108 2162//2119
f 2149//2087 2162//2119 2161//2120
f 2141//2089 2147//2088 2123//2096
f 2141//2089 2123//2096 2119//2079
f 2123//2096 2147//2088 2159//2118
f 2123//2096 2159//2118 2133//2097
f 2132//2098 2161//2120 2162//2119
f 2132//2098 2162//2119 2134//2099
f 2130//2094 2155//2114 2144//2104
f 2130//2094 2144//2104 2121//2082
f 2117//2077 2138//2102 2141//2089
f 2117//2077 2141//2089 2119//2079
f 2125//2084 2151//2107 2152//2110
f 2125//2084 2152//2110 2126//2090
f 2134//2099 2162//2119 2150//2108
f 2134//2099 2150//2108 2124//2083
f 2128//2092 2154//2113 2158//2116
f 2128//2092 2158//2116 2131//2095
f 2121//2082 2144//2104 2135//2103
f 2121//2082 2135//2103 2115//2076
f 2126//2090 2152//2110 2153//2111
f 2126//2090 2153//2111 2127//2091
f 2133//2097 2159//2118 2160//2117
f 2133//2097 2160//2117 2132//2098
f 2127//2091 2153//2111 2154//2113
f 2127//2091 2154//2113 2128//2092
f 2115//2076 2135//2103 2138//2102
f 2115//2076 2138//2102 2117//2077
f 2119//2079 2123//2096 2122//2085
f 2119//2079 2122//2085 2118//2080
f 2171//2121 2130//2094 2129//2093
f 2171//2121 2129//2093 2163//2122
f 2155//2114 2130//2094 2164//2123
f 2155//2114 2164//2123 2166//2124
f 2130//2094 2171//2121 2164//2123
f 2131//2095 2158//2116 2169//2125
f 2131//2095 2169//2125 2165//2126
f 2158//2116 2173//2127 2169//2125
f 2173//2127 2158//2116 2157//2115
f 2173//2127 2157//2115 2168//2128
f 2156//2115 2155//2114 2172//2129
f 2156//2115 2172//2129 2167//2130
f 2129//2093 2131//2095 2170//2131
f 2129//2093 2170//2131 2163//2122
f 2131//2095 2165//2126 2170//2131
f 2155//2114 2166//2124 2172//2129
f 2195//2132 2197//2133 2174//2134
f 2195//2132 2174//2134 2175//2135
f 2197//2133 2199//2136 2176//2137
f 2197//2133 2176//2137 2174//2134
f 2194//2138 2193//2139 2177//2140
f 2194//2138 2177//2140 2178//2141
f 2193//2139 2187//2142 2179//2143
f 2193//2139 2179//2143 2177//2140
f 2200//2144 2180//2145 2182//2146
f 2200//2144 2182//2146 2202//2147
f 2201//2148 2181//2149 2188//2150
f 2201//2148 2188//2150 2203//2151
f 2186//2152 2189//2153 2191//2154
f 2186//2152 2191//2154 2185//2155
f 2184//2155 2190//2156 2192//2157
f 2184//2155 2192//2157 2183//2158
f 2194//2138 2186//2152 2180//2145
f 2194//2138 2180//2145 2175//2135
f 2187//2142 2183//2158 2192//2157
f 2187//2142 2192//2157 2179//2143
f 2199//2136 2203//2151 2188//2150
f 2199//2136 2188//2150 2176//2137
f 2175//2135 2174//2134 2193//2139
f 2175//2135 2193//2139 2194//2138
f 2174//2134 2176//2137 2187//2142
f 2174//2134 2187//2142 2193//2139
f 2175//2135 2180//2145 2200//2144
f 2175//2135 2200//2144 2195//2132
f 2180//2145 2186//2152 2185//2155
f 2180//2145 2185//2155 2182//2146
f 2181//2149 2184//2155 2183//2158
f 2181//2149 2183//2158 2188//2150
f 2178//2141 2189//2153 2186//2152
f 2178//2141 2186//2152 2194//2138
f 2176//2137 2188//2150 2183//2158
f 2176//2137 2183//2158 2187//2142
f 2195//2132 2200//2144 2202//2147
f 2195//2132 2202//2147 2198//2159
f 2199//2136 2196//2160 2201//2148
f 2199//2136 2201//2148 2203//2151
f 2212//2161 2178//2141 2177//2140
f 2212//2161 2177//2140 2204//2162
f 2189//2153 2178//2141 2205//2163
f 2189//2153 2205//2163 2207//2164
f 2178//2141 2212//2161 2205//2163
f 2179//2143 2192//2157 2210//2165
f 2179//2143 2210//2165 2206//2166
f 2192//2157 2214//2167 2210//2165
f 2214//2167 2192//2157 2190//2156
f 2214//2167 2190//2156 2208//2168
f 2191//2154 2189//2153 2213//2169
f 2191//2154 2213//2169 2209//2170
f 2177//2140 2179//2143 2211//2171
f 2177//2140 2211//2171 2204//2162
f 2179//2143 2206//2166 2211//2171
f 2189//2153 2207//2164 2213//2169
f 2215//2172 2216//2173 2218//2174
f 2215//2172 2218//2174 2217//2175
f 2217//2175 2218//2174 2220//2176
f 2217//2175 2220//2176 2219//2177
f 2216//2173 2215//2172 2221//2178
f 2216//2173 2221//2178 2222//2179
f 2225//2180 2226//2181 2219//2177
f 2225//2180 2219//2177 2223//2182
f 2244//2183 2250//2184 2248//2185
f 2244//2183 2248//2185 2242//2186
f 2219//2177 2226//2181 2227//2187
f 2219//2177 2227//2187 2217//2175
f 2217//2175 2227//2187 2228//2188
f 2217//2175 2228//2188 2215//2172
f 2215//2172 2228//2188 2229//2189
f 2215//2172 2229//2189 2221//2178
f 2222//2179 2221//2178 2230//2190
f 2222//2179 2230//2190 2231//2191
f 2221//2178 2229//2189 2232//2192
f 2221//2178 2232//2192 2230//2190
f 2223//2182 2224//2193 2234//2194
f 2223//2182 2234//2194 2233//2195
f 2223//2182 2233//2195 2235//2196
f 2223//2182 2235//2196 2225//2180
f 2238//2197 2241//2198 2239//2199
f 2238//2197 2239//2199 2236//2200
f 2241//2198 2244//2183 2242//2186
f 2241//2198 2242//2186 2239//2199
f 2236//2200 2245//2201 2247//2202
f 2236//2200 2247//2202 2238//2197
f 2243//2203 2252//2204 2251//2205
f 2243//2203 2251//2205 2249//2206
f 2225//2180 2251//2205 2252//2204
f 2225//2180 2252//2204 2226//2181
f 2243//2203 2240//2207 2253//2208
f 2243//2203 2253//2208 2252//2204
f 2240//2207 2237//2197 2254//2209
f 2240//2207 2254//2209 2253//2208
f 2237//2197 2246//2210 2255//2211
f 2237//2197 2255//2211 2254//2209
f 2245//2201 2256//2212 2258//2213
f 2245//2201 2258//2213 2247//2202
f 2246//2210 2257//2214 2259//2215
f 2246//2210 2259//2215 2255//2211
f 2250//2184 2262//2216 2260//2217
f 2250//2184 2260//2217 2248//2185
f 2249//2206 2251//2205 2263//2218
f 2249//2206 2263//2218 2261//2219
f 2242//2186 2248//2185 2224//2193
f 2242//2186 2224//2193 2220//2176
f 2224//2193 2248//2185 2260//2217
f 2224//2193 2260//2217 2234//2194
f 2233//2195 2261//2219 2263//2218
f 2233//2195 2263//2218 2235//2196
f 2231//2191 2256//2212 2245//2201
f 2231//2191 2245//2201 2222//2179
f 2218//2174 2239//2199 2242//2186
f 2218//2174 2242//2186 2220//2176
f 2226//2181 2252//2204 2253//2208
f 2226//2181 2253//2208 2227//2187
f 2235//2196 2263//2218 2251//2205
f 2235//2196 2251//2205 2225//2180
f 2229//2189 2255//2211 2259//2215
f 2229//2189 2259//2215 2232//2192
f 2222//2179 2245//2201 2236//2200
f 2222//2179 2236//2200 2216//2173
f 2227//2187 2253//2208 2254//2209
f 2227//2187 2254//2209 2228//2188
f 2234//2194 2260//2217 2262//2216
f 2234//2194 2262//2216 2233//2195
f 2228//2188 2254//2209 2255//2211
f 2228//2188 2255//2211 2229//2189
f 2216//2173 2236//2200 2239//2199
f 2216//2173 2239//2199 2218//2174
f 2220//2176 2224//2193 2223//2182
f 2220//2176 2223//2182 2219//2177
f 2272//2220 2231//2191 2230//2190
f 2272//2220 2230//2190 2264//2221
f 2256//2212 2231//2191 2265//2222
f 2256//2212 2265//2222 2267//2223
f 2231//2191 2272//2220 2265//2222
f 2232//2192 2259//2215 2270//2224
f 2232//2192 2270//2224 2266//2225
f 2259//2215 2274//2226 2270//2224
f 2274//2226 2259//2215 2257//2214
f 2274//2226 2257//2214 2268//2227
f 2258//2213 2256//2212 2273//2228
f 2258//2213 2273//2228 2269//2229
f 2230//2190 2232//2192 2271//2230
f 2230//2190 2271//2230 2264//2221
f 2232//2192 2266//2225 2271//2230
f 2256//2212 2267//2223 2273//2228
f 2275//2231 2276//2232 2278//2233
f 2275//2231 2278//2233 2277//2234
f 2277//2234 2278//2233 2280//2235
f 2277//2234 2280//2235 2279//2236
f 2276//2232 2275//2231 2281//2237
f 2276//2232 2281//2237 2282//2238
f 2285//2239 2286//2240 2279//2236
f 2285//2239 2279//2236 2283//2241
f 2304//2242 2310//2243 2308//2244
f 2304//2242 2308//2244 2302//2245
f 2279//2236 2286//2240 2287//2246
f 2279//2236 2287//2246 2277//2234
f 2277//2234 2287//2246 2288//2247
f 2277//2234 2288//2247 2275//2231
f 2275//2231 2288//2247 2289//2248
f 2275//2231 2289//2248 2281//2237
f 2282//2238 2281//2237 2290//2249
f 2282//2238 2290//2249 2291//2250
f 2281//2237 2289//2248 2292//2251
f 2281//2237 2292//2251 2290//2249
f 2283//2241 2284//2252 2294//2253
f 2283//2241 2294//2253 2293//2254
f 2283//2241 2293//2254 2295//2255
f 2283//2241 2295//2255 2285//2239
f 2298//2256 2301//2257 2299//2258
f 2298//2256 2299//2258 2296//2259
f 2301//2257 2304//2242 2302//2245
f 2301//2257 2302//2245 2299//2258
f 2296//2259 2305//2260 2307//2261
f 2296//2259 2307//2261 2298//2256
f 2303//2262 2312//2263 2311//2264
f 2303//2262 2311//2264 2309//2265
f 2285//2239 2311//2264 2312//2263
f 2285//2239 2312//2263 2286//2240
f 2303//2262 2300//2257 2313//2266
f 2303//2262 2313//2266 2312//2263
f 2300//2257 2297//2267 2314//2268
f 2300//2257 2314//2268 2313//2266
f 2297//2267 2306//2269 2315//2270
f 2297//2267 2315//2270 2314//2268
f 2305//2260 2316//2271 2318//2272
f 2305//2260 2318//2272 2307//2261
f 2306//2269 2317//2272 2319//2273
f 2306//2269 2319//2273 2315//2270
f 2310//2243 2322//2274 2320//2275
f 2310//2243 2320//2275 2308//2244
f 2309//2265 2311//2264 2323//2276
f 2309//2265 2323//2276 2321//2277
f 2302//2245 2308//2244 2284//2252
f 2302//2245 2284//2252 2280//2235
f 2284//2252 2308//2244 2320//2275
f 2284//2252 2320//2275 2294//2253
f 2293//2254 2321//2277 2323//2276
f 2293//2254 2323//2276 2295//2255
f 2291//2250 2316//2271 2305//2260
f 2291//2250 2305//2260 2282//2238
f 2278//2233 2299//2258 2302//2245
f 2278//2233 2302//2245 2280//2235
f 2286//2240 2312//2263 2313//2266
f 2286//2240 2313//2266 2287//2246
f 2295//2255 2323//2276 2311//2264
f 2295//2255 2311//2264 2285//2239
f 2289//2248 2315//2270 2319//2273
f 2289//2248 2319//2273 2292//2251
f 2282//2238 2305//2260 2296//2259
f 2282//2238 2296//2259 2276//2232
f 2287//2246 2313//2266 2314//2268
f 2287//2246 2314//2268 2288//2247
f 2294//2253 2320//2275 2322//2274
f 2294//2253 2322//2274 2293//2254
f 2288//2247 2314//2268 2315//2270
f 2288//2247 2315//2270 2289//2248
f 2276//2232 2296//2259 2299//2258
f 2276//2232 2299//2258 2278//2233
f 2280//2235 2284//2252 2283//2241
f 2280//2235 2283//2241 2279//2236
f 2332//2278 2291//2250 2290//2249
f 2332//2278 2290//2249 2324//2279
f 2316//2271 2291//2250 2325//2280
f 2316//2271 2325//2280 2327//2281
f 2291//2250 2332//2278 2325//2280
f 2292//2251 2319//2273 2330//2282
f 2292//2251 2330//2282 2326//2283
f 2319//2273 2334//2284 2330//2282
f 2334//2284 2319//2273 2317//2272
f 2334//2284 2317//2272 2328//2285
f 2318//2272 2316//2271 2333//2286
f 2318//2272 2333//2286 2329//2287
f 2290//2249 2292//2251 2331//2288
f 2290//2249 2331//2288 2324//2279
f 2292//2251 2326//2283 2331//2288
f 2316//2271 2327//2281 2333//2286
f 2335//2289 2336//2290 2338//2291
f 2335//2289 2338//2291 2337//2292
f 2337//2292 2338//2291 2340//2293
f 2337//2292 2340//2293 2339//2294
f 2336//2290 2335//2289 2341//2295
f 2336//2290 2341//2295 2342//2296
f 2345//2297 2346//2298 2339//2294
f 2345//2297 2339//2294 2343//2299
f 2363//2300 2369//2301 2368//2302
f 2363//2300 2368//2302 2362//2303
f 2339//2294 2346//2298 2347//2304
f 2339//2294 2347//2304 2337//2292
f 2337//2292 2347//2304 2348//2305
f 2337//2292 2348//2305 2335//2289
f 2335//2289 2348//2305 2349//2306
f 2335//2289 2349//2306 2341//2295
f 2342//2296 2341//2295 2350//2307
f 2342//2296 2350//2307 2351//2308
f 2341//2295 2349//2306 2352//2309
f 2341//2295 2352//2309 2350//2307
f 2343//2299 2344//2310 2354//2311
f 2343//2299 2354//2311 2353//2312
f 2343//2299 2353//2312 2355//2313
f 2343//2299 2355//2313 2345//2297
f 2357//2314 2360//2315 2359//2316
f 2357//2314 2359//2316 2356//2317
f 2360//2315 2363//2300 2362//2303
f 2360//2315 2362//2303 2359//2316
f 2356//2317 2365//2318 2366//2319
f 2356//2317 2366//2319 2357//2314
f 2364//2320 2372//2321 2371//2322
f 2364//2320 2371//2322 2370//2323
f 2345//2297 2371//2322 2372//2321
f 2345//2297 2372//2321 2346//2298
f 2364//2320 2361//2324 2373//2325
f 2364//2320 2373//2325 2372//2321
f 2361//2324 2358//2314 2374//2326
f 2361//2324 2374//2326 2373//2325
f 2358//2314 2367//2327 2375//2328
f 2358//2314 2375//2328 2374//2326
f 2365//2318 2376//2329 2377//2330
f 2365//2318 2377//2330 2366//2319
f 2367//2327 2378//2330 2379//2331
f 2367//2327 2379//2331 2375//2328
f 2369//2301 2381//2332 2380//2333
f 2369//2301 2380//2333 2368//2302
f 2370//2323 2371//2322 2383//2334
f 2370//2323 2383//2334 2382//2335
f 2362//2303 2368//2302 2344//2310
f 2362//2303 2344//2310 2340//2293
f 2344//2310 2368//2302 2380//2333
f 2344//2310 2380//2333 2354//2311
f 2353//2312 2382//2335 2383//2334
f 2353//2312 2383//2334 2355//2313
f 2351//2308 2376//2329 2365//2318
f 2351//2308 2365//2318 2342//2296
f 2338//2291 2359//2316 2362//2303
f 2338//2291 2362//2303 2340//2293
f 2346//2298 2372//2321 2373//2325
f 2346//2298 2373//2325 2347//2304
f 2355//2313 2383//2334 2371//2322
f 2355//2313 2371//2322 2345//2297
f 2349//2306 2375//2328 2379//2331
f 2349//2306 2379//2331 2352//2309
f 2342//2296 2365//2318 2356//2317
f 2342//2296 2356//2317 2336//2290
f 2347//2304 2373//2325 2374//2326
f 2347//2304 2374//2326 2348//2305
f 2354//2311 2380//2333 2381//2332
f 2354//2311 2381//2332 2353//2312
f 2348//2305 2374//2326 2375//2328
f 2348//2305 2375//2328 2349//2306
f 2336//2290 2356//2317 2359//2316
f 2336//2290 2359//2316 2338//2291
f 2340//2293 2344//2310 2343//2299
f 2340//2293 2343//2299 2339//2294
f 2392//2336 2351//2308 2350//2307
f 2392//2336 2350//2307 2384//2337
f 2376//2329 2351//2308 2385//2338
f 2376//2329 2385//2338 2387//2339
f 2351//2308 2392//2336 2385//2338
f 2352//2309 2379//2331 2390//2340
f 2352//2309 2390//2340 2386//2341
f 2379//2331 2394//2342 2390//2340
f 2394//2342 2379//2331 2378//2330
f 2394//2342 2378//2330 2389//2343
f 2377//2330 2376//2329 2393//2344
f 2377//2330 2393//2344 2388//2343
f 2350//2307 2352//2309 2391//2345
f 2350//2307 2391//2345 2384//2337
f 2352//2309 2386//2341 2391//2345
f 2376//2329 2387//2339 2393//2344
f 2395//2346 2396//2347 2398//2348
f 2395//2346 2398//2348 2397//2349
f 2397//2349 2398//2348 2400//2350
f 2397//2349 2400//2350 2399//2351
f 2396//2347 2395//2346 2401//2352
f 2396//2347 2401//2352 2402//2353
f 2405//2354 2406//2355 2399//2351
f 2405//2354 2399//2351 2403//2356
f 2424//2357 2430//2358 2428//2359
f 2424//2357 2428//2359 2422//2360
f 2399//2351 2406//2355 2407//2361
f 2399//2351 2407//2361 2397//2349
f 2397//2349 2407//2361 2408//2362
f 2397//2349 2408//2362 2395//2346
f 2395//2346 2408//2362 2409//2363
f 2395//2346 2409//2363 2401//2352
f 2402//2353 2401//2352 2410//2364
f 2402//2353 2410//2364 2411//2365
f 2401//2352 2409//2363 2412//2366
f 2401//2352 2412//2366 2410//2364
f 2403//2356 2404//2367 2414//2368
f 2403//2356 2414//2368 2413//2369
f 2403//2356 2413//2369 2415//2370
f 2403//2356 2415//2370 2405//2354
f 2418//2371 2421//2372 2419//2373
f 2418//2371 2419//2373 2416//2374
f 2421//2372 2424//2357 2422//2360
f 2421//2372 2422//2360 2419//2373
f 2416//2374 2425//2375 2427//2376
f 2416//2374 2427//2376 2418//2371
f 2423//2377 2432//2378 2431//2379
f 2423//2377 2431//2379 2429//2380
f 2405//2354 2431//2379 2432//2378
f 2405//2354 2432//2378 2406//2355
f 2423//2377 2420//2381 2433//2382
f 2423//2377 2433//2382 2432//2378
f 2420//2381 2417//2371 2434//2383
f 2420//2381 2434//2383 2433//2382
f 2417//2371 2426//2376 2435//2384
f 2417//2371 2435//2384 2434//2383
f 2425//2375 2436//2385 2438//2386
f 2425//2375 2438//2386 2427//2376
f 2426//2376 2437//2387 2439//2388
f 2426//2376 2439//2388 2435//2384
f 2430//2358 2442//2389 2440//2390
f 2430//2358 2440//2390 2428//2359
f 2429//2380 2431//2379 2443//2391
f 2429//2380 2443//2391 2441//2392
f 2422//2360 2428//2359 2404//2367
f 2422//2360 2404//2367 2400//2350
f 2404//2367 2428//2359 2440//2390
f 2404//2367 2440//2390 2414//2368
f 2413//2369 2441//2392 2443//2391
f 2413//2369 2443//2391 2415//2370
f 2411//2365 2436//2385 2425//2375
f 2411//2365 2425//2375 2402//2353
f 2398//2348 2419//2373 2422//2360
f 2398//2348 2422//2360 2400//2350
f 2406//2355 2432//2378 2433//2382
f 2406//2355 2433//2382 2407//2361
f 2415//2370 2443//2391 2431//2379
f 2415//2370 2431//2379 2405//2354
f 2409//2363 2435//2384 2439//2388
f 2409//2363 2439//2388 2412//2366
f 2402//2353 2425//2375 2416//2374
f 2402//2353 2416//2374 2396//2347
f 2407//2361 2433//2382 2434//2383
f 2407//2361 2434//2383 2408//2362
f 2414//2368 2440//2390 2442//2389
f 2414//2368 2442//2389 2413//2369
f 2408//2362 2434//2383 2435//2384
f 2408//2362 2435//2384 2409//2363
f 2396//2347 2416//2374 2419//2373
f 2396//2347 2419//2373 2398//2348
f 2400//2350 2404//2367 2403//2356
f 2400//2350 2403//2356 2399//2351
f 2452//2393 2411//2365 2410//2364
f 2452//2393 2410//2364 2444//2394
f 2436//2385 2411//2365 2445//2395
f 2436//2385 2445//2395 2447//2396
f 2411//2365 2452//2393 2445//2395
f 2412//2366 2439//2388 2450//2397
f 2412//2366 2450//2397 2446//2398
f 2439//2388 2454//2399 2450//2397
f 2454//2399 2439//2388 2437//2387
f 2454//2399 2437//2387 2448//2400
f 2438//2386 2436//2385 2453//2401
f 2438//2386 2453//2401 2449//2402
f 2410//2364 2412//2366 2451//2403
f 2410//2364 2451//2403 2444//2394
f 2412//2366 2446//2398 2451//2403
f 2436//2385 2447//2396 2453//2401
f 2455//2404 2456//2405 2458//2406
f 2455//2404 2458//2406 2457//2407
f 2457//2407 2458//2406 2460//2408
f 2457//2407 2460//2408 2459//2409
f 2456//2405 2455//2404 2461//2410
f 2456//2405 2461//2410 2462//2411
f 2465//2412 2466//2413 2459//2409
f 2465//2412 2459//2409 2463//2414
f 2484//2415 2490//2416 2488//2417
f 2484//2415 2488//2417 2482//2418
f 2459//2409 2466//2413 2467//2419
f 2459//2409 2467//2419 2457//2407
f 2457//2407 2467//2419 2468//2420
f 2457//2407 2468//2420 2455//2404
f 2455//2404 2468//2420 2469//2421
f 2455//2404 2469//2421 2461//2410
f 2462//2411 2461//2410 2470//2422
f 2462//2411 2470//2422 2471//2423
f 2461//2410 2469//2421 2472//2424
f 2461//2410 2472//2424 2470//2422
f 2463//2414 2464//2425 2474//2426
f 2463//2414 2474//2426 2473//2427
f 2463//2414 2473//2427 2475//2428
f 2463//2414 2475//2428 2465//2412
f 2478//2429 2481//2430 2479//2431
f 2478//2429 2479//2431 2476//2432
f 2481//2430 2484//2415 2482//2418
f 2481//2430 2482//2418 2479//2431
f 2476//2432 2485//2433 2487//2434
f 2476//2432 2487//2434 2478//2429
f 2483//2435 2492//2436 2491//2437
f 2483//2435 2491//2437 2489//2438
f 2465//2412 2491//2437 2492//2436
f 2465//2412 2492//2436 2466//2413
f 2483//2435 2480//2439 2493//2440
f 2483//2435 2493//2440 2492//2436
f 2480//2439 2477//2441 2494//2442
f 2480//2439 2494//2442 2493//2440
f 2477//2441 2486//2443 2495//2444
f 2477//2441 2495//2444 2494//2442
f 2485//2433 2496//2445 2498//2446
f 2485//2433 2498//2446 2487//2434
f 2486//2443 2497//2447 2499//2448
f 2486//2443 2499//2448 2495//2444
f 2490//2416 2502//2449 2500//2450
f 2490//2416 2500//2450 2488//2417
f 2489//2438 2491//2437 2503//2451
f 2489//2438 2503//2451 2501//2449
f 2482//2418 2488//2417 2464//2425
f 2482//2418 2464//2425 2460//2408
f 2464//2425 2488//2417 2500//2450
f 2464//2425 2500//2450 2474//2426
f 2473//2427 2501//2449 2503//2451
f 2473//2427 2503//2451 2475//2428
f 2471//2423 2496//2445 2485//2433
f 2471//2423 2485//2433 2462//2411
f 2458//2406 2479//2431 2482//2418
f 2458//2406 2482//2418 2460//2408
f 2466//2413 2492//2436 2493//2440
f 2466//2413 2493//2440 2467//2419
f 2475//2428 2503//2451 2491//2437
f 2475//2428 2491//2437 2465//2412
f 2469//2421 2495//2444 2499//2448
f 2469//2421 2499//2448 2472//2424
f 2462//2411 2485//2433 2476//2432
f 2462//2411 2476//2432 2456//2405
f 2467//2419 2493//2440 2494//2442
f 2467//2419 2494//2442 2468//2420
f 2474//2426 2500//2450 2502//2449
f 2474//2426 2502//2449 2473//2427
f 2468//2420 2494//2442 2495//2444
f 2468//2420 2495//2444 2469//2421
f 2456//2405 2476//2432 2479//2431
f 2456//2405 2479//2431 2458//2406
f 2460//2408 2464//2425 2463//2414
f 2460//2408 2463//2414 2459//2409
f 2513//2452 2471//2423 2470//2422
f 2513//2452 2470//2422 2505//2453
f 2496//2445 2471//2423 2506//2454
f 2496//2445 2506//2454 2508//2455
f 2471//2423 2513//2452 2506//2454
f 2472//2424 2499//2448 2511//2456
f 2472//2424 2511//2456 2507//2457
f 2499//2448 2515//2458 2511//2456
f 2515//2458 2499//2448 2497//2447
f 2515//2458 2497//2447 2509//2459
f 2498//2446 2496//2445 2514//2460
f 2498//2446 2514//2460 2510//2461
f 2470//2422 2472//2424 2512//2462
f 2470//2422 2512//2462 2504//2453
f 2472//2424 2507//2457 2512//2462
f 2496//2445 2508//2455 2514//2460
f 2516//2463 2517//2464 2519//2465
f 2516//2463 2519//2465 2518//2466
f 2518//2466 2519//2465 2521//2467
f 2518//2466 2521//2467 2520//2468
f 2517//2464 2516//2463 2522//2469
f 2517//2464 2522//2469 2523//2470
f 2526//2471 2527//2472 2520//2468
f 2526//2471 2520//2468 2524//2473
f 2544//2474 2550//2475 2549//2476
f 2544//2474 2549//2476 2543//2477
f 2520//2468 2527//2472 2528//2478
f 2520//2468 2528//2478 2518//2466
f 2518//2466 2528//2478 2529//2479
f 2518//2466 2529//2479 2516//2463
f 2516//2463 2529//2479 2530//2480
f 2516//2463 2530//2480 2522//2469
f 2523//2470 2522//2469 2531//2481
f 2523//2470 2531//2481 2532//2482
f 2522//2469 2530//2480 2533//2483
f 2522//2469 2533//2483 2531//2481
f 2524//2473 2525//2484 2535//2485
f 2524//2473 2535//2485 2534//2486
f 2524//2473 2534//2486 2536//2487
f 2524//2473 2536//2487 2526//2471
f 2538//2488 2541//2489 2540//2490
f 2538//2488 2540//2490 2537//2491
f 2541//2489 2544//2474 2543//2477
f 2541//2489 2543//2477 2540//2490
f 2537//2491 2546//2492 2547//2493
f 2537//2491 2547//2493 2538//2488
f 2545//2494 2553//2495 2552//2496
f 2545//2494 2552//2496 2551//2497
f 2526//2471 2552//2496 2553//2495
f 2526//2471 2553//2495 2527//2472
f 2545//2494 2542//2498 2554//2499
f 2545//2494 2554//2499 2553//2495
f 2542//2498 2539//2500 2555//2501
f 2542//2498 2555//2501 2554//2499
f 2539//2500 2548//2502 2556//2503
f 2539//2500 2556//2503 2555//2501
f 2546//2492 2557//2504 2558//2505
f 2546//2492 2558//2505 2547//2493
f 2548//2502 2559//2505 2560//2506
f 2548//2502 2560//2506 2556//2503
f 2550//2475 2562//2507 2561//2508
f 2550//2475 2561//2508 2549//2476
f 2551//2497 2552//2496 2564//2509
f 2551//2497 2564//2509 2563//2507
f 2543//2477 2549//2476 2525//2484
f 2543//2477 2525//2484 2521//2467
f 2525//2484 2549//2476 2561//2508
f 2525//2484 2561//2508 2535//2485
f 2534//2486 2563//2507 2564//2509
f 2534//2486 2564//2509 2536//2487
f 2532//2482 2557//2504 2546//2492
f 2532//2482 2546//2492 2523//2470
f 2519//2465 2540//2490 2543//2477
f 2519//2465 2543//2477 2521//2467
f 2527//2472 2553//2495 2554//2499
f 2527//2472 2554//2499 2528//2478
f 2536//2487 2564//2509 2552//2496
f 2536//2487 2552//2496 2526//2471
f 2530//2480 2556//2503 2560//2506
f 2530//2480 2560//2506 2533//2483
f 2523//2470 2546//2492 2537//2491
f 2523//2470 2537//2491 2517//2464
f 2528//2478 2554//2499 2555//2501
f 2528//2478 2555//2501 2529//2479
f 2535//2485 2561//2508 2562//2507
f 2535//2485 2562//2507 2534//2486
f 2529//2479 2555//2501 2556//2503
f 2529//2479 2556//2503 2530//2480
f 2517//2464 2537//2491 2540//2490
f 2517//2464 2540//2490 2519//2465
f 2521//2467 2525//2484 2524//2473
f 2521//2467 2524//2473 2520//2468
f 2573//2510 2532//2482 2531//2481
f 2573//2510 2531//2481 2565//2511
f 2557//2504 2532//2482 2566//2512
f 2557//2504 2566//2512 2568//2513
f 2532//2482 2573//2510 2566//2512
f 2533//2483 2560//2506 2571//2514
f 2533//2483 2571//2514 2567//2515
f 2560//2506 2575//2516 2571//2514
f 2575//2516 2560//2506 2559//2505
f 2575//2516 2559//2505 2570//2517
f 2558//2505 2557//2504 2574//2518
f 2558//2505 2574//2518 2569//2517
f 2531//2481 2533//2483 2572//2519
f 2531//2481 2572//2519 2565//2511
f 2533//2483 2567//2515 2572//2519
f 2557//2504 2568//2513 2574//2518
f 2576//2520 2577//2521 2579//2522
f 2576//2520 2579//2522 2578//2523
f 2577//2521 2576//2520 2580//2524
f 2577//2521 2580//2524 2581//2525
f 2578//2523 2582//2526 2583//2527
f 2578//2523 2583//2527 2576//2520
f 2576//2520 2583//2527 2584//2528
f 2576//2520 2584//2528 2580//2524
f 2581//2525 2580//2524 2585//2529
f 2581//2525 2585//2529 2586//2530
f 2580//2524 2584//2528 2587//2531
f 2580//2524 2587//2531 2585//2529
f 2590//2532 2593//2533 2591//2534
f 2590//2532 2591//2534 2588//2535
f 2588//2535 2594//2536 2596//2537
f 2588//2535 2596//2537 2590//2532
f 2592//2538 2589//2532 2598//2539
f 2592//2538 2598//2539 2597//2540
f 2589//2532 2595//2541 2599//2542
f 2589//2532 2599//2542 2598//2539
f 2594//2536 2600//2543 2602//2544
f 2594//2536 2602//2544 2596//2537
f 2595//2541 2601//2545 2603//2546
f 2595//2541 2603//2546 2599//2542
f 2586//2530 2600//2543 2594//2536
f 2586//2530 2594//2536 2581//2525
f 2584//2528 2599//2542 2603//2546
f 2584//2528 2603//2546 2587//2531
f 2581//2525 2594//2536 2588//2535
f 2581//2525 2588//2535 2577//2521
f 2582//2526 2597//2540 2598//2539
f 2582//2526 2598//2539 2583//2527
f 2583//2527 2598//2539 2599//2542
f 2583//2527 2599//2542 2584//2528
f 2577//2521 2588//2535 2591//2534
f 2577//2521 2591//2534 2579//2522
f 2579//2522 2591//2534 2607//2547
f 2579//2522 2607//2547 2605//2548
f 2592//2538 2597//2540 2610//2549
f 2592//2538 2610//2549 2608//2550
f 2582//2526 2578//2523 2604//2551
f 2582//2526 2604//2551 2606//2552
f 2591//2534 2593//2533 2609//2553
f 2591//2534 2609//2553 2607//2547
f 2597//2540 2582//2526 2606//2552
f 2597//2540 2606//2552 2610//2549
f 2578//2523 2579//2522 2605//2548
f 2578//2523 2605//2548 2604//2551
f 2604//2551 2605//2548 2607//2547
f 2604//2551 2607//2547 2609//2553
f 2604//2551 2608//2550 2610//2549
f 2604//2551 2610//2549 2606//2552
f 2619//2554 2586//2530 2585//2529
f 2619//2554 2585//2529 2611//2555
f 2600//2543 2586//2530 2612//2556
f 2600//2543 2612//2556 2614//2557
f 2586//2530 2619//2554 2612//2556
f 2587//2531 2603//2546 2617//2558
f 2587//2531 2617//2558 2613//2559
f 2603//2546 2621//2560 2617//2558
f 2621//2560 2603//2546 2601//2545
f 2621//2560 2601//2545 2615//2561
f 2602//2544 2600//2543 2620//2562
f 2602//2544 2620//2562 2616//2563
f 2585//2529 2587//2531 2618//2564
f 2585//2529 2618//2564 2611//2555
f 2587//2531 2613//2559 2618//2564
f 2600//2543 2614//2557 2620//2562
f 2622//2565 2623//2566 2625//2567
f 2622//2565 2625//2567 2624//2568
f 2624//2568 2625//2567 2627//2569
f 2624//2568 2627//2569 2626//2570
f 2623//2566 2622//2565 2628//2571
f 2623//2566 2628//2571 2629//2572
f 2632//2573 2633//2574 2626//2570
f 2632//2573 2626//2570 2630//2575
f 2650//2576 2656//2577 2655//2578
f 2650//2576 2655//2578 2649//2579
f 2626//2570 2633//2574 2634//2580
f 2626//2570 2634//2580 2624//2568
f 2624//2568 2634//2580 2635//2581
f 2624//2568 2635//2581 2622//2565
f 2622//2565 2635//2581 2636//2582
f 2622//2565 2636//2582 2628//2571
f 2629//2572 2628//2571 2637//2583
f 2629//2572 2637//2583 2638//2584
f 2628//2571 2636//2582 2639//2585
f 2628//2571 2639//2585 2637//2583
f 2630//2575 2631//2586 2641//2587
f 2630//2575 2641//2587 2640//2588
f 2630//2575 2640//2588 2642//2589
f 2630//2575 2642//2589 2632//2573
f 2644//2590 2647//2591 2646//2592
f 2644//2590 2646//2592 2643//2593
f 2647//2591 2650//2576 2649//2579
f 2647//2591 2649//2579 2646//2592
f 2643//2593 2652//2594 2653//2595
f 2643//2593 2653//2595 2644//2590
f 2651//2596 2659//2597 2658//2598
f 2651//2596 2658//2598 2657//2599
f 2632//2573 2658//2598 2659//2597
f 2632//2573 2659//2597 2633//2574
f 2651//2596 2648//2600 2660//2601
f 2651//2596 2660//2601 2659//2597
f 2648//2600 2645//2602 2661//2603
f 2648//2600 2661//2603 2660//2601
f 2645//2602 2654//2604 2662//2605
f 2645//2602 2662//2605 2661//2603
f 2652//2594 2663//2606 2664//2607
f 2652//2594 2664//2607 2653//2595
f 2654//2604 2665//2608 2666//2609
f 2654//2604 2666//2609 2662//2605
f 2656//2577 2668//2610 2667//2611
f 2656//2577 2667//2611 2655//2578
f 2657//2599 2658//2598 2670//2612
f 2657//2599 2670//2612 2669//2613
f 2649//2579 2655//2578 2631//2586
f 2649//2579 2631//2586 2627//2569
f 2631//2586 2655//2578 2667//2611
f 2631//2586 2667//2611 2641//2587
f 2640//2588 2669//2613 2670//2612
f 2640//2588 2670//2612 2642//2589
f 2638//2584 2663//2606 2652//2594
f 2638//2584 2652//2594 2629//2572
f 2625//2567 2646//2592 2649//2579
f 2625//2567 2649//2579 2627//2569
f 2633//2574 2659//2597 2660//2601
f 2633//2574 2660//2601 2634//2580
f 2642//2589 2670//2612 2658//2598
f 2642//2589 2658//2598 2632//2573
f 2636//2582 2662//2605 2666//2609
f 2636//2582 2666//2609 2639//2585
f 2629//2572 2652//2594 2643//2593
f 2629//2572 2643//2593 2623//2566
f 2634//2580 2660//2601 2661//2603
f 2634//2580 2661//2603 2635//2581
f 2641//2587 2667//2611 2668//2610
f 2641//2587 2668//2610 2640//2588
f 2635//2581 2661//2603 2662//2605
f 2635//2581 2662//2605 2636//2582
f 2623//2566 2643//2593 2646//2592
f 2623//2566 2646//2592 2625//2567
f 2627//2569 2631//2586 2630//2575
f 2627//2569 2630//2575 2626//2570
f 2679//2614 2638//2584 2637//2583
f 2679//2614 2637//2583 2671//2615
f 2663//2606 2638//2584 2672//2616
f 2663//2606 2672//2616 2674//2617
f 2638//2584 2679//2614 2672//2616
f 2639//2585 2666//2609 2677//2618
f 2639//2585 2677//2618 2673//2619
f 2666//2609 2681//2620 2677//2618
f 2681//2620 2666//2609 2665//2608
f 2681//2620 2665//2608 2676//2621
f 2664//2607 2663//2606 2680//2622
f 2664//2607 2680//2622 2675//2623
f 2637//2583 2639//2585 2678//2624
f 2637//2583 2678//2624 2671//2615
f 2639//2585 2673//2619 2678//2624
f 2663//2606 2674//2617 2680//2622
f 2682//2625 2683//2626 2685//2627
f 2682//2625 2685//2627 2684//2628
f 2684//2628 2685//2627 2687//2629
f 2684//2628 2687//2629 2686//2630
f 2683//2626 2682//2625 2688//2631
f 2683//2626 2688//2631 2689//2632
f 2692//2633 2693//2634 2686//2630
f 2692//2633 2686//2630 2690//2635
f 2711//2636 2717//2637 2715//2638
f 2711//2636 2715//2638 2709//2639
f 2686//2630 2693//2634 2694//2640
f 2686//2630 2694//2640 2684//2628
f 2684//2628 2694//2640 2695//2641
f 2684//2628 2695//2641 2682//2625
f 2682//2625 2695//2641 2696//2642
f 2682//2625 2696//2642 2688//2631
f 2689//2632 2688//2631 2697//2643
f 2689//2632 2697//2643 2698//2644
f 2688//2631 2696//2642 2699//2645
f 2688//2631 2699//2645 2697//2643
f 2690//2635 2691//2646 2701//2647
f 2690//2635 2701//2647 2700//2648
f 2690//2635 2700//2648 2702//2649
f 2690//2635 2702//2649 2692//2633
f 2705//2650 2708//2651 2706//2652
f 2705//2650 2706//2652 2703//2653
f 2708//2651 2711//2636 2709//2639
f 2708//2651 2709//2639 2706//2652
f 2703//2653 2712//2654 2714//2655
f 2703//2653 2714//2655 2705//2650
f 2710//2636 2719//2656 2718//2657
f 2710//2636 2718//2657 2716//2658
f 2692//2633 2718//2657 2719//2656
f 2692//2633 2719//2656 2693//2634
f 2710//2636 2707//2659 2720//2660
f 2710//2636 2720//2660 2719//2656
f 2707//2659 2704//2650 2721//2661
f 2707//2659 2721//2661 2720//2660
f 2704//2650 2713//2662 2722//2663
f 2704//2650 2722//2663 2721//2661
f 2712//2654 2723//2664 2725//2665
f 2712//2654 2725//2665 2714//2655
f 2713//2662 2724//2665 2726//2666
f 2713//2662 2726//2666 2722//2663
f 2717//2637 2729//2667 2727//2668
f 2717//2637 2727//2668 2715//2638
f 2716//2658 2718//2657 2730//2669
f 2716//2658 2730//2669 2728//2667
f 2709//2639 2715//2638 2691//2646
f 2709//2639 2691//2646 2687//2629
f 2691//2646 2715//2638 2727//2668
f 2691//2646 2727//2668 2701//2647
f 2700//2648 2728//2667 2730//2669
f 2700//2648 2730//2669 2702//2649
f 2698//2644 2723//2664 2712//2654
f 2698//2644 2712//2654 2689//2632
f 2685//2627 2706//2652 2709//2639
f 2685//2627 2709//2639 2687//2629
f 2693//2634 2719//2656 2720//2660
f 2693//2634 2720//2660 2694//2640
f 2702//2649 2730//2669 2718//2657
f 2702//2649 2718//2657 2692//2633
f 2696//2642 2722//2663 2726//2666
f 2696//2642 2726//2666 2699//2645
f 2689//2632 2712//2654 2703//2653
f 2689//2632 2703//2653 2683//2626
f 2694//2640 2720//2660 2721//2661
f 2694//2640 2721//2661 2695//2641
f 2701//2647 2727//2668 2729//2667
f 2701//2647 2729//2667 2700//2648
f 2695//2641 2721//2661 2722//2663
f 2695//2641 2722//2663 2696//2642
f 2683//2626 2703//2653 2706//2652
f 2683//2626 2706//2652 2685//2627
f 2687//2629 2691//2646 2690//2635
f 2687//2629 2690//2635 2686//2630
f 2739//2670 2698//2644 2697//2643
f 2739//2670 2697//2643 2731//2671
f 2723//2664 2698//2644 2732//2672
f 2723//2664 2732//2672 2734//2673
f 2698//2644 2739//2670 2732//2672
f 2699//2645 2726//2666 2737//2674
f 2699//2645 2737//2674 2733//2675
f 2726//2666 2741//2676 2737//2674
f 2741//2676 2726//2666 2724//2665
f 2741//2676 2724//2665 2735//2677
f 2725//2665 2723//2664 2740//2678
f 2725//2665 2740//2678 2736//2679
f 2697//2643 2699//2645 2738//2680
f 2697//2643 2738//2680 2731//2671
f 2699//2645 2733//2675 2738//2680
f 2723//2664 2734//2673 2740//2678
f 2742//2681 2743//2682 2745//2683
f 2742//2681 2745//2683 2744//2684
f 2744//2684 2745//2683 2747//2685
f 2744//2684 2747//2685 2746//2686
f 2743//2682 2742//2681 2748//2687
f 2743//2682 2748//2687 2749//2688
f 2752//2689 2753//2690 2746//2686
f 2752//2689 2746//2686 2750//2691
f 2770//2692 2776//2693 2775//2694
f 2770//2692 2775//2694 2769//2695
f 2746//2686 2753//2690 2754//2696
f 2746//2686 2754//2696 2744//2684
f 2744//2684 2754//2696 2755//2697
f 2744//2684 2755//2697 2742//2681
f 2742//2681 2755//2697 2756//2698
f 2742//2681 2756//2698 2748//2687
f 2749//2688 2748//2687 2757//2699
f 2749//2688 2757//2699 2758//2700
f 2748//2687 2756//2698 2759//2701
f 2748//2687 2759//2701 2757//2699
f 2750//2691 2751//2702 2761//2703
f 2750//2691 2761//2703 2760//2704
f 2750//2691 2760//2704 2762//2705
f 2750//2691 2762//2705 2752//2689
f 2764//2706 2767//2707 2766//2708
f 2764//2706 2766//2708 2763//2709
f 2767//2707 2770//2692 2769//2695
f 2767//2707 2769//2695 2766//2708
f 2763//2709 2772//2710 2773//2711
f 2763//2709 2773//2711 2764//2706
f 2771//2692 2779//2712 2778//2713
f 2771//2692 2778//2713 2777//2714
f 2752//2689 2778//2713 2779//2712
f 2752//2689 2779//2712 2753//2690
f 2771//2692 2768//2715 2780//2716
f 2771//2692 2780//2716 2779//2712
f 2768//2715 2765//2717 2781//2718
f 2768//2715 2781//2718 2780//2716
f 2765//2717 2774//2719 2782//2720
f 2765//2717 2782//2720 2781//2718
f 2772//2710 2783//2721 2784//2722
f 2772//2710 2784//2722 2773//2711
f 2774//2719 2785//2722 2786//2723
f 2774//2719 2786//2723 2782//2720
f 2776//2693 2788//2724 2787//2725
f 2776//2693 2787//2725 2775//2694
f 2777//2714 2778//2713 2790//2726
f 2777//2714 2790//2726 2789//2727
f 2769//2695 2775//2694 2751//2702
f 2769//2695 2751//2702 2747//2685
f 2751//2702 2775//2694 2787//2725
f 2751//2702 2787//2725 2761//2703
f 2760//2704 2789//2727 2790//2726
f 2760//2704 2790//2726 2762//2705
f 2758//2700 2783//2721 2772//2710
f 2758//2700 2772//2710 2749//2688
f 2745//2683 2766//2708 2769//2695
f 2745//2683 2769//2695 2747//2685
f 2753//2690 2779//2712 2780//2716
f 2753//2690 2780//2716 2754//2696
f 2762//2705 2790//2726 2778//2713
f 2762//2705 2778//2713 2752//2689
f 2756//2698 2782//2720 2786//2723
f 2756//2698 2786//2723 2759//2701
f 2749//2688 2772//2710 2763//2709
f 2749//2688 2763//2709 2743//2682
f 2754//2696 2780//2716 2781//2718
f 2754//2696 2781//2718 2755//2697
f 2761//2703 2787//2725 2788//2724
f 2761//2703 2788//2724 2760//2704
f 2755//2697 2781//2718 2782//2720
f 2755//2697 2782//2720 2756//2698
f 2743//2682 2763//2709 2766//2708
f 2743//2682 2766//2708 2745//2683
f 2747//2685 2751//2702 2750//2691
f 2747//2685 2750//2691 2746//2686
f 2799//2728 2758//2700 2757//2699
f 2799//2728 2757//2699 2791//2729
f 2783//2721 2758//2700 2792//2730
f 2783//2721 2792//2730 2794//2731
f 2758//2700 2799//2728 2792//2730
f 2759//2701 2786//2723 2797//2732
f 2759//2701 2797//2732 2793//2733
f 2786//2723 2801//2734 2797//2732
f 2801//2734 2786//2723 2785//2722
f 2801//2734 2785//2722 2796//2735
f 2784//2722 2783//2721 2800//2736
f 2784//2722 2800//2736 2795//2737
f 2757//2699 2759//2701 2798//2738
f 2757//2699 2798//2738 2791//2729
f 2759//2701 2793//2733 2798//2738
f 2783//2721 2794//2731 2800//2736
f 2802//2739 2803//2740 2805//2741
f 2802//2739 2805//2741 2804//2742
f 2804//2742 2805//2741 2807//2743
f 2804//2742 2807//2743 2806//2744
f 2803//2740 2802//2739 2808//2745
f 2803//2740 2808//2745 2809//2746
f 2812//2747 2813//2748 2806//2744
f 2812//2747 2806//2744 2810//2749
f 2831//2750 2837//2751 2835//2752
f 2831//2750 2835//2752 2829//2753
f 2806//2744 2813//2748 2814//2754
f 2806//2744 2814//2754 2804//2742
f 2804//2742 2814//2754 2815//2755
f 2804//2742 2815//2755 2802//2739
f 2802//2739 2815//2755 2816//2756
f 2802//2739 2816//2756 2808//2745
f 2809//2746 2808//2745 2817//2757
f 2809//2746 2817//2757 2818//2758
f 2808//2745 2816//2756 2819//2759
f 2808//2745 2819//2759 2817//2757
f 2810//2749 2811//2760 2821//2761
f 2810//2749 2821//2761 2820//2762
f 2810//2749 2820//2762 2822//2763
f 2810//2749 2822//2763 2812//2747
f 2825//2764 2828//2765 2826//2766
f 2825//2764 2826//2766 2823//2767
f 2828//2765 2831//2750 2829//2753
f 2828//2765 2829//2753 2826//2766
f 2823//2767 2832//2768 2834//2769
f 2823//2767 2834//2769 2825//2764
f 2830//2750 2839//2770 2838//2771
f 2830//2750 2838//2771 2836//2751
f 2812//2747 2838//2771 2839//2770
f 2812//2747 2839//2770 2813//2748
f 2830//2750 2827//2772 2840//2773
f 2830//2750 2840//2773 2839//2770
f 2827//2772 2824//2774 2841//2775
f 2827//2772 2841//2775 2840//2773
f 2824//2774 2833//2769 2842//2776
f 2824//2774 2842//2776 2841//2775
f 2832//2768 2843//2777 2845//2778
f 2832//2768 2845//2778 2834//2769
f 2833//2769 2844//2778 2846//2779
f 2833//2769 2846//2779 2842//2776
f 2837//2751 2849//2780 2847//2781
f 2837//2751 2847//2781 2835//2752
f 2836//2751 2838//2771 2850//2782
f 2836//2751 2850//2782 2848//2783
f 2829//2753 2835//2752 2811//2760
f 2829//2753 2811//2760 2807//2743
f 2811//2760 2835//2752 2847//2781
f 2811//2760 2847//2781 2821//2761
f 2820//2762 2848//2783 2850//2782
f 2820//2762 2850//2782 2822//2763
f 2818//2758 2843//2777 2832//2768
f 2818//2758 2832//2768 2809//2746
f 2805//2741 2826//2766 2829//2753
f 2805//2741 2829//2753 2807//2743
f 2813//2748 2839//2770 2840//2773
f 2813//2748 2840//2773 2814//2754
f 2822//2763 2850//2782 2838//2771
f 2822//2763 2838//2771 2812//2747
f 2816//2756 2842//2776 2846//2779
f 2816//2756 2846//2779 2819//2759
f 2809//2746 2832//2768 2823//2767
f 2809//2746 2823//2767 2803//2740
f 2814//2754 2840//2773 2841//2775
f 2814//2754 2841//2775 2815//2755
f 2821//2761 2847//2781 2849//2780
f 2821//2761 2849//2780 2820//2762
f 2815//2755 2841//2775 2842//2776
f 2815//2755 2842//2776 2816//2756
f 2803//2740 2823//2767 2826//2766
f 2803//2740 2826//2766 2805//2741
f 2807//2743 2811//2760 2810//2749
f 2807//2743 2810//2749 2806//2744
f 2859//2784 2818//2758 2817//2757
f 2859//2784 2817//2757 2851//2785
f 2843//2777 2818//2758 2852//2786
f 2843//2777 2852//2786 2854//2787
f 2818//2758 2859//2784 2852//2786
f 2819//2759 2846//2779 2857//2788
f 2819//2759 2857//2788 2853//2789
f 2846//2779 2861//2790 2857//2788
f 2861//2790 2846//2779 2844//2778
f 2861//2790 2844//2778 2855//2791
f 2845//2778 2843//2777 2860//2792
f 2845//2778 2860//2792 2856//2791
f 2817//2757 2819//2759 2858//2793
f 2817//2757 2858//2793 2851//2785
f 2819//2759 2853//2789 2858//2793
f 2843//2777 2854//2787 2860//2792
f 2862//2794 2863//2795 2865//2796
f 2862//2794 2865//2796 2864//2797
f 2864//2797 2865//2796 2867//2798
f 2864//2797 2867//2798 2866//2799
f 2863//2795 2862//2794 2868//2800
f 2863//2795 2868//2800 2869//2801
f 2872//2802 2873//2803 2866//2799
f 2872//2802 2866//2799 2870//2804
f 2891//2805 2897//2806 2895//2807
f 2891//2805 2895//2807 2889//2808
f 2866//2799 2873//2803 2874//2809
f 2866//2799 2874//2809 2864//2797
f 2864//2797 2874//2809 2875//2810
f 2864//2797 2875//2810 2862//2794
f 2862//2794 2875//2810 2876//2811
f 2862//2794 2876//2811 2868//2800
f 2869//2801 2868//2800 2877//2812
f 2869//2801 2877//2812 2878//2813
f 2868//2800 2876//2811 2879//2814
f 2868//2800 2879//2814 2877//2812
f 2870//2804 2871//2815 2881//2816
f 2870//2804 2881//2816 2880//2817
f 2870//2804 2880//2817 2882//2818
f 2870//2804 2882//2818 2872//2802
f 2885//2819 2888//2820 2886//2821
f 2885//2819 2886//2821 2883//2822
f 2888//2820 2891//2805 2889//2808
f 2888//2820 2889//2808 2886//2821
f 2883//2822 2892//2823 2894//2824
f 2883//2822 2894//2824 2885//2819
f 2890//2825 2899//2826 2898//2827
f 2890//2825 2898//2827 2896//2828
f 2872//2802 2898//2827 2899//2826
f 2872//2802 2899//2826 2873//2803
f 2890//2825 2887//2829 2900//2830
f 2890//2825 2900//2830 2899//2826
f 2887//2829 2884//2831 2901//2832
f 2887//2829 2901//2832 2900//2830
f 2884//2831 2893//2833 2902//2834
f 2884//2831 2902//2834 2901//2832
f 2892//2823 2903//2835 2905//2836
f 2892//2823 2905//2836 2894//2824
f 2893//2833 2904//2836 2906//2837
f 2893//2833 2906//2837 2902//2834
f 2897//2806 2909//2838 2907//2839
f 2897//2806 2907//2839 2895//2807
f 2896//2828 2898//2827 2910//2840
f 2896//2828 2910//2840 2908//2841
f 2889//2808 2895//2807 2871//2815
f 2889//2808 2871//2815 2867//2798
f 2871//2815 2895//2807 2907//2839
f 2871//2815 2907//2839 2881//2816
f 2880//2817 2908//2841 2910//2840
f 2880//2817 2910//2840 2882//2818
f 2878//2813 2903//2835 2892//2823
f 2878//2813 2892//2823 2869//2801
f 2865//2796 2886//2821 2889//2808
f 2865//2796 2889//2808 2867//2798
f 2873//2803 2899//2826 2900//2830
f 2873//2803 2900//2830 2874//2809
f 2882//2818 2910//2840 2898//2827
f 2882//2818 2898//2827 2872//2802
f 2876//2811 2902//2834 2906//2837
f 2876//2811 2906//2837 2879//2814
f 2869//2801 2892//2823 2883//2822
f 2869//2801 2883//2822 2863//2795
f 2874//2809 2900//2830 2901//2832
f 2874//2809 2901//2832 2875//2810
f 2881//2816 2907//2839 2909//2838
f 2881//2816 2909//2838 2880//2817
f 2875//2810 2901//2832 2902//2834
f 2875//2810 2902//2834 2876//2811
f 2863//2795 2883//2822 2886//2821
f 2863//2795 2886//2821 2865//2796
f 2867//2798 2871//2815 2870//2804
f 2867//2798 2870//2804 2866//2799
f 2911//2842 2912//2843 2914//2844
f 2911//2842 2914//2844 2913//2845
f 2913//2845 2914//2844 2916//2846
f 2913//2845 2916//2846 2915//2847
f 2912//2843 2911//2842 2917//2848
f 2912//2843 2917//2848 2918//2849
f 2921//2850 2922//2851 2915//2847
f 2921//2850 2915//2847 2919//2852
f 2940//2853 2946//2854 2944//2855
f 2940//2853 2944//2855 2938//2856
f 2915//2847 2922//2851 2923//2857
f 2915//2847 2923//2857 2913//2845
f 2913//2845 2923//2857 2924//2858
f 2913//2845 2924//2858 2911//2842
f 2911//2842 2924//2858 2925//2859
f 2911//2842 2925//2859 2917//2848
f 2918//2849 2917//2848 2926//2860
f 2918//2849 2926//2860 2927//2861
f 2917//2848 2925//2859 2928//2862
f 2917//2848 2928//2862 2926//2860
f 2919//2852 2920//2863 2930//2864
f 2919//2852 2930//2864 2929//2865
f 2919//2852 2929//2865 2931//2866
f 2919//2852 2931//2866 2921//2850
f 2934//2867 2937//2868 2935//2869
f 2934//2867 2935//2869 2932//2870
f 2937//2868 2940//2853 2938//2856
f 2937//2868 2938//2856 2935//2869
f 2932//2870 2941//2871 2943//2872
f 2932//2870 2943//2872 2934//2867
f 2939//2873 2948//2874 2947//2875
f 2939//2873 2947//2875 2945//2876
f 2921//2850 2947//2875 2948//2874
f 2921//2850 2948//2874 2922//2851
f 2939//2873 2936//2877 2949//2878
f 2939//2873 2949//2878 2948//2874
f 2936//2877 2933//2879 2950//2880
f 2936//2877 2950//2880 2949//2878
f 2933//2879 2942//2872 2951//2881
f 2933//2879 2951//2881 2950//2880
f 2941//2871 2952//2882 2954//2883
f 2941//2871 2954//2883 2943//2872
f 2942//2872 2953//2884 2955//2885
f 2942//2872 2955//2885 2951//2881
f 2946//2854 2958//2886 2956//2887
f 2946//2854 2956//2887 2944//2855
f 2945//2876 2947//2875 2959//2888
f 2945//2876 2959//2888 2957//2889
f 2938//2856 2944//2855 2920//2863
f 2938//2856 2920//2863 2916//2846
f 2920//2863 2944//2855 2956//2887
f 2920//2863 2956//2887 2930//2864
f 2929//2865 2957//2889 2959//2888
f 2929//2865 2959//2888 2931//2866
f 2927//2861 2952//2882 2941//2871
f 2927//2861 2941//2871 2918//2849
f 2914//2844 2935//2869 2938//2856
f 2914//2844 2938//2856 2916//2846
f 2922//2851 2948//2874 2949//2878
f 2922//2851 2949//2878 2923//2857
f 2931//2866 2959//2888 2947//2875
f 2931//2866 2947//2875 2921//2850
f 2925//2859 2951//2881 2955//2885
f 2925//2859 2955//2885 2928//2862
f 2918//2849 2941//2871 2932//2870
f 2918//2849 2932//2870 2912//2843
f 2923//2857 2949//2878 2950//2880
f 2923//2857 2950//2880 2924//2858
f 2930//2864 2956//2887 2958//2886
f 2930//2864 2958//2886 2929//2865
f 2924//2858 2950//2880 2951//2881
f 2924//2858 2951//2881 2925//2859
f 2912//2843 2932//2870 2935//2869
f 2912//2843 2935//2869 2914//2844
f 2916//2846 2920//2863 2919//2852
f 2916//2846 2919//2852 2915//2847
f 2968//2890 2927//2861 2926//2860
f 2968//2890 2926//2860 2960//2891
f 2952//2882 2927//2861 2961//2892
f 2952//2882 2961//2892 2963//2893
f 2927//2861 2968//2890 2961//2892
f 2928//2862 2955//2885 2966//2894
f 2928//2862 2966//2894 2962//2895
f 2955//2885 2970//2896 2966//2894
f 2970//2896 2955//2885 2953//2884
f 2970//2896 2953//2884 2964//2897
f 2954//2883 2952//2882 2969//2898
f 2954//2883 2969//2898 2965//2899
f 2926//2860 2928//2862 2967//2900
f 2926//2860 2967//2900 2960//2891
f 2928//2862 2962//2895 2967//2900
f 2952//2882 2963//2893 2969//2898
f 2971//2901 2972//2902 2974//2903
f 2971//2901 2974//2903 2973//2904
f 2973//2904 2974//2903 2976//2905
f 2973//2904 2976//2905 2975//2906
f 2972//2902 2971//2901 2977//2907
f 2972//2902 2977//2907 2978//2908
f 2981//2909 2982//2910 2975//2906
f 2981//2909 2975//2906 2979//2911
f 2999//2912 3005//2913 3004//2914
f 2999//2912 3004//2914 2998//2915
f 2975//2906 2982//2910 2983//2916
f 2975//2906 2983//2916 2973//2904
f 2973//2904 2983//2916 2984//2917
f 2973//2904 2984//2917 2971//2901
f 2971//2901 2984//2917 2985//2918
f 2971//2901 2985//2918 2977//2907
f 2978//2908 2977//2907 2986//2919
f 2978//2908 2986//2919 2987//2920
f 2977//2907 2985//2918 2988//2921
f 2977//2907 2988//2921 2986//2919
f 2979//2911 2980//2922 2990//2923
f 2979//2911 2990//2923 2989//2924
f 2979//2911 2989//2924 2991//2925
f 2979//2911 2991//2925 2981//2909
f 2993//2926 2996//2927 2995//2928
f 2993//2926 2995//2928 2992//2929
f 2996//2927 2999//2912 2998//2915
f 2996//2927 2998//2915 2995//2928
f 2992//2929 3001//2930 3002//2931
f 2992//2929 3002//2931 2993//2926
f 3000//2932 3008//2933 3007//2934
f 3000//2932 3007//2934 3006//2913
f 2981//2909 3007//2934 3008//2933
f 2981//2909 3008//2933 2982//2910
f 3000//2932 2997//2935 3009//2936
f 3000//2932 3009//2936 3008//2933
f 2997//2935 2994//2937 3010//2938
f 2997//2935 3010//2938 3009//2936
f 2994//2937 3003//2939 3011//2940
f 2994//2937 3011//2940 3010//2938
f 3001//2930 3012//2941 3013//2942
f 3001//2930 3013//2942 3002//2931
f 3003//2939 3014//2943 3015//2944
f 3003//2939 3015//2944 3011//2940
f 3005//2913 3017//2945 3016//2946
f 3005//2913 3016//2946 3004//2914
f 3006//2913 3007//2934 3019//2947
f 3006//2913 3019//2947 3018//2945
f 2998//2915 3004//2914 2980//2922
f 2998//2915 2980//2922 2976//2905
f 2980//2922 3004//2914 3016//2946
f 2980//2922 3016//2946 2990//2923
f 2989//2924 3018//2945 3019//2947
f 2989//2924 3019//2947 2991//2925
f 2987//2920 3012//2941 3001//2930
f 2987//2920 3001//2930 2978//2908
f 2974//2903 2995//2928 2998//2915
f 2974//2903 2998//2915 2976//2905
f 2982//2910 3008//2933 3009//2936
f 2982//2910 3009//2936 2983//2916
f 2991//2925 3019//2947 3007//2934
f 2991//2925 3007//2934 2981//2909
f 2985//2918 3011//2940 3015//2944
f 2985//2918 3015//2944 2988//2921
f 2978//2908 3001//2930 2992//2929
f 2978//2908 2992//2929 2972//2902
f 2983//2916 3009//2936 3010//2938
f 2983//2916 3010//2938 2984//2917
f 2990//2923 3016//2946 3017//2945
f 2990//2923 3017//2945 2989//2924
f 2984//2917 3010//2938 3011//2940
f 2984//2917 3011//2940 2985//2918
f 2972//2902 2992//2929 2995//2928
f 2972//2902 2995//2928 2974//2903
f 2976//2905 2980//2922 2979//2911
f 2976//2905 2979//2911 2975//2906
f 3028//2948 2987//2920 2986//2919
f 3028//2948 2986//2919 3020//2949
f 3012//2941 2987//2920 3021//2950
f 3012//2941 3021//2950 3023//2951
f 2987//2920 3028//2948 3021//2950
f 2988//2921 3015//2944 3026//2952
f 2988//2921 3026//2952 3022//2953
f 3015//2944 3030//2954 3026//2952
f 3030//2954 3015//2944 3014//2943
f 3030//2954 3014//2943 3025//2955
f 3013//2942 3012//2941 3029//2956
f 3013//2942 3029//2956 3024//2957
f 2986//2919 2988//2921 3027//2958
f 2986//2919 3027//2958 3020//2949
f 2988//2921 3022//2953 3027//2958
f 3012//2941 3023//2951 3029//2956
f 3031//2959 3032//2960 3034//2961
f 3031//2959 3034//2961 3033//2962
f 3033//2962 3034//2961 3036//2963
f 3033//2962 3036//2963 3035//2964
f 3032//2960 3031//2959 3037//2965
f 3032//2960 3037//2965 3038//2966
f 3041//2967 3042//2968 3035//2964
f 3041//2967 3035//2964 3039//2969
f 3059//2970 3065//2971 3064//2972
f 3059//2970 3064//2972 3058//2973
f 3035//2964 3042//2968 3043//2974
f 3035//2964 3043//2974 3033//2962
f 3033//2962 3043//2974 3044//2975
f 3033//2962 3044//2975 3031//2959
f 3031//2959 3044//2975 3045//2976
f 3031//2959 3045//2976 3037//2965
f 3038//2966 3037//2965 3046//2977
f 3038//2966 3046//2977 3047//2978
f 3037//2965 3045//2976 3048//2979
f 3037//2965 3048//2979 3046//2977
f 3039//2969 3040//2980 3050//2981
f 3039//2969 3050//2981 3049//2982
f 3039//2969 3049//2982 3051//2983
f 3039//2969 3051//2983 3041//2967
f 3053//2984 3056//2985 3055//2986
f 3053//2984 3055//2986 3052//2987
f 3056//2985 3059//2970 3058//2973
f 3056//2985 3058//2973 3055//2986
f 3052//2987 3061//2988 3062//2989
f 3052//2987 3062//2989 3053//2984
f 3060//2990 3068//2991 3067//2992
f 3060//2990 3067//2992 3066//2971
f 3041//2967 3067//2992 3068//2991
f 3041//2967 3068//2991 3042//2968
f 3060//2990 3057//2985 3069//2993
f 3060//2990 3069//2993 3068//2991
f 3057//2985 3054//2994 3070//2995
f 3057//2985 3070//2995 3069//2993
f 3054//2994 3063//2996 3071//2997
f 3054//2994 3071//2997 3070//2995
f 3061//2988 3072//2998 3073//2999
f 3061//2988 3073//2999 3062//2989
f 3063//2996 3074//3000 3075//3001
f 3063//2996 3075//3001 3071//2997
f 3065//2971 3077//3002 3076//3003
f 3065//2971 3076//3003 3064//2972
f 3066//2971 3067//2992 3079//3004
f 3066//2971 3079//3004 3078//3005
f 3058//2973 3064//2972 3040//2980
f 3058//2973 3040//2980 3036//2963
f 3040//2980 3064//2972 3076//3003
f 3040//2980 3076//3003 3050//2981
f 3049//2982 3078//3005 3079//3004
f 3049//2982 3079//3004 3051//2983
f 3047//2978 3072//2998 3061//2988
f 3047//2978 3061//2988 3038//2966
f 3034//2961 3055//2986 3058//2973
f 3034//2961 3058//2973 3036//2963
f 3042//2968 3068//2991 3069//2993
f 3042//2968 3069//2993 3043//2974
f 3051//2983 3079//3004 3067//2992
f 3051//2983 3067//2992 3041//2967
f 3045//2976 3071//2997 3075//3001
f 3045//2976 3075//3001 3048//2979
f 3038//2966 3061//2988 3052//2987
f 3038//2966 3052//2987 3032//2960
f 3043//2974 3069//2993 3070//2995
f 3043//2974 3070//2995 3044//2975
f 3050//2981 3076//3003 3077//3002
f 3050//2981 3077//3002 3049//2982
f 3044//2975 3070//2995 3071//2997
f 3044//2975 3071//2997 3045//2976
f 3032//2960 3052//2987 3055//2986
f 3032//2960 3055//2986 3034//2961
f 3036//2963 3040//2980 3039//2969
f 3036//2963 3039//2969 3035//2964
f 3088//3006 3047//2978 3046//2977
f 3088//3006 3046//2977 3080//3007
f 3072//2998 3047//2978 3081//3008
f 3072//2998 3081//3008 3083//3009
f 3047//2978 3088//3006 3081//3008
f 3048//2979 3075//3001 3086//3010
f 3048//2979 3086//3010 3082//3011
f 3075//3001 3090//3012 3086//3010
f 3090//3012 3075//3001 3074//3000
f 3090//3012 3074//3000 3085//3013
f 3073//2999 3072//2998 3089//3014
f 3073//2999 3089//3014 3084//3015
f 3046//2977 3048//2979 3087//3016
f 3046//2977 3087//3016 3080//3007
f 3048//2979 3082//3011 3087//3016
f 3072//2998 3083//3009 3089//3014
f 3091//3017 3092//3018 3094//3019
f 3091//3017 3094//3019 3093//3020
f 3093//3020 3094//3019 3096//3021
f 3093//3020 3096//3021 3095//3022
f 3092//3018 3091//3017 3097//3023
f 3092//3018 3097//3023 3098//3024
f 3101//3025 3102//3026 3095//3022
f 3101//3025 3095//3022 3099//3027
f 3120//3028 3126//3029 3124//3030
f 3120//3028 3124//3030 3118//3031
f 3095//3022 3102//3026 3103//3032
f 3095//3022 3103//3032 3093//3020
f 3093//3020 3103//3032 3104//3033
f 3093//3020 3104//3033 3091//3017
f 3091//3017 3104//3033 3105//3034
f 3091//3017 3105//3034 3097//3023
f 3098//3024 3097//3023 3106//3035
f 3098//3024 3106//3035 3107//3036
f 3097//3023 3105//3034 3108//3037
f 3097//3023 3108//3037 3106//3035
f 3099//3027 3100//3038 3110//3039
f 3099//3027 3110//3039 3109//3040
f 3099//3027 3109//3040 3111//3041
f 3099//3027 3111//3041 3101//3025
f 3114//3042 3117//3043 3115//3044
f 3114//3042 3115//3044 3112//3045
f 3117//3043 3120//3028 3118//3031
f 3117//3043 3118//3031 3115//3044
f 3112//3045 3121//3046 3123//3047
f 3112//3045 3123//3047 3114//3042
f 3119//3048 3128//3049 3127//3050
f 3119//3048 3127//3050 3125//3029
f 3101//3025 3127//3050 3128//3049
f 3101//3025 3128//3049 3102//3026
f 3119//3048 3116//3043 3129//3051
f 3119//3048 3129//3051 3128//3049
f 3116//3043 3113//3042 3130//3052
f 3116//3043 3130//3052 3129//3051
f 3113//3042 3122//3047 3131//3053
f 3113//3042 3131//3053 3130//3052
f 3121//3046 3132//3054 3134//3055
f 3121//3046 3134//3055 3123//3047
f 3122//3047 3133//3055 3135//3056
f 3122//3047 3135//3056 3131//3053
f 3126//3029 3138//3057 3136//3058
f 3126//3029 3136//3058 3124//3030
f 3125//3029 3127//3050 3139//3059
f 3125//3029 3139//3059 3137//3060
f 3118//3031 3124//3030 3100//3038
f 3118//3031 3100//3038 3096//3021
f 3100//3038 3124//3030 3136//3058
f 3100//3038 3136//3058 3110//3039
f 3109//3040 3137//3060 3139//3059
f 3109//3040 3139//3059 3111//3041
f 3107//3036 3132//3054 3121//3046
f 3107//3036 3121//3046 3098//3024
f 3094//3019 3115//3044 3118//3031
f 3094//3019 3118//3031 3096//3021
f 3102//3026 3128//3049 3129//3051
f 3102//3026 3129//3051 3103//3032
f 3111//3041 3139//3059 3127//3050
f 3111//3041 3127//3050 3101//3025
f 3105//3034 3131//3053 3135//3056
f 3105//3034 3135//3056 3108//3037
f 3098//3024 3121//3046 3112//3045
f 3098//3024 3112//3045 3092//3018
f 3103//3032 3129//3051 3130//3052
f 3103//3032 3130//3052 3104//3033
f 3110//3039 3136//3058 3138//3057
f 3110//3039 3138//3057 3109//3040
f 3104//3033 3130//3052 3131//3053
f 3104//3033 3131//3053 3105//3034
f 3092//3018 3112//3045 3115//3044
f 3092//3018 3115//3044 3094//3019
f 3096//3021 3100//3038 3099//3027
f 3096//3021 3099//3027 3095//3022
f 3148//3061 3107//3036 3106//3035
f 3148//3061 3106//3035 3140//3062
f 3132//3054 3107//3036 3141//3063
f 3132//3054 3141//3063 3143//3064
f 3107//3036 3148//3061 3141//3063
f 3108//3037 3135//3056 3146//3065
f 3108//3037 3146//3065 3142//3066
f 3135//3056 3150//3067 3146//3065
f 3150//3067 3135//3056 3133//3055
f 3150//3067 3133//3055 3144//3068
f 3134//3055 3132//3054 3149//3069
f 3134//3055 3149//3069 3145//3068
f 3106//3035 3108//3037 3147//3070
f 3106//3035 3147//3070 3140//3062
f 3108//3037 3142//3066 3147//3070
f 3132//3054 3143//3064 3149//3069
f 3151//3071 3152//3072 3154//3073
f 3151//3071 3154//3073 3153//3074
f 3153//3074 3154//3073 3156//3075
f 3153//3074 3156//3075 3155//3076
f 3152//3072 3151//3071 3157//3077
f 3152//3072 3157//3077 3158//3078
f 3161//3079 3162//3080 3155//3076
f 3161//3079 3155//3076 3159//3081
f 3180//3082 3186//3083 3184//3084
f 3180//3082 3184//3084 3178//3085
f 3155//3076 3162//3080 3163//3086
f 3155//3076 3163//3086 3153//3074
f 3153//3074 3163//3086 3164//3087
f 3153//3074 3164//3087 3151//3071
f 3151//3071 3164//3087 3165//3088
f 3151//3071 3165//3088 3157//3077
f 3158//3078 3157//3077 3166//3089
f 3158//3078 3166//3089 3167//3090
f 3157//3077 3165//3088 3168//3091
f 3157//3077 3168//3091 3166//3089
f 3159//3081 3160//3092 3170//3093
f 3159//3081 3170//3093 3169//3094
f 3159//3081 3169//3094 3171//3095
f 3159//3081 3171//3095 3161//3079
f 3174//3096 3177//3097 3175//3098
f 3174//3096 3175//3098 3172//3099
f 3177//3097 3180//3082 3178//3085
f 3177//3097 3178//3085 3175//3098
f 3172//3099 3181//3100 3183//3101
f 3172//3099 3183//3101 3174//3096
f 3179//3082 3188//3102 3187//3103
f 3179//3082 3187//3103 3185//3104
f 3161//3079 3187//3103 3188//3102
f 3161//3079 3188//3102 3162//3080
f 3179//3082 3176//3097 3189//3105
f 3179//3082 3189//3105 3188//3102
f 3176//3097 3173//3106 3190//3107
f 3176//3097 3190//3107 3189//3105
f 3173//3106 3182//3101 3191//3108
f 3173//3106 3191//3108 3190//3107
f 3181//3100 3192//3109 3194//3110
f 3181//3100 3194//3110 3183//3101
f 3182//3101 3193//3111 3195//3112
f 3182//3101 3195//3112 3191//3108
f 3186//3083 3198//3113 3196//3114
f 3186//3083 3196//3114 3184//3084
f 3185//3104 3187//3103 3199//3115
f 3185//3104 3199//3115 3197//3113
f 3178//3085 3184//3084 3160//3092
f 3178//3085 3160//3092 3156//3075
f 3160//3092 3184//3084 3196//3114
f 3160//3092 3196//3114 3170//3093
f 3169//3094 3197//3113 3199//3115
f 3169//3094 3199//3115 3171//3095
f 3167//3090 3192//3109 3181//3100
f 3167//3090 3181//3100 3158//3078
f 3154//3073 3175//3098 3178//3085
f 3154//3073 3178//3085 3156//3075
f 3162//3080 3188//3102 3189//3105
f 3162//3080 3189//3105 3163//3086
f 3171//3095 3199//3115 3187//3103
f 3171//3095 3187//3103 3161//3079
f 3165//3088 3191//3108 3195//3112
f 3165//3088 3195//3112 3168//3091
f 3158//3078 3181//3100 3172//3099
f 3158//3078 3172//3099 3152//3072
f 3163//3086 3189//3105 3190//3107
f 3163//3086 3190//3107 3164//3087
f 3170//3093 3196//3114 3198//3113
f 3170//3093 3198//3113 3169//3094
f 3164//3087 3190//3107 3191//3108
f 3164//3087 3191//3108 3165//3088
f 3152//3072 3172//3099 3175//3098
f 3152//3072 3175//3098 3154//3073
f 3156//3075 3160//3092 3159//3081
f 3156//3075 3159//3081 3155//3076
f 3208//3116 3167//3090 3166//3089
f 3208//3116 3166//3089 3200//3117
f 3192//3109 3167//3090 3201//3118
f 3192//3109 3201//3118 3203//3119
f 3167//3090 3208//3116 3201//3118
f 3168//3091 3195//3112 3206//3120
f 3168//3091 3206//3120 3202//3121
f 3195//3112 3210//3122 3206//3120
f 3210//3122 3195//3112 3193//3111
f 3210//3122 3193//3111 3204//3123
f 3194//3110 3192//3109 3209//3124
f 3194//3110 3209//3124 3205//3125
f 3166//3089 3168//3091 3207//3126
f 3166//3089 3207//3126 3200//3117
f 3168//3091 3202//3121 3207//3126
f 3192//3109 3203//3119 3209//3124
f 3211//3127 3212//3128 3214//3129
f 3211//3127 3214//3129 3213//3130
f 3213//3130 3214//3129 3216//3131
f 3213//3130 3216//3131 3215//3132
f 3212//3128 3211//3127 3217//3133
f 3212//3128 3217//3133 3218//3134
f 3221//3135 3222//3136 3215//3132
f 3221//3135 3215//3132 3219//3137
f 3240//3138 3246//3139 3244//3140
f 3240//3138 3244//3140 3238//3141
f 3215//3132 3222//3136 3223//3142
f 3215//3132 3223//3142 3213//3130
f 3213//3130 3223//3142 3224//3143
f 3213//3130 3224//3143 3211//3127
f 3211//3127 3224//3143 3225//3144
f 3211//3127 3225//3144 3217//3133
f 3218//3134 3217//3133 3226//3145
f 3218//3134 3226//3145 3227//3146
f 3217//3133 3225//3144 3228//3147
f 3217//3133 3228//3147 3226//3145
f 3219//3137 3220//3148 3230//3149
f 3219//3137 3230//3149 3229//3150
f 3219//3137 3229//3150 3231//3151
f 3219//3137 3231//3151 3221//3135
f 3234//3152 3237//3153 3235//3154
f 3234//3152 3235//3154 3232//3155
f 3237//3153 3240//3138 3238//3141
f 3237//3153 3238//3141 3235//3154
f 3232//3155 3241//3156 3243//3157
f 3232//3155 3243//3157 3234//3152
f 3239//3158 3248//3159 3247//3160
f 3239//3158 3247//3160 3245//3139
f 3221//3135 3247//3160 3248//3159
f 3221//3135 3248//3159 3222//3136
f 3239//3158 3236//3161 3249//3162
f 3239//3158 3249//3162 3248//3159
f 3236//3161 3233//3163 3250//3164
f 3236//3161 3250//3164 3249//3162
f 3233//3163 3242//3157 3251//3165
f 3233//3163 3251//3165 3250//3164
f 3241//3156 3252//3166 3254//3167
f 3241//3156 3254//3167 3243//3157
f 3242//3157 3253//3167 3255//3168
f 3242//3157 3255//3168 3251//3165
f 3246//3139 3258//3169 3256//3170
f 3246//3139 3256//3170 3244//3140
f 3245//3139 3247//3160 3259//3171
f 3245//3139 3259//3171 3257//3172
f 3238//3141 3244//3140 3220//3148
f 3238//3141 3220//3148 3216//3131
f 3220//3148 3244//3140 3256//3170
f 3220//3148 3256//3170 3230//3149
f 3229//3150 3257//3172 3259//3171
f 3229//3150 3259//3171 3231//3151
f 3227//3146 3252//3166 3241//3156
f 3227//3146 3241//3156 3218//3134
f 3214//3129 3235//3154 3238//3141
f 3214//3129 3238//3141 3216//3131
f 3222//3136 3248//3159 3249//3162
f 3222//3136 3249//3162 3223//3142
f 3231//3151 3259//3171 3247//3160
f 3231//3151 3247//3160 3221//3135
f 3225//3144 3251//3165 3255//3168
f 3225//3144 3255//3168 3228//3147
f 3218//3134 3241//3156 3232//3155
f 3218//3134 3232//3155 3212//3128
f 3223//3142 3249//3162 3250//3164
f 3223//3142 3250//3164 3224//3143
f 3230//3149 3256//3170 3258//3169
f 3230//3149 3258//3169 3229//3150
f 3224//3143 3250//3164 3251//3165
f 3224//3143 3251//3165 3225//3144
f 3212//3128 3232//3155 3235//3154
f 3212//3128 3235//3154 3214//3129
f 3216//3131 3220//3148 3219//3137
f 3216//3131 3219//3137 3215//3132
f 3268//3173 3227//3146 3226//3145
f 3268//3173 3226//3145 3260//3174
f 3252//3166 3227//3146 3261//3175
f 3252//3166 3261//3175 3263//3176
f 3227//3146 3268//3173 3261//3175
f 3228//3147 3255//3168 3266//3177
f 3228//3147 3266//3177 3262//3178
f 3255//3168 3270//3179 3266//3177
f 3270//3179 3255//3168 3253//3167
f 3270//3179 3253//3167 3264//3180
f 3254//3167 3252//3166 3269//3181
f 3254//3167 3269//3181 3265//3182
f 3226//3145 3228//3147 3267//3183
f 3226//3145 3267//3183 3260//3174
f 3228//3147 3262//3178 3267//3183
f 3252//3166 3263//3176 3269//3181
f 3346//3184 3322//3185 3272//3186
f 3346//3184 3272//3186 3296//3187
f 3290//3188 3299//3189 3302//3190
f 3290//3188 3302//3190 3286//3191
f 3286//3191 3302//3190 3304//3192
f 3286//3191 3304//3192 3284//3193
f 3284//3193 3304//3192 3306//3194
f 3284//3193 3306//3194 3282//3195
f 3282//3195 3306//3194 3308//3196
f 3282//3195 3308//3196 3280//3197
f 3280//3197 3308//3196 3311//3198
f 3280//3197 3311//3198 3278//3199
f 3278//3199 3311//3198 3313//3200
f 3278//3199 3313//3200 3276//3201
f 3276//3201 3313//3200 3349//3202
f 3276//3201 3349//3202 3314//3203
f 3295//3204 3351//3205 3316//3206
f 3295//3204 3316//3206 3273//3207
f 3273//3207 3316//3206 3318//3208
f 3273//3207 3318//3208 3271//3209
f 3271//3209 3318//3208 3320//3210
f 3271//3209 3320//3210 3288//3211
f 3288//3211 3320//3210 3297//3212
f 3288//3211 3297//3212 3293//3213
f 3324//3214 3327//3215 3277//3216
f 3324//3214 3277//3216 3275//3217
f 3322//3185 3323//3218 3274//3219
f 3322//3185 3274//3219 3272//3186
f 3329//3220 3331//3221 3281//3222
f 3329//3220 3281//3222 3279//3223
f 3321//3224 3293//3213 3291//3225
f 3321//3224 3291//3225 3326//3226
f 3327//3215 3329//3220 3279//3223
f 3327//3215 3279//3223 3277//3216
f 3344//3227 3346//3184 3296//3187
f 3344//3227 3296//3187 3294//3228
f 3342//3229 3344//3227 3294//3228
f 3342//3229 3294//3228 3292//3230
f 3340//3231 3342//3229 3292//3230
f 3340//3231 3292//3230 3289//3232
f 3337//3233 3340//3231 3289//3232
f 3337//3233 3289//3232 3287//3234
f 3335//3235 3337//3233 3287//3234
f 3335//3235 3287//3234 3285//3236
f 3333//3237 3335//3235 3285//3236
f 3333//3237 3285//3236 3283//3238
f 3331//3221 3333//3237 3283//3238
f 3331//3221 3283//3238 3281//3222
f 3339//3239 3341//3240 3340//3231
f 3322//3185 3321//3224 3326//3226
f 3322//3185 3326//3226 3323//3218
f 3324//3214 3325//3226 3328//3241
f 3324//3214 3328//3241 3327//3215
f 3327//3215 3328//3241 3330//3242
f 3327//3215 3330//3242 3329//3220
f 3329//3220 3330//3242 3332//3243
f 3329//3220 3332//3243 3331//3221
f 3331//3221 3332//3243 3334//3244
f 3331//3221 3334//3244 3333//3237
f 3333//3237 3334//3244 3336//3245
f 3333//3237 3336//3245 3335//3235
f 3335//3235 3336//3245 3338//3246
f 3335//3235 3338//3246 3337//3233
f 3337//3233 3338//3246 3339//3239
f 3337//3233 3339//3239 3340//3231
f 3340//3231 3341//3240 3343//3247
f 3340//3231 3343//3247 3342//3229
f 3342//3229 3343//3247 3345//3248
f 3342//3229 3345//3248 3344//3227
f 3344//3227 3345//3248 3347//3249
f 3344//3227 3347//3249 3346//3184
f 3346//3184 3347//3249 3321//3224
f 3346//3184 3321//3224 3322//3185
f 3314//3203 3295//3204 3341//3240
f 3314//3203 3341//3240 3339//3239
f 3293//3213 3297//3212 3300//3250
f 3293//3213 3300//3250 3291//3225
f 3349//3202 3351//3205 3295//3204
f 3349//3202 3295//3204 3314//3203
f 3347//3249 3288//3211 3293//3213
f 3347//3249 3293//3213 3321//3224
f 3345//3248 3271//3209 3288//3211
f 3345//3248 3288//3211 3347//3249
f 3343//3247 3273//3207 3271//3209
f 3343//3247 3271//3209 3345//3248
f 3341//3240 3295//3204 3273//3207
f 3341//3240 3273//3207 3343//3247
f 3338//3246 3276//3201 3314//3203
f 3338//3246 3314//3203 3339//3239
f 3336//3245 3278//3199 3276//3201
f 3336//3245 3276//3201 3338//3246
f 3334//3244 3280//3197 3278//3199
f 3334//3244 3278//3199 3336//3245
f 3332//3243 3282//3195 3280//3197
f 3332//3243 3280//3197 3334//3244
f 3330//3242 3284//3193 3282//3195
f 3330//3242 3282//3195 3332//3243
f 3328//3241 3286//3191 3284//3193
f 3328//3241 3284//3193 3330//3242
f 3325//3226 3290//3188 3286//3191
f 3325//3226 3286//3191 3328//3241
f 3319//3251 3298//3252 3352//3253
f 3319//3251 3352//3253 3362//3254
f 3307//3255 3309//3256 3357//3257
f 3307//3255 3357//3257 3356//3258
f 3309//3256 3310//3259 3358//3260
f 3309//3256 3358//3260 3357//3257
f 3310//3259 3312//3261 3359//3262
f 3310//3259 3359//3262 3358//3260
f 3312//3261 3348//3263 3363//3264
f 3312//3261 3363//3264 3359//3262
f 3348//3263 3350//3265 3364//3266
f 3348//3263 3364//3266 3363//3264
f 3298//3252 3301//3267 3353//3268
f 3298//3252 3353//3268 3352//3253
f 3301//3267 3303//3269 3354//3270
f 3301//3267 3354//3270 3353//3268
f 3315//3271 3317//3272 3361//3273
f 3315//3271 3361//3273 3360//3274
f 3303//3269 3305//3275 3355//3276
f 3303//3269 3355//3276 3354//3270
f 3317//3272 3319//3251 3362//3254
f 3317//3272 3362//3254 3361//3273
f 3350//3265 3315//3271 3360//3274
f 3350//3265 3360//3274 3364//3266
f 3305//3275 3307//3255 3356//3258
f 3305//3275 3356//3258 3355//3276
f 3357//3257 3358//3260 3365//3277
f 3358//3260 3359//3262 3365//3277
f 3360//3274 3361//3273 3365//3277
f 3352//3253 3353//3268 3365//3277
f 3361//3273 3362//3254 3365//3277
f 3353//3268 3354//3270 3365//3277
f 3362//3254 3352//3253 3365//3277
f 3354//3270 3355//3276 3365//3277
f 3363//3264 3364//3266 3365//3277
f 3355//3276 3356//3258 3365//3277
f 3359//3262 3363//3264 3365//3277
f 3356//3258 3357//3257 3365//3277
f 3364//3266 3360//3274 3365//3277
f 3366//3278 3367//3279 3369//3280
f 3366//3278 3369//3280 3368//3281
f 3368//3281 3369//3280 3374//3282
f 3368//3281 3374//3282 3372//3283
f 3373//3283 3375//3282 3371//3284
f 3373//3283 3371//3284 3370//3285
f 3370//3285 3371//3284 3367//3279
f 3370//3285 3367//3279 3366//3278
f 3380//3286 3379//3287 3384//3288
f 3380//3286 3384//3288 3385//3289
f 3374//3282 3369//3280 3377//3290
f 3374//3282 3377//3290 3378//3291
f 3371//3284 3375//3282 3379//3287
f 3371//3284 3379//3287 3380//3286
f 3369//3280 3367//3279 3376//3292
f 3369//3280 3376//3292 3377//3290
f 3367//3279 3371//3284 3380//3286
f 3367//3279 3380//3286 3376//3292
f 3381//3293 3385//3289 3390//3294
f 3381//3293 3390//3294 3386//3295
f 3377//3290 3376//3292 3381//3293
f 3377//3290 3381//3293 3382//3296
f 3376//3292 3380//3286 3385//3289
f 3376//3292 3385//3289 3381//3293
f 3378//3291 3377//3290 3382//3296
f 3378//3291 3382//3296 3383//3297
f 3388//3298 3387//3299 3392//3300
f 3388//3298 3392//3300 3393//3301
f 3383//3297 3382//3296 3387//3299
f 3383//3297 3387//3299 3388//3298
f 3385//3289 3384//3288 3389//3302
f 3385//3289 3389//3302 3390//3294
f 3382//3296 3381//3293 3386//3295
f 3382//3296 3386//3295 3387//3299
f 3395//3303 3394//3304 3399//3305
f 3395//3303 3399//3305 3400//3306
f 3390//3294 3389//3302 3394//3304
f 3390//3294 3394//3304 3395//3303
f 3387//3299 3386//3295 3391//3307
f 3387//3299 3391//3307 3392//3300
f 3386//3295 3390//3294 3395//3303
f 3386//3295 3395//3303 3391//3307
f 3396//3308 3400//3306 3407//3309
f 3396//3308 3407//3309 3401//3310
f 3392//3300 3391//3307 3396//3308
f 3392//3300 3396//3308 3397//3311
f 3391//3307 3395//3303 3400//3306
f 3391//3307 3400//3306 3396//3308
f 3393//3301 3392//3300 3397//3311
f 3393//3301 3397//3311 3398//3312
f 3405//3313 3403//3314 3401//3310
f 3405//3313 3401//3310 3407//3309
f 3398//3312 3397//3311 3402//3315
f 3398//3312 3402//3315 3404//3316
f 3400//3306 3399//3305 3406//3313
f 3400//3306 3406//3313 3407//3309
f 3397//3311 3396//3308 3401//3310
f 3397//3311 3401//3310 3402//3315
f 3856//3317 3409//3318 3413//3319
f 3856//3317 3413//3319 3858//3320
f 3857//3320 3411//3321 3414//3322
f 3857//3320 3414//3322 3859//3323
f 3859//3323 3414//3322 3416//3324
f 3859//3323 3416//3324 3860//3325
f 3860//3325 3416//3324 3418//3326
f 3860//3325 3418//3326 3861//3327
f 3861//3327 3418//3326 3420//3328
f 3861//3327 3420//3328 3862//3329
f 3862//3329 3420//3328 3422//3330
f 3862//3329 3422//3330 3863//3331
f 3863//3331 3422//3330 3424//3332
f 3863//3331 3424//3332 3864//3333
f 3864//3333 3424//3332 3426//3334
f 3864//3333 3426//3334 3865//3335
f 3865//3335 3426//3334 3428//3336
f 3865//3335 3428//3336 3866//3337
f 3866//3337 3428//3336 3430//3338
f 3866//3337 3430//3338 3867//3339
f 3867//3339 3430//3338 3432//3340
f 3867//3339 3432//3340 3868//3341
f 3868//3341 3432//3340 3434//3342
f 3868//3341 3434//3342 3869//3343
f 3869//3343 3434//3342 3437//3344
f 3869//3343 3437//3344 3870//3345
f 3870//3345 3437//3344 3439//3346
f 3870//3345 3439//3346 3871//3347
f 3871//3347 3439//3346 3441//3348
f 3871//3347 3441//3348 3872//3349
f 3872//3349 3441//3348 3443//3350
f 3872//3349 3443//3350 3873//3351
f 3873//3351 3443//3350 3445//3352
f 3873//3351 3445//3352 3874//3353
f 3874//3353 3445//3352 3447//3354
f 3874//3353 3447//3354 3875//3355
f 3875//3355 3447//3354 3449//3356
f 3875//3355 3449//3356 3876//3357
f 3876//3357 3449//3356 3451//3358
f 3876//3357 3451//3358 3877//3359
f 3878//3360 3453//3361 3455//3362
f 3878//3360 3455//3362 3879//3363
f 3731//3364 3505//3365 3507//3366
f 3731//3364 3507//3366 3732//3367
f 3879//3363 3455//3362 3457//3368
f 3879//3363 3457//3368 3880//3369
f 3880//3369 3457//3368 3409//3318
f 3880//3369 3409//3318 3856//3317
f 3732//3367 3507//3366 3459//3370
f 3732//3367 3459//3370 3708//3371
f 3730//3372 3503//3373 3505//3365
f 3730//3372 3505//3365 3731//3364
f 3729//3374 3501//3375 3503//3373
f 3729//3374 3503//3373 3730//3372
f 3728//3376 3499//3377 3501//3375
f 3728//3376 3501//3375 3729//3374
f 3727//3378 3497//3379 3499//3377
f 3727//3378 3499//3377 3728//3376
f 3726//3380 3495//3381 3497//3379
f 3726//3380 3497//3379 3727//3378
f 3725//3382 3493//3383 3495//3381
f 3725//3382 3495//3381 3726//3380
f 3724//3384 3491//3385 3493//3383
f 3724//3384 3493//3383 3725//3382
f 3723//3386 3489//3387 3491//3385
f 3723//3386 3491//3385 3724//3384
f 3722//3388 3487//3389 3489//3387
f 3722//3388 3489//3387 3723//3386
f 3721//3390 3485//3391 3487//3389
f 3721//3390 3487//3389 3722//3388
f 3720//3392 3483//3393 3485//3391
f 3720//3392 3485//3391 3721//3390
f 3719//3394 3481//3395 3483//3393
f 3719//3394 3483//3393 3720//3392
f 3718//3396 3479//3397 3481//3395
f 3718//3396 3481//3395 3719//3394
f 3717//3398 3477//3399 3479//3397
f 3717//3398 3479//3397 3718//3396
f 3716//3400 3475//3401 3477//3399
f 3716//3400 3477//3399 3717//3398
f 3715//3402 3473//3403 3475//3401
f 3715//3402 3475//3401 3716//3400
f 3714//3404 3471//3405 3473//3403
f 3714//3404 3473//3403 3715//3402
f 3713//3406 3469//3407 3471//3405
f 3713//3406 3471//3405 3714//3404
f 3712//3408 3467//3409 3469//3407
f 3712//3408 3469//3407 3713//3406
f 3711//3410 3465//3411 3467//3409
f 3711//3410 3467//3409 3712//3408
f 3709//3412 3461//3413 3465//3411
f 3709//3412 3465//3411 3711//3410
f 3708//3371 3459//3370 3462//3413
f 3708//3371 3462//3413 3710//3414
f 3506//3366 3532//3415 3508//3416
f 3506//3366 3508//3416 3458//3370
f 3504//3417 3531//3418 3532//3415
f 3504//3417 3532//3415 3506//3366
f 3502//3373 3530//3419 3531//3418
f 3502//3373 3531//3418 3504//3417
f 3500//3375 3529//3420 3530//3419
f 3500//3375 3530//3419 3502//3373
f 3498//3377 3528//3421 3529//3420
f 3498//3377 3529//3420 3500//3375
f 3496//3379 3527//3422 3528//3421
f 3496//3379 3528//3421 3498//3377
f 3494//3381 3526//3423 3527//3422
f 3494//3381 3527//3422 3496//3379
f 3492//3383 3525//3424 3526//3423
f 3492//3383 3526//3423 3494//3381
f 3490//3385 3524//3425 3525//3424
f 3490//3385 3525//3424 3492//3383
f 3488//3387 3523//3426 3524//3425
f 3488//3387 3524//3425 3490//3385
f 3486//3389 3522//3427 3523//3426
f 3486//3389 3523//3426 3488//3387
f 3484//3391 3521//3428 3522//3427
f 3484//3391 3522//3427 3486//3389
f 3482//3393 3520//3429 3521//3428
f 3482//3393 3521//3428 3484//3391
f 3480//3430 3519//3431 3520//3429
f 3480//3430 3520//3429 3482//3393
f 3478//3397 3518//3432 3519//3431
f 3478//3397 3519//3431 3480//3430
f 3476//3399 3517//3433 3518//3432
f 3476//3399 3518//3432 3478//3397
f 3474//3401 3516//3434 3517//3433
f 3474//3401 3517//3433 3476//3399
f 3472//3403 3515//3435 3516//3434
f 3472//3403 3516//3434 3474//3401
f 3470//3405 3514//3436 3515//3435
f 3470//3405 3515//3435 3472//3403
f 3468//3437 3513//3438 3514//3436
f 3468//3437 3514//3436 3470//3405
f 3466//3409 3512//3439 3513//3438
f 3466//3409 3513//3438 3468//3437
f 3464//3411 3511//3440 3512//3439
f 3464//3411 3512//3439 3466//3409
f 3460//3413 3509//3441 3511//3440
f 3460//3413 3511//3440 3464//3411
f 3458//3370 3508//3416 3510//3441
f 3458//3370 3510//3441 3463//3413
f 3932//3442 3708//3371 3710//3414
f 3932//3442 3710//3414 3935//3443
f 3731//3364 3732//3367 4003//3444
f 3731//3364 4003//3444 4000//3445
f 3730//3372 3731//3364 4000//3445
f 3730//3372 4000//3445 3997//3446
f 3729//3374 3730//3372 3997//3446
f 3729//3374 3997//3446 3994//3447
f 3728//3376 3729//3374 3994//3447
f 3728//3376 3994//3447 3991//3448
f 3727//3378 3728//3376 3991//3448
f 3727//3378 3991//3448 3988//3449
f 3726//3380 3727//3378 3988//3449
f 3726//3380 3988//3449 3985//3450
f 3725//3382 3726//3380 3985//3450
f 3725//3382 3985//3450 3982//3451
f 3724//3384 3725//3382 3982//3451
f 3724//3384 3982//3451 3979//3452
f 3723//3386 3724//3384 3979//3452
f 3723//3386 3979//3452 3976//3453
f 3722//3388 3723//3386 3976//3453
f 3722//3388 3976//3453 3973//3454
f 3721//3390 3722//3388 3973//3454
f 3721//3390 3973//3454 3970//3455
f 3720//3392 3721//3390 3970//3455
f 3720//3392 3970//3455 3967//3456
f 3719//3394 3720//3392 3967//3456
f 3719//3394 3967//3456 3964//3457
f 3718//3396 3719//3394 3964//3457
f 3718//3396 3964//3457 3961//3458
f 3717//3398 3718//3396 3961//3458
f 3717//3398 3961//3458 3958//3459
f 3716//3400 3717//3398 3958//3459
f 3716//3400 3958//3459 3955//3460
f 3715//3402 3716//3400 3955//3460
f 3715//3402 3955//3460 3952//3461
f 3714//3404 3715//3402 3952//3461
f 3714//3404 3952//3461 3949//3462
f 3713//3406 3714//3404 3949//3462
f 3713//3406 3949//3462 3946//3463
f 3712//3408 3713//3406 3946//3463
f 3712//3408 3946//3463 3943//3464
f 3711//3410 3712//3408 3943//3464
f 3711//3410 3943//3464 3940//3465
f 3544//3466 3545//3467 3582//3468
f 3544//3466 3582//3468 3580//3469
f 3537//3470 3538//3471 3568//3472
f 3537//3470 3568//3472 3566//3473
f 3552//3474 3553//3475 3598//3476
f 3552//3474 3598//3476 3596//3477
f 3545//3467 3546//3478 3584//3479
f 3545//3467 3584//3479 3582//3468
f 3538//3471 3539//3480 3570//3481
f 3538//3471 3570//3481 3568//3472
f 3553//3475 3554//3482 3600//3483
f 3553//3475 3600//3483 3598//3476
f 3546//3478 3547//3484 3586//3485
f 3546//3478 3586//3485 3584//3479
f 3539//3480 3540//3486 3572//3487
f 3539//3480 3572//3487 3570//3481
f 3554//3482 3555//3488 3602//3489
f 3554//3482 3602//3489 3600//3483
f 3547//3484 3548//3490 3588//3491
f 3547//3484 3588//3491 3586//3485
f 3540//3486 3541//3492 3574//3493
f 3540//3486 3574//3493 3572//3487
f 3555//3488 3556//3494 3604//3495
f 3555//3488 3604//3495 3602//3489
f 3548//3490 3549//3496 3590//3497
f 3548//3490 3590//3497 3588//3491
f 3541//3492 3542//3498 3576//3499
f 3541//3492 3576//3499 3574//3493
f 3556//3494 3557//3500 3606//3501
f 3556//3494 3606//3501 3604//3495
f 3533//3502 3535//3503 3562//3504
f 3533//3502 3562//3504 3559//3505
f 3549//3496 3550//3506 3592//3507
f 3549//3496 3592//3507 3590//3497
f 3542//3498 3543//3508 3578//3509
f 3542//3498 3578//3509 3576//3499
f 3557//3500 3533//3502 3559//3505
f 3557//3500 3559//3505 3606//3501
f 3534//3510 3536//3511 3564//3512
f 3534//3510 3564//3512 3561//3504
f 3550//3506 3551//3513 3594//3514
f 3550//3506 3594//3514 3592//3507
f 3543//3508 3544//3466 3580//3469
f 3543//3508 3580//3469 3578//3509
f 3536//3511 3537//3470 3566//3473
f 3536//3511 3566//3473 3564//3512
f 3551//3513 3552//3474 3596//3477
f 3551//3513 3596//3477 3594//3514
f 3603//3495 3605//3501 3780//3515
f 3603//3495 3780//3515 3779//3515
f 3573//3493 3575//3499 3765//3515
f 3573//3493 3765//3515 3764//3515
f 3587//3491 3589//3497 3772//3515
f 3587//3491 3772//3515 3771//3515
f 3601//3489 3603//3495 3779//3515
f 3601//3489 3779//3515 3778//3515
f 3571//3487 3573//3493 3764//3515
f 3571//3487 3764//3515 3763//3515
f 3585//3485 3587//3491 3771//3515
f 3585//3485 3771//3515 3770//3515
f 3599//3483 3601//3489 3778//3515
f 3599//3483 3778//3515 3777//3515
f 3569//3481 3571//3487 3763//3515
f 3569//3481 3763//3515 3762//3515
f 3583//3479 3585//3485 3770//3515
f 3583//3479 3770//3515 3769//3515
f 3597//3476 3599//3483 3777//3515
f 3597//3476 3777//3515 3776//3515
f 3567//3472 3569//3481 3762//3515
f 3567//3472 3762//3515 3761//3515
f 3581//3468 3583//3479 3769//3515
f 3581//3468 3769//3515 3768//3515
f 3595//3477 3597//3476 3776//3515
f 3595//3477 3776//3515 3775//3515
f 3565//3516 3567//3472 3761//3515
f 3565//3516 3761//3515 3760//3515
f 3579//3469 3581//3468 3768//3515
f 3579//3469 3768//3515 3767//3515
f 3593//3514 3595//3477 3775//3515
f 3593//3514 3775//3515 3774//3515
f 3563//3512 3565//3516 3760//3515
f 3563//3512 3760//3515 3759//3515
f 3577//3517 3579//3469 3767//3515
f 3577//3517 3767//3515 3766//3515
f 3591//3507 3593//3514 3774//3515
f 3591//3507 3774//3515 3773//3515
f 3560//3504 3563//3512 3759//3515
f 3560//3504 3759//3515 3758//3515
f 3605//3501 3558//3505 3607//3515
f 3605//3501 3607//3515 3780//3515
f 3575//3499 3577//3517 3766//3515
f 3575//3499 3766//3515 3765//3515
f 3589//3497 3591//3507 3773//3515
f 3589//3497 3773//3515 3772//3515
f 3558//3505 3560//3504 3758//3515
f 3558//3505 3758//3515 3607//3515
f 3881//3518 3883//3519 3609//3520
f 3881//3518 3609//3520 3608//3521
f 3885//3522 3887//3523 3611//3524
f 3885//3522 3611//3524 3610//3525
f 3887//3523 3889//3526 3612//3527
f 3887//3523 3612//3527 3611//3524
f 3889//3526 3891//3528 3613//3529
f 3889//3526 3613//3529 3612//3527
f 3891//3528 3893//3530 3614//3531
f 3891//3528 3614//3531 3613//3529
f 3893//3530 3895//3532 3615//3533
f 3893//3530 3615//3533 3614//3531
f 3895//3532 3897//3534 3616//3535
f 3895//3532 3616//3535 3615//3533
f 3897//3534 3899//3536 3617//3537
f 3897//3534 3617//3537 3616//3535
f 3899//3536 3901//3538 3618//3539
f 3899//3536 3618//3539 3617//3537
f 3901//3538 3903//3540 3619//3541
f 3901//3538 3619//3541 3618//3539
f 3903//3540 3905//3542 3620//3543
f 3903//3540 3620//3543 3619//3541
f 3905//3542 3907//3544 3621//3545
f 3905//3542 3621//3545 3620//3543
f 3907//3544 3909//3546 3622//3547
f 3907//3544 3622//3547 3621//3545
f 3909//3546 3911//3548 3623//3549
f 3909//3546 3623//3549 3622//3547
f 3911//3548 3913//3550 3624//3551
f 3911//3548 3624//3551 3623//3549
f 3913//3550 3915//3552 3625//3553
f 3913//3550 3625//3553 3624//3551
f 3915//3552 3917//3554 3626//3555
f 3915//3552 3626//3555 3625//3553
f 3917//3554 3919//3556 3627//3557
f 3917//3554 3627//3557 3626//3555
f 3919//3556 3921//3558 3628//3559
f 3919//3556 3628//3559 3627//3557
f 3921//3558 3923//3560 3629//3561
f 3921//3558 3629//3561 3628//3559
f 3923//3560 3925//3562 3630//3563
f 3923//3560 3630//3563 3629//3561
f 3925//3562 3927//3564 3631//3565
f 3925//3562 3631//3565 3630//3563
f 3927//3564 3929//3566 3632//3567
f 3927//3564 3632//3567 3631//3565
f 3929//3566 3881//3518 3608//3521
f 3929//3566 3608//3521 3632//3567
f 3783//3568 3785//3569 3633//3570
f 3783//3568 3633//3570 3657//3571
f 3828//3572 3830//3573 3656//3574
f 3828//3572 3656//3574 3655//3575
f 3826//3576 3828//3572 3655//3575
f 3826//3576 3655//3575 3654//3577
f 3824//3578 3826//3576 3654//3577
f 3824//3578 3654//3577 3653//3579
f 3822//3580 3824//3578 3653//3579
f 3822//3580 3653//3579 3652//3581
f 3820//3582 3822//3580 3652//3581
f 3820//3582 3652//3581 3651//3583
f 3818//3584 3820//3582 3651//3583
f 3818//3584 3651//3583 3650//3585
f 3816//3586 3818//3584 3650//3585
f 3816//3586 3650//3585 3649//3587
f 3814//3588 3816//3586 3649//3587
f 3814//3588 3649//3587 3648//3589
f 3812//3590 3814//3588 3648//3589
f 3812//3590 3648//3589 3647//3591
f 3810//3592 3812//3590 3647//3591
f 3810//3592 3647//3591 3646//3593
f 3808//3594 3810//3592 3646//3593
f 3808//3594 3646//3593 3645//3595
f 3806//3596 3808//3594 3645//3595
f 3806//3596 3645//3595 3644//3597
f 3804//3598 3806//3596 3644//3597
f 3804//3598 3644//3597 3643//3599
f 3802//3600 3804//3598 3643//3599
f 3802//3600 3643//3599 3642//3601
f 3800//3602 3802//3600 3642//3601
f 3800//3602 3642//3601 3641//3603
f 3798//3604 3800//3602 3641//3603
f 3798//3604 3641//3603 3640//3605
f 3796//3606 3798//3604 3640//3605
f 3796//3606 3640//3605 3639//3607
f 3794//3608 3796//3606 3639//3607
f 3794//3608 3639//3607 3638//3609
f 3792//3610 3794//3608 3638//3609
f 3792//3610 3638//3609 3637//3611
f 3790//3612 3792//3610 3637//3611
f 3790//3612 3637//3611 3636//3613
f 3788//3614 3790//3612 3636//3613
f 3788//3614 3636//3613 3635//3615
f 3657//3571 3633//3570 3658//3616
f 3657//3571 3658//3616 3682//3617
f 3656//3574 3657//3571 3682//3617
f 3656//3574 3682//3617 3681//3618
f 3655//3575 3656//3574 3681//3618
f 3655//3575 3681//3618 3680//3619
f 3654//3577 3655//3575 3680//3619
f 3654//3577 3680//3619 3679//3620
f 3653//3579 3654//3577 3679//3620
f 3653//3579 3679//3620 3678//3621
f 3652//3581 3653//3579 3678//3621
f 3652//3581 3678//3621 3677//3622
f 3651//3583 3652//3581 3677//3622
f 3651//3583 3677//3622 3676//3623
f 3650//3585 3651//3583 3676//3623
f 3650//3585 3676//3623 3675//3624
f 3649//3587 3650//3585 3675//3624
f 3649//3587 3675//3624 3674//3625
f 3648//3589 3649//3587 3674//3625
f 3648//3589 3674//3625 3673//3626
f 3647//3591 3648//3589 3673//3626
f 3647//3591 3673//3626 3672//3627
f 3646//3593 3647//3591 3672//3627
f 3646//3593 3672//3627 3671//3628
f 3645//3595 3646//3593 3671//3628
f 3645//3595 3671//3628 3670//3629
f 3644//3597 3645//3595 3670//3629
f 3644//3597 3670//3629 3669//3630
f 3643//3599 3644//3597 3669//3630
f 3643//3599 3669//3630 3668//3631
f 3642//3601 3643//3599 3668//3631
f 3642//3601 3668//3631 3667//3632
f 3641//3603 3642//3601 3667//3632
f 3641//3603 3667//3632 3666//3633
f 3640//3605 3641//3603 3666//3633
f 3640//3605 3666//3633 3665//3634
f 3639//3607 3640//3605 3665//3634
f 3639//3607 3665//3634 3664//3635
f 3638//3609 3639//3607 3664//3635
f 3638//3609 3664//3635 3663//3636
f 3637//3611 3638//3609 3663//3636
f 3637//3611 3663//3636 3662//3637
f 3636//3613 3637//3611 3662//3637
f 3636//3613 3662//3637 3661//3638
f 3635//3615 3636//3613 3661//3638
f 3635//3615 3661//3638 3660//3639
f 3633//3570 3634//3615 3659//3640
f 3633//3570 3659//3640 3658//3616
f 3684//3641 3683//3642 3608//3521
f 3684//3641 3608//3521 3609//3520
f 3686//3643 3685//3641 3610//3525
f 3686//3643 3610//3525 3611//3524
f 3687//3644 3686//3643 3611//3524
f 3687//3644 3611//3524 3612//3527
f 3688//3645 3687//3644 3612//3527
f 3688//3645 3612//3527 3613//3529
f 3689//3646 3688//3645 3613//3529
f 3689//3646 3613//3529 3614//3531
f 3690//3647 3689//3646 3614//3531
f 3690//3647 3614//3531 3615//3533
f 3691//3648 3690//3647 3615//3533
f 3691//3648 3615//3533 3616//3535
f 3692//3649 3691//3648 3616//3535
f 3692//3649 3616//3535 3617//3537
f 3693//3650 3692//3649 3617//3537
f 3693//3650 3617//3537 3618//3539
f 3694//3651 3693//3650 3618//3539
f 3694//3651 3618//3539 3619//3541
f 3695//3652 3694//3651 3619//3541
f 3695//3652 3619//3541 3620//3543
f 3696//3653 3695//3652 3620//3543
f 3696//3653 3620//3543 3621//3545
f 3697//3654 3696//3653 3621//3545
f 3697//3654 3621//3545 3622//3547
f 3698//3655 3697//3654 3622//3547
f 3698//3655 3622//3547 3623//3549
f 3699//3656 3698//3655 3623//3549
f 3699//3656 3623//3549 3624//3551
f 3700//3657 3699//3656 3624//3551
f 3700//3657 3624//3551 3625//3553
f 3701//3658 3700//3657 3625//3553
f 3701//3658 3625//3553 3626//3555
f 3702//3659 3701//3658 3626//3555
f 3702//3659 3626//3555 3627//3557
f 3703//3660 3702//3659 3627//3557
f 3703//3660 3627//3557 3628//3559
f 3704//3661 3703//3660 3628//3559
f 3704//3661 3628//3559 3629//3561
f 3706//3662 3705//3663 3630//3563
f 3706//3662 3630//3563 3631//3565
f 3707//3664 3706//3662 3631//3565
f 3707//3664 3631//3565 3632//3567
f 3683//3642 3707//3664 3632//3567
f 3683//3642 3632//3567 3608//3521
f 3705//3663 3452//3361 3450//3665
f 3705//3663 3450//3665 3704//3661
f 3785//3569 3787//3666 3634//3615
f 3785//3569 3634//3615 3633//3570
f 3877//3359 3451//3358 3453//3361
f 3877//3359 3453//3361 3878//3360
f 3630//3563 3705//3663 3704//3661
f 3630//3563 3704//3661 3629//3561
f 3408//3667 3456//3668 3707//3664
f 3408//3667 3707//3664 3683//3642
f 3456//3668 3454//3669 3706//3662
f 3456//3668 3706//3662 3707//3664
f 3454//3669 3452//3361 3705//3663
f 3454//3669 3705//3663 3706//3662
f 3450//3665 3448//3670 3703//3660
f 3450//3665 3703//3660 3704//3661
f 3448//3670 3446//3671 3702//3659
f 3448//3670 3702//3659 3703//3660
f 3446//3671 3444//3672 3701//3658
f 3446//3671 3701//3658 3702//3659
f 3444//3672 3442//3673 3700//3657
f 3444//3672 3700//3657 3701//3658
f 3442//3673 3440//3674 3699//3656
f 3442//3673 3699//3656 3700//3657
f 3440//3674 3438//3346 3698//3655
f 3440//3674 3698//3655 3699//3656
f 3438//3346 3436//3344 3697//3654
f 3438//3346 3697//3654 3698//3655
f 3436//3344 3435//3675 3696//3653
f 3436//3344 3696//3653 3697//3654
f 3435//3675 3433//3676 3695//3652
f 3435//3675 3695//3652 3696//3653
f 3433//3676 3431//3677 3694//3651
f 3433//3676 3694//3651 3695//3652
f 3431//3677 3429//3678 3693//3650
f 3431//3677 3693//3650 3694//3651
f 3429//3678 3427//3679 3692//3649
f 3429//3678 3692//3649 3693//3650
f 3427//3679 3425//3680 3691//3648
f 3427//3679 3691//3648 3692//3649
f 3425//3680 3423//3681 3690//3647
f 3425//3680 3690//3647 3691//3648
f 3423//3681 3421//3682 3689//3646
f 3423//3681 3689//3646 3690//3647
f 3421//3682 3419//3683 3688//3645
f 3421//3682 3688//3645 3689//3646
f 3419//3683 3417//3684 3687//3644
f 3419//3683 3687//3644 3688//3645
f 3417//3684 3415//3685 3686//3643
f 3417//3684 3686//3643 3687//3644
f 3415//3685 3412//3319 3685//3641
f 3415//3685 3685//3641 3686//3643
f 3410//3686 3408//3667 3683//3642
f 3410//3686 3683//3642 3684//3641
f 3529//3420 3754//3687 3755//3688
f 3529//3420 3755//3688 3530//3419
f 3532//3415 3757//3689 3733//3690
f 3532//3415 3733//3690 3508//3416
f 3531//3418 3756//3691 3757//3689
f 3531//3418 3757//3689 3532//3415
f 3530//3419 3755//3688 3756//3691
f 3530//3419 3756//3691 3531//3418
f 3528//3421 3753//3692 3754//3687
f 3528//3421 3754//3687 3529//3420
f 3527//3422 3752//3693 3753//3692
f 3527//3422 3753//3692 3528//3421
f 3526//3423 3751//3694 3752//3693
f 3526//3423 3752//3693 3527//3422
f 3525//3424 3750//3695 3751//3694
f 3525//3424 3751//3694 3526//3423
f 3524//3425 3749//3696 3750//3695
f 3524//3425 3750//3695 3525//3424
f 3523//3426 3748//3697 3749//3696
f 3523//3426 3749//3696 3524//3425
f 3522//3427 3747//3698 3748//3697
f 3522//3427 3748//3697 3523//3426
f 3521//3428 3746//3699 3747//3698
f 3521//3428 3747//3698 3522//3427
f 3520//3429 3745//3700 3746//3699
f 3520//3429 3746//3699 3521//3428
f 3519//3431 3744//3701 3745//3700
f 3519//3431 3745//3700 3520//3429
f 3518//3432 3743//3702 3744//3701
f 3518//3432 3744//3701 3519//3431
f 3517//3433 3742//3703 3743//3702
f 3517//3433 3743//3702 3518//3432
f 3516//3434 3741//3704 3742//3703
f 3516//3434 3742//3703 3517//3433
f 3515//3435 3740//3705 3741//3704
f 3515//3435 3741//3704 3516//3434
f 3514//3436 3739//3706 3740//3705
f 3514//3436 3740//3705 3515//3435
f 3513//3438 3738//3707 3739//3706
f 3513//3438 3739//3706 3514//3436
f 3512//3439 3737//3708 3738//3707
f 3512//3439 3738//3707 3513//3438
f 3511//3440 3736//3709 3737//3708
f 3511//3440 3737//3708 3512//3439
f 3509//3441 3734//3710 3736//3709
f 3509//3441 3736//3709 3511//3440
f 3508//3416 3733//3690 3735//3711
f 3508//3416 3735//3711 3510//3441
f 3998//3712 3555//3488 3554//3482
f 3998//3712 3554//3482 3995//3713
f 3983//3714 3550//3506 3549//3496
f 3983//3714 3549//3496 3980//3715
f 3968//3716 3545//3467 3544//3466
f 3968//3716 3544//3466 3965//3717
f 3953//3718 3540//3486 3539//3480
f 3953//3718 3539//3480 3950//3719
f 4004//3720 3557//3500 3556//3494
f 4004//3720 3556//3494 4001//3721
f 3989//3722 3552//3474 3551//3513
f 3989//3722 3551//3513 3986//3723
f 3974//3724 3547//3484 3546//3478
f 3974//3724 3546//3478 3971//3725
f 3959//3726 3542//3498 3541//3492
f 3959//3726 3541//3492 3956//3727
f 3944//3728 3537//3470 3536//3511
f 3944//3728 3536//3511 3941//3729
f 3941//3729 3536//3511 3534//3510
f 3941//3729 3534//3510 3936//3730
f 3995//3713 3554//3482 3553//3475
f 3995//3713 3553//3475 3992//3731
f 3980//3715 3549//3496 3548//3490
f 3980//3715 3548//3490 3977//3732
f 3965//3717 3544//3466 3543//3508
f 3965//3717 3543//3508 3962//3733
f 3950//3719 3539//3480 3538//3471
f 3950//3719 3538//3471 3947//3734
f 4001//3721 3556//3494 3555//3488
f 4001//3721 3555//3488 3998//3712
f 3986//3723 3551//3513 3550//3506
f 3986//3723 3550//3506 3983//3714
f 3971//3725 3546//3478 3545//3467
f 3971//3725 3545//3467 3968//3716
f 3956//3727 3541//3492 3540//3486
f 3956//3727 3540//3486 3953//3718
f 3992//3731 3553//3475 3552//3474
f 3992//3731 3552//3474 3989//3722
f 3977//3732 3548//3490 3547//3484
f 3977//3732 3547//3484 3974//3724
f 3931//3735 3533//3502 3557//3500
f 3931//3735 3557//3500 4004//3720
f 3962//3733 3543//3508 3542//3498
f 3962//3733 3542//3498 3959//3726
f 3947//3734 3538//3471 3537//3470
f 3947//3734 3537//3470 3944//3728
f 3776//3515 3777//3515 3781//3515
f 3761//3515 3762//3515 3781//3515
f 3768//3515 3769//3515 3781//3515
f 3775//3515 3776//3515 3781//3515
f 3760//3515 3761//3515 3781//3515
f 3767//3515 3768//3515 3781//3515
f 3774//3515 3775//3515 3781//3515
f 3759//3515 3760//3515 3781//3515
f 3766//3515 3767//3515 3781//3515
f 3773//3515 3774//3515 3781//3515
f 3758//3515 3759//3515 3781//3515
f 3780//3515 3607//3515 3781//3515
f 3765//3515 3766//3515 3781//3515
f 3772//3515 3773//3515 3781//3515
f 3607//3515 3758//3515 3781//3515
f 3779//3515 3780//3515 3781//3515
f 3764//3515 3765//3515 3781//3515
f 3771//3515 3772//3515 3781//3515
f 3778//3515 3779//3515 3781//3515
f 3763//3515 3764//3515 3781//3515
f 3770//3515 3771//3515 3781//3515
f 3777//3515 3778//3515 3781//3515
f 3762//3515 3763//3515 3781//3515
f 3769//3515 3770//3515 3781//3515
f 3682//3617 3855//3736 3854//3737
f 3682//3617 3854//3737 3681//3618
f 3681//3618 3854//3737 3853//3738
f 3681//3618 3853//3738 3680//3619
f 3680//3619 3853//3738 3852//3739
f 3680//3619 3852//3739 3679//3620
f 3679//3620 3852//3739 3851//3740
f 3679//3620 3851//3740 3678//3621
f 3678//3621 3851//3740 3850//3741
f 3678//3621 3850//3741 3677//3622
f 3677//3622 3850//3741 3849//3742
f 3677//3622 3849//3742 3676//3623
f 3676//3623 3849//3742 3848//3743
f 3676//3623 3848//3743 3675//3624
f 3675//3624 3848//3743 3847//3744
f 3675//3624 3847//3744 3674//3625
f 3674//3625 3847//3744 3846//3745
f 3674//3625 3846//3745 3673//3626
f 3673//3626 3846//3745 3845//3746
f 3673//3626 3845//3746 3672//3627
f 3672//3627 3845//3746 3844//3747
f 3672//3627 3844//3747 3671//3628
f 3671//3628 3844//3747 3843//3748
f 3671//3628 3843//3748 3670//3629
f 3670//3629 3843//3748 3842//3749
f 3670//3629 3842//3749 3669//3630
f 3669//3630 3842//3749 3841//3750
f 3669//3630 3841//3750 3668//3631
f 3668//3631 3841//3750 3840//3751
f 3668//3631 3840//3751 3667//3632
f 3667//3632 3840//3751 3839//3752
f 3667//3632 3839//3752 3666//3633
f 3666//3633 3839//3752 3838//3753
f 3666//3633 3838//3753 3665//3634
f 3665//3634 3838//3753 3837//3754
f 3665//3634 3837//3754 3664//3635
f 3664//3635 3837//3754 3836//3755
f 3664//3635 3836//3755 3663//3636
f 3663//3636 3836//3755 3835//3756
f 3663//3636 3835//3756 3662//3637
f 3662//3637 3835//3756 3834//3757
f 3662//3637 3834//3757 3661//3638
f 3661//3638 3834//3757 3833//3758
f 3661//3638 3833//3758 3660//3639
f 3659//3640 3832//3759 3831//3760
f 3659//3640 3831//3760 3658//3616
f 3657//3571 3656//3574 3830//3573
f 3657//3571 3830//3573 3783//3568
f 3658//3616 3831//3760 3855//3736
f 3658//3616 3855//3736 3682//3617
f 3754//3687 3877//3359 3878//3360
f 3754//3687 3878//3360 3755//3688
f 3757//3689 3880//3369 3856//3317
f 3757//3689 3856//3317 3733//3690
f 3756//3691 3879//3363 3880//3369
f 3756//3691 3880//3369 3757//3689
f 3755//3688 3878//3360 3879//3363
f 3755//3688 3879//3363 3756//3691
f 3753//3692 3876//3357 3877//3359
f 3753//3692 3877//3359 3754//3687
f 3752//3693 3875//3355 3876//3357
f 3752//3693 3876//3357 3753//3692
f 3751//3694 3874//3353 3875//3355
f 3751//3694 3875//3355 3752//3693
f 3750//3695 3873//3351 3874//3353
f 3750//3695 3874//3353 3751//3694
f 3749//3696 3872//3349 3873//3351
f 3749//3696 3873//3351 3750//3695
f 3748//3697 3871//3347 3872//3349
f 3748//3697 3872//3349 3749//3696
f 3747//3698 3870//3345 3871//3347
f 3747//3698 3871//3347 3748//3697
f 3746//3699 3869//3343 3870//3345
f 3746//3699 3870//3345 3747//3698
f 3745//3700 3868//3341 3869//3343
f 3745//3700 3869//3343 3746//3699
f 3744//3701 3867//3339 3868//3341
f 3744//3701 3868//3341 3745//3700
f 3743//3702 3866//3337 3867//3339
f 3743//3702 3867//3339 3744//3701
f 3742//3703 3865//3335 3866//3337
f 3742//3703 3866//3337 3743//3702
f 3741//3704 3864//3333 3865//3335
f 3741//3704 3865//3335 3742//3703
f 3740//3705 3863//3331 3864//3333
f 3740//3705 3864//3333 3741//3704
f 3739//3706 3862//3329 3863//3331
f 3739//3706 3863//3331 3740//3705
f 3738//3707 3861//3327 3862//3329
f 3738//3707 3862//3329 3739//3706
f 3737//3708 3860//3325 3861//3327
f 3737//3708 3861//3327 3738//3707
f 3736//3709 3859//3323 3860//3325
f 3736//3709 3860//3325 3737//3708
f 3734//3710 3857//3320 3859//3323
f 3734//3710 3859//3323 3736//3709
f 3733//3690 3856//3317 3858//3320
f 3733//3690 3858//3320 3735//3711
f 3855//3736 3831//3760 3882//3761
f 3855//3736 3882//3761 3930//3566
f 3854//3737 3855//3736 3930//3566
f 3854//3737 3930//3566 3928//3564
f 3853//3738 3854//3737 3928//3564
f 3853//3738 3928//3564 3926//3762
f 3852//3739 3853//3738 3926//3762
f 3852//3739 3926//3762 3924//3560
f 3851//3740 3852//3739 3924//3560
f 3851//3740 3924//3560 3922//3763
f 3850//3741 3851//3740 3922//3763
f 3850//3741 3922//3763 3920//3764
f 3849//3742 3850//3741 3920//3764
f 3849//3742 3920//3764 3918//3765
f 3848//3743 3849//3742 3918//3765
f 3848//3743 3918//3765 3916//3552
f 3847//3744 3848//3743 3916//3552
f 3847//3744 3916//3552 3914//3766
f 3846//3745 3847//3744 3914//3766
f 3846//3745 3914//3766 3912//3548
f 3845//3746 3846//3745 3912//3548
f 3845//3746 3912//3548 3910//3546
f 3844//3747 3845//3746 3910//3546
f 3844//3747 3910//3546 3908//3767
f 3843//3748 3844//3747 3908//3767
f 3843//3748 3908//3767 3906//3768
f 3842//3749 3843//3748 3906//3768
f 3842//3749 3906//3768 3904//3540
f 3841//3750 3842//3749 3904//3540
f 3841//3750 3904//3540 3902//3769
f 3840//3751 3841//3750 3902//3769
f 3840//3751 3902//3769 3900//3536
f 3839//3752 3840//3751 3900//3536
f 3839//3752 3900//3536 3898//3534
f 3838//3753 3839//3752 3898//3534
f 3838//3753 3898//3534 3896//3770
f 3837//3754 3838//3753 3896//3770
f 3837//3754 3896//3770 3894//3530
f 3836//3755 3837//3754 3894//3530
f 3836//3755 3894//3530 3892//3528
f 3835//3756 3836//3755 3892//3528
f 3835//3756 3892//3528 3890//3771
f 3834//3757 3835//3756 3890//3771
f 3834//3757 3890//3771 3888//3523
f 3833//3758 3834//3757 3888//3523
f 3833//3758 3888//3523 3886//3522
f 3831//3760 3832//3759 3884//3772
f 3831//3760 3884//3772 3882//3761
f 3709//3412 3711//3410 3940//3465
f 3709//3412 3940//3465 3934//3443
f 3732//3367 3708//3371 3932//3442
f 3732//3367 3932//3442 4003//3444
f 3932//3442 3935//3443 3939//3773
f 3932//3442 3939//3773 3933//3774
f 3933//3774 3939//3773 3937//3775
f 3933//3774 3937//3775 3931//3735
f 3934//3443 3940//3465 3942//3776
f 3934//3443 3942//3776 3938//3777
f 3938//3777 3942//3776 3941//3729
f 3938//3777 3941//3729 3936//3730
f 3940//3465 3943//3464 3945//3778
f 3940//3465 3945//3778 3942//3776
f 3942//3776 3945//3778 3944//3728
f 3942//3776 3944//3728 3941//3729
f 3943//3464 3946//3463 3948//3779
f 3943//3464 3948//3779 3945//3778
f 3945//3778 3948//3779 3947//3734
f 3945//3778 3947//3734 3944//3728
f 3946//3463 3949//3462 3951//3780
f 3946//3463 3951//3780 3948//3779
f 3948//3779 3951//3780 3950//3719
f 3948//3779 3950//3719 3947//3734
f 3949//3462 3952//3461 3954//3781
f 3949//3462 3954//3781 3951//3780
f 3951//3780 3954//3781 3953//3718
f 3951//3780 3953//3718 3950//3719
f 3952//3461 3955//3460 3957//3782
f 3952//3461 3957//3782 3954//3781
f 3954//3781 3957//3782 3956//3727
f 3954//3781 3956//3727 3953//3718
f 3955//3460 3958//3459 3960//3783
f 3955//3460 3960//3783 3957//3782
f 3957//3782 3960//3783 3959//3726
f 3957//3782 3959//3726 3956//3727
f 3958//3459 3961//3458 3963//3784
f 3958//3459 3963//3784 3960//3783
f 3960//3783 3963//3784 3962//3733
f 3960//3783 3962//3733 3959//3726
f 3961//3458 3964//3457 3966//3785
f 3961//3458 3966//3785 3963//3784
f 3963//3784 3966//3785 3965//3717
f 3963//3784 3965//3717 3962//3733
f 3964//3457 3967//3456 3969//3786
f 3964//3457 3969//3786 3966//3785
f 3966//3785 3969//3786 3968//3716
f 3966//3785 3968//3716 3965//3717
f 3967//3456 3970//3455 3972//3787
f 3967//3456 3972//3787 3969//3786
f 3969//3786 3972//3787 3971//3725
f 3969//3786 3971//3725 3968//3716
f 3970//3455 3973//3454 3975//3788
f 3970//3455 3975//3788 3972//3787
f 3972//3787 3975//3788 3974//3724
f 3972//3787 3974//3724 3971//3725
f 3973//3454 3976//3453 3978//3789
f 3973//3454 3978//3789 3975//3788
f 3975//3788 3978//3789 3977//3732
f 3975//3788 3977//3732 3974//3724
f 3976//3453 3979//3452 3981//3790
f 3976//3453 3981//3790 3978//3789
f 3978//3789 3981//3790 3980//3715
f 3978//3789 3980//3715 3977//3732
f 3979//3452 3982//3451 3984//3791
f 3979//3452 3984//3791 3981//3790
f 3981//3790 3984//3791 3983//3714
f 3981//3790 3983//3714 3980//3715
f 3982//3451 3985//3450 3987//3792
f 3982//3451 3987//3792 3984//3791
f 3984//3791 3987//3792 3986//3723
f 3984//3791 3986//3723 3983//3714
f 3985//3450 3988//3449 3990//3793
f 3985//3450 3990//3793 3987//3792
f 3987//3792 3990//3793 3989//3722
f 3987//3792 3989//3722 3986//3723
f 3988//3449 3991//3448 3993//3794
f 3988//3449 3993//3794 3990//3793
f 3990//3793 3993//3794 3992//3731
f 3990//3793 3992//3731 3989//3722
f 3991//3448 3994//3447 3996//3795
f 3991//3448 3996//3795 3993//3794
f 3993//3794 3996//3795 3995//3713
f 3993//3794 3995//3713 3992//3731
f 3994//3447 3997//3446 3999//3796
f 3994//3447 3999//3796 3996//3795
f 3996//3795 3999//3796 3998//3712
f 3996//3795 3998//3712 3995//3713
f 3997//3446 4000//3445 4002//3797
f 3997//3446 4002//3797 3999//3796
f 3999//3796 4002//3797 4001//3721
f 3999//3796 4001//3721 3998//3712
f 4000//3445 4003//3444 4005//3798
f 4000//3445 4005//3798 4002//3797
f 4002//3797 4005//3798 4004//3720
f 4002//3797 4004//3720 4001//3721
f 4003//3444 3932//3442 3933//3774
f 4003//3444 3933//3774 4005//3798
f 4005//3798 3933//3774 3931//3735
f 4005//3798 3931//3735 4004//3720
f 3937//3775 3535//3503 3533//3502
f 3937//3775 3533//3502 3931//3735
f 3795//3799 4006//3800 3797//3801
f 3809//3802 4006//3800 3811//3803
f 3823//3804 4006//3800 3825//3805
f 3829//3806 4006//3800 3782//3807
f 3793//3608 4006//3800 3795//3799
f 3807//3808 4006//3800 3809//3802
f 3821//3809 4006//3800 3823//3804
f 3791//3810 4006//3800 3793//3608
f 3805//3596 4006//3800 3807//3808
f 3819//3811 4006//3800 3821//3809
f 3789//3812 4006//3800 3791//3810
f 3803//3813 4006//3800 3805//3596
f 3817//3584 4006//3800 3819//3811
f 3786//3814 4006//3800 3789//3812
f 3801//3815 4006//3800 3803//3813
f 3815//3816 4006//3800 3817//3584
f 3784//3817 4006//3800 3786//3814
f 3782//3807 4006//3800 3784//3817
f 3799//3818 4006//3800 3801//3815
f 3813//3819 4006//3800 3815//3816
f 3827//3820 4006//3800 3829//3806
f 3797//3801 4006//3800 3799//3818
f 3811//3803 4006//3800 3813//3819
f 3825//3805 4006//3800 3827//3820
