# Blender 4.3.2
# www.blender.org
o Object_80
v 0.639605 3.728651 4.715985
v 0.645452 3.713964 4.709279
v 0.640518 3.712415 4.710467
v 0.649903 3.716837 4.708967
v 0.653434 3.720752 4.709561
v 0.655700 3.725328 4.711006
v 0.656480 3.730116 4.713157
v 0.655695 3.734647 4.715806
v 0.653425 3.738478 4.718691
v 0.649890 3.741233 4.721532
v 0.645438 3.742644 4.724051
v 0.640503 3.742572 4.726000
v 0.635568 3.741023 4.727189
v 0.631117 3.738149 4.727500
v 0.627587 3.734234 4.726906
v 0.625320 3.729658 4.725462
v 0.624541 3.724869 4.723311
v 0.625326 3.720339 4.720663
v 0.627596 3.716508 4.717776
v 0.631130 3.713753 4.714935
v 0.635583 3.712342 4.712416
v 0.652538 3.698398 4.707727
v 0.643152 3.695452 4.709988
v 0.661003 3.703863 4.707133
v 0.667720 3.711312 4.708264
v 0.672030 3.720016 4.711011
v 0.673512 3.729123 4.715103
v 0.672021 3.737742 4.720140
v 0.667702 3.745028 4.725630
v 0.660979 3.750269 4.731034
v 0.652509 3.752952 4.735824
v 0.643122 3.752814 4.739532
v 0.633737 3.749869 4.741793
v 0.625271 3.744403 4.742387
v 0.618555 3.736955 4.741255
v 0.614244 3.728251 4.738509
v 0.612762 3.719143 4.734417
v 0.614254 3.710525 4.729379
v 0.618572 3.703238 4.723889
v 0.625295 3.697997 4.718485
v 0.633765 3.695314 4.713696
v 0.660167 3.683478 4.711481
v 0.647249 3.679425 4.714592
v 0.671819 3.691000 4.710663
v 0.681063 3.701253 4.712221
v 0.686996 3.713233 4.716001
v 0.689036 3.725768 4.721632
v 0.686983 3.737630 4.728566
v 0.681039 3.747659 4.736122
v 0.671786 3.754874 4.743560
v 0.660128 3.758566 4.750154
v 0.647208 3.758375 4.755257
v 0.634289 3.754322 4.758369
v 0.622638 3.746800 4.759186
v 0.613393 3.736547 4.757628
v 0.607461 3.724567 4.753849
v 0.605421 3.712032 4.748216
v 0.607474 3.700170 4.741282
v 0.613418 3.690141 4.733727
v 0.622671 3.682927 4.726288
v 0.634329 3.679234 4.719695
v 0.667594 3.670666 4.720172
v 0.652408 3.665900 4.723832
v 0.681292 3.679508 4.719212
v 0.692159 3.691561 4.721042
v 0.699134 3.705645 4.725486
v 0.701532 3.720379 4.732107
v 0.699119 3.734325 4.740258
v 0.692131 3.746115 4.749140
v 0.681252 3.754595 4.757885
v 0.667548 3.758936 4.765635
v 0.652360 3.758712 4.771634
v 0.637173 3.753947 4.775293
v 0.623476 3.745104 4.776254
v 0.612608 3.733052 4.774423
v 0.605634 3.718968 4.769979
v 0.603236 3.704232 4.763359
v 0.605649 3.690287 4.755207
v 0.612637 3.678497 4.746325
v 0.623515 3.670017 4.737580
v 0.637219 3.665676 4.729829
v 0.674092 3.661213 4.732952
v 0.658124 3.656202 4.736799
v 0.688494 3.670511 4.731942
v 0.699921 3.683183 4.733867
v 0.707254 3.697991 4.738539
v 0.709775 3.713485 4.745501
v 0.707238 3.728148 4.754071
v 0.699891 3.740545 4.763411
v 0.688453 3.749461 4.772605
v 0.674043 3.754026 4.780755
v 0.658073 3.753791 4.787062
v 0.642105 3.748779 4.790908
v 0.627703 3.739482 4.791919
v 0.616276 3.726809 4.789994
v 0.608943 3.712001 4.785322
v 0.606422 3.696507 4.778360
v 0.608959 3.681844 4.769790
v 0.616306 3.669448 4.760450
v 0.627744 3.660531 4.751255
v 0.642154 3.655967 4.743106
v 0.679024 3.656046 4.748569
v 0.658124 3.656202 4.736799
v 0.674092 3.661213 4.732952
v 0.663838 3.651281 4.752227
v 0.692721 3.664889 4.747607
v 0.688494 3.670511 4.731942
v 0.703589 3.676942 4.749438
v 0.699921 3.683183 4.733867
v 0.710563 3.691025 4.753882
v 0.707254 3.697991 4.738539
v 0.712961 3.705760 4.760503
v 0.709775 3.713485 4.745501
v 0.710548 3.719706 4.768654
v 0.707238 3.728148 4.754071
v 0.703560 3.731495 4.777536
v 0.699891 3.740545 4.763411
v 0.692682 3.739976 4.786281
v 0.688453 3.749461 4.772605
v 0.678978 3.744317 4.794032
v 0.674043 3.754026 4.780755
v 0.663789 3.744093 4.800030
v 0.658073 3.753791 4.787062
v 0.648603 3.739327 4.803689
v 0.642105 3.748779 4.790908
v 0.634905 3.730485 4.804649
v 0.627703 3.739482 4.791919
v 0.624038 3.718432 4.802819
v 0.616276 3.726809 4.789994
v 0.617064 3.704349 4.798375
v 0.608943 3.712001 4.785322
v 0.614666 3.689613 4.791754
v 0.606422 3.696507 4.778360
v 0.617079 3.675668 4.783603
v 0.608959 3.681844 4.769790
v 0.624066 3.663878 4.774721
v 0.616306 3.669448 4.760450
v 0.634945 3.655398 4.765976
v 0.627744 3.660531 4.751255
v 0.648649 3.651057 4.758225
v 0.642154 3.655967 4.743106
v 0.681907 3.655671 4.765492
v 0.668989 3.651618 4.768605
v 0.693559 3.663193 4.764675
v 0.702804 3.673445 4.766232
v 0.708736 3.685426 4.770012
v 0.710776 3.697960 4.775645
v 0.708723 3.709823 4.782578
v 0.702779 3.719852 4.790134
v 0.693526 3.727066 4.797572
v 0.681868 3.730759 4.804166
v 0.668948 3.730568 4.809268
v 0.656030 3.726514 4.812381
v 0.644378 3.718992 4.813198
v 0.635134 3.708740 4.811641
v 0.629201 3.696760 4.807860
v 0.627161 3.684225 4.802228
v 0.629214 3.672362 4.795295
v 0.635158 3.662333 4.787740
v 0.644412 3.655119 4.780301
v 0.656069 3.651427 4.773707
v 0.682461 3.660125 4.782068
v 0.673075 3.657179 4.784329
v 0.690926 3.665589 4.781474
v 0.697643 3.673038 4.782605
v 0.701953 3.681742 4.785352
v 0.703435 3.690849 4.789444
v 0.701944 3.699468 4.794482
v 0.697625 3.706755 4.799971
v 0.690902 3.711995 4.805376
v 0.682432 3.714678 4.810166
v 0.673045 3.714540 4.813873
v 0.663659 3.711595 4.816134
v 0.655194 3.706130 4.816728
v 0.648477 3.698680 4.815597
v 0.644167 3.689977 4.812850
v 0.642685 3.680870 4.808759
v 0.644176 3.672251 4.803721
v 0.648495 3.664965 4.798232
v 0.655218 3.659724 4.792827
v 0.663688 3.657041 4.788037
v 0.680629 3.668969 4.796671
v 0.675695 3.667420 4.797861
v 0.685080 3.671842 4.796360
v 0.688611 3.675758 4.796955
v 0.690877 3.680335 4.798398
v 0.691656 3.685122 4.800550
v 0.690872 3.689653 4.803198
v 0.688601 3.693484 4.806084
v 0.685067 3.696239 4.808926
v 0.680614 3.697649 4.811443
v 0.675679 3.697577 4.813393
v 0.670745 3.696028 4.814581
v 0.666294 3.693155 4.814894
v 0.662763 3.689240 4.814299
v 0.660497 3.684663 4.812855
v 0.659718 3.679876 4.810703
v 0.660502 3.675344 4.808055
v 0.662772 3.671514 4.805169
v 0.666307 3.668759 4.802328
v 0.670760 3.667347 4.799809
v 0.676592 3.681341 4.807875
v 0.103903 3.689404 4.812018
v 0.105535 3.706266 4.814829
v 0.100493 3.706194 4.813178
v 0.095862 3.704553 4.811172
v 0.092096 3.701504 4.809011
v 0.089563 3.697345 4.806902
v 0.088511 3.692483 4.805056
v 0.089044 3.687393 4.803650
v 0.091109 3.682575 4.802824
v 0.094503 3.678500 4.802658
v 0.098896 3.675566 4.803168
v 0.103856 3.674062 4.804304
v 0.108898 3.674134 4.805956
v 0.113529 3.675775 4.807961
v 0.117296 3.678824 4.810123
v 0.119829 3.682983 4.812231
v 0.120880 3.687846 4.814078
v 0.120348 3.692935 4.815484
v 0.118283 3.697753 4.816309
v 0.114888 3.701828 4.816476
v 0.110496 3.704762 4.815966
v 0.099001 3.722861 4.809320
v 0.108593 3.722997 4.812461
v 0.090192 3.719740 4.805506
v 0.083029 3.713940 4.801393
v 0.078211 3.706028 4.797384
v 0.076210 3.696780 4.793871
v 0.077224 3.687099 4.791198
v 0.081151 3.677935 4.789626
v 0.087608 3.670184 4.789310
v 0.095963 3.664604 4.790280
v 0.105398 3.661742 4.792442
v 0.114989 3.661879 4.795584
v 0.123798 3.665000 4.799397
v 0.130962 3.670799 4.803510
v 0.135780 3.678712 4.807519
v 0.137780 3.687961 4.811032
v 0.136767 3.697641 4.813705
v 0.132840 3.706805 4.815277
v 0.126382 3.714556 4.815593
v 0.118027 3.720136 4.814623
v 0.099573 3.737773 4.800822
v 0.112775 3.737960 4.805146
v 0.087449 3.733477 4.795573
v 0.077589 3.725493 4.789912
v 0.070957 3.714604 4.784394
v 0.068204 3.701875 4.779559
v 0.069599 3.688551 4.775880
v 0.075005 3.675937 4.773717
v 0.083892 3.665268 4.773282
v 0.095392 3.657588 4.774616
v 0.108378 3.653650 4.777592
v 0.121579 3.653837 4.781916
v 0.133704 3.658133 4.787165
v 0.143564 3.666117 4.792826
v 0.150195 3.677006 4.798345
v 0.152948 3.689736 4.803179
v 0.151554 3.703060 4.806859
v 0.146148 3.715673 4.809022
v 0.137260 3.726342 4.809457
v 0.125761 3.734022 4.808122
v 0.102154 3.749470 4.788518
v 0.117673 3.749690 4.793600
v 0.087901 3.744420 4.782347
v 0.076310 3.735034 4.775692
v 0.068514 3.722233 4.769205
v 0.065278 3.707269 4.763521
v 0.066917 3.691605 4.759195
v 0.073272 3.676777 4.756653
v 0.083720 3.664235 4.756141
v 0.097239 3.655207 4.757711
v 0.112505 3.650578 4.761209
v 0.128024 3.650797 4.766292
v 0.142276 3.655848 4.772462
v 0.153868 3.665233 4.779117
v 0.161663 3.678034 4.785604
v 0.164900 3.692999 4.791288
v 0.163261 3.708662 4.795614
v 0.156906 3.723490 4.798157
v 0.146458 3.736032 4.798668
v 0.132939 3.745060 4.797099
v 0.106490 3.756807 4.773609
v 0.122808 3.757039 4.778954
v 0.091504 3.751497 4.767121
v 0.079316 3.741629 4.760124
v 0.071119 3.728169 4.753304
v 0.067716 3.712435 4.747326
v 0.069440 3.695965 4.742779
v 0.076122 3.680374 4.740105
v 0.087107 3.667186 4.739567
v 0.101322 3.657694 4.741218
v 0.117374 3.652825 4.744895
v 0.133691 3.653058 4.750240
v 0.148677 3.658367 4.756728
v 0.160866 3.668235 4.763725
v 0.169062 3.681695 4.770546
v 0.172465 3.697430 4.776523
v 0.170742 3.713899 4.781071
v 0.164060 3.729490 4.783745
v 0.153074 3.742678 4.784283
v 0.138860 3.752170 4.782631
v 0.112158 3.759066 4.757558
v 0.106490 3.756807 4.773609
v 0.122808 3.757039 4.778954
v 0.127677 3.759287 4.762640
v 0.097905 3.754016 4.751387
v 0.091504 3.751497 4.767121
v 0.086314 3.744631 4.744732
v 0.079316 3.741629 4.760124
v 0.078518 3.731830 4.738245
v 0.071119 3.728169 4.753304
v 0.075282 3.716866 4.732561
v 0.067716 3.712435 4.747326
v 0.076921 3.701202 4.728236
v 0.069440 3.695965 4.742779
v 0.083276 3.686374 4.725693
v 0.076122 3.680374 4.740105
v 0.093724 3.673831 4.725181
v 0.087107 3.667186 4.739567
v 0.107243 3.664804 4.726751
v 0.101322 3.657694 4.741218
v 0.122509 3.660174 4.730249
v 0.117374 3.652825 4.744895
v 0.138028 3.660394 4.735332
v 0.133691 3.653058 4.750240
v 0.152281 3.665444 4.741502
v 0.148677 3.658367 4.756728
v 0.163872 3.674829 4.748157
v 0.160866 3.668235 4.763725
v 0.171667 3.687631 4.754644
v 0.169062 3.681695 4.770546
v 0.174904 3.702595 4.760329
v 0.172465 3.697430 4.776523
v 0.173265 3.718258 4.764654
v 0.170742 3.713899 4.781071
v 0.166910 3.733086 4.767197
v 0.164060 3.729490 4.783745
v 0.156462 3.745628 4.767708
v 0.153074 3.742678 4.784283
v 0.142943 3.754657 4.766139
v 0.138860 3.752170 4.782631
v 0.118602 3.756027 4.741934
v 0.131804 3.756214 4.746258
v 0.106478 3.751731 4.736684
v 0.096618 3.743747 4.731024
v 0.089986 3.732858 4.725506
v 0.087233 3.720128 4.720671
v 0.088628 3.706805 4.716991
v 0.094033 3.694191 4.714828
v 0.102921 3.683522 4.714392
v 0.114421 3.675842 4.715728
v 0.127407 3.671904 4.718703
v 0.140608 3.672091 4.723027
v 0.152733 3.676387 4.728276
v 0.162593 3.684371 4.733937
v 0.169224 3.695260 4.739455
v 0.171977 3.707989 4.744290
v 0.170583 3.721313 4.747970
v 0.165177 3.733927 4.750133
v 0.156289 3.744595 4.750568
v 0.144790 3.752276 4.749232
v 0.125192 3.747985 4.728266
v 0.134783 3.748122 4.731407
v 0.116383 3.744864 4.724452
v 0.109219 3.739064 4.720340
v 0.104402 3.731152 4.716331
v 0.102401 3.721904 4.712818
v 0.103414 3.712223 4.710145
v 0.107342 3.703059 4.708572
v 0.113799 3.695308 4.708257
v 0.122154 3.689728 4.709226
v 0.131589 3.686867 4.711388
v 0.141180 3.687003 4.714529
v 0.149989 3.690124 4.718344
v 0.157153 3.695925 4.722456
v 0.161971 3.703835 4.726465
v 0.163971 3.713084 4.729979
v 0.162958 3.722765 4.732652
v 0.159031 3.731929 4.734223
v 0.152573 3.739681 4.734540
v 0.144218 3.745260 4.733569
v 0.131283 3.735729 4.717894
v 0.136325 3.735802 4.719545
v 0.126652 3.734088 4.715889
v 0.122885 3.731040 4.713726
v 0.120352 3.726880 4.711618
v 0.119301 3.722018 4.709771
v 0.119834 3.716928 4.708366
v 0.121898 3.712110 4.707540
v 0.125293 3.708036 4.707373
v 0.129686 3.705102 4.707883
v 0.134646 3.703598 4.709020
v 0.139688 3.703670 4.710672
v 0.144319 3.705310 4.712677
v 0.148085 3.708359 4.714839
v 0.150619 3.712519 4.716947
v 0.151670 3.717381 4.718794
v 0.151137 3.722471 4.720199
v 0.149073 3.727288 4.721025
v 0.145678 3.731363 4.721191
v 0.141286 3.734297 4.720682
v 0.136278 3.720460 4.711830
v 0.066974 4.545812 1.182878
v 0.127187 4.566414 1.523790
v 0.293213 4.641563 1.490735
v 0.240820 4.601511 1.142556
v -0.166083 4.468729 1.542208
v -0.003495 4.502489 1.536691
v -0.051897 4.494455 1.218121
v -0.212399 4.448195 1.239990
v -0.391431 4.376344 1.241345
v -0.298676 4.374847 1.566413
v -0.499737 4.263890 1.274156
v -0.396494 4.261833 1.596029
v -0.493505 4.137833 1.629056
v -0.631325 4.157635 1.312234
v -0.723083 3.979104 1.388923
v -0.616007 3.984466 1.673142
v -0.674869 3.764870 1.716751
v -0.747859 3.753977 1.477967
v -0.742045 3.555652 1.532392
v -0.678979 3.579276 1.732942
v -0.710097 3.369502 1.545749
v -0.670706 3.402058 1.737541
v -0.618391 3.189375 1.701970
v -0.629348 3.121735 1.509356
v -0.041305 2.523788 1.489787
v -0.182894 2.627705 1.505213
v -0.186747 2.536437 1.332964
v -0.024973 2.394910 1.308528
v -0.319509 2.758155 1.529074
v -0.336369 2.653878 1.347594
v -0.478567 2.942369 1.601829
v -0.489939 2.844042 1.415618
v 1.018226 3.474685 -3.838536
v 0.864747 3.457170 -3.532625
v 0.930281 3.483784 -3.499741
v 1.075355 3.492240 -3.808598
v 0.784934 3.485699 -3.161191
v 0.724884 3.453207 -3.189182
v 0.589484 3.462644 -2.841080
v 0.654078 3.489373 -2.813389
v 0.801734 3.395409 -3.563504
v 0.651711 3.400029 -3.225562
v 0.535778 3.520511 -2.452909
v 0.460434 3.484528 -2.475926
v 0.504327 3.407890 -2.878271
v 0.369114 3.427469 -2.511048
v 0.424857 3.348125 -2.903603
v 0.256565 3.376701 -2.552040
v 0.309255 3.087367 -2.964002
v 0.136558 3.100981 -2.594486
v 0.160729 3.267515 -2.593356
v 0.360652 3.227925 -2.946956
v 0.576765 3.337907 -3.264102
v 0.514279 3.221490 -3.300410
v 0.475203 3.088130 -3.317902
v 0.317066 2.918554 -2.952361
v 0.161853 2.915170 -2.580094
v 0.666564 3.237759 -3.638841
v 0.645067 3.104664 -3.654567
v 0.679559 2.970185 -3.641176
v 0.494126 2.937100 -3.302438
v 0.716688 3.344516 -3.606667
v 0.897018 3.346973 -3.909870
v 0.954629 3.415462 -3.872964
v 1.042774 3.383615 -4.172784
v 1.097548 3.449859 -4.132289
v 1.020029 3.288864 -4.199284
v 0.862374 3.245543 -3.938277
v 1.185345 3.415303 -4.378225
v 1.231133 3.471381 -4.339794
v 1.157274 3.504127 -4.095872
v 1.282028 3.524739 -4.304096
v 1.214309 3.530989 -4.060388
v 1.339905 3.548985 -4.265444
v 0.847056 3.133140 -3.959857
v 1.402532 3.559986 -4.482382
v 1.461954 3.592874 -4.440435
v 1.530849 3.600527 -4.651837
v 1.583511 3.625331 -4.609539
v 1.489604 3.554984 -4.690275
v 1.354672 3.510812 -4.523989
v 1.692039 3.623032 -4.764184
v 1.648433 3.610717 -4.803562
v 1.614305 3.575927 -4.843262
v 1.313810 3.458782 -4.562916
v 0.503112 2.639005 -2.875874
v 0.366795 2.602952 -2.503088
v 0.233625 2.729521 -2.553607
v 0.379074 2.753582 -2.926112
v 0.657809 2.605540 -2.812637
v 0.527931 2.554670 -2.446156
v 1.163614 3.338889 -4.406352
v 1.297810 3.386309 -4.590673
v 1.315691 3.311248 -4.589648
v 1.173701 3.254342 -4.410515
v 1.452812 3.502057 -4.729718
v 1.442872 3.432885 -4.748151
v 1.460318 3.368921 -4.746854
v 1.346444 3.252639 -4.579905
v 1.200975 3.180201 -4.407844
v 1.485015 3.320288 -4.741030
v 1.018075 3.183800 -4.215462
v 0.864999 3.017063 -3.961358
v 1.045122 3.092857 -4.214858
v 0.917902 2.918101 -3.942577
v 0.727864 2.850948 -3.623370
v 1.094336 3.013801 -4.203803
v 1.163893 2.964120 -4.169139
v 1.001559 2.865206 -3.902933
v 1.239559 3.114797 -4.404013
v 0.551951 2.800135 -3.279313
v 0.825010 2.770624 -3.580463
v 0.663098 2.707732 -3.229090
v 1.809354 3.671434 -4.913444
v 1.766656 3.655552 -4.952517
v 1.579803 3.534170 -4.888260
v 1.571922 3.474308 -4.911138
v 1.589065 3.415850 -4.912814
v 1.737011 3.615795 -4.989422
v 1.705710 3.576622 -5.032498
v 1.878166 3.662822 -5.129506
v 1.860213 3.624637 -5.165966
v 1.900976 3.687356 -5.094402
v 1.933707 3.701073 -5.062909
v 1.704930 3.522555 -5.058270
v 1.858166 3.578132 -5.191552
v 1.722081 3.469471 -5.062588
v 1.876416 3.534398 -5.198615
v 2.031239 3.712866 -5.259340
v 2.021139 3.685128 -5.289700
v 2.019051 3.641697 -5.320107
v 2.033630 3.599932 -5.335117
v 1.302058 3.070469 -4.373876
v 1.365341 3.044756 -4.348596
v 1.238203 2.949671 -4.131378
v 1.087919 2.848715 -3.850608
v 0.936697 2.735159 -3.526698
v 1.431767 3.172672 -4.542182
v 1.483013 3.161880 -4.517080
v 1.390480 3.208611 -4.560600
v 1.560301 3.265980 -4.696626
v 1.599915 3.260561 -4.673888
v 0.792373 2.665955 -3.173154
v 1.617460 3.373678 -4.902601
v 1.654119 3.350960 -4.880228
v 1.525358 3.285970 -4.718595
v 1.754156 3.438511 -5.046953
v 1.786340 3.423836 -5.025560
v 1.815631 3.411672 -5.005700
v 1.687404 3.341381 -4.856002
v 2.069720 3.742828 -5.198502
v 2.045294 3.739165 -5.229896
v 2.199085 3.766640 -5.350014
v 2.191089 3.753852 -5.375145
v 2.185095 3.735422 -5.404523
v 2.183560 3.706022 -5.436824
v 2.349032 3.790601 -5.461753
v 2.345495 3.786199 -5.479465
v 2.359199 3.786668 -5.449806
v 2.213952 3.766544 -5.329134
v 2.502909 3.811140 -5.566392
v 2.500587 3.809116 -5.577872
v 2.510736 3.810019 -5.557172
v 2.500870 3.802389 -5.594597
v 2.345263 3.773529 -5.502347
v 1.718764 3.337977 -4.832945
v 1.842927 3.408438 -4.984820
v 1.957265 3.479044 -5.155516
v 1.978128 3.473702 -5.138887
v 2.123123 3.530756 -5.282947
v 2.107609 3.537916 -5.303381
v 1.932190 3.487879 -5.172236
v 2.426003 3.677229 -5.510818
v 2.407615 3.676052 -5.529657
v 2.551343 3.735111 -5.620213
v 2.566888 3.736538 -5.605996
v 2.709307 3.795148 -5.705886
v 2.277660 3.604988 -5.408656
v 2.262576 3.612157 -5.425880
v 2.389927 3.681163 -5.544030
v 2.241206 3.614636 -5.442031
v 2.084108 3.544827 -5.317341
v 1.905241 3.505568 -5.186945
v 2.056829 3.560978 -5.332446
v 2.214512 3.629384 -5.458026
v 2.192872 3.665614 -5.457706
v 2.509528 3.771310 -5.630689
v 2.521590 3.752162 -5.635798
v 2.536932 3.739306 -5.630043
v 2.503355 3.790308 -5.613694
v 2.346176 3.754725 -5.528453
v 2.352604 3.726874 -5.550570
v 2.368077 3.697146 -5.556538
v -0.015780 4.070215 3.089270
v -0.077006 4.004738 3.072754
v -0.052725 3.981328 3.263542
v -0.010769 4.049599 3.284161
v -0.130000 3.929580 3.041778
v -0.096250 3.907393 3.238965
v 0.038841 4.134768 3.108074
v -0.024999 4.173587 2.850705
v -0.079776 4.089738 2.828045
v 0.144857 4.327458 3.357835
v 0.244230 4.373322 3.364886
v 0.229769 4.367032 3.148180
v 0.141325 4.313025 3.144959
v 0.442402 4.406438 3.156447
v 0.340462 4.392548 3.139389
v 0.357013 4.418076 3.366038
v 0.456308 4.432768 3.368288
v 0.410942 4.396614 2.864492
v 0.309130 4.388531 2.871182
v 0.214789 4.353046 2.890530
v 0.110122 4.310403 2.877524
v -0.151028 3.841317 3.006379
v -0.127108 3.827598 3.195674
v -0.268481 3.918802 2.806463
v -0.299938 3.808729 2.793069
v -0.316426 3.689818 2.783144
v -0.145975 3.724520 2.968519
v -0.151669 3.722584 3.129003
v -0.168420 4.009836 2.810700
v 0.088023 4.207184 3.132487
v 0.030522 4.244703 2.871506
v -0.066177 4.486275 2.129743
v 0.081029 4.494508 2.115519
v 0.041322 4.494960 1.826822
v -0.124684 4.490375 1.841261
v 0.375737 4.510837 2.277586
v 0.243032 4.472111 2.298728
v 0.384018 4.521363 2.337937
v 0.172143 4.559591 1.829553
v 0.357190 4.604664 1.987960
v 0.353237 4.645451 1.900919
v -0.281789 4.421092 1.866748
v -0.243528 4.432975 2.158828
v -0.338826 4.330697 2.170673
v -0.371057 4.299599 1.888793
v -0.498758 3.779549 2.375344
v -0.461802 3.888938 2.399215
v -0.550806 3.868573 2.214392
v -0.547913 3.716681 2.205918
v -0.606791 3.810268 1.966449
v -0.622665 3.627759 1.973057
v -0.541380 4.010402 1.942934
v -0.518424 4.059166 2.215296
v -0.406939 3.922853 2.621163
v -0.463609 3.817279 2.599671
v -0.483443 3.663849 2.345862
v -0.521717 3.500473 2.203519
v -0.501774 3.731722 2.586890
v -0.321139 3.493427 2.714708
v -0.233611 3.552566 2.840984
v -0.417005 3.609213 2.725055
v -0.135750 3.583154 2.944051
v -0.134681 3.596719 3.067763
v -0.090710 3.474965 3.025645
v -0.097119 3.463177 2.929141
v -0.187883 3.397790 2.837236
v -0.035143 3.376605 2.847409
v -0.012595 3.427796 2.997761
v -0.232880 3.206502 2.739305
v -0.030130 3.290477 2.844445
v -0.142828 3.135920 2.740685
v 0.017085 3.352560 2.974815
v 0.016784 3.233973 2.827557
v 0.067812 3.172401 2.839232
v 0.066675 3.220855 2.947867
v 0.034494 3.280728 2.958826
v 0.157538 3.154659 2.929141
v 0.141473 3.112789 2.856633
v 0.313168 4.649381 1.583023
v 0.010623 3.037772 2.726900
v 0.100799 2.980146 2.728403
v -0.469750 4.186683 1.912566
v -0.597825 3.459412 1.958287
v -0.416124 4.224145 2.184097
v -0.081596 3.088830 2.733661
v -0.127570 3.008805 2.633305
v -0.032032 2.950450 2.627008
v 0.074162 2.898593 2.633384
v -0.102058 2.833128 2.206668
v 0.003265 2.785137 2.165201
v 0.053826 2.859816 2.512045
v -0.046480 2.911660 2.516271
v -0.296444 3.141998 2.548028
v -0.301222 3.258505 2.672941
v -0.334582 3.255286 2.506054
v -0.297557 3.365939 2.735627
v -0.042351 2.648911 1.683657
v -0.175916 2.707897 1.697859
v -0.146487 2.755764 1.938937
v -0.029063 2.686092 1.928736
v -0.254509 2.887498 1.965216
v -0.201839 2.933881 2.227535
v -0.295395 2.840463 1.725903
v -0.460467 3.287710 2.155299
v -0.363096 3.062543 2.025931
v -0.293781 3.037149 2.268181
v -0.337229 3.169669 2.338177
v -0.421196 3.039078 1.805774
v -0.573299 3.270510 1.922265
v 0.091687 4.206775 3.339191
v -0.413685 3.393145 2.314706
v -0.488774 3.523268 2.275812
v -0.508167 3.664186 2.574090
v -0.474844 3.593920 2.360731
v -0.346778 3.296433 2.387931
v -0.144953 2.981215 2.514348
v -0.231935 3.056361 2.533651
v -0.328861 4.060076 2.641649
v -0.232365 4.161844 2.641569
v -0.154521 4.257535 2.648772
v 0.052715 4.383172 2.639147
v -0.067996 4.338902 2.650531
v 0.170781 4.396494 2.627314
v 0.400117 4.413854 2.721183
v -0.414368 4.050527 2.430101
v -0.324681 4.185665 2.421732
v -0.158531 4.394270 2.415978
v -0.237293 4.281234 2.411680
v -0.006722 4.448945 2.390368
v 0.127455 4.439213 2.361938
v 0.380791 4.573657 2.197233
v -0.362782 3.412924 2.355584
v -0.324980 3.338321 2.414469
v -0.458580 3.520163 2.334142
v -0.480532 3.580385 2.379375
v -0.512894 3.604578 2.566174
v -0.473235 3.527207 2.688609
v -0.383329 3.426258 2.672395
v -0.329454 3.353542 2.629229
v -0.325061 3.304432 2.586651
v -0.313698 3.315131 2.481197
v 0.275176 4.428258 2.609074
v 0.192051 4.531044 2.088417
v 0.153968 4.554629 1.672217
v 0.398695 4.471769 2.586717
v 0.369897 4.611665 2.063439
v 0.337376 4.643014 1.756175
v 0.322772 4.633439 1.672382
v 0.037966 4.122057 3.309232
v -0.513894 2.890921 2.210798
v -0.474719 3.013025 2.147511
v -0.502091 3.023727 2.162688
v -0.532931 2.899435 2.222183
v -0.497394 2.878362 2.191964
v -0.453339 3.002899 2.110164
v -0.464157 2.991339 2.062694
v -0.502716 2.859223 2.161695
v -0.538123 2.843559 2.127783
v -0.509758 2.984035 2.021564
v -0.598504 2.854529 2.121980
v -0.575505 3.005777 2.032488
v -0.625114 2.889920 2.164500
v -0.605823 3.037658 2.088305
v -0.601732 2.908600 2.201777
v -0.575997 2.910601 2.219903
v -0.557315 3.043160 2.158579
v -0.579601 3.047281 2.136278
v -0.549398 2.854098 2.256865
v -0.531548 2.845001 2.247522
v -0.557040 2.817219 2.303141
v -0.570029 2.860756 2.259537
v -0.583750 2.826989 2.305317
v -0.527890 2.780736 2.270392
v -0.527854 2.752919 2.242825
v -0.516329 2.807405 2.203665
v -0.519022 2.830504 2.230137
v -0.453339 3.002899 2.110164
v -0.497394 2.878362 2.191964
v -0.578589 2.697266 2.289296
v -0.561328 2.731886 2.213126
v -0.537697 2.700497 2.303041
v -0.628333 2.710418 2.288707
v -0.613962 2.752769 2.217137
v -0.610615 2.799996 2.163978
v -0.547683 2.784972 2.167741
v -0.636225 2.838181 2.204171
v -0.656112 2.785692 2.239495
v -0.589309 2.675623 2.360057
v -0.629194 2.692975 2.360090
v -0.667815 2.741164 2.307360
v -0.657249 2.719089 2.374931
v -0.551179 2.668151 2.367986
v -0.524381 2.730728 2.327749
v -0.524381 2.730728 2.327749
v -0.527890 2.780736 2.270392
v -0.538966 2.801328 2.290156
v -0.537267 2.761062 2.349267
v -0.548547 2.689168 2.459326
v -0.544266 2.725808 2.403362
v -0.564345 2.753462 2.419605
v -0.584325 2.710281 2.471658
v -0.584126 2.662072 2.509775
v -0.550352 2.650005 2.505506
v -0.547394 2.624197 2.483721
v -0.544762 2.654777 2.443259
v -0.557025 2.787905 2.364639
v -0.590667 2.797153 2.366360
v -0.600910 2.763325 2.424052
v -0.524718 2.692585 2.387707
v -0.544762 2.654777 2.443259
v -0.547394 2.624197 2.483721
v -0.564308 2.610476 2.469872
v -0.561754 2.633414 2.425487
v -0.599512 2.651659 2.425493
v -0.615081 2.832721 2.300501
v -0.626483 2.795063 2.356460
v -0.631259 2.760791 2.413114
v -0.655511 2.745187 2.394895
v -0.663183 2.780613 2.338241
v -0.646265 2.821594 2.278028
v -0.592564 2.864860 2.254738
v -0.618951 2.861992 2.238901
v -0.554193 2.905478 2.225394
v -0.659170 2.685280 2.430687
v -0.663143 2.706655 2.451337
v -0.633085 2.669135 2.423326
v -0.642301 2.722567 2.468686
v -0.613919 2.713029 2.478305
v -0.600233 2.670182 2.459774
v -0.617807 2.676981 2.459786
v -0.530460 3.033430 2.168193
v -0.600233 2.670182 2.459774
v -0.617807 2.676981 2.459786
v -0.651237 2.631305 2.452181
v -0.675794 2.642231 2.456837
v -0.665743 2.584952 2.444267
v -0.701718 2.600497 2.447443
v -0.685156 2.613285 2.513415
v -0.663808 2.673948 2.512036
v -0.681978 2.660297 2.479451
v -0.710756 2.612854 2.482867
v -0.648640 2.584799 2.474344
v -0.631709 2.636650 2.471153
v -0.591668 2.613542 2.466059
v -0.601031 2.638024 2.485806
v -0.601031 2.587283 2.505229
v -0.594269 2.568184 2.473879
v -0.601031 2.638024 2.485806
v -0.633180 2.656236 2.505260
v -0.656116 2.599309 2.507948
v -0.648640 2.584799 2.474344
v -0.631709 2.636650 2.471153
v -0.550843 2.596718 2.530398
v -0.541968 2.581584 2.501577
v -0.541968 2.581584 2.501577
v -0.557041 2.568051 2.471188
v -0.583223 2.601657 2.532306
v -0.601031 2.587283 2.505229
v -0.524718 2.692585 2.387707
v -0.519022 2.830504 2.230137
v -0.534919 3.348415 2.151387
v -0.547937 3.271039 2.077693
v -0.564607 3.257385 2.139281
v -0.563733 3.322155 2.225207
v -0.505420 3.261244 2.019615
v -0.469520 3.337125 2.108346
v -0.409182 3.309719 2.097632
v -0.448351 3.244051 1.987666
v -0.540553 3.149782 1.987498
v -0.530105 3.209962 1.993090
v -0.467197 3.181358 1.969737
v -0.486331 3.117590 1.959059
v -0.380098 3.173178 2.072309
v -0.389164 3.205674 2.008078
v -0.364609 3.275587 2.115625
v -0.354679 3.235755 2.158225
v -0.508148 3.167646 2.190577
v -0.435087 3.150009 2.173358
v -0.422345 3.185271 2.261908
v -0.518468 3.193639 2.290836
v -0.354679 3.235755 2.158225
v -0.377886 3.205064 2.216641
v -0.396583 3.156259 2.137524
v -0.380098 3.173178 2.072309
v -0.452008 3.138884 2.146831
v -0.415483 3.132515 2.123517
v -0.507150 3.139713 2.128918
v -0.469254 3.124144 2.122553
v -0.506104 3.157319 2.157829
v -0.568692 3.213727 2.181659
v -0.551765 3.188429 2.150824
v -0.434417 3.107568 2.111149
v -0.536465 3.160558 2.121520
v -0.413988 3.098638 2.057115
v -0.398117 3.136659 2.063685
v -0.424535 3.101579 1.994657
v -0.413988 3.098638 2.057115
v -0.398117 3.136659 2.063685
v -0.405000 3.153071 1.998571
v -0.569162 3.165246 2.053566
v -0.580386 3.257571 2.283145
v -0.564575 3.214931 2.118970
v -0.561345 3.219050 2.063355
v -0.553671 3.172559 2.100813
v -0.448102 3.410399 2.220166
v -0.387557 3.374043 2.199098
v -0.540690 3.425136 2.250337
v -0.566670 3.371332 2.340064
v -0.540172 3.437639 2.450076
v -0.482999 3.467162 2.385356
v -0.577220 3.306115 2.398081
v -0.550957 3.362820 2.519024
v -0.335841 3.295145 2.261507
v -0.344057 3.338024 2.220438
v -0.339830 3.386780 2.367919
v -0.330131 3.345677 2.390075
v -0.370639 3.429943 2.365489
v -0.418484 3.465759 2.375145
v -0.528613 3.481610 2.506935
v -0.469577 3.494693 2.409830
v -0.538664 3.405516 2.593484
v -0.342532 3.389003 2.404904
v -0.331588 3.344864 2.429352
v -0.345121 3.395406 2.428113
v -0.368920 3.436106 2.396152
v -0.368920 3.436106 2.396152
v -0.367097 3.447952 2.409821
v -0.345121 3.395406 2.428113
v -0.418208 3.479650 2.386872
v -0.417913 3.497481 2.384390
v -0.456099 3.525539 2.421760
v -0.417419 3.222016 2.373061
v -0.514040 3.245536 2.403038
v -0.398019 3.272344 2.479856
v -0.479054 3.292628 2.521305
v -0.355413 3.317148 2.576366
v -0.420954 3.370816 2.653960
v -0.458296 3.317253 2.592257
v -0.379277 3.288775 2.531163
v -0.512927 3.466774 2.654054
v -0.355171 3.249166 2.315665
v -0.344544 3.303867 2.431282
v -0.329849 3.319322 2.501457
v -0.337181 3.309082 2.474855
v -0.335841 3.295145 2.261507
v -0.330131 3.345677 2.390075
v -0.332932 3.348853 2.453568
v -0.331588 3.344864 2.429352
v -0.362782 3.412924 2.355584
v -0.324980 3.338321 2.414469
v -0.367097 3.447952 2.409821
v -0.458580 3.520163 2.334142
v -0.480532 3.580385 2.379375
v -0.516064 3.546751 2.552065
v -0.512894 3.604578 2.566174
v -0.383329 3.426258 2.672395
v -0.473235 3.527207 2.688609
v -0.325061 3.304432 2.586651
v -0.329454 3.353542 2.629229
v -0.313698 3.315131 2.481197
v -0.332932 3.348853 2.453568
v -0.313698 3.315131 2.481197
v -0.711471 2.542991 2.464214
v -0.717561 2.558537 2.449343
v -0.681687 2.544721 2.442695
v -0.692986 2.531904 2.456284
v -0.712926 2.509505 2.465406
v -0.723916 2.512565 2.467640
v -0.726706 2.481827 2.459776
v -0.730027 2.512560 2.479760
v -0.721011 2.546267 2.484333
v -0.730920 2.565417 2.488217
v -0.708360 2.543861 2.500415
v -0.707516 2.560769 2.515551
v -0.681731 2.529658 2.474466
v -0.661830 2.540714 2.473918
v -0.562529 2.516520 2.498284
v -0.584422 2.515315 2.502105
v -0.591185 2.533546 2.487501
v -0.556511 2.533980 2.481277
v -0.594320 2.493340 2.520216
v -0.594325 2.521369 2.519489
v -0.588350 2.492779 2.509161
v -0.604329 2.541642 2.516951
v -0.573743 2.487150 2.507246
v -0.588147 2.549949 2.546868
v -0.604329 2.541642 2.516951
v -0.584584 2.524957 2.538675
v -0.594325 2.521369 2.519489
v -0.721733 2.507038 2.490959
v -0.706062 2.504855 2.485018
v -0.690252 2.538169 2.494883
v -0.674776 2.550249 2.508830
v -0.661830 2.540714 2.473918
v -0.681731 2.529658 2.474466
v -0.704272 2.506476 2.471881
v -0.704272 2.506476 2.471881
v -0.553425 2.546924 2.544362
v -0.560826 2.522172 2.539735
v -0.548341 2.518625 2.516888
v -0.534387 2.542870 2.514221
v -0.573913 2.487479 2.527397
v -0.586560 2.491518 2.530392
v -0.594320 2.493340 2.520216
v -0.565151 2.487722 2.517149
v -0.548341 2.518625 2.516888
v -0.534387 2.542870 2.514221
v -0.587744 2.457751 2.512669
v -0.565151 2.487722 2.517149
v -0.587744 2.457751 2.512669
v 0.223341 2.987061 4.891346
v 0.157794 3.094886 4.770687
v 0.142681 3.114185 4.836287
v 0.188122 2.989690 4.905187
v 0.227314 2.905217 4.996288
v 0.257353 2.899014 4.980235
v 0.332072 2.717475 5.251746
v 0.310888 2.750776 5.171943
v 0.282391 2.758562 5.189199
v 0.306403 2.725059 5.269783
v 0.298741 2.830416 5.077432
v 0.268570 2.836181 5.087860
v 0.343858 2.709869 5.287179
v 0.326370 2.712085 5.302318
v 0.389125 2.936044 4.747928
v 0.389114 3.022855 4.607784
v 0.210650 3.044918 4.670236
v 0.265037 2.952751 4.808693
v 0.389138 2.852603 4.907218
v 0.313005 2.872630 4.933174
v 0.389161 2.698270 5.215218
v 0.389156 2.729442 5.139632
v 0.350104 2.722401 5.143866
v 0.359323 2.693380 5.226132
v 0.389146 2.798223 5.021033
v 0.334950 2.807301 5.034605
v 0.389164 2.694888 5.267669
v 0.369512 2.689609 5.264465
v 0.389168 2.688926 5.331632
v 0.364787 2.693457 5.331089
v 0.343843 2.700248 5.327301
v 0.103295 3.210971 4.662784
v 0.085509 3.149948 4.714198
v 0.098643 3.154242 4.653304
v 0.085136 3.207815 4.602839
v 0.107687 3.241351 4.629459
v 0.094217 3.260534 4.579561
v 0.101005 3.294544 4.620479
v 0.091356 3.310916 4.575425
v 0.084241 3.350284 4.588592
v 0.094593 3.323285 4.626895
v 0.093262 3.330873 4.664558
v 0.091855 3.338330 4.640081
v 0.071799 3.380464 4.604746
v 0.082470 3.376642 4.634988
v 0.088065 3.204532 4.520082
v 0.121163 3.134783 4.566354
v 0.087159 3.277679 4.493572
v 0.079378 3.349367 4.496507
v 0.078140 3.392520 4.511088
v 0.113437 3.387236 4.558340
v 0.160937 3.383299 4.605355
v 0.151477 3.149998 4.445361
v 0.115189 3.223888 4.418771
v 0.117888 3.284871 4.392566
v 0.126008 3.336190 4.380470
v 0.138602 3.385538 4.401478
v 0.168146 3.424775 4.435602
v 0.205137 3.451264 4.498170
v 0.236884 3.076152 4.503094
v 0.389104 3.054527 4.461232
v 0.195810 3.178645 4.333612
v 0.165093 3.242871 4.315294
v 0.168818 3.273592 4.262442
v 0.194547 3.336195 4.291048
v 0.220243 3.375843 4.309245
v 0.250349 3.398450 4.329102
v 0.290219 3.413365 4.352025
v 0.267544 3.126351 4.354367
v 0.389096 3.100558 4.353282
v 0.178871 2.998819 5.140495
v 0.284009 3.107178 5.173754
v 0.289282 3.025165 5.235721
v 0.189762 2.941485 5.227324
v 0.167181 3.075935 5.057700
v 0.280814 3.167052 5.069051
v 0.159895 3.163691 4.968915
v 0.276062 3.220597 4.986221
v 0.171758 3.254172 4.885903
v 0.274662 3.254072 4.909746
v 0.177730 3.314572 4.790225
v 0.277373 3.306058 4.805694
v 0.389137 3.082475 5.139659
v 0.389142 3.064864 5.224083
v 0.161385 2.841084 5.191460
v 0.139298 2.816566 5.196378
v 0.126797 2.900971 5.106866
v 0.159490 2.911694 5.116345
v 0.389131 3.135495 5.062469
v 0.114543 2.961322 5.017130
v 0.144364 3.008588 5.038020
v 0.389125 3.191108 4.985683
v 0.107837 3.056713 4.937957
v 0.137712 3.076797 4.952304
v 0.389120 3.224670 4.916231
v 0.116346 3.137004 4.861341
v 0.143477 3.192680 4.875881
v 0.389112 3.273749 4.812741
v 0.123674 3.250006 4.775220
v 0.146492 3.312847 4.783386
v 0.127204 3.327565 4.717497
v 0.179180 3.350239 4.718045
v 0.283207 3.364320 4.718664
v 0.389104 3.347823 4.708018
v 0.102535 3.277673 4.711775
v 0.301843 3.497174 4.469984
v 0.341546 3.421463 4.372529
v 0.284261 3.432562 4.609679
v 0.389085 3.507853 4.479066
v 0.389083 3.415342 4.375606
v 0.389094 3.446044 4.601495
v 0.203621 2.822342 5.295935
v 0.181689 2.782712 5.295927
v 0.163675 2.800505 5.264022
v 0.184593 2.831718 5.266556
v 0.203613 2.895888 5.296342
v 0.253465 2.764574 5.444675
v 0.265042 2.787687 5.434107
v 0.303107 2.796193 5.476274
v 0.292654 2.761150 5.498402
v 0.291603 2.833054 5.427343
v 0.310959 2.836632 5.463048
v 0.332927 2.762027 5.525727
v 0.343898 2.784640 5.505148
v 0.389169 2.784341 5.528120
v 0.389172 2.752424 5.559492
v 0.210459 2.767795 5.395682
v 0.227734 2.780633 5.380352
v 0.350714 2.834881 5.471539
v 0.389164 2.840645 5.477657
v 0.264675 2.846955 5.387769
v 0.187927 2.788187 5.338573
v 0.208047 2.837054 5.341585
v 0.225498 2.876423 5.341494
v 0.331994 2.871995 5.440686
v 0.389160 2.880304 5.435030
v 0.291900 2.976593 5.305707
v 0.389148 3.013413 5.300183
v 0.306146 2.932121 5.357365
v 0.389153 2.950748 5.349707
v 0.315737 2.900933 5.404012
v 0.389157 2.911235 5.395836
v 0.221708 3.212416 4.181417
v 0.217701 3.182762 3.844639
v 0.235410 3.239944 4.019844
v 0.211903 3.311163 4.113568
v 0.275513 3.339274 3.932948
v 0.261340 3.399340 4.133530
v 0.340053 3.373818 3.935941
v 0.329115 3.427642 4.150930
v 0.290980 3.152001 4.261033
v 0.287957 3.101415 4.163811
v 0.389089 3.128997 4.263781
v 0.371680 3.105879 4.178996
v 0.389060 3.382048 3.924390
v 0.389071 3.432061 4.160769
v 0.236157 3.112943 3.931455
v 0.231318 3.177965 3.866805
v 0.267957 3.229581 3.832061
v 0.304718 3.249752 3.816881
v 0.282722 3.072608 3.994215
v 0.341994 3.057348 4.010744
v 0.340535 3.244493 3.829980
v 0.335686 3.160312 3.888946
v 0.231318 3.177965 3.866805
v 0.236157 3.112943 3.931455
v 0.267957 3.229581 3.832061
v 0.304718 3.249752 3.816881
v 0.282722 3.072608 3.994215
v 0.341994 3.057348 4.010744
v 0.340535 3.244493 3.829980
v -0.068026 4.415951 0.943091
v -0.262458 4.382198 0.915745
v 0.166457 4.461712 0.758003
v 0.048342 4.476858 0.929275
v 0.186790 4.537516 0.887725
v -0.094006 4.315715 0.628148
v -0.279044 4.282573 0.625597
v 0.210997 4.552788 1.000884
v -0.533932 4.169466 0.969587
v -0.436316 4.272446 0.920981
v -0.488622 4.211093 0.667981
v -0.620082 4.139692 0.717375
v -0.767793 4.109128 0.365232
v -0.716052 4.144068 0.538834
v -0.545602 4.198594 0.500505
v -0.612137 4.221947 0.309189
v -0.675813 4.071420 1.028679
v -0.759825 3.975740 0.801790
v -0.770752 3.822581 0.998758
v -0.787374 3.929448 1.141030
v -0.808348 3.757694 1.288765
v -0.775295 3.598047 1.376472
v -0.313515 4.249947 0.478697
v -0.372604 4.247030 0.291533
v -0.117532 4.281517 0.488897
v -0.180161 4.274223 0.290065
v -0.217189 4.236366 0.137993
v -0.038780 4.261445 0.129902
v -0.050396 4.201534 -0.017634
v -0.240997 4.164881 -0.013165
v -0.392673 4.187201 0.143984
v -0.385941 4.076515 0.016233
v -0.603367 4.038345 0.017043
v -0.617308 4.158318 0.157232
v -0.720986 3.920511 0.077996
v -0.740488 4.019889 0.218737
v -0.255187 4.070795 -0.158091
v -0.074382 4.121303 -0.174900
v -0.081410 4.051054 -0.313163
v -0.250817 4.000406 -0.313409
v -0.601018 3.897734 -0.127016
v -0.386388 3.956572 -0.122307
v -0.387762 3.886529 -0.307731
v -0.570955 3.765325 -0.323093
v -0.351180 3.779189 -0.651048
v -0.458895 3.577367 -0.602677
v -0.058133 3.933726 -0.641806
v -0.214615 3.869625 -0.655126
v 0.079020 4.225507 -0.039058
v 0.093011 4.298985 0.102181
v 0.059046 4.156655 -0.268600
v 0.005894 4.330858 0.471463
v 0.126408 4.347488 0.453273
v 0.117308 4.356478 0.356388
v 0.036436 3.817415 -0.993377
v -0.106324 3.756498 -1.021653
v -0.214615 3.869625 -0.655126
v -0.058133 3.933726 -0.641806
v -0.458895 3.577367 -0.602677
v -0.351180 3.779189 -0.651048
v -0.219258 3.684960 -1.040033
v -0.329026 3.574533 -1.049787
v 0.099876 4.003553 -0.650593
v 0.179769 3.855985 -0.968146
v -0.782248 3.686336 1.159162
v -0.766791 3.567831 1.298843
v -0.931696 3.704667 0.997506
v -0.855757 3.632188 1.142317
v -0.972197 3.762983 0.819974
v -0.868542 4.000897 0.601413
v -0.853134 3.934185 0.437034
v -0.969885 3.727269 0.527086
v -0.980042 3.757046 0.663937
v -1.017432 3.500602 1.084328
v -0.955743 3.441036 1.233109
v -1.042220 3.517227 0.899607
v -1.032333 3.314136 1.185320
v -0.973671 3.273316 1.316306
v -0.858982 3.360313 1.355318
v -0.771461 3.507069 1.256496
v -0.694564 3.429740 1.389160
v -0.654970 3.312483 1.406066
v -0.562059 3.162391 1.447798
v -0.553330 3.140318 1.406710
v -0.724905 3.386747 1.425559
v -0.599221 3.152417 1.441801
v -0.689940 3.771722 -0.061899
v -0.645568 3.633838 -0.273493
v -0.608847 2.956088 -0.626659
v -0.613618 3.250447 -0.460126
v -0.422534 3.305339 -1.063858
v -0.400270 3.087337 -1.111398
v -0.326523 2.823053 -1.096192
v -0.468804 2.750954 -0.645008
v -0.195441 3.404425 -1.450180
v -0.232507 3.276506 -1.462885
v -0.394004 3.447471 -1.046514
v -0.261886 3.080600 -1.480686
v -0.537233 3.464160 -0.571936
v -0.170672 2.850592 -1.459018
v -0.537233 3.464160 -0.571936
v -0.728666 3.505854 -0.182662
v -0.613618 3.250447 -0.460126
v -0.765809 3.130716 -0.126123
v -0.834898 3.344045 0.058504
v -0.900312 3.509174 0.181466
v -0.790553 3.646652 0.025414
v -0.942910 3.246764 0.245393
v -0.838104 3.869108 0.297839
v -0.816457 3.786844 0.161830
v -0.930294 3.618190 0.294718
v -0.937203 3.678399 0.410408
v -0.191055 2.553513 1.227278
v -0.094710 2.430565 1.178319
v -0.070285 2.380596 1.021252
v 0.011394 2.237417 0.942073
v -0.010670 2.313567 1.101003
v -0.188162 2.580073 1.161587
v -0.136868 2.483540 1.072346
v -0.291117 2.673769 1.258809
v 0.170199 3.739381 -1.372626
v 0.038292 3.684907 -1.405983
v -0.065244 3.610269 -1.428357
v -0.140599 3.513952 -1.440089
v 0.056046 3.530882 -1.795028
v -0.021734 3.454534 -1.811250
v -0.126032 3.263280 -1.843888
v -0.159508 3.088879 -1.852356
v -0.090689 3.354852 -1.832789
v 0.105768 3.414635 -2.183836
v -0.001427 3.285975 -2.221432
v 0.232520 3.477664 -2.144686
v 0.336201 3.539834 -2.112583
v 0.130604 3.571234 -1.772014
v 0.251907 3.622880 -1.736366
v 0.371575 3.673696 -1.713980
v 0.305417 3.782046 -1.344937
v 0.438648 3.572257 -2.085496
v -1.013399 3.511591 0.682726
v -1.060020 3.321313 0.839443
v -1.065759 3.337014 1.035209
v -1.078059 3.136172 0.989574
v -1.058826 3.151404 1.157075
v -1.015786 3.141665 1.289593
v -0.961289 3.124245 1.411795
v -1.049083 2.964177 1.278279
v -1.001125 2.966955 1.409002
v -0.930395 2.971777 1.528407
v -1.056486 2.942357 1.114367
v -1.070809 3.067070 0.801003
v -1.055702 3.264616 0.633444
v -1.008035 3.451108 0.459075
v -1.004236 3.077180 0.427150
v -0.995306 2.898497 0.612786
v -1.042218 2.878388 0.935386
v -0.083101 2.235055 0.823776
v -0.041700 2.107590 0.577261
v -0.155343 2.378264 0.865645
v -0.133007 2.321794 0.839030
v -0.438329 2.897760 1.361844
v -0.375326 2.902996 1.317943
v -0.202238 2.425789 0.206417
v -0.156287 2.286323 -0.011252
v -0.151084 2.235623 0.248208
v -0.175417 2.393779 0.535369
v -0.155343 2.378264 0.865645
v -0.126214 2.265488 0.666228
v -0.133007 2.321794 0.839030
v -0.183003 2.643339 1.208679
v -0.151176 2.444708 0.946421
v -0.380165 2.911698 1.319275
v -0.099168 2.106846 0.604037
v -0.062223 2.020925 0.361697
v -0.041700 2.107590 0.577261
v -0.083101 2.235055 0.823776
v -0.103349 2.042439 0.329544
v -0.111506 2.125207 0.137717
v -0.046588 2.083400 0.055815
v -0.020561 2.000858 0.292507
v -0.238389 2.472052 -0.180090
v -0.167020 2.338982 -0.366754
v -0.120845 2.186230 -0.122958
v -0.091888 2.273861 -0.385420
v 0.012436 2.251940 -0.369202
v -0.022408 2.166900 -0.144660
v -0.036502 2.324150 -0.648159
v 0.064654 2.298806 -0.629904
v -0.288063 2.549281 -0.576916
v -0.135135 2.405961 -0.648099
v -0.108401 2.422268 -0.825276
v -0.288063 2.549281 -0.576916
v -0.137419 2.645287 -1.053771
v -0.019797 2.465295 -1.013844
v -0.036502 2.324150 -0.648159
v 0.002203 2.335639 -0.863808
v 0.137143 2.293359 -0.848135
v 0.064654 2.298806 -0.629904
v -0.677742 2.847953 -0.159261
v -0.608847 2.956088 -0.626659
v -0.468804 2.750954 -0.645008
v -0.581434 2.617931 -0.097303
v -0.846695 2.998959 0.127471
v -0.780787 2.757219 0.046813
v -0.812200 2.667506 0.240166
v -0.897402 2.873611 0.308528
v -0.916876 2.733119 0.486041
v -0.904759 2.609049 0.653922
v -0.962427 2.755514 0.768532
v -0.696329 2.542198 0.259558
v -0.708755 2.469392 0.411635
v -0.826811 2.586536 0.401034
v -0.644944 2.576105 0.107778
v -0.518540 2.467674 0.174743
v -0.573739 2.433007 0.352245
v -0.397090 2.424795 0.320691
v -0.448462 2.392925 0.476403
v -0.606549 2.421394 0.494538
v -0.714330 2.416037 0.569733
v -0.822923 2.490273 0.575418
v -0.606815 2.395074 0.637992
v -0.409373 2.535359 -0.027618
v -0.329677 2.534362 0.116517
v -0.254936 2.479069 0.405032
v -0.296153 2.417077 0.515718
v -0.335277 2.399390 0.649066
v -0.575919 3.107185 1.508060
v -0.370416 2.882335 1.413904
v -0.542227 3.026094 1.578161
v -0.352957 2.807408 1.448618
v -0.200344 2.662488 1.236897
v -0.029892 3.100433 -2.227190
v 0.032406 2.900966 -2.204626
v -0.069643 2.879031 -1.819053
v 0.135177 2.694764 -2.173136
v -0.006097 2.667947 -1.413076
v 0.040833 2.540257 -1.174436
v 0.100426 2.551378 -1.399874
v 0.072559 2.366792 -1.008655
v 0.163775 2.475456 -1.164103
v 0.253180 2.412552 -1.144232
v 0.186253 2.310561 -0.978776
v 0.043743 2.668381 -1.787310
v 0.174309 2.563026 -1.756690
v 0.218715 2.528346 -1.378465
v 0.272384 2.543342 -1.733870
v 0.371914 2.499769 -1.712499
v 0.302080 2.502158 -1.346971
v -0.875131 3.225693 1.441791
v -0.854068 3.102746 1.543089
v -0.810449 2.957812 1.637349
v -0.691042 3.037724 1.620613
v -0.637676 2.904134 1.673207
v -0.736297 3.152568 1.554392
v -0.752253 3.268704 1.469409
v -0.638462 3.201314 1.521957
v -0.600520 3.064083 1.571021
v -0.564943 2.946738 1.594356
v -0.524786 2.823776 1.609473
v -0.512851 2.909152 1.583509
v -0.346072 2.731888 1.479110
v -0.716923 3.408547 1.330028
v 0.246506 2.568831 -2.149988
v 0.438026 2.503138 -2.085073
v -0.167641 2.486420 0.998251
v -0.208397 2.456197 0.653174
v -0.151176 2.444708 0.946421
v -0.167641 2.486420 0.998251
v -0.220190 2.439605 0.755926
v -0.250762 2.425853 0.852610
v -0.210488 2.634858 1.302984
v -0.204706 2.464894 1.022583
v -0.246117 2.580033 1.329290
v -0.222216 2.461679 1.140294
v -0.276707 2.541366 1.341098
v -0.231295 2.464534 1.226812
v -0.222216 2.461679 1.140294
v -0.268101 2.401176 0.949148
v -0.204706 2.464894 1.022583
v -0.231295 2.464534 1.226812
v -0.290966 2.386557 1.025230
v -0.491834 2.799994 1.591329
v -0.337147 2.691521 1.533936
v -0.379690 2.395340 0.761292
v -0.487946 2.396634 0.607357
v -0.504862 2.374860 0.732059
v -0.399225 2.365424 0.859216
v 0.021836 4.376250 0.619541
v -0.022232 4.301745 0.286593
v -0.122732 2.220229 0.447336
v -0.135135 2.405961 -0.648099
v 0.152640 4.432561 0.650028
v 0.105490 4.326160 0.267253
v 0.072878 4.214592 -0.122813
v 0.064977 4.164934 -0.194248
v 0.054746 4.103258 -0.334244
v 0.054977 4.051954 -0.476870
v 0.081014 4.011922 -0.561476
v 0.081014 4.011922 -0.561476
v -0.789852 0.732699 2.815453
v -0.728615 0.791735 2.841714
v -0.710088 0.837117 2.710159
v -0.738083 0.747460 2.636496
v -0.700449 0.537752 2.541977
v -0.762903 0.579026 2.658036
v -0.689585 0.673801 2.476441
v -0.832403 0.597055 2.811892
v -0.644502 0.761317 2.866505
v -0.620801 0.817346 2.743767
v -0.526072 0.837986 2.790468
v -0.542119 0.753213 2.727554
v -0.563122 0.665610 2.832333
v -0.553033 0.765526 2.939872
v -0.464685 0.814891 2.950210
v -0.449607 0.869033 2.812318
v -0.375307 0.739878 2.935542
v -0.364453 0.821658 2.786562
v -0.331043 0.651491 2.846268
v -0.335900 0.753851 2.730471
v -0.258581 0.768587 2.714894
v -0.260053 0.690476 2.889401
v -0.350236 0.632166 3.005038
v -0.320782 0.589343 2.917477
v -0.297551 0.495432 2.981517
v -0.308568 0.612147 2.956817
v -0.315886 0.463521 2.920239
v -0.106236 0.416836 2.733409
v -0.092800 0.575003 2.693443
v -0.069822 0.596937 2.859791
v -0.084954 0.464963 2.898135
v -0.182104 0.773883 2.855965
v -0.191735 0.832317 2.712070
v -0.101710 0.738747 2.833508
v -0.126842 0.747268 2.651964
v -0.608972 0.548760 3.029155
v -0.600981 0.666064 2.994848
v -0.584963 0.618384 2.897466
v -0.584963 0.618384 2.897466
v -0.608552 0.498904 2.918485
v -0.608972 0.548760 3.029155
v -0.172506 0.559406 2.564037
v -0.207484 0.684133 2.497020
v -0.164870 0.410865 2.603051
v -0.256961 0.429722 2.538266
v -0.264009 0.531908 2.485096
v -0.292679 0.620678 2.399483
v -0.292679 0.620678 2.399483
v -0.264009 0.531908 2.485096
v -0.350638 0.515995 2.443925
v -0.368789 0.591388 2.358581
v -0.430185 0.494013 2.417229
v -0.447975 0.574588 2.339694
v -0.338028 0.432809 2.497840
v -0.256961 0.429722 2.538266
v -0.514991 0.495905 2.430205
v -0.530735 0.580115 2.351968
v -0.486913 0.409991 2.493520
v -0.573550 0.398434 2.528980
v -0.606732 0.507596 2.465725
v -0.612744 0.611193 2.395696
v -0.779785 0.427074 2.685879
v -0.836817 0.483009 2.853754
v -0.679559 0.401009 2.595652
v -0.643571 0.539661 2.964124
v -0.608552 0.498904 2.918485
v -0.619297 0.654207 2.936084
v -0.412869 0.435512 2.495690
v -0.401413 0.858248 3.113916
v -0.368673 0.755124 3.165900
v -0.486695 0.882786 3.099309
v -0.559468 0.842636 3.116189
v -0.368649 0.654646 3.224014
v -0.354529 0.530797 3.050294
v -0.424539 0.956649 3.264352
v -0.391546 0.865332 3.329340
v -0.413943 0.778837 3.386475
v -0.439364 0.884475 3.378087
v -0.456123 0.827887 3.426072
v -0.615953 0.770715 3.149192
v -0.634344 0.654477 3.203961
v -0.636652 0.847540 3.325637
v -0.586541 0.936393 3.268953
v -0.588981 0.859016 3.385477
v -0.566301 0.921640 3.339782
v -0.624810 0.758215 3.388345
v -0.566649 0.813453 3.420146
v -0.544997 0.863086 3.489348
v -0.563641 0.888908 3.475262
v -0.560023 0.937874 3.451724
v -0.548150 0.908237 3.557628
v -0.537396 0.894814 3.563907
v -0.527459 0.904766 3.628770
v -0.509847 0.953863 3.310059
v -0.508142 0.980812 3.244963
v -0.518219 0.975985 3.434181
v -0.473619 0.960033 3.441314
v -0.460311 0.937693 3.325041
v -0.452561 0.907298 3.465099
v -0.523768 0.955659 3.540967
v -0.544958 0.937775 3.547660
v -0.470833 0.864450 3.487203
v -0.496849 0.892952 3.566107
v -0.489921 0.915682 3.555537
v -0.502672 0.945484 3.545542
v -0.679888 0.839758 3.012222
v -0.648474 0.722086 3.057636
v -0.683051 0.602406 3.084032
v -0.897602 0.672626 3.155248
v -0.907616 0.754842 3.104836
v -0.889753 0.664739 2.971898
v -0.877948 0.564515 3.007432
v -0.835377 0.789394 2.963820
v -0.692671 0.784117 3.181980
v -0.729808 0.681931 3.221921
v -0.758004 0.858851 2.974564
v -0.777123 0.904970 3.067985
v -0.866463 0.860362 3.070724
v -0.707893 0.892687 3.119282
v -0.736403 0.799747 3.205983
v -0.767523 0.735452 3.237608
v -0.788460 0.786340 3.273069
v -0.766692 0.834072 3.256526
v -0.758249 0.852392 3.141541
v -0.879548 0.782597 3.141282
v -0.849768 0.842057 3.117230
v -0.876351 0.730204 3.186060
v -0.878034 0.784769 3.229526
v -0.887219 0.830957 3.202992
v -0.866291 0.878249 3.197250
v -0.880150 0.818612 3.297733
v -0.895564 0.845823 3.294399
v -0.887850 0.817416 3.401443
v -0.887716 0.876405 3.302963
v -0.798114 0.869228 3.115772
v -0.827542 0.901212 3.204975
v -0.862286 0.886404 3.311455
v -0.835991 0.869410 3.315762
v -0.786837 0.878825 3.225227
v -0.819739 0.844119 3.321260
v -0.826331 0.817654 3.323523
v -0.260213 0.754709 3.028165
v -0.286417 0.654335 3.074729
v -0.276208 0.535319 3.111754
v -0.278784 0.647869 3.215683
v -0.307032 0.736105 3.172032
v -0.278099 0.826018 3.130878
v -0.047369 0.658687 3.020658
v -0.067198 0.534868 3.069342
v -0.181275 0.813962 3.000000
v -0.091372 0.790201 2.993675
v -0.103195 0.864783 3.120390
v -0.200948 0.887722 3.107566
v -0.063405 0.746384 3.158924
v -0.088031 0.640059 3.213753
v -0.249978 0.806526 3.165353
v -0.197977 0.840208 3.161524
v -0.269490 0.854613 3.259794
v -0.225917 0.886627 3.255541
v -0.143130 0.816255 3.172538
v -0.178543 0.868350 3.265470
v -0.228424 0.872897 3.364759
v -0.205079 0.853616 3.361711
v -0.120155 0.761543 3.203920
v -0.254154 0.853578 3.364487
v -0.285686 0.810088 3.277233
v -0.262804 0.823127 3.366958
v -0.249119 0.754458 3.299194
v -0.249179 0.801521 3.373458
v -0.230459 0.813938 3.440207
v -0.265710 0.754594 3.193219
v -0.251918 0.705136 3.229089
v -0.137458 0.700654 3.239182
v -0.164823 0.820815 3.286006
v -0.172365 0.760068 3.302282
v -0.199159 0.823503 3.364858
v -0.209492 0.802703 3.371885
v -0.354529 0.530797 3.050294
v -0.315886 0.463521 2.920239
v -0.320782 0.589343 2.917477
v -0.343867 0.944323 2.434286
v -0.346388 0.834395 2.579219
v -0.295576 0.814898 2.537550
v -0.319996 0.913187 2.386072
v -0.232256 0.882885 2.539901
v -0.677518 0.910295 2.325139
v -0.663665 0.841487 2.252892
v -0.680752 0.754196 2.372983
v -0.699831 0.821226 2.463127
v -0.678389 0.880358 2.533207
v -0.517858 0.838685 2.597455
v -0.596885 0.873309 2.579716
v -0.654699 0.963917 2.387358
v -0.614420 0.787836 2.202817
v -0.616828 0.692356 2.307988
v -0.541831 0.657250 2.271826
v -0.544161 0.751575 2.174629
v -0.530529 0.957557 2.442224
v -0.583420 0.967751 2.426554
v -0.501960 0.907010 2.627462
v -0.509651 1.004711 2.474347
v -0.441794 0.930641 2.620512
v -0.371026 0.904002 2.602601
v -0.369115 1.000115 2.469060
v -0.438256 1.028189 2.481520
v -0.175596 0.829049 2.478618
v -0.223227 0.749943 2.375895
v -0.210774 0.843689 2.257631
v -0.183651 0.930233 2.344033
v -0.257807 0.964689 2.399092
v -0.291165 0.676940 2.282317
v -0.378079 0.642585 2.251754
v -0.291165 0.676940 2.282317
v -0.462650 0.644703 2.257631
v -0.329731 0.700043 2.144527
v -0.273543 0.733187 2.152542
v -0.273543 0.733187 2.152542
v -0.467535 0.729781 2.156141
v -0.597491 2.363437 0.788784
v -0.687508 2.388456 0.760209
v -0.785540 2.423411 0.770429
v -0.875843 2.505931 0.820788
v -0.606745 2.806036 1.704555
v -0.786919 2.853493 1.722061
v -0.755544 2.744254 1.773210
v -0.578666 2.710206 1.735456
v -0.901519 2.844575 1.600135
v -0.904612 2.730973 1.682424
v -0.974678 2.824240 1.486532
v -0.956088 2.696307 1.540094
v -0.724282 2.665443 1.781425
v -0.884347 2.647335 1.726499
v -0.865302 2.572796 1.760216
v -0.709352 2.589599 1.800168
v -0.956623 2.595771 1.593435
v -0.941301 2.507289 1.635433
v -0.290824 2.523470 1.386505
v -0.265442 2.428684 1.243928
v -0.265442 2.428684 1.243928
v -0.303869 2.397151 1.263049
v -0.326027 2.339133 1.132707
v -0.304668 2.361234 1.094118
v -1.026386 2.795245 1.363054
v -1.000233 2.652099 1.419067
v -0.982033 2.546518 1.463497
v -0.952558 2.501303 1.333932
v -0.940462 2.411679 1.386172
v -0.952597 2.452479 1.511098
v -0.945175 2.432760 1.210833
v -0.928262 2.351937 1.265432
v -0.965821 2.589260 0.911260
v -1.008517 2.680794 1.060758
v -0.862197 2.295294 1.178178
v -0.879111 2.378953 1.111423
v -0.844771 2.461908 1.798337
v -0.708693 2.475600 1.838824
v -0.500062 2.315742 0.986836
v -0.505616 2.345806 0.847982
v -0.405250 2.347089 0.943596
v -0.417122 2.324908 1.032996
v -0.492688 2.727359 1.623907
v -0.474353 2.714695 1.610898
v -0.347804 2.618674 1.526759
v -0.461098 2.571240 1.645033
v -0.372039 2.500312 1.543628
v -0.363252 2.551017 1.530199
v -0.462727 2.634071 1.630134
v -0.370234 2.444552 1.574442
v -0.467163 2.501490 1.673908
v -0.468020 2.398484 1.738414
v -0.369249 2.333493 1.632207
v -0.561438 2.640028 1.756376
v -0.564283 2.463892 1.835894
v -0.555339 2.572864 1.788069
v -0.303869 2.397151 1.263049
v -0.339466 2.466184 1.391633
v -0.331036 2.422566 1.418539
v -0.324055 2.358513 1.292267
v -0.571851 2.317099 1.901614
v -0.477295 2.267006 1.816378
v -0.692997 2.319247 1.902930
v -0.375266 2.201285 1.720955
v -0.465203 2.114527 1.875295
v -0.377505 2.054424 1.772646
v -0.557059 2.143984 1.943894
v -0.789713 2.342045 1.054661
v -0.771899 2.259495 1.135320
v -0.909945 2.015512 1.350337
v -0.821653 1.960392 1.263074
v -0.812502 1.819054 1.343122
v -0.885447 1.861743 1.447729
v -0.707000 2.310375 1.034199
v -0.697018 2.224334 1.118656
v -0.735619 2.354656 0.942313
v -0.832506 2.398964 0.969161
v -0.623327 2.204761 1.115676
v -0.617444 2.046576 1.175732
v -0.707717 2.056586 1.174907
v -0.551382 2.199672 1.120319
v -0.535249 2.046759 1.181366
v -0.574206 2.306337 0.956199
v -0.646826 2.322793 0.947138
v -0.480116 2.192184 1.125084
v -0.440683 2.054436 1.163606
v -0.946313 2.086308 1.448710
v -0.907061 1.920857 1.558005
v -0.867597 1.993914 1.649712
v -0.911981 2.158602 1.562454
v -0.829769 1.776993 1.639442
v -0.822068 1.717289 1.550296
v -0.711879 1.554241 1.570021
v -0.755649 1.587775 1.639012
v -0.765497 1.676394 1.457933
v -0.758180 1.640260 1.716098
v -0.787482 1.839144 1.711640
v -0.722746 1.691502 1.775603
v -0.713901 1.930319 1.217954
v -0.708769 1.799536 1.276386
v -0.680581 1.647579 1.388039
v -0.814438 2.051675 1.739757
v -0.859858 2.226955 1.667521
v -0.754355 1.892339 1.797791
v -0.698452 1.734551 1.844196
v -0.684962 1.764192 1.911681
v -0.737906 1.925217 1.882073
v -0.801532 2.091270 1.841899
v -0.858630 2.265545 1.777131
v -0.695935 1.950761 1.941881
v -0.743403 2.121258 1.908140
v -0.786464 2.297071 1.844545
v -0.886968 2.340063 1.587236
v -0.914854 2.409261 1.696094
v -0.659284 2.141718 1.947891
v -0.624262 1.970794 1.977788
v -0.650645 1.788120 1.965542
v -0.594109 1.803396 1.997401
v -0.539431 1.976413 1.979638
v -0.450745 1.958608 1.929549
v -0.522926 1.809590 2.000082
v -0.444115 1.805111 1.972303
v -0.239429 2.143732 1.631909
v -0.199601 2.084060 1.479147
v -0.237517 2.219466 1.384129
v -0.249151 2.285461 1.522826
v -0.239910 2.005585 1.700698
v -0.211673 1.945893 1.579214
v -0.381673 1.905757 1.822639
v -0.263065 1.856690 1.749995
v -0.360048 1.768388 1.893732
v -0.246780 1.809540 1.652265
v -0.291133 1.711426 1.797826
v -0.269164 1.665116 1.717729
v -0.266950 1.764295 1.559020
v -0.246260 1.896028 1.462578
v -0.211673 1.945893 1.579214
v -0.246780 1.809540 1.652265
v -0.199601 2.084060 1.479147
v -0.241329 2.037247 1.347725
v -0.275481 2.156631 1.265102
v -0.237517 2.219466 1.384129
v -0.310906 1.964933 1.282394
v -0.332147 2.095892 1.182076
v -0.296327 2.319811 1.323290
v -0.301355 2.386040 1.452745
v -0.505503 1.661154 2.041384
v -0.434997 1.659257 2.023472
v -0.332319 1.622351 1.971886
v -0.479839 1.497615 2.071936
v -0.419405 1.498840 2.075225
v -0.525812 1.491570 2.052058
v -0.560873 1.652358 2.027222
v -0.339382 1.491611 2.064951
v -0.438202 1.322153 2.129682
v -0.387161 1.321389 2.136102
v -0.324705 1.313195 2.121130
v -0.481457 1.322141 2.119005
v -0.604262 1.636876 1.996622
v -0.290751 1.572835 1.866110
v -0.288456 1.524936 1.790016
v -0.232482 1.429796 1.936515
v -0.262257 1.382846 1.868967
v -0.264143 1.470243 2.021111
v -0.194020 1.262473 2.000840
v -0.206928 1.228111 1.922389
v -0.283436 1.341821 1.800992
v -0.262257 1.382846 1.868967
v -0.206928 1.228111 1.922389
v -0.234860 1.190485 1.854247
v -0.247386 1.296934 2.075660
v -0.200028 1.173832 2.026641
v -0.237226 1.217391 2.106428
v -0.217405 1.142347 2.141303
v -0.199313 1.085331 2.050660
v -0.310547 1.245611 2.159165
v -0.294415 1.184784 2.204027
v -0.288456 1.524936 1.790016
v -0.287606 1.486372 1.720788
v -0.280319 1.628205 1.644683
v -0.269164 1.665116 1.717729
v -0.323524 1.451501 1.660500
v -0.325926 1.596532 1.578207
v -0.278076 1.152298 1.787721
v -0.303505 1.305963 1.735133
v -0.324315 1.729922 1.480505
v -0.379467 1.424621 1.613836
v -0.397538 1.572575 1.532828
v -0.406379 1.703952 1.423348
v -0.355292 1.272611 1.682221
v -0.302440 1.848364 1.355624
v -0.398552 1.822798 1.288935
v -0.410848 2.218157 1.153602
v -0.412503 1.930544 1.227815
v -0.518249 1.925159 1.223667
v -0.501859 1.813882 1.261680
v -0.597405 1.804519 1.258092
v -0.606894 1.925249 1.213861
v -0.452430 1.406017 1.589627
v -0.474169 1.550181 1.503179
v -0.530355 1.399982 1.591392
v -0.558344 1.534443 1.495414
v -0.606672 1.406516 1.617279
v -0.642347 1.532769 1.514595
v -0.582781 1.653725 1.367774
v -0.490728 1.676172 1.382952
v -0.597586 1.263345 1.698626
v -0.523468 1.244980 1.659088
v -0.610752 1.129573 1.797826
v -0.549975 1.083228 1.722111
v -0.435015 1.247306 1.648610
v -0.440448 1.074574 1.685929
v -0.647535 1.292313 1.752517
v -0.671398 1.424915 1.662187
v -0.667091 1.333969 1.816666
v -0.699557 1.462179 1.726888
v -0.621645 1.178766 1.871304
v -0.633391 1.220149 1.932626
v -0.340727 1.109737 1.724307
v -0.564255 1.483256 2.034367
v -0.554315 1.322598 2.107733
v -0.518136 1.323273 2.114579
v -0.596031 1.468975 2.014039
v -0.622739 1.449743 1.990123
v -0.595208 1.309811 2.089828
v -0.645990 1.418641 1.940208
v -0.619890 1.287623 2.046839
v -0.664775 1.589069 1.914773
v -0.687588 1.551862 1.858141
v -0.701163 1.507710 1.793860
v -0.654699 1.380018 1.878379
v -0.640520 1.258685 1.997524
v -0.635170 1.616263 1.959137
v -0.564306 1.246008 2.133809
v -0.533843 1.262826 2.157671
v -0.598136 1.227133 2.099887
v -0.578928 1.163824 2.149551
v -0.551439 1.185045 2.184518
v -0.497373 1.265500 2.166945
v -0.523671 1.210993 2.215883
v -0.479528 1.217721 2.227128
v -0.457979 1.260767 2.168958
v -0.434710 1.208708 2.226301
v -0.415458 1.253284 2.170022
v -0.369579 1.247649 2.168716
v -0.393592 1.193098 2.218286
v -0.356517 1.176196 2.199788
v -0.350245 1.019582 1.771284
v -0.278764 1.069513 1.820235
v -0.280915 0.982563 1.843886
v -0.376155 0.940565 1.832101
v -0.231786 1.106474 1.886334
v -0.198244 1.140083 1.948957
v -0.198244 1.140083 1.948957
v -0.451472 0.980946 1.749487
v -0.568564 1.006324 1.789569
v -0.619227 1.066296 1.865224
v -0.620556 1.203959 2.054035
v -0.638964 1.166029 1.994112
v -0.634623 1.109603 2.053885
v -0.621560 1.149489 2.113514
v -0.629076 1.000121 1.928713
v -0.636017 1.060837 1.993088
v -0.625358 1.120890 1.933751
v -0.451476 1.108641 2.343605
v -0.384433 1.084324 2.334826
v -0.353521 1.057388 2.312592
v -0.335569 1.037744 2.285640
v -0.277215 1.062569 2.286886
v -0.195517 1.034127 2.235128
v -0.634611 1.060718 2.244243
v -0.576875 1.051051 2.270952
v -0.663457 1.014581 2.182618
v -0.542260 1.077032 2.303946
v -0.513668 1.105997 2.336052
v -0.316977 0.812692 1.984040
v -0.254607 0.798887 1.954290
v -0.290967 0.675223 2.076144
v -0.392404 0.828620 2.002927
v -0.234575 0.885215 2.061491
v -0.273543 0.733187 2.152542
v -0.176955 0.710328 2.103024
v -0.194361 0.838283 2.007754
v -0.648396 0.949469 2.124998
v -0.609524 0.897021 2.078497
v -0.575676 0.938173 1.865094
v -0.548255 0.854786 2.046067
v -0.205642 0.952741 2.144683
v -0.234575 0.885215 2.061491
v -0.203574 1.050837 1.972998
v -0.232416 1.019310 1.913144
v -0.203574 1.050837 1.972998
v -0.229308 0.664660 2.052264
v -0.475145 0.833682 2.033717
v -0.465838 0.908840 1.834585
v -0.807226 2.091304 1.191440
v -0.889843 2.147550 1.256807
v -0.939472 2.206794 1.359614
v -0.925776 2.275655 1.482600
v -0.979798 2.594760 1.290681
v -1.034813 2.746622 1.220333
v -0.972404 2.511180 1.165820
v -0.916627 2.450603 1.049224
v -0.631333 2.287819 1.033903
v -0.558907 2.274761 1.047058
v -0.354024 2.313881 1.176708
v -0.346866 2.266062 1.215546
v -0.416998 2.275311 1.102447
v -0.324055 2.358513 1.292267
v -0.296327 2.319811 1.323290
v -0.490863 2.269481 1.068580
v -0.195670 0.448234 2.937362
v -0.297551 0.495432 2.981517
v -0.315886 0.463521 2.920239
v -0.223482 0.395315 2.810472
v -0.084954 0.464963 2.898135
v -0.106236 0.416836 2.733409
v -0.354529 0.530797 3.050294
v -0.473716 0.506552 3.042213
v -0.444323 0.408656 2.796898
v -0.608552 0.498904 2.918485
v -0.608972 0.548760 3.029155
v -0.273425 0.385766 2.689533
v -0.164870 0.410865 2.603051
v -0.836817 0.483009 2.853754
v -0.779785 0.427074 2.685879
v -0.685551 0.398408 2.805840
v -0.739287 0.474205 2.934922
v -0.643571 0.539661 2.964124
v -0.407723 0.363988 2.631223
v -0.578685 0.386011 2.683146
v -0.501388 0.378200 2.601993
v -0.462893 0.393126 2.560213
v -0.404506 0.398817 2.552166
v -0.486913 0.409991 2.493520
v -0.412869 0.435512 2.495690
v -0.573550 0.398434 2.528980
v -0.679559 0.401009 2.595652
v -0.310176 0.392260 2.599108
v -0.256961 0.429722 2.538266
v -0.346841 0.405900 2.552014
v -0.338028 0.432809 2.497840
v -0.413943 0.778837 3.386475
v -0.517638 0.729773 3.419467
v -0.494786 0.624295 3.236118
v -0.368649 0.654646 3.224014
v -0.517377 0.800260 3.448263
v -0.566649 0.813453 3.420146
v -0.624810 0.758215 3.388345
v -0.634344 0.654477 3.203961
v -0.456123 0.827887 3.426072
v -0.512999 0.852692 3.499068
v -0.544997 0.863086 3.489348
v -0.470833 0.864450 3.487203
v -0.527459 0.904766 3.628770
v -0.520957 0.889378 3.569675
v -0.496849 0.892952 3.566107
v -0.537396 0.894814 3.563907
v -0.783052 0.554432 3.059311
v -0.683051 0.602406 3.084032
v -0.877948 0.564515 3.007432
v -0.818886 0.649518 3.199251
v -0.897602 0.672626 3.155248
v -0.767523 0.735452 3.237608
v -0.788460 0.786340 3.273069
v -0.838204 0.765880 3.259833
v -0.828531 0.710073 3.226027
v -0.878034 0.784769 3.229526
v -0.876351 0.730204 3.186060
v -0.880150 0.818612 3.297733
v -0.856818 0.803381 3.311942
v -0.887850 0.817416 3.401443
v -0.826331 0.817654 3.323523
v -0.729808 0.681931 3.221921
v -0.276208 0.535319 3.111754
v -0.183834 0.513094 3.092086
v -0.187758 0.604589 3.226601
v -0.278784 0.647869 3.215683
v -0.249179 0.801521 3.373458
v -0.249119 0.754458 3.299194
v -0.210321 0.744745 3.307371
v -0.228965 0.793976 3.376621
v -0.230459 0.813938 3.440207
v -0.251918 0.705136 3.229089
v -0.196944 0.678233 3.248019
v -0.088031 0.640059 3.213753
v -0.137458 0.700654 3.239182
v -0.209492 0.802703 3.371885
v -0.172365 0.760068 3.302282
v -0.067198 0.534868 3.069342
v -0.171638 0.616589 2.164781
v -0.198683 0.589345 2.139073
v -0.237608 0.591178 2.152447
v -0.240623 0.608534 2.185455
v -0.206188 0.628257 2.197074
v -0.206188 0.628257 2.197074
v -0.182053 0.525494 2.228214
v 0.111894 3.078749 4.967618
v 0.104761 3.048226 4.929594
v 0.085521 3.047424 4.931298
v 0.084216 3.073419 4.974338
v 0.075185 3.032859 4.937330
v 0.073611 3.053353 4.985217
v 0.079992 3.032465 4.993447
v 0.080036 3.016073 4.942661
v 0.097015 3.011151 4.943673
v 0.100479 3.021630 4.996229
v 0.118095 3.031324 4.990095
v 0.108453 3.018227 4.941255
v 0.112246 3.027611 4.938018
v 0.124195 3.045181 4.983943
v 0.112670 3.037291 4.934078
v 0.126670 3.060932 4.975862
v 0.104761 3.048226 4.929594
v 0.111894 3.078749 4.967618
v 0.086511 3.013113 4.872620
v 0.088275 3.128201 4.930727
v 0.106334 3.129719 4.929661
v 0.095005 3.095871 4.872183
v 0.079240 3.113920 4.936296
v 0.083964 3.098096 4.941639
v 0.100648 3.092016 4.943329
v 0.112459 3.100121 4.940870
v 0.115480 3.110142 4.937603
v 0.114677 3.119942 4.933811
v 0.106334 3.129719 4.929661
v 0.076409 3.156920 4.856235
v 0.095925 3.159086 4.852628
v 0.085552 3.113538 4.801602
v 0.067199 3.143993 4.864462
v 0.071447 3.129339 4.872032
v 0.087426 3.124015 4.874014
v 0.099531 3.129858 4.870513
v 0.104356 3.138484 4.865456
v 0.105564 3.148049 4.859153
v 0.095925 3.159086 4.852628
v 0.298221 2.808419 5.521887
v 0.322263 2.810908 5.509915
v 0.322450 2.758655 5.503847
v 0.300919 2.754912 5.513016
v 0.290583 2.803595 5.544049
v 0.291915 2.747112 5.532121
v 0.293567 2.797875 5.568836
v 0.296598 2.738409 5.552932
v 0.318015 2.733810 5.565378
v 0.317375 2.793962 5.588011
v 0.338248 2.739276 5.554011
v 0.342953 2.798095 5.572509
v 0.343903 2.747427 5.535632
v 0.352376 2.803700 5.548421
v 0.341058 2.754907 5.515924
v 0.346251 2.808812 5.522445
v 0.322450 2.758655 5.503847
v 0.322263 2.810908 5.509915
v 0.322890 2.706675 5.495051
v 0.310314 2.703874 5.500391
v 0.302796 2.697816 5.511292
v 0.305356 2.690279 5.525150
v 0.319758 2.686099 5.533272
v 0.335183 2.689982 5.527252
v 0.339770 2.697546 5.513825
v 0.335178 2.704006 5.500875
v 0.322890 2.706675 5.495051
v 0.328857 2.638907 5.478434
v 0.257898 2.786703 5.462462
v 0.258354 2.734679 5.454232
v 0.246313 2.731827 5.460021
v 0.236988 2.782887 5.472689
v 0.228868 2.775330 5.491413
v 0.239152 2.725979 5.470539
v 0.232792 2.766805 5.511507
v 0.241100 2.718441 5.483997
v 0.255099 2.713309 5.493143
v 0.253403 2.761610 5.525052
v 0.274937 2.766799 5.514042
v 0.272047 2.717026 5.487250
v 0.276947 2.725305 5.472645
v 0.281145 2.775205 5.494630
v 0.271434 2.732166 5.459077
v 0.277775 2.782979 5.473798
v 0.258354 2.734679 5.454232
v 0.257898 2.786703 5.462462
v 0.262703 2.665260 5.436817
v 0.134586 2.799978 5.295341
v 0.153373 2.806076 5.284539
v 0.156863 2.767083 5.267657
v 0.139002 2.759742 5.279832
v 0.129174 2.792530 5.312454
v 0.134997 2.751106 5.295648
v 0.130461 2.784065 5.333267
v 0.137731 2.742040 5.312648
v 0.152511 2.780308 5.347342
v 0.156766 2.736979 5.325687
v 0.178749 2.743805 5.316770
v 0.175347 2.787392 5.335444
v 0.187710 2.754792 5.297380
v 0.183031 2.795826 5.313581
v 0.181717 2.765533 5.274702
v 0.176761 2.805275 5.292225
v 0.176761 2.805275 5.292225
v 0.181717 2.765533 5.274702
v 0.161129 2.722020 5.247691
v 0.144587 2.713972 5.257525
v 0.141321 2.703628 5.270874
v 0.146567 2.694299 5.283000
v 0.161884 2.688976 5.291619
v 0.179691 2.694968 5.286395
v 0.185387 2.706731 5.272330
v 0.181874 2.718555 5.255172
v 0.181874 2.718555 5.255172
v 0.165400 2.678655 5.224456
v 0.153817 2.672722 5.230590
v 0.149879 2.664601 5.239344
v 0.154316 2.656896 5.248217
v 0.166223 2.652749 5.253557
v 0.179219 2.657475 5.249987
v 0.183338 2.666940 5.240394
v 0.179478 2.675804 5.229399
v 0.179478 2.675804 5.229399
v 0.171296 2.620810 5.189814
v 0.183659 2.786138 5.378780
v 0.207265 2.788805 5.364763
v 0.207697 2.736642 5.358769
v 0.186143 2.732646 5.369736
v 0.177313 2.781329 5.400880
v 0.178642 2.724982 5.389091
v 0.180745 2.775867 5.424410
v 0.183059 2.716579 5.408941
v 0.203259 2.711504 5.422120
v 0.202816 2.772109 5.442979
v 0.224537 2.716541 5.411595
v 0.228912 2.775609 5.429883
v 0.230954 2.724937 5.392352
v 0.239664 2.781150 5.405347
v 0.228358 2.732783 5.370866
v 0.233776 2.786524 5.377187
v 0.233776 2.786524 5.377187
v 0.228358 2.732783 5.370866
v 0.208128 2.684607 5.350814
v 0.195488 2.681602 5.357055
v 0.188345 2.675595 5.368127
v 0.190799 2.668156 5.381804
v 0.204918 2.663260 5.390653
v 0.221875 2.666667 5.385011
v 0.227033 2.674920 5.370345
v 0.221852 2.681948 5.356211
v 0.221852 2.681948 5.356211
v 0.216015 2.612001 5.333291
v 0.111323 2.854750 5.202154
v 0.127460 2.861308 5.192752
v 0.131317 2.817782 5.169045
v 0.115806 2.810204 5.177103
v 0.105442 2.845997 5.216012
v 0.111945 2.799721 5.189150
v 0.106377 2.835620 5.233106
v 0.115262 2.789090 5.201325
v 0.131525 2.782432 5.210892
v 0.126271 2.827972 5.249285
v 0.150897 2.789461 5.205150
v 0.150739 2.837045 5.238337
v 0.156059 2.802589 5.190697
v 0.158087 2.849587 5.217956
v 0.150581 2.814742 5.174901
v 0.148970 2.860162 5.197441
v 0.148970 2.860162 5.197441
v 0.150581 2.814742 5.174901
v 0.135284 2.776439 5.142041
v 0.124237 2.770382 5.147842
v 0.120235 2.762171 5.155887
v 0.124538 2.754320 5.164180
v 0.136050 2.749722 5.169406
v 0.149572 2.754075 5.166371
v 0.153645 2.764289 5.156927
v 0.149319 2.773683 5.146344
v 0.149319 2.773683 5.146344
v 0.141237 2.722071 5.104331
v 0.091483 2.920704 5.102354
v 0.112686 2.931430 5.091568
v 0.116855 2.896398 5.067663
v 0.094010 2.886735 5.075638
v 0.088473 2.907661 5.118750
v 0.087658 2.871769 5.090689
v 0.089754 2.893307 5.137178
v 0.090108 2.854578 5.108477
v 0.112384 2.879209 5.157431
v 0.116326 2.841841 5.125219
v 0.141754 2.858346 5.111881
v 0.144571 2.893857 5.145451
v 0.148385 2.875479 5.094464
v 0.146856 2.912449 5.123675
v 0.139859 2.890746 5.076662
v 0.141636 2.928404 5.099841
v 0.112686 2.931430 5.091568
v 0.116855 2.896398 5.067663
v 0.121073 2.858345 5.036489
v 0.097712 2.849491 5.040930
v 0.089015 2.831792 5.053717
v 0.096583 2.814000 5.067606
v 0.121442 2.806110 5.076150
v 0.138420 2.821881 5.066986
v 0.141087 2.836274 5.057331
v 0.137905 2.849580 5.046702
v 0.121073 2.858345 5.036489
v 0.125567 2.821299 5.004140
v 0.108182 2.816809 5.004318
v 0.099630 2.802425 5.012128
v 0.106590 2.787370 5.021969
v 0.126200 2.786199 5.025683
v 0.136002 2.797298 5.021639
v 0.136905 2.806819 5.016424
v 0.134935 2.814935 5.010615
v 0.125567 2.821299 5.004140
v 0.123878 2.773349 4.951455
v 0.135444 2.952294 5.053530
v 0.148294 2.986565 5.097730
v 0.122902 2.937709 5.063860
v 0.138935 2.964834 5.045075
v 0.154272 3.001835 5.081736
v 0.136356 2.977889 5.035853
v 0.145426 3.017181 5.067067
v 0.119751 2.989023 5.027574
v 0.119751 2.989023 5.027574
v 0.116730 2.953737 4.993177
v 0.097156 2.950910 4.995823
v 0.094818 2.982381 5.034925
v 0.088501 2.934931 5.005726
v 0.085365 2.963234 5.049931
v 0.098632 2.919068 5.014009
v 0.095492 2.942178 5.063161
v 0.117589 2.919831 5.013528
v 0.125478 2.928975 5.009061
v 0.126873 2.937369 5.004387
v 0.124256 2.947421 4.996687
v 0.116730 2.953737 4.993177
v 0.105291 2.910929 4.938375
v 0.237713 2.821848 5.378502
v 0.237713 2.821848 5.378502
v 0.240531 2.839649 5.058269
v 0.225498 2.819374 5.071858
v 0.209446 2.871055 5.112460
v 0.226964 2.885790 5.101215
v 0.228358 2.806481 5.086229
v 0.207553 2.859672 5.128308
v 0.235294 2.797101 5.098937
v 0.213668 2.851671 5.144516
v 0.251909 2.789285 5.113088
v 0.232714 2.849373 5.157845
v 0.281041 2.800915 5.112534
v 0.254226 2.860488 5.150789
v 0.287586 2.822433 5.091570
v 0.257310 2.872744 5.132359
v 0.276637 2.842678 5.066933
v 0.251677 2.884582 5.113154
v 0.240531 2.839649 5.058269
v 0.226964 2.885790 5.101215
v 0.202201 2.911270 5.141761
v 0.216027 2.921965 5.132348
v 0.199476 2.903270 5.154426
v 0.205964 2.898591 5.166808
v 0.219672 2.899040 5.174145
v 0.233400 2.905332 5.169539
v 0.238143 2.913201 5.157246
v 0.234129 2.920798 5.142770
v 0.216027 2.921965 5.132348
v 0.200009 2.982111 5.174113
v 0.239042 2.860940 4.978509
v 0.223070 2.841423 4.988210
v 0.204077 2.883714 5.023927
v 0.224616 2.900787 5.014558
v 0.224396 2.827564 5.002522
v 0.202961 2.870642 5.041721
v 0.230671 2.817171 5.017160
v 0.212317 2.864094 5.058411
v 0.250482 2.811157 5.034289
v 0.231462 2.865153 5.068975
v 0.278516 2.827202 5.031151
v 0.248543 2.876166 5.062675
v 0.277828 2.852194 5.013174
v 0.251517 2.887199 5.047384
v 0.268952 2.863234 4.989022
v 0.246534 2.897546 5.030323
v 0.239042 2.860940 4.978509
v 0.224616 2.900787 5.014558
v 0.192907 2.926827 5.052039
v 0.209490 2.938076 5.045711
v 0.191064 2.917508 5.066723
v 0.200002 2.913763 5.079243
v 0.213631 2.915814 5.083949
v 0.223511 2.921718 5.078569
v 0.226655 2.928483 5.069278
v 0.223322 2.934765 5.058125
v 0.209490 2.938076 5.045711
v 0.183602 2.989247 5.081086
v 0.261716 2.768355 5.117913
v 0.247395 2.750211 5.130078
v 0.236115 2.786913 5.164284
v 0.251808 2.801200 5.152824
v 0.248640 2.737771 5.143431
v 0.233992 2.776390 5.179124
v 0.254218 2.727925 5.156703
v 0.240337 2.769317 5.194085
v 0.271802 2.720560 5.171638
v 0.257443 2.767120 5.206255
v 0.300191 2.732356 5.169077
v 0.277246 2.776916 5.200247
v 0.306832 2.753204 5.148701
v 0.281220 2.788770 5.183023
v 0.295033 2.773321 5.124946
v 0.276506 2.801167 5.163731
v 0.261716 2.768355 5.117913
v 0.251808 2.801200 5.152824
v 0.229542 2.826822 5.194107
v 0.241413 2.835821 5.186116
v 0.226366 2.819753 5.205186
v 0.231627 2.815302 5.216812
v 0.243993 2.815075 5.225854
v 0.258915 2.821699 5.221652
v 0.262700 2.829470 5.208148
v 0.258049 2.836432 5.193928
v 0.241413 2.835821 5.186116
v 0.225601 2.893130 5.233703
v 0.269353 2.752988 5.217049
v 0.279578 2.712546 5.190472
v 0.267713 2.700512 5.204343
v 0.256606 2.743588 5.229949
v 0.268011 2.692470 5.218261
v 0.253987 2.737603 5.244586
v 0.271666 2.685637 5.232297
v 0.258153 2.733859 5.259512
v 0.287387 2.680959 5.247946
v 0.273917 2.734137 5.270568
v 0.316379 2.690605 5.244753
v 0.292768 2.741377 5.263728
v 0.324651 2.707753 5.219522
v 0.296734 2.748918 5.244864
v 0.310080 2.721076 5.191516
v 0.292105 2.756750 5.223669
v 0.279578 2.712546 5.190472
v 0.269353 2.752988 5.217049
v 0.249056 2.789132 5.249459
v 0.258503 2.795538 5.239609
v 0.246811 2.785255 5.260256
v 0.250662 2.783504 5.270953
v 0.261346 2.784879 5.278426
v 0.275333 2.789932 5.274991
v 0.280357 2.795039 5.260742
v 0.275296 2.798895 5.244661
v 0.258503 2.795538 5.239609
v 0.246909 2.861563 5.269753
v 0.294146 2.737463 5.292251
v 0.302874 2.697357 5.265488
v 0.290314 2.683064 5.282976
v 0.279994 2.727335 5.306923
v 0.291829 2.675031 5.298488
v 0.278498 2.721664 5.322977
v 0.297187 2.669164 5.313199
v 0.283787 2.718681 5.338459
v 0.313852 2.665986 5.328253
v 0.299950 2.719706 5.349068
v 0.338814 2.675435 5.321187
v 0.316863 2.726400 5.340493
v 0.345792 2.689047 5.298746
v 0.320473 2.732456 5.322896
v 0.336792 2.703919 5.270710
v 0.317091 2.739305 5.302605
v 0.302874 2.697357 5.265488
v 0.294146 2.737463 5.292251
v 0.272733 2.773670 5.324913
v 0.284182 2.779685 5.315625
v 0.269606 2.769876 5.337061
v 0.274163 2.768476 5.349515
v 0.286842 2.770522 5.356799
v 0.299982 2.775062 5.350546
v 0.303047 2.778591 5.336877
v 0.299041 2.781489 5.322842
v 0.284182 2.779685 5.315625
v 0.267690 2.848994 5.346496
v 0.327256 2.731821 5.352525
v 0.336147 2.695414 5.323547
v 0.318471 2.686821 5.331920
v 0.314116 2.729230 5.355494
v 0.314116 2.729230 5.355494
v 0.318471 2.686821 5.331920
v 0.315902 2.677253 5.347965
v 0.304149 2.723170 5.368573
v 0.328211 2.674447 5.361094
v 0.313253 2.721425 5.382897
v 0.343996 2.676730 5.364573
v 0.328144 2.724306 5.385474
v 0.356317 2.679703 5.359414
v 0.339052 2.727897 5.380498
v 0.363427 2.686456 5.345491
v 0.341844 2.731451 5.369015
v 0.356886 2.696817 5.327752
v 0.337163 2.733205 5.356142
v 0.314934 2.773870 5.369352
v 0.308344 2.772849 5.369574
v 0.299340 2.769804 5.376831
v 0.308344 2.772849 5.369574
v 0.302555 2.768304 5.388917
v 0.314825 2.770183 5.392805
v 0.324793 2.773307 5.387368
v 0.325361 2.775325 5.378176
v 0.318638 2.774766 5.370570
v 0.296299 2.832288 5.379894
v 0.348046 2.707941 5.379054
v 0.350369 2.673676 5.345825
v 0.331925 2.666552 5.354174
v 0.332835 2.706045 5.383265
v 0.332835 2.706045 5.383265
v 0.331925 2.666552 5.354174
v 0.330002 2.655831 5.368711
v 0.326014 2.698415 5.398180
v 0.341111 2.650549 5.379008
v 0.337598 2.695521 5.407502
v 0.355165 2.649650 5.381899
v 0.348716 2.695548 5.408713
v 0.362365 2.653713 5.372272
v 0.356669 2.696094 5.406278
v 0.370317 2.657649 5.360501
v 0.363408 2.699606 5.398659
v 0.370317 2.657649 5.360501
v 0.362116 2.662082 5.356365
v 0.360333 2.706137 5.383927
v 0.370317 2.657649 5.360501
v 0.337767 2.750874 5.401047
v 0.344997 2.750857 5.400591
v 0.328797 2.748012 5.408913
v 0.337767 2.750874 5.401047
v 0.333601 2.744086 5.418860
v 0.344275 2.743326 5.420860
v 0.352429 2.745054 5.417242
v 0.354806 2.748417 5.410295
v 0.349279 2.750779 5.402141
v 0.340377 2.800827 5.412772
v 0.229568 2.898194 4.943575
v 0.207776 2.880966 4.952415
v 0.198097 2.923875 4.981492
v 0.214616 2.935071 4.975214
v 0.206751 2.867205 4.971154
v 0.195923 2.914519 4.996187
v 0.217044 2.860763 4.988177
v 0.204810 2.910691 5.009036
v 0.236513 2.862300 4.997875
v 0.218788 2.912795 5.014173
v 0.252571 2.873108 4.991004
v 0.229027 2.918911 5.008448
v 0.255452 2.883720 4.976491
v 0.232107 2.925720 4.998806
v 0.250975 2.894055 4.959965
v 0.228571 2.931931 4.987503
v 0.229568 2.898194 4.943575
v 0.214616 2.935071 4.975214
v 0.187738 2.986823 5.011611
v 0.215521 2.963085 4.895434
v 0.191896 2.945784 4.897161
v 0.183397 2.982507 4.934160
v 0.197217 2.989687 4.933671
v 0.215521 2.963085 4.895434
v 0.191038 2.929908 4.912218
v 0.180057 2.971766 4.945265
v 0.201655 2.921900 4.926345
v 0.187779 2.965578 4.957133
v 0.219143 2.922442 4.934021
v 0.201476 2.966845 4.961938
v 0.231896 2.932020 4.929708
v 0.211227 2.973542 4.957706
v 0.234594 2.943178 4.919445
v 0.212290 2.980852 4.949084
v 0.230655 2.954827 4.906721
v 0.208084 2.987330 4.940667
v 0.215521 2.963085 4.895434
v 0.215521 2.963085 4.895434
v 0.197217 2.989687 4.933671
v 0.174453 3.039310 4.976924
v 0.200217 2.993841 4.862271
v 0.176847 2.978323 4.864954
v 0.171985 3.014128 4.904058
v 0.184932 3.022762 4.901902
v 0.177805 2.961607 4.881328
v 0.169713 3.004246 4.914261
v 0.190801 2.955767 4.894329
v 0.177763 2.999330 4.923669
v 0.206449 2.957391 4.899655
v 0.188834 2.999911 4.928205
v 0.215521 2.963085 4.895434
v 0.215521 2.963085 4.895434
v 0.198905 3.005663 4.926868
v 0.215521 2.963085 4.895434
v 0.223046 2.975627 4.888928
v 0.202019 3.013906 4.918809
v 0.218979 2.987612 4.875873
v 0.197430 3.020921 4.909375
v 0.200217 2.993841 4.862271
v 0.184932 3.022762 4.901902
v 0.163146 3.068646 4.944516
v 0.159563 3.079731 4.817778
v 0.139548 3.066055 4.826017
v 0.137504 3.108511 4.857794
v 0.149235 3.114863 4.854129
v 0.139936 3.054155 4.842397
v 0.136044 3.101476 4.868043
v 0.152108 3.050849 4.852915
v 0.143518 3.098154 4.875916
v 0.165420 3.051762 4.856346
v 0.153170 3.098546 4.878629
v 0.175741 3.055888 4.854178
v 0.161291 3.102287 4.876284
v 0.181827 3.064347 4.845348
v 0.164948 3.108239 4.869195
v 0.176667 3.073098 4.831700
v 0.161262 3.113966 4.859882
v 0.159563 3.079731 4.817778
v 0.149235 3.114863 4.854129
v 0.138330 3.157984 4.887363
v 0.121302 3.173676 4.832859
v 0.132901 3.129881 4.799722
v 0.119597 3.129247 4.805621
v 0.117629 3.123180 4.819561
v 0.128525 3.117218 4.824706
v 0.143337 3.115660 4.821355
v 0.149830 3.120984 4.810043
v 0.144266 3.126153 4.802151
v 0.132901 3.129881 4.799722
v 0.089724 3.206858 4.813979
v 0.101474 3.164509 4.782431
v 0.088924 3.158776 4.784591
v 0.085412 3.151018 4.795931
v 0.094646 3.148167 4.804261
v 0.111291 3.154000 4.802073
v 0.112144 3.163851 4.787974
v 0.101474 3.164509 4.782431
v 0.176331 3.048925 4.843494
v 0.155594 3.036605 4.847405
v 0.153782 3.073036 4.885986
v 0.165832 3.079772 4.883657
v 0.152917 3.020825 4.862319
v 0.151105 3.063990 4.895424
v 0.166561 3.014239 4.874180
v 0.159378 3.059003 4.903329
v 0.182462 3.015194 4.877795
v 0.169861 3.059075 4.906059
v 0.193190 3.021319 4.874457
v 0.178478 3.063512 4.903985
v 0.197718 3.031316 4.866216
v 0.182235 3.070917 4.897520
v 0.192237 3.041496 4.854733
v 0.178079 3.078135 4.889039
v 0.176331 3.048925 4.843494
v 0.165832 3.079772 4.883657
v 0.150887 3.120993 4.921283
v -0.342532 3.389003 2.404904
v -0.332932 3.348853 2.453568
v 0.390125 4.500951 1.157324
v 0.240820 4.601511 1.142556
v 0.293213 4.641563 1.490735
v 0.429295 4.515805 1.497781
v 0.670989 4.329372 1.469866
v 0.639722 4.326731 1.171485
v 0.496674 4.416685 1.174157
v 0.533642 4.411448 1.489940
v 0.767242 4.197836 1.474293
v 0.752258 4.139375 1.192466
v 0.812533 3.967214 1.214744
v 0.826539 4.057765 1.489935
v 0.881816 3.906034 1.508962
v 0.952085 3.720317 1.536140
v 0.933613 3.563977 1.264814
v 0.892544 3.780572 1.232012
v 0.942558 3.496462 1.576510
v 0.919661 3.365621 1.318840
v 0.891192 3.324132 1.598192
v 0.882464 3.210087 1.363219
v 0.828224 3.159877 1.609062
v 0.812562 3.055797 1.372801
v 0.701551 2.973002 1.587471
v 0.715753 2.944271 1.403679
v -0.041305 2.523788 1.489787
v -0.024973 2.394910 1.308528
v 0.171588 2.496796 1.306318
v 0.124772 2.582888 1.479836
v 0.322126 2.575367 1.297428
v 0.281597 2.666860 1.478573
v 0.511803 2.718910 1.338228
v 0.485345 2.789583 1.519346
v 1.138029 3.470126 -3.773084
v 1.075355 3.492240 -3.808598
v 0.930281 3.483784 -3.499741
v 0.999077 3.453919 -3.468025
v 0.784934 3.485699 -3.161191
v 0.855696 3.451189 -3.132547
v 0.654078 3.489373 -2.813389
v 0.735059 3.461187 -2.782621
v 1.062419 3.389429 -3.439932
v 0.929426 3.395640 -3.104717
v 0.535778 3.520511 -2.452909
v 0.608843 3.483787 -2.424324
v 0.697482 3.425452 -2.391354
v 0.805819 3.404286 -2.753799
v 0.813750 3.373791 -2.356432
v 0.894569 3.343381 -2.714725
v 1.006298 3.079618 -2.679603
v 0.948754 3.220621 -2.702571
v 0.908869 3.263030 -2.322243
v 0.927112 3.096356 -2.309684
v 1.059759 3.211364 -3.054322
v 1.008133 3.331172 -3.076870
v 1.105904 3.077684 -3.040688
v 0.993135 2.911288 -2.677968
v 0.897891 2.911049 -2.317631
v 1.221721 3.090800 -3.377067
v 1.197424 3.224257 -3.379313
v 1.188247 2.958546 -3.399595
v 1.083350 2.927901 -3.046689
v 1.146035 3.334092 -3.399820
v 1.259299 3.332249 -3.706684
v 1.200474 3.405375 -3.734739
v 1.390454 3.366189 -3.965945
v 1.332549 3.437985 -3.992145
v 1.419591 3.269078 -3.962443
v 1.299442 3.228204 -3.694673
v 1.496655 3.396133 -4.180212
v 1.446862 3.458008 -4.202253
v 1.274683 3.498100 -4.025517
v 1.397315 3.517520 -4.230334
v 1.214309 3.530989 -4.060388
v 1.339905 3.548985 -4.265444
v 1.321042 3.114520 -3.696334
v 1.518019 3.551675 -4.404615
v 1.461954 3.592874 -4.440435
v 1.636226 3.592207 -4.578192
v 1.583511 3.625331 -4.609539
v 1.680372 3.540015 -4.557282
v 1.569412 3.495496 -4.379885
v 1.737783 3.602654 -4.737326
v 1.692039 3.623032 -4.764184
v 1.779668 3.561126 -4.721107
v 1.615765 3.437376 -4.360752
v 0.805888 2.635890 -2.753798
v 0.929341 2.747770 -2.703369
v 0.820353 2.726123 -2.344155
v 0.687681 2.601202 -2.389347
v 0.657809 2.605540 -2.812637
v 0.527931 2.554670 -2.446156
v 1.525378 3.316689 -4.176517
v 1.640761 3.362072 -4.361325
v 1.626237 3.289366 -4.382210
v 1.518841 3.233377 -4.192015
v 1.737494 3.410501 -4.545429
v 1.722613 3.481083 -4.542312
v 1.724367 3.348905 -4.565343
v 1.499872 3.162293 -4.219511
v 1.600275 3.234863 -4.410744
v 1.705454 3.303491 -4.589178
v 1.429219 3.163687 -3.972642
v 1.308448 3.001076 -3.722167
v 1.411178 3.075169 -3.999456
v 1.260775 2.906356 -3.760614
v 1.141329 2.841754 -3.428550
v 1.374802 3.000528 -4.039768
v 1.311345 2.957434 -4.083949
v 1.177197 2.859264 -3.810225
v 1.475934 3.100928 -4.256129
v 1.026451 2.792951 -3.074657
v 1.044237 2.765888 -3.478063
v 0.915526 2.704101 -3.121319
v 1.852995 3.646747 -4.884654
v 1.809354 3.671434 -4.913444
v 1.823890 3.512595 -4.708887
v 1.840009 3.450917 -4.715224
v 1.832466 3.394676 -4.735209
v 1.888471 3.600405 -4.870568
v 1.927412 3.554635 -4.860473
v 2.000638 3.648137 -5.024858
v 2.030765 3.604519 -5.021454
v 1.966430 3.679506 -5.038470
v 1.933707 3.701073 -5.062909
v 1.945601 3.498369 -4.870292
v 2.051592 3.555836 -5.027063
v 1.941475 3.447401 -4.891169
v 2.053085 3.513088 -5.047157
v 2.129560 3.698854 -5.166886
v 2.156917 3.665639 -5.161489
v 2.178613 3.618875 -5.169723
v 2.189937 3.577141 -5.186163
v 1.420673 3.063924 -4.301154
v 1.238203 2.949671 -4.131378
v 1.365341 3.044756 -4.348596
v 1.087919 2.848715 -3.850608
v 0.936697 2.735159 -3.526698
v 1.524774 3.166456 -4.481266
v 1.483013 3.161880 -4.517080
v 1.561654 3.196734 -4.446919
v 1.632740 3.260529 -4.646981
v 1.599915 3.260561 -4.673888
v 0.792373 2.665955 -3.173154
v 1.811187 3.356658 -4.760632
v 1.778239 3.339897 -4.788691
v 1.667394 3.275111 -4.620623
v 1.918328 3.421758 -4.917812
v 1.890546 3.413135 -4.943348
v 1.865835 3.406478 -4.965954
v 1.747429 3.335959 -4.811478
v 2.102324 3.731108 -5.176538
v 2.069720 3.742828 -5.198502
v 2.234428 3.760485 -5.312497
v 2.257011 3.742217 -5.304569
v 2.282919 3.717975 -5.299098
v 2.310365 3.683335 -5.299896
v 2.373898 3.785675 -5.433065
v 2.391206 3.777030 -5.426305
v 2.359199 3.786668 -5.449806
v 2.213952 3.766544 -5.329134
v 2.519298 3.807615 -5.546421
v 2.530621 3.802616 -5.541125
v 2.510736 3.810019 -5.557172
v 2.412689 3.759841 -5.423304
v 2.546390 3.792500 -5.538750
v 1.718764 3.337977 -4.832945
v 1.842927 3.408438 -4.984820
v 1.997878 3.474026 -5.120260
v 1.978128 3.473702 -5.138887
v 2.123123 3.530756 -5.282947
v 2.145749 3.532030 -5.265789
v 2.015578 3.477696 -5.100289
v 2.426003 3.677229 -5.510818
v 2.566888 3.736538 -5.605996
v 2.573247 3.730295 -5.593124
v 2.437488 3.669852 -5.494120
v 2.709307 3.795148 -5.705886
v 2.277660 3.604988 -5.408656
v 2.295648 3.605898 -5.388859
v 2.447862 3.669259 -5.475570
v 2.308051 3.602436 -5.368925
v 2.161791 3.533356 -5.242760
v 2.034909 3.489784 -5.075250
v 2.180661 3.542828 -5.214078
v 2.323022 3.609807 -5.340226
v 2.325918 3.641710 -5.313654
v 2.577922 3.756451 -5.546781
v 2.582659 3.738870 -5.560777
v 2.578715 3.730194 -5.578645
v 2.564011 3.777079 -5.539079
v 2.436053 3.736331 -5.422528
v 2.453971 3.706213 -5.431422
v 2.458210 3.678702 -5.450313
v 0.715601 3.925152 3.019457
v 0.753364 3.917244 3.220458
v 0.763942 3.837250 3.194198
v 0.738729 3.838846 2.992919
v 0.768071 3.748290 3.162391
v 0.744919 3.746475 2.953660
v 0.722593 3.921817 2.747235
v 0.711053 4.019546 2.776573
v 0.696237 4.007178 3.046670
v 0.712644 4.231956 3.311868
v 0.675313 4.208459 3.094635
v 0.615761 4.290164 3.111187
v 0.636161 4.307134 3.333029
v 0.442402 4.406438 3.156447
v 0.456308 4.432768 3.368288
v 0.545751 4.386203 3.350697
v 0.523835 4.355560 3.121589
v 0.410942 4.396614 2.864492
v 0.500401 4.348502 2.851918
v 0.574690 4.277726 2.854284
v 0.652824 4.202763 2.825721
v 0.751266 3.658544 3.114314
v 0.721977 3.658612 2.918454
v 0.819971 3.691007 2.696838
v 0.801935 3.578126 2.682092
v 0.663821 3.555045 2.886961
v 0.767615 3.462948 2.673964
v 0.711201 3.549293 3.045606
v 0.767116 3.814045 2.716477
v 0.683508 4.093074 3.077570
v 0.698291 4.111135 2.807225
v 0.720848 4.330710 2.054095
v 0.713565 4.333370 1.764125
v 0.560570 4.397705 1.779040
v 0.589026 4.393605 2.066496
v 0.375737 4.510837 2.277586
v 0.384018 4.521363 2.337937
v 0.483519 4.421781 2.274506
v 0.470375 4.502367 1.801570
v 0.353237 4.645451 1.900919
v 0.357190 4.604664 1.987960
v 0.866467 4.214108 2.052348
v 0.837497 4.210642 1.763431
v 0.915981 4.084183 2.050660
v 0.879440 4.063576 1.773007
v 0.889503 3.494733 2.237786
v 0.880821 3.434274 2.068588
v 0.942411 3.573420 2.070863
v 0.903810 3.603140 2.261675
v 0.931931 3.522436 1.825001
v 0.880235 3.343736 1.833758
v 0.939816 3.731549 1.806069
v 0.985199 3.761956 2.070767
v 0.915286 3.528701 2.460793
v 0.910451 3.647147 2.488479
v 0.823648 3.390297 2.214215
v 0.771372 3.239252 2.077001
v 0.913123 3.435609 2.444386
v 0.680772 3.283744 2.613799
v 0.814785 3.351420 2.600993
v 0.649824 3.367679 2.752007
v 0.621896 3.438381 2.991564
v 0.593825 3.430466 2.870570
v 0.526024 3.345894 2.963531
v 0.508651 3.336399 2.868130
v 0.546593 3.244078 2.763262
v 0.431844 3.334783 2.953000
v 0.403018 3.284906 2.803279
v 0.492300 3.054734 2.666267
v 0.363747 3.208046 2.804775
v 0.383699 3.025728 2.687654
v 0.370937 3.278505 2.939177
v 0.295968 3.175544 2.799438
v 0.323727 3.220196 2.929695
v 0.268968 3.178519 2.927493
v 0.227942 3.138888 2.823104
v 0.157538 3.154659 2.929141
v 0.141473 3.112789 2.856633
v 0.313168 4.649381 1.583023
v 0.204343 2.997231 2.707390
v 0.100799 2.980146 2.728403
v 0.932865 3.922288 1.782829
v 0.789710 3.192269 1.827734
v 0.947683 3.958445 2.054539
v 0.188861 2.904220 2.604760
v 0.298998 2.919531 2.590342
v 0.308691 3.007150 2.694352
v 0.074162 2.898593 2.633384
v 0.128572 2.785476 2.183683
v 0.165262 2.867345 2.494945
v 0.053826 2.859816 2.512045
v 0.003265 2.785137 2.165201
v 0.487183 2.977997 2.469104
v 0.558386 3.068403 2.416117
v 0.561616 3.077927 2.586038
v 0.612972 3.175381 2.643922
v -0.042351 2.648911 1.683657
v 0.097955 2.658011 1.672762
v -0.029063 2.686092 1.928736
v 0.102686 2.706271 1.914892
v 0.251654 2.785858 1.915934
v 0.259315 2.837703 2.181221
v 0.254781 2.738830 1.675058
v 0.624840 3.068200 2.049007
v 0.494676 2.995565 2.254391
v 0.389669 2.894115 2.199346
v 0.420279 2.901065 1.948008
v 0.452493 2.876106 1.724630
v 0.692120 3.027711 1.803530
v 0.720170 4.101588 3.288563
v 0.759216 3.262085 2.150118
v 0.652799 3.177622 2.210329
v 0.889595 3.371659 2.433312
v 0.791000 3.329001 2.233239
v 0.563099 3.106011 2.296292
v 0.280910 2.892090 2.471456
v 0.392521 2.925673 2.470757
v 0.898777 3.803154 2.518006
v 0.852559 3.934789 2.532299
v 0.822062 4.053154 2.550414
v 0.684095 4.251036 2.575557
v 0.777043 4.162049 2.565421
v 0.581143 4.310612 2.585984
v 0.400117 4.413854 2.721183
v 0.931308 3.768901 2.294569
v 0.902870 3.928759 2.298096
v 0.860460 4.051494 2.301118
v 0.835473 4.186242 2.315864
v 0.716021 4.297687 2.317575
v 0.586281 4.343189 2.315726
v 0.380791 4.573657 2.197233
v 0.617546 3.207757 2.256850
v 0.565239 3.152013 2.324809
v 0.742028 3.268896 2.213220
v 0.794295 3.313586 2.250979
v 0.868653 3.315444 2.427029
v 0.825727 3.255357 2.557783
v 0.701834 3.199151 2.563101
v 0.584761 3.114021 2.495017
v 0.616346 3.155602 2.533971
v 0.558656 3.132563 2.393336
v 0.496562 4.381925 2.586776
v 0.500421 4.469122 2.058393
v 0.448236 4.500503 1.645530
v 0.398695 4.471769 2.586717
v 0.369897 4.611665 2.063439
v 0.337376 4.643014 1.756175
v 0.322772 4.633439 1.672382
v 0.737427 4.003240 3.252043
v 0.513285 2.666556 2.088662
v 0.535874 2.665777 2.095991
v 0.548430 2.797391 2.047768
v 0.516820 2.800001 2.038381
v 0.489912 2.663188 2.073252
v 0.486785 2.802992 2.006081
v 0.483130 2.792930 1.957198
v 0.513480 2.772327 1.907410
v 0.500366 2.620354 2.002023
v 0.481311 2.646062 2.042450
v 0.557745 2.606551 1.984077
v 0.583156 2.765009 1.904906
v 0.633425 2.776472 1.953824
v 0.603851 2.625186 2.020570
v 0.597396 2.648485 2.061924
v 0.622599 2.790821 2.006345
v 0.605023 2.793650 2.032691
v 0.578521 2.659033 2.084951
v 0.517081 2.614941 2.119825
v 0.538489 2.615549 2.125310
v 0.539322 2.577804 2.169787
v 0.567583 2.575894 2.166444
v 0.560151 2.613219 2.123756
v 0.492322 2.557343 2.144822
v 0.496750 2.607752 2.105508
v 0.480043 2.589299 2.080545
v 0.475863 2.532846 2.119079
v 0.486785 2.802992 2.006081
v 0.489912 2.663188 2.073252
v 0.508208 2.460902 2.159569
v 0.475508 2.480133 2.180364
v 0.491734 2.501129 2.084588
v 0.548023 2.498933 2.077549
v 0.557927 2.452852 2.149031
v 0.492312 2.558355 2.039645
v 0.554022 2.547127 2.023329
v 0.599917 2.569412 2.056939
v 0.603262 2.511305 2.090035
v 0.565775 2.435758 2.219885
v 0.523469 2.437647 2.227550
v 0.609194 2.464703 2.158156
v 0.603945 2.447112 2.227750
v 0.487993 2.446923 2.242276
v 0.480424 2.512731 2.205162
v 0.480424 2.512731 2.205162
v 0.508246 2.534897 2.222010
v 0.514280 2.571033 2.161176
v 0.492322 2.557343 2.144822
v 0.510033 2.458869 2.336459
v 0.552899 2.463335 2.343392
v 0.543227 2.516029 2.289617
v 0.511254 2.499851 2.278316
v 0.501828 2.412021 2.377266
v 0.537848 2.409475 2.376478
v 0.490435 2.432133 2.317336
v 0.486104 2.395399 2.352247
v 0.539644 2.551201 2.231784
v 0.573819 2.546043 2.226714
v 0.580473 2.509915 2.282919
v 0.477550 2.478289 2.266739
v 0.490435 2.432133 2.317336
v 0.494652 2.409789 2.293937
v 0.494242 2.380396 2.332887
v 0.486104 2.395399 2.352247
v 0.536169 2.412051 2.289133
v 0.603169 2.529839 2.210552
v 0.597026 2.568656 2.155550
v 0.604587 2.495446 2.266945
v 0.616618 2.471532 2.245802
v 0.626767 2.502117 2.186838
v 0.616206 2.546733 2.128100
v 0.600586 2.596020 2.093909
v 0.581087 2.608244 2.114552
v 0.557941 2.662563 2.094789
v 0.603011 2.414503 2.284472
v 0.618993 2.432698 2.302169
v 0.571767 2.410172 2.282652
v 0.609876 2.455830 2.321398
v 0.582331 2.457942 2.336871
v 0.549372 2.422907 2.324637
v 0.568033 2.423189 2.320524
v 0.578769 2.794448 2.047467
v 0.568033 2.423189 2.320524
v 0.549372 2.422907 2.324637
v 0.578880 2.368240 2.311793
v 0.606149 2.368469 2.311124
v 0.572286 2.319818 2.306009
v 0.611344 2.319660 2.301499
v 0.614277 2.339327 2.367792
v 0.631197 2.328043 2.333513
v 0.623171 2.382973 2.330514
v 0.618495 2.403415 2.364256
v 0.562691 2.327144 2.338434
v 0.567089 2.381354 2.333214
v 0.519836 2.374135 2.324040
v 0.540589 2.387743 2.345512
v 0.522537 2.337366 2.354898
v 0.504897 2.330542 2.322718
v 0.540589 2.387743 2.345512
v 0.582701 2.399370 2.364530
v 0.581625 2.338091 2.368721
v 0.567089 2.381354 2.333214
v 0.562691 2.327144 2.338434
v 0.483864 2.357812 2.391336
v 0.466210 2.354681 2.362754
v 0.466210 2.354681 2.362754
v 0.470737 2.344656 2.327929
v 0.515463 2.349970 2.387271
v 0.522537 2.337366 2.354898
v 0.477550 2.478289 2.266739
v 0.496750 2.607752 2.105508
v 0.707417 3.088412 2.026263
v 0.736962 3.049940 2.094206
v 0.695612 2.993119 2.012791
v 0.674377 3.015106 1.955120
v 0.621276 3.025695 1.906672
v 0.557141 3.034074 1.886913
v 0.568909 3.105018 1.999122
v 0.636003 3.105756 1.997001
v 0.602436 2.913308 1.871220
v 0.535585 2.907628 1.854317
v 0.545969 2.971467 1.868158
v 0.618230 2.971192 1.878179
v 0.483764 2.992294 1.985502
v 0.502193 3.056425 2.071924
v 0.518783 3.090706 2.026652
v 0.492620 3.021434 1.919628
v 0.618960 2.930892 2.077050
v 0.657835 2.947458 2.172363
v 0.562699 2.979116 2.162698
v 0.543100 2.944534 2.074838
v 0.502193 3.056425 2.071924
v 0.483764 2.992294 1.985502
v 0.504223 2.967214 2.046891
v 0.521999 3.016730 2.126008
v 0.508816 2.937352 2.030051
v 0.548485 2.927182 2.045610
v 0.594610 2.906100 2.016609
v 0.606445 2.921884 2.045417
v 0.553191 2.907400 2.018027
v 0.658563 2.932710 2.029016
v 0.689946 2.949509 2.055065
v 0.513173 2.906963 2.013891
v 0.627931 2.914131 2.003414
v 0.481267 2.911198 1.965045
v 0.483698 2.951896 1.974707
v 0.481267 2.911198 1.965045
v 0.480348 2.914674 1.901685
v 0.484256 2.968391 1.909192
v 0.483698 2.951896 1.974707
v 0.646540 2.910848 1.930203
v 0.737334 2.981792 2.150428
v 0.674725 2.953959 1.994794
v 0.663058 2.962594 1.940799
v 0.644367 2.919933 1.979626
v 0.594436 3.168526 2.100196
v 0.667248 3.176973 2.107832
v 0.761977 3.152509 2.119136
v 0.781079 3.089269 2.204323
v 0.752687 3.208553 2.260902
v 0.804652 3.156189 2.314630
v 0.775738 3.022963 2.261816
v 0.797798 3.080548 2.383183
v 0.528608 3.114227 2.174443
v 0.568122 3.157687 2.299606
v 0.588918 3.192409 2.274379
v 0.545163 3.151922 2.130878
v 0.633250 3.219845 2.264381
v 0.692267 3.233296 2.263274
v 0.756250 3.238148 2.286368
v 0.822606 3.198822 2.370845
v 0.817950 3.121599 2.456851
v 0.576614 3.154792 2.337880
v 0.599294 3.191895 2.310046
v 0.608597 3.195809 2.332057
v 0.645696 3.235992 2.307816
v 0.640015 3.224953 2.294535
v 0.640015 3.224953 2.294535
v 0.608597 3.195809 2.332057
v 0.699777 3.245673 2.274272
v 0.706119 3.262240 2.271181
v 0.758681 3.271306 2.299411
v 0.594114 3.010318 2.271184
v 0.695915 2.992311 2.281176
v 0.617097 3.059896 2.377617
v 0.705814 3.044653 2.401969
v 0.615091 3.114037 2.478620
v 0.616605 3.080352 2.430861
v 0.710522 3.072639 2.474538
v 0.710066 3.134111 2.540048
v 0.830751 3.185565 2.518724
v 0.538050 3.062228 2.225703
v 0.572332 3.111979 2.338937
v 0.578691 3.129179 2.409952
v 0.576121 3.117943 2.382870
v 0.528608 3.114227 2.174443
v 0.568122 3.157687 2.299606
v 0.584033 3.156948 2.361215
v 0.576614 3.154792 2.337880
v 0.617546 3.207757 2.256850
v 0.645696 3.235992 2.307816
v 0.565239 3.152013 2.324809
v 0.742028 3.268896 2.213220
v 0.794295 3.313586 2.250979
v 0.868653 3.315444 2.427029
v 0.845836 3.261729 2.414899
v 0.701834 3.199151 2.563101
v 0.825727 3.255357 2.557783
v 0.616346 3.155602 2.533971
v 0.584761 3.114021 2.495017
v 0.558656 3.132563 2.393336
v 0.584033 3.156948 2.361215
v 0.558656 3.132563 2.393336
v 0.600921 2.263424 2.321804
v 0.578416 2.260543 2.318242
v 0.570611 2.276548 2.305612
v 0.609579 2.274916 2.304690
v 0.589383 2.232206 2.325939
v 0.600901 2.230637 2.325964
v 0.608757 2.228416 2.336807
v 0.589875 2.201217 2.320726
v 0.631852 2.276618 2.339875
v 0.614700 2.262989 2.339593
v 0.605508 2.266187 2.357752
v 0.614299 2.282305 2.371118
v 0.570950 2.263367 2.338207
v 0.557257 2.281474 2.340000
v 0.458283 2.289650 2.343386
v 0.457777 2.311761 2.331505
v 0.489820 2.297184 2.330122
v 0.478127 2.279638 2.342238
v 0.480472 2.251787 2.353539
v 0.473482 2.256226 2.344074
v 0.491666 2.277112 2.357960
v 0.508592 2.292289 2.357126
v 0.457731 2.256977 2.344272
v 0.500898 2.298148 2.390777
v 0.508592 2.292289 2.357126
v 0.486610 2.279078 2.379090
v 0.491666 2.277112 2.357960
v 0.601317 2.226915 2.349735
v 0.585915 2.268140 2.355960
v 0.585208 2.231094 2.346788
v 0.579423 2.285694 2.371116
v 0.557257 2.281474 2.340000
v 0.570950 2.263367 2.338207
v 0.581674 2.233037 2.334054
v 0.581674 2.233037 2.334054
v 0.467871 2.308709 2.395110
v 0.445294 2.319549 2.369417
v 0.448523 2.292051 2.364619
v 0.464063 2.284967 2.384589
v 0.460473 2.252167 2.363652
v 0.473939 2.250433 2.364610
v 0.480472 2.251787 2.353539
v 0.451372 2.258140 2.355693
v 0.448523 2.292051 2.364619
v 0.445294 2.319549 2.369417
v 0.451372 2.258140 2.355693
v 0.459265 2.224148 2.341170
v 0.459265 2.224148 2.341170
v 0.554921 2.987075 4.891327
v 0.590142 2.989706 4.905163
v 0.635565 3.114204 4.836258
v 0.620446 3.094904 4.770661
v 0.550967 2.905230 4.996270
v 0.520926 2.899025 4.980220
v 0.446253 2.717480 5.251739
v 0.471923 2.725065 5.269773
v 0.495924 2.758570 5.189187
v 0.467425 2.750781 5.171934
v 0.509727 2.836191 5.087845
v 0.479555 2.830422 5.077421
v 0.434471 2.709873 5.287172
v 0.451961 2.712090 5.302310
v 0.389125 2.936044 4.747928
v 0.513219 2.952761 4.808678
v 0.567582 3.044932 4.670217
v 0.389114 3.022855 4.607784
v 0.389138 2.852603 4.907218
v 0.465272 2.872636 4.933165
v 0.389161 2.698270 5.215218
v 0.419001 2.693382 5.226129
v 0.428208 2.722404 5.143862
v 0.389156 2.729442 5.139632
v 0.443343 2.807305 5.034598
v 0.389146 2.798223 5.021033
v 0.389164 2.694888 5.267669
v 0.408817 2.689611 5.264462
v 0.389168 2.688926 5.331632
v 0.413549 2.693459 5.331087
v 0.434492 2.700252 5.327296
v 0.674921 3.210993 4.662752
v 0.693074 3.207838 4.602806
v 0.679578 3.154265 4.653271
v 0.692720 3.149972 4.714163
v 0.670523 3.241372 4.629427
v 0.683985 3.260556 4.579527
v 0.677199 3.294565 4.620447
v 0.686842 3.310939 4.575391
v 0.693954 3.350306 4.588558
v 0.683609 3.323307 4.626863
v 0.684943 3.330894 4.664526
v 0.695728 3.376664 4.634953
v 0.706396 3.380488 4.604711
v 0.686346 3.338353 4.640049
v 0.690136 3.204556 4.520048
v 0.657049 3.134803 4.566323
v 0.691033 3.277702 4.493538
v 0.698809 3.349391 4.496472
v 0.700044 3.392543 4.511055
v 0.617257 3.383316 4.605331
v 0.664752 3.387256 4.558311
v 0.662999 3.223910 4.418740
v 0.626721 3.150017 4.445334
v 0.660292 3.284893 4.392536
v 0.652166 3.336209 4.380442
v 0.639570 3.385556 4.401451
v 0.573040 3.451277 4.498150
v 0.610026 3.424790 4.435578
v 0.541326 3.076164 4.503078
v 0.389104 3.054527 4.461232
v 0.582373 3.178660 4.333591
v 0.613082 3.242888 4.315269
v 0.609347 3.273609 4.262418
v 0.583617 3.336210 4.291027
v 0.557919 3.375855 4.309226
v 0.487945 3.413372 4.352014
v 0.527813 3.398460 4.329087
v 0.510646 3.126360 4.354353
v 0.389096 3.100558 4.353282
v 0.599409 2.998834 5.140472
v 0.588532 2.941499 5.227302
v 0.489006 3.025171 5.235710
v 0.494266 3.107185 5.173742
v 0.611085 3.075950 5.057676
v 0.497446 3.167059 5.069039
v 0.618354 3.163707 4.968889
v 0.502185 3.220605 4.986208
v 0.606476 3.254188 4.885880
v 0.503574 3.254080 4.909733
v 0.500848 3.306066 4.805683
v 0.600489 3.314587 4.790203
v 0.389142 3.064864 5.224083
v 0.389137 3.082475 5.139659
v 0.616912 2.841100 5.191436
v 0.618794 2.911710 5.116320
v 0.651486 2.900990 5.106837
v 0.639001 2.816584 5.196351
v 0.389131 3.135495 5.062469
v 0.633904 3.008605 5.037993
v 0.663726 2.961341 5.017100
v 0.389125 3.191108 4.985683
v 0.640542 3.076815 4.952277
v 0.670417 3.056733 4.937927
v 0.389120 3.224670 4.916231
v 0.634760 3.192698 4.875854
v 0.661893 3.137022 4.861312
v 0.389112 3.273749 4.812741
v 0.631726 3.312864 4.783359
v 0.654548 3.250024 4.775191
v 0.599029 3.350255 4.718022
v 0.651006 3.327583 4.717468
v 0.389104 3.347823 4.708018
v 0.495001 3.364327 4.718653
v 0.675678 3.277694 4.711744
v 0.476328 3.497180 4.469974
v 0.436620 3.421466 4.372522
v 0.493930 3.432570 4.609667
v 0.389085 3.507853 4.479066
v 0.389083 3.415342 4.375606
v 0.389094 3.446044 4.601495
v 0.574689 2.822355 5.295913
v 0.593713 2.831733 5.266533
v 0.614632 2.800521 5.263999
v 0.596624 2.782727 5.295903
v 0.574692 2.895902 5.296321
v 0.524865 2.764583 5.444659
v 0.485682 2.761157 5.498391
v 0.475224 2.796199 5.476264
v 0.513285 2.787696 5.434093
v 0.467369 2.836638 5.463039
v 0.486720 2.833061 5.427332
v 0.445412 2.762031 5.525721
v 0.389172 2.752424 5.559492
v 0.389169 2.784341 5.528120
v 0.434437 2.784643 5.505144
v 0.567865 2.767808 5.395662
v 0.550588 2.780644 5.380334
v 0.389164 2.840645 5.477657
v 0.427614 2.834883 5.471534
v 0.513643 2.846963 5.387755
v 0.590390 2.788201 5.338549
v 0.570267 2.837068 5.341565
v 0.552812 2.876435 5.341475
v 0.446328 2.871999 5.440680
v 0.389160 2.880304 5.435030
v 0.486400 2.976599 5.305696
v 0.389148 3.013413 5.300183
v 0.472163 2.932127 5.357357
v 0.389153 2.950748 5.349707
v 0.462579 2.900939 5.404004
v 0.389157 2.911235 5.395836
v 0.556454 3.212429 4.181399
v 0.566243 3.311176 4.113548
v 0.542732 3.239957 4.019827
v 0.484600 3.167725 3.837389
v 0.516801 3.399349 4.133516
v 0.502610 3.339282 3.932935
v 0.449025 3.427646 4.150925
v 0.438069 3.373822 3.935936
v 0.487197 3.152009 4.261022
v 0.444327 3.096526 4.161448
v 0.389089 3.128997 4.263781
v 0.371680 3.105879 4.178996
v 0.389071 3.432061 4.160769
v 0.389060 3.382048 3.924390
v 0.430875 3.160548 3.858415
v 0.428570 3.098036 3.924271
v 0.405479 3.217579 3.826279
v 0.368017 3.243968 3.814095
v 0.396458 3.065278 3.990681
v 0.341994 3.057348 4.010744
v 0.340535 3.244493 3.829980
v 0.335686 3.160312 3.888946
v 0.428570 3.098036 3.924271
v 0.430875 3.160548 3.858415
v 0.405479 3.217579 3.826279
v 0.368017 3.243968 3.814095
v 0.396458 3.065278 3.990681
v 0.341994 3.057348 4.010744
v 0.340535 3.244493 3.829980
v 0.568436 4.226285 0.903548
v 0.430587 4.356757 0.905758
v 0.166457 4.461712 0.758003
v 0.186790 4.537516 0.887725
v 0.327138 4.444880 0.908777
v 0.512007 4.144994 0.638697
v 0.366833 4.275432 0.596894
v 0.210997 4.552788 1.000884
v 0.731177 3.843284 0.960800
v 0.676469 4.031106 0.923473
v 0.679427 3.967457 0.699728
v 0.765754 3.788672 0.749910
v 0.907227 3.876893 0.474511
v 0.772479 4.036643 0.445773
v 0.707305 3.969973 0.577764
v 0.850465 3.834447 0.622507
v 0.819253 3.622079 0.984314
v 0.878922 3.370546 1.007503
v 0.807497 3.229329 0.783087
v 0.846068 3.508000 0.744143
v 0.860604 3.140924 1.042253
v 0.793785 2.962152 1.038586
v 0.547667 4.122565 0.382463
v 0.513630 4.112267 0.517803
v 0.372526 4.207326 0.322531
v 0.357706 4.244697 0.457344
v 0.391206 4.182355 0.187655
v 0.396418 4.137143 0.030385
v 0.205858 4.184630 -0.034224
v 0.221217 4.244294 0.113069
v 0.558403 4.107774 0.231486
v 0.778941 4.050515 0.275874
v 0.758025 4.005103 0.101353
v 0.537184 4.043860 0.074937
v 0.885322 3.886009 0.307109
v 0.868859 3.880292 0.136233
v 0.389819 4.070618 -0.125793
v 0.387480 4.021417 -0.266819
v 0.186390 4.036591 -0.317648
v 0.198752 4.103285 -0.192583
v 0.746363 3.940769 -0.083233
v 0.706303 3.826432 -0.298435
v 0.527166 3.932643 -0.258666
v 0.524528 3.979482 -0.077231
v 0.622515 3.690045 -0.560076
v 0.527477 3.752639 -0.583505
v 0.243392 3.924830 -0.617687
v 0.405464 3.852379 -0.601453
v 0.079020 4.225507 -0.039058
v 0.093011 4.298985 0.102181
v 0.059046 4.156655 -0.268600
v 0.242478 4.312453 0.455744
v 0.117308 4.356478 0.356388
v 0.126408 4.347488 0.453273
v 0.330067 3.814638 -0.946301
v 0.243392 3.924830 -0.617687
v 0.405464 3.852379 -0.601453
v 0.476909 3.751210 -0.927281
v 0.622515 3.690045 -0.560076
v 0.692972 3.564763 -0.886568
v 0.590415 3.677675 -0.908881
v 0.527477 3.752639 -0.583505
v 0.179769 3.855985 -0.968146
v 0.099876 4.003553 -0.650593
v 0.771527 2.980323 0.769994
v 0.726459 2.784909 0.742551
v 0.923370 3.031445 0.632392
v 0.809514 2.854651 0.614930
v 1.011294 3.238928 0.600788
v 0.970025 3.624763 0.613286
v 1.047521 3.356812 0.500218
v 1.057174 3.434189 0.387719
v 0.967032 3.670142 0.451447
v 0.961455 2.756441 0.417869
v 0.871832 2.610006 0.421617
v 1.050919 2.981499 0.434925
v 0.963710 2.579851 0.299539
v 0.879949 2.457044 0.312483
v 0.707313 2.706268 0.564030
v 0.755016 2.482920 0.389729
v 0.660459 2.690756 0.769453
v 0.550603 2.613320 0.850225
v 0.511530 2.479301 0.618991
v 0.588139 2.540821 0.578088
v 0.747282 2.856684 1.071473
v 0.640316 2.743073 1.092667
v 0.834827 3.829061 -0.058014
v 0.777733 3.715079 -0.283082
v 0.810292 3.173688 -0.698344
v 0.795891 3.079698 -0.905195
v 0.779488 3.293377 -0.873788
v 0.741760 3.408105 -0.536160
v 0.667686 2.872682 -0.672925
v 0.709053 2.815319 -0.921923
v 0.808368 3.408646 -1.233919
v 0.736671 3.434306 -0.875245
v 0.848414 3.281049 -1.230038
v 0.884102 3.085412 -1.233865
v 0.679249 3.538392 -0.542424
v 0.793926 2.854636 -1.251325
v 0.679249 3.538392 -0.542424
v 0.857426 3.599797 -0.245734
v 0.976009 3.501301 -0.201791
v 0.908926 3.355465 -0.414179
v 0.741760 3.408105 -0.536160
v 0.931651 3.702529 -0.039050
v 1.027826 3.521584 -0.001243
v 1.063021 3.318273 -0.149179
v 0.964175 3.707866 0.307096
v 1.039544 3.483504 0.273268
v 1.046581 3.520236 0.152311
v 0.952806 3.729897 0.151769
v 0.075516 2.339611 1.025065
v 0.173251 2.387572 0.967187
v 0.079986 2.279526 0.751921
v -0.010670 2.313567 1.101003
v 0.011394 2.237417 0.942073
v 0.184620 2.336489 0.580811
v 0.276882 2.445337 0.929055
v 0.142798 2.322239 0.662499
v 0.440446 3.740524 -1.314335
v 0.574846 3.687173 -1.290291
v 0.753334 3.517716 -1.247453
v 0.679032 3.613407 -1.267925
v 0.747279 3.456112 -1.623006
v 0.658669 3.531817 -1.643113
v 0.865427 3.090049 -1.587834
v 0.831962 3.264374 -1.596642
v 0.801398 3.356074 -1.605527
v 0.856945 3.284215 -1.959852
v 0.756546 3.413696 -1.991298
v 0.619856 3.476833 -2.026119
v 0.523893 3.539545 -2.056797
v 0.472670 3.623368 -1.682708
v 0.584185 3.571979 -1.658274
v 0.371575 3.673696 -1.713980
v 0.305417 3.782046 -1.344937
v 0.438648 3.572257 -2.085496
v 1.064077 3.156231 0.313309
v 1.028050 2.715328 0.258545
v 1.073985 2.896178 0.204371
v 1.060771 2.660132 0.062447
v 1.004402 2.524705 0.146946
v 0.933866 2.412253 0.190391
v 0.854847 2.307190 0.220793
v 0.978252 2.334392 0.033208
v 0.902653 2.230127 0.086215
v 0.807251 2.140553 0.132670
v 1.022659 2.465677 -0.057290
v 1.098849 2.793535 -0.082950
v 1.112994 3.036982 0.060886
v 1.097108 3.288841 0.137980
v 1.104379 3.102889 -0.199916
v 1.075666 2.892348 -0.326347
v 1.051516 2.594308 -0.194954
v -0.041700 2.107590 0.577261
v 0.058016 2.165172 0.480627
v 0.110143 2.228165 0.327773
v 0.134914 2.269136 0.210965
v 0.471346 2.601452 1.028322
v 0.388136 2.518005 0.752658
v 0.207202 2.515680 -0.258897
v 0.160795 2.399657 -0.043278
v 0.095891 2.277179 -0.099428
v 0.140098 2.322345 -0.197700
v 0.134914 2.269136 0.210965
v 0.110143 2.228165 0.327773
v 0.094990 2.231370 0.118375
v 0.157631 2.323281 0.353673
v 0.133031 2.306829 0.044827
v 0.364767 2.461027 0.580067
v 0.047003 2.082852 0.289708
v 0.058016 2.165172 0.480627
v -0.041700 2.107590 0.577261
v -0.062223 2.020925 0.361697
v 0.020944 2.047401 0.147851
v -0.020561 2.000858 0.292507
v -0.046588 2.083400 0.055815
v 0.020494 2.141734 -0.012057
v 0.211094 2.325049 -0.347771
v 0.318994 2.572372 -0.429146
v 0.076409 2.176323 -0.123453
v -0.022408 2.166900 -0.144660
v 0.012436 2.251940 -0.369202
v 0.123479 2.265590 -0.375888
v 0.064654 2.298806 -0.629904
v 0.191962 2.318651 -0.624979
v 0.298976 2.395880 -0.602698
v 0.500813 2.640903 -0.608692
v 0.368366 2.415224 -0.759232
v 0.400629 2.462543 -0.941694
v 0.516337 2.640240 -0.944610
v 0.500813 2.640903 -0.608692
v 0.191962 2.318651 -0.624979
v 0.064654 2.298806 -0.629904
v 0.137143 2.293359 -0.848135
v 0.277427 2.331837 -0.824611
v 0.819866 3.193502 -0.626285
v 0.810292 3.173688 -0.698344
v 0.717960 3.005091 -0.729135
v 0.667686 2.872682 -0.672925
v 0.982548 3.254881 -0.412878
v 0.928514 3.125927 -0.615993
v 1.025717 3.100449 -0.444678
v 0.956293 3.046287 -0.654233
v 1.035950 2.939645 -0.540242
v 1.017024 2.696379 -0.389110
v 0.993854 2.738302 -0.577839
v 0.827672 2.915550 -0.704893
v 0.954971 2.907130 -0.666959
v 0.832416 2.832450 -0.751188
v 0.785049 2.990580 -0.726323
v 0.681895 2.797585 -0.743444
v 0.630434 2.838190 -0.724301
v 0.464615 2.706002 -0.627201
v 0.530424 2.677906 -0.685936
v 0.708702 2.731154 -0.730110
v 0.928544 2.739969 -0.695437
v 0.816140 2.696189 -0.738575
v 0.694119 2.635381 -0.721054
v 0.523735 2.863461 -0.686389
v 0.397337 2.746905 -0.490797
v 0.280333 2.606912 -0.363946
v 0.339999 2.587788 -0.501705
v 0.390679 2.570593 -0.587315
v 0.312226 2.320256 0.357397
v 0.479470 2.321706 0.382571
v 0.276971 2.230769 0.143694
v 0.415305 2.188772 0.145257
v 0.162552 2.305624 0.167075
v 0.882676 3.098560 -1.949094
v 0.820186 2.899498 -1.966714
v 0.774379 2.880110 -1.602911
v 0.725438 2.694021 -2.000111
v 0.626423 2.670611 -1.276757
v 0.469433 2.541002 -1.086578
v 0.524867 2.553164 -1.308415
v 0.308673 2.365163 -0.968483
v 0.186253 2.310561 -0.978776
v 0.253180 2.412552 -1.144232
v 0.350280 2.475724 -1.126114
v 0.544892 2.563715 -1.664614
v 0.681483 2.669736 -1.631441
v 0.408451 2.529144 -1.337585
v 0.302080 2.502158 -1.346971
v 0.371914 2.499769 -1.712499
v 0.446492 2.543659 -1.690485
v 0.758917 2.342705 0.311078
v 0.722689 2.201352 0.243791
v 0.667209 2.059823 0.150599
v 0.550313 2.131741 0.196293
v 0.492945 2.013453 0.093729
v 0.602826 2.234689 0.275454
v 0.630857 2.359573 0.343149
v 0.471631 2.202564 0.184364
v 0.512056 2.302177 0.289827
v 0.438106 2.134125 0.085511
v 0.401802 2.053188 -0.020221
v 0.391752 2.135109 0.039746
v 0.262545 2.163112 -0.000397
v 0.654076 2.629380 0.573530
v 0.622613 2.568457 -2.040898
v 0.438026 2.503138 -2.085073
v 0.153560 2.334374 -0.104209
v 0.212084 2.459233 -0.162553
v 0.235498 2.458770 -0.324848
v 0.153560 2.334374 -0.104209
v 0.133031 2.306829 0.044827
v 0.271825 2.441691 -0.434554
v 0.161371 2.252062 -0.035253
v 0.193415 2.309744 -0.204169
v 0.194674 2.208239 -0.175535
v 0.207972 2.293841 -0.379261
v 0.226476 2.186353 -0.279702
v 0.219611 2.288236 -0.552800
v 0.207972 2.293841 -0.379261
v 0.193415 2.309744 -0.204169
v 0.293733 2.416613 -0.558672
v 0.219611 2.288236 -0.552800
v 0.317413 2.391123 -0.642993
v 0.375202 2.065189 -0.053385
v 0.243104 2.107751 -0.200768
v 0.435905 2.537409 -0.630831
v 0.568597 2.637180 -0.690270
v 0.575675 2.562117 -0.701055
v 0.451343 2.481467 -0.681867
v 0.266220 4.354181 0.602865
v 0.230338 4.285083 0.270242
v 0.078537 2.235872 0.013952
v 0.298976 2.395880 -0.602698
v 0.152640 4.432561 0.650028
v 0.105490 4.326160 0.267253
v 0.072878 4.214592 -0.122813
v 0.064977 4.164934 -0.194248
v 0.054746 4.103258 -0.334244
v 0.054977 4.051954 -0.476870
v 0.081014 4.011922 -0.561476
v 0.081014 4.011922 -0.561476
v 0.642870 0.941351 -2.159526
v 0.616429 1.224361 -2.103984
v 0.596462 1.158815 -1.994623
v 0.591487 0.913713 -2.095252
v 0.558701 1.263291 -2.323973
v 0.553214 1.371506 -2.198097
v 0.623451 1.136166 -2.259481
v 0.655509 0.965440 -2.273220
v 0.503327 1.135373 -1.987349
v 0.502256 0.908915 -2.095258
v 0.400365 1.141397 -1.934191
v 0.401271 0.790831 -2.069163
v 0.421951 0.945672 -2.102665
v 0.417768 1.145558 -2.039521
v 0.314681 0.757966 -2.041553
v 0.325718 1.142133 -1.890733
v 0.226621 0.836294 -2.047904
v 0.239106 1.115529 -1.940125
v 0.206938 1.160100 -2.021555
v 0.186453 0.993324 -2.101361
v 0.129683 1.191125 -2.013486
v 0.112510 0.972021 -2.084948
v 0.182942 0.831722 -2.145839
v 0.164483 0.944862 -2.166151
v 0.136246 0.885504 -2.257371
v 0.152875 0.938665 -2.247409
v 0.152309 0.898842 -2.174253
v -0.046191 1.065395 -2.324996
v -0.072377 0.964801 -2.279744
v -0.080796 0.992561 -2.183194
v -0.046503 1.157681 -2.203987
v 0.064422 1.195306 -1.955031
v 0.036580 0.966211 -2.040402
v -0.045307 0.976541 -2.078482
v -0.002303 1.241292 -2.055712
v 0.431054 0.829520 -2.217039
v 0.424451 0.921185 -2.248674
v 0.421231 0.909454 -2.161045
v 0.421231 0.909454 -2.161045
v 0.434556 0.802339 -2.147165
v 0.431054 0.829520 -2.217039
v 0.034180 1.262068 -2.272308
v 0.074390 1.366486 -2.164006
v 0.016499 1.155529 -2.397496
v 0.110279 1.234871 -2.407527
v 0.121599 1.326656 -2.315544
v 0.149976 1.430069 -2.228465
v 0.149976 1.430069 -2.228465
v 0.222677 1.463731 -2.264013
v 0.204982 1.363778 -2.335597
v 0.121599 1.326656 -2.315544
v 0.281488 1.386898 -2.359414
v 0.299317 1.479113 -2.281780
v 0.190314 1.282716 -2.414323
v 0.110279 1.234871 -2.407527
v 0.366798 1.374573 -2.361399
v 0.381942 1.468635 -2.275421
v 0.337631 1.279864 -2.445900
v 0.461540 1.337586 -2.359431
v 0.424606 1.227874 -2.459532
v 0.468109 1.433472 -2.251221
v 0.621544 0.943500 -2.378976
v 0.615836 1.040587 -2.377630
v 0.530066 1.139542 -2.442755
v 0.420859 0.885089 -2.295619
v 0.437165 0.883864 -2.178437
v 0.424451 0.921185 -2.248674
v 0.264982 1.286098 -2.415297
v 0.214181 0.607468 -2.209766
v 0.165430 0.676839 -2.307719
v 0.301682 0.591456 -2.203451
v 0.368624 0.614452 -2.241081
v 0.173763 0.848996 -2.222767
v 0.152625 0.755273 -2.371188
v 0.148768 0.614108 -2.507514
v 0.194384 0.511680 -2.449875
v 0.159520 0.729005 -2.565305
v 0.182547 0.625372 -2.589922
v 0.190875 0.692802 -2.624120
v 0.410902 0.660278 -2.340338
v 0.416596 0.756621 -2.407403
v 0.351956 0.532591 -2.487463
v 0.389521 0.633920 -2.552738
v 0.313341 0.582312 -2.589931
v 0.328138 0.655106 -2.621653
v 0.365974 0.753963 -2.605895
v 0.300645 0.707596 -2.637948
v 0.283709 0.648935 -2.708744
v 0.263428 0.677113 -2.711479
v 0.283406 0.595478 -2.698395
v 0.250804 0.651257 -2.788177
v 0.215918 0.672578 -2.850062
v 0.239441 0.665612 -2.788392
v 0.280381 0.486320 -2.445777
v 0.266442 0.528362 -2.527874
v 0.244895 0.553230 -2.682912
v 0.215056 0.546687 -2.531073
v 0.200351 0.569516 -2.676197
v 0.176605 0.626142 -2.680644
v 0.228827 0.600622 -2.779572
v 0.248757 0.620082 -2.785715
v 0.191325 0.673637 -2.694283
v 0.194062 0.642266 -2.775935
v 0.199407 0.667102 -2.781501
v 0.207597 0.611175 -2.776851
v 0.479471 0.690375 -2.196621
v 0.405632 0.734590 -2.282122
v 0.397626 0.781370 -2.387695
v 0.540037 0.677275 -2.559700
v 0.599085 0.817454 -2.442081
v 0.644456 0.793622 -2.367543
v 0.591955 0.643813 -2.484335
v 0.624706 0.737763 -2.269332
v 0.378526 0.603101 -2.408950
v 0.367008 0.653863 -2.512575
v 0.567683 0.696378 -2.199665
v 0.534112 0.569050 -2.305329
v 0.598097 0.589597 -2.379346
v 0.447732 0.555301 -2.310775
v 0.402892 0.599595 -2.513563
v 0.406656 0.571782 -2.440660
v 0.415347 0.535487 -2.518104
v 0.415938 0.510502 -2.469101
v 0.469695 0.566024 -2.376528
v 0.556617 0.577075 -2.413724
v 0.556659 0.604343 -2.478400
v 0.519985 0.618428 -2.536468
v 0.511672 0.551665 -2.537641
v 0.542889 0.530019 -2.499186
v 0.538899 0.498782 -2.457764
v 0.509467 0.462278 -2.553407
v 0.488526 0.483681 -2.563026
v 0.444925 0.421298 -2.633905
v 0.505797 0.433982 -2.537406
v 0.520031 0.563634 -2.369928
v 0.507730 0.480881 -2.429542
v 0.482522 0.424178 -2.523955
v 0.458384 0.491479 -2.434104
v 0.454275 0.438299 -2.522740
v 0.430388 0.475686 -2.552131
v 0.432029 0.456991 -2.532212
v 0.096626 0.772786 -2.171630
v 0.123082 0.795078 -2.198234
v 0.111864 0.813432 -2.227121
v 0.115411 0.809254 -2.408767
v 0.139401 0.745354 -2.378261
v 0.105823 0.682431 -2.366195
v -0.113417 0.844195 -2.217504
v -0.094412 0.865804 -2.273931
v 0.018743 0.771845 -2.132276
v -0.072458 0.777028 -2.179981
v -0.070620 0.670676 -2.383020
v 0.025433 0.641462 -2.362095
v -0.103331 0.768477 -2.392560
v -0.073993 0.836173 -2.417902
v 0.025102 0.680193 -2.414091
v 0.078806 0.704506 -2.425168
v 0.096749 0.695051 -2.613625
v 0.050767 0.666588 -2.617755
v -0.028054 0.707359 -2.432698
v 0.005168 0.690506 -2.622808
v 0.056766 0.707317 -2.719876
v 0.034904 0.726994 -2.712072
v -0.047501 0.755352 -2.448110
v 0.083888 0.723819 -2.714639
v 0.116697 0.741103 -2.619122
v 0.094898 0.753110 -2.709260
v 0.082965 0.772427 -2.567715
v 0.083118 0.776674 -2.710075
v 0.065002 0.783123 -2.777826
v 0.097697 0.746219 -2.439260
v 0.086956 0.787897 -2.461444
v -0.026940 0.799163 -2.463132
v -0.004407 0.742632 -2.630599
v 0.006068 0.772984 -2.568034
v 0.031381 0.757295 -2.707463
v 0.043432 0.778303 -2.708941
v 0.164483 0.944862 -2.166151
v 0.152875 0.938665 -2.247409
v 0.173763 0.848996 -2.222767
v 0.215776 1.445541 -1.893532
v 0.188597 1.482633 -1.928303
v 0.164892 1.332977 -2.006658
v 0.218180 1.306028 -1.984845
v 0.104853 1.341963 -1.934107
v 0.544216 1.551590 -1.961801
v 0.566925 1.407401 -2.035224
v 0.542704 1.484189 -2.117833
v 0.524683 1.610045 -2.038396
v 0.550071 1.350387 -1.962868
v 0.469805 1.308453 -1.958479
v 0.390600 1.295608 -1.989345
v 0.525321 1.495654 -1.895864
v 0.472235 1.531590 -2.175777
v 0.471371 1.649829 -2.095707
v 0.394086 1.559293 -2.208946
v 0.398860 1.671335 -2.133120
v 0.402582 1.438743 -1.887374
v 0.455480 1.456881 -1.882587
v 0.384814 1.413006 -1.834205
v 0.377592 1.271266 -1.909521
v 0.317994 1.272398 -1.882386
v 0.245647 1.284235 -1.908374
v 0.314794 1.407183 -1.805749
v 0.244579 1.420790 -1.833778
v 0.045282 1.398726 -2.000451
v 0.085884 1.476780 -2.097181
v 0.052389 1.526310 -1.911633
v 0.073280 1.600297 -2.014032
v 0.129464 1.477561 -1.872353
v 0.146309 1.550706 -2.181211
v 0.146309 1.550706 -2.181211
v 0.229460 1.573998 -2.218549
v 0.314018 1.569859 -2.219261
v 0.180303 1.685876 -2.171291
v 0.126060 1.681512 -2.134434
v 0.126060 1.681512 -2.134434
v 0.320228 1.683242 -2.150448
v 0.762308 2.557143 -0.718162
v 0.664531 2.521240 -0.714624
v 0.862010 2.571542 -0.708440
v 0.934503 2.550399 -0.599821
v 0.458726 1.932854 0.007857
v 0.424846 1.857898 -0.088429
v 0.586255 1.800533 -0.016667
v 0.627978 1.907121 0.085245
v 0.755807 1.859048 -0.031638
v 0.769157 2.002596 0.048106
v 0.842999 1.976989 -0.103525
v 0.867458 2.101244 -0.009849
v 0.549835 1.750134 -0.124210
v 0.522792 1.707158 -0.245817
v 0.688359 1.701891 -0.234928
v 0.723144 1.768557 -0.121652
v 0.803761 1.795387 -0.293941
v 0.832314 1.870978 -0.188719
v 0.242402 2.182116 -0.410772
v 0.255908 2.277735 -0.555305
v 0.255908 2.277735 -0.555305
v 0.332287 2.376674 -0.669050
v 0.349554 2.351868 -0.656104
v 0.293904 2.260861 -0.559570
v 0.916584 2.063292 -0.183991
v 0.946515 2.186448 -0.082314
v 0.892687 1.973547 -0.268868
v 0.852723 1.901893 -0.365273
v 0.878496 2.017575 -0.426278
v 0.898967 2.085084 -0.354503
v 0.903626 2.124726 -0.506356
v 0.925955 2.178727 -0.458246
v 0.997818 2.494778 -0.472847
v 1.001664 2.399677 -0.319576
v 0.866694 2.212218 -0.586438
v 0.888346 2.264572 -0.553062
v 0.649968 1.666458 -0.406271
v 0.505176 1.677066 -0.412853
v 0.548401 2.417699 -0.684393
v 0.456134 2.392478 -0.688632
v 0.449974 2.428317 -0.711316
v 0.562825 2.476629 -0.712664
v 0.371149 1.998119 -0.109558
v 0.357095 2.008548 -0.128371
v 0.259829 2.080331 -0.263090
v 0.337810 1.929762 -0.276946
v 0.343588 1.961171 -0.204832
v 0.277578 2.056050 -0.322998
v 0.285120 2.039719 -0.369313
v 0.277314 2.022555 -0.424685
v 0.264134 1.997256 -0.542329
v 0.317063 1.863964 -0.488377
v 0.334797 1.901603 -0.362439
v 0.399209 1.806906 -0.181095
v 0.370107 1.733552 -0.433818
v 0.378627 1.765428 -0.284980
v 0.293904 2.260861 -0.559570
v 0.312708 2.244913 -0.568812
v 0.284099 2.150372 -0.472326
v 0.294146 2.164111 -0.445675
v 0.358787 1.717194 -0.618201
v 0.304664 1.839066 -0.648754
v 0.470980 1.671425 -0.617388
v 0.248292 1.975996 -0.692422
v 0.241831 1.956894 -0.846819
v 0.282651 1.819709 -0.810025
v 0.341620 1.718011 -0.796190
v 0.819244 2.329152 -0.611360
v 0.795096 2.275985 -0.633254
v 0.891527 2.154944 -0.801856
v 0.844270 2.105335 -0.972255
v 0.816706 2.235515 -0.991733
v 0.844304 2.277363 -0.836960
v 0.748915 2.367362 -0.646519
v 0.733048 2.320144 -0.665492
v 0.867004 2.384328 -0.628998
v 0.785920 2.422640 -0.675122
v 0.666748 2.350972 -0.683129
v 0.755686 2.351324 -0.752510
v 0.672736 2.388744 -0.759066
v 0.592970 2.409056 -0.763956
v 0.597619 2.369687 -0.691296
v 0.705437 2.442391 -0.694578
v 0.630368 2.435981 -0.677968
v 0.506062 2.442476 -0.770408
v 0.529130 2.387596 -0.702143
v 0.883558 2.011719 -0.755294
v 0.807684 1.912252 -0.700984
v 0.746337 1.902062 -0.884654
v 0.820889 1.985482 -0.937454
v 0.729513 1.967697 -1.094414
v 0.758322 2.063358 -1.134288
v 0.659716 2.117502 -1.296956
v 0.741499 2.176073 -1.154685
v 0.673489 2.032172 -1.278811
v 0.644675 1.950789 -1.243458
v 0.660060 1.905203 -1.048218
v 0.586890 1.899490 -1.205361
v 0.762167 2.363600 -0.856127
v 0.745337 2.337898 -0.996131
v 0.689413 2.276294 -1.167681
v 0.660666 1.828142 -0.846357
v 0.716935 1.843011 -0.660301
v 0.594747 1.828423 -1.013750
v 0.536779 1.837464 -1.177254
v 0.547012 1.751247 -0.998910
v 0.498036 1.775135 -1.162125
v 0.609379 1.732100 -0.828676
v 0.673916 1.736111 -0.645249
v 0.529490 1.687103 -0.812576
v 0.484775 1.707089 -0.985960
v 0.580432 1.694861 -0.627770
v 0.767404 1.852517 -0.505758
v 0.754791 1.738967 -0.438860
v 0.435532 1.677561 -0.800091
v 0.403814 1.696595 -0.973201
v 0.380072 1.722525 -1.140772
v 0.445166 1.733919 -1.149589
v 0.323776 1.724725 -0.967377
v 0.260340 1.806134 -0.973674
v 0.312407 1.744813 -1.134671
v 0.249272 1.799701 -1.132638
v 0.157599 2.117842 -0.729138
v 0.189188 2.132011 -0.587599
v 0.224617 2.253995 -0.655586
v 0.174149 2.248792 -0.771452
v 0.142787 2.082108 -0.878538
v 0.164054 2.214691 -0.911527
v 0.237898 1.938989 -1.002648
v 0.156798 2.057962 -1.034604
v 0.201622 1.909062 -1.151579
v 0.179836 2.162107 -1.060346
v 0.187036 2.122648 -1.215381
v 0.175663 2.032649 -1.186856
v 0.235085 2.248510 -1.085458
v 0.179836 2.162107 -1.060346
v 0.164054 2.214691 -0.911527
v 0.241418 2.318040 -0.936435
v 0.174149 2.248792 -0.771452
v 0.260299 2.355393 -0.802689
v 0.224617 2.253995 -0.655586
v 0.300247 2.346860 -0.720741
v 0.361473 2.445018 -0.832238
v 0.386774 2.422902 -0.766172
v 0.285831 2.251609 -0.581781
v 0.251338 2.147822 -0.495383
v 0.234119 1.786477 -1.284727
v 0.294057 1.744949 -1.286693
v 0.157722 1.876630 -1.310402
v 0.219353 1.778769 -1.446557
v 0.277333 1.761927 -1.447714
v 0.327308 1.765951 -1.450598
v 0.351375 1.739846 -1.292871
v 0.148595 1.816116 -1.450499
v 0.262135 1.757756 -1.603156
v 0.210606 1.761292 -1.603836
v 0.150704 1.788697 -1.611965
v 0.306414 1.759607 -1.603241
v 0.402670 1.754059 -1.302767
v 0.160569 1.998615 -1.336534
v 0.188472 2.077974 -1.367968
v 0.144409 2.042603 -1.523755
v 0.091458 1.981238 -1.489338
v 0.093814 1.884710 -1.462514
v 0.045490 1.940377 -1.657088
v 0.077014 2.019919 -1.685452
v 0.189182 2.105983 -1.552060
v 0.122682 2.085635 -1.716293
v 0.077014 2.019919 -1.685452
v 0.144409 2.042603 -1.523755
v 0.082236 1.850957 -1.626837
v 0.051385 1.902054 -1.738319
v 0.052291 1.859253 -1.816203
v 0.066198 1.768395 -1.753422
v 0.079013 1.814745 -1.693634
v 0.142256 1.701852 -1.707360
v 0.147960 1.751736 -1.663828
v 0.188472 2.077974 -1.367968
v 0.187036 2.122648 -1.215381
v 0.226091 2.192314 -1.236450
v 0.214752 2.148950 -1.391655
v 0.271705 2.198167 -1.414118
v 0.294517 2.242418 -1.254045
v 0.232676 2.166554 -1.574934
v 0.183570 2.144916 -1.746973
v 0.318955 2.305818 -1.103298
v 0.343282 2.224151 -1.430050
v 0.379080 2.262326 -1.268680
v 0.417606 2.333033 -1.117550
v 0.302397 2.203361 -1.597048
v 0.335273 2.404274 -0.961375
v 0.450392 2.434970 -0.973374
v 0.450410 2.371016 -0.690077
v 0.477960 2.464418 -0.855424
v 0.578282 2.430712 -0.860719
v 0.664333 2.407317 -0.859343
v 0.647850 2.394161 -0.986533
v 0.556957 2.423880 -0.977316
v 0.421158 2.223246 -1.443846
v 0.462577 2.265779 -1.285087
v 0.544810 2.245255 -1.299580
v 0.493498 2.194423 -1.450768
v 0.554530 2.144120 -1.451269
v 0.616276 2.197508 -1.305895
v 0.605183 2.329181 -1.156651
v 0.512505 2.344513 -1.137064
v 0.525818 2.105248 -1.609818
v 0.471822 2.168939 -1.618536
v 0.507913 2.052317 -1.768700
v 0.472196 2.146058 -1.804141
v 0.392805 2.209036 -1.613235
v 0.375267 2.211919 -1.809129
v 0.552479 2.036002 -1.592828
v 0.597822 2.076268 -1.442876
v 0.547249 1.964386 -1.564067
v 0.598724 1.999852 -1.419751
v 0.492174 1.909123 -1.694681
v 0.497202 1.974143 -1.729015
v 0.264245 2.196462 -1.780956
v 0.368683 1.769831 -1.456554
v 0.377252 1.753661 -1.604669
v 0.405879 1.780067 -1.467262
v 0.342450 1.755965 -1.602760
v 0.443002 1.800353 -1.480495
v 0.420150 1.762361 -1.617165
v 0.452229 1.798478 -1.637242
v 0.482030 1.842919 -1.502865
v 0.535827 1.868611 -1.358348
v 0.492169 1.817804 -1.333085
v 0.573739 1.930179 -1.388802
v 0.512611 1.903690 -1.529887
v 0.483195 1.842419 -1.662438
v 0.447124 1.782561 -1.315122
v 0.398756 1.742697 -1.671549
v 0.367749 1.724414 -1.652642
v 0.396089 1.703561 -1.719207
v 0.423286 1.734201 -1.744698
v 0.434636 1.769598 -1.692192
v 0.332997 1.721312 -1.647386
v 0.326492 1.669095 -1.678773
v 0.368555 1.676052 -1.689412
v 0.294887 1.724720 -1.650340
v 0.283683 1.672740 -1.684738
v 0.253658 1.728915 -1.655924
v 0.207650 1.735276 -1.660978
v 0.206508 1.701761 -1.716190
v 0.243752 1.682244 -1.698586
v 0.246939 2.148536 -1.887039
v 0.245990 2.066408 -1.975909
v 0.150394 2.064317 -1.931644
v 0.164920 2.107651 -1.839781
v 0.105270 2.045669 -1.805112
v 0.060901 1.984324 -1.772460
v 0.060901 1.984324 -1.772460
v 0.355346 2.155936 -1.922436
v 0.465517 2.090862 -1.897255
v 0.497550 2.001274 -1.843549
v 0.462296 1.809931 -1.715673
v 0.466303 1.763785 -1.763093
v 0.483714 1.820147 -1.805619
v 0.490149 1.865628 -1.751965
v 0.488445 1.929232 -1.793820
v 0.491421 1.879950 -1.855425
v 0.493286 1.946078 -1.915649
v 0.259220 1.554180 -1.767179
v 0.315140 1.549250 -1.755700
v 0.206734 1.595073 -1.817674
v 0.226397 1.571627 -1.795353
v 0.051370 1.652896 -1.835921
v 0.136798 1.601669 -1.802338
v 0.434785 1.614061 -1.829742
v 0.490225 1.639821 -1.827790
v 0.517659 1.696149 -1.881799
v 0.402501 1.584517 -1.797515
v 0.376137 1.556090 -1.762879
v 0.167142 1.880653 -2.088577
v 0.104510 1.911555 -2.103456
v 0.138411 1.749114 -2.203552
v 0.242797 1.867322 -2.075307
v 0.086402 1.811094 -2.004704
v 0.044693 1.862209 -2.056170
v 0.027078 1.725121 -2.159023
v 0.126060 1.681512 -2.134434
v 0.501005 1.748435 -1.952152
v 0.461296 1.791571 -2.007477
v 0.399158 1.821811 -2.050361
v 0.448776 2.019000 -1.976791
v 0.061392 1.938483 -1.856054
v 0.086402 1.811094 -2.004704
v 0.058321 1.736435 -1.928347
v 0.061392 1.938483 -1.856054
v 0.095151 1.997866 -1.891347
v 0.075645 1.769886 -2.214161
v 0.325653 1.832043 -2.069086
v 0.337222 2.058284 -2.008128
v 0.836823 2.277674 -0.734432
v 0.885991 2.162593 -0.692631
v 0.897091 2.048238 -0.631352
v 0.841355 1.938392 -0.564669
v 0.929640 2.158457 -0.287975
v 0.988690 2.286734 -0.187045
v 0.955721 2.238437 -0.413695
v 0.928474 2.322535 -0.535703
v 0.679565 2.388605 -0.667669
v 0.608518 2.396930 -0.679378
v 0.373381 2.329592 -0.639694
v 0.456921 2.380055 -0.682663
v 0.366653 2.326077 -0.648909
v 0.312708 2.244913 -0.568812
v 0.285831 2.251609 -0.581781
v 0.538253 2.395559 -0.684428
v 0.034842 0.919755 -2.276567
v 0.064758 0.987558 -2.312204
v 0.152875 0.938665 -2.247409
v 0.136246 0.885504 -2.257371
v -0.072377 0.964801 -2.279744
v -0.046191 1.065395 -2.324996
v 0.283722 0.985792 -2.296774
v 0.291171 0.850697 -2.246575
v 0.173763 0.848996 -2.222767
v 0.424451 0.921185 -2.248674
v 0.431054 0.829520 -2.217039
v 0.016499 1.155529 -2.397496
v 0.118904 1.049843 -2.376494
v 0.621544 0.943500 -2.378976
v 0.497619 0.912584 -2.386784
v 0.501248 0.959836 -2.350395
v 0.615836 1.040587 -2.377630
v 0.420859 0.885089 -2.295619
v 0.255026 1.095999 -2.442942
v 0.350521 1.131373 -2.449993
v 0.423561 1.033092 -2.398115
v 0.256033 1.198159 -2.444588
v 0.313548 1.197314 -2.446865
v 0.264982 1.286098 -2.415297
v 0.337631 1.279864 -2.445900
v 0.424606 1.227874 -2.459532
v 0.530066 1.139542 -2.442755
v 0.110279 1.234871 -2.407527
v 0.160517 1.147940 -2.425748
v 0.198616 1.208794 -2.431852
v 0.190314 1.282716 -2.414323
v 0.159520 0.729005 -2.565305
v 0.152625 0.755273 -2.371188
v 0.273188 0.773908 -2.411246
v 0.255699 0.787168 -2.605495
v 0.365974 0.753963 -2.605895
v 0.300645 0.707596 -2.637948
v 0.247082 0.726550 -2.650759
v 0.416596 0.756621 -2.407403
v 0.190875 0.692802 -2.624120
v 0.263428 0.677113 -2.711479
v 0.230479 0.688975 -2.711274
v 0.191325 0.673637 -2.694283
v 0.215918 0.672578 -2.850062
v 0.199407 0.667102 -2.781501
v 0.222355 0.671998 -2.788993
v 0.239441 0.665612 -2.788392
v 0.484994 0.809191 -2.450475
v 0.397626 0.781370 -2.387695
v 0.599085 0.817454 -2.442081
v 0.540037 0.677275 -2.559700
v 0.446173 0.680317 -2.562032
v 0.402892 0.599595 -2.513563
v 0.454182 0.618926 -2.552238
v 0.459044 0.553347 -2.547084
v 0.415347 0.535487 -2.518104
v 0.519985 0.618428 -2.536468
v 0.511672 0.551665 -2.537641
v 0.488526 0.483681 -2.563026
v 0.458435 0.490085 -2.568665
v 0.444925 0.421298 -2.633905
v 0.430388 0.475686 -2.552131
v 0.367008 0.653863 -2.512575
v 0.111864 0.813432 -2.227121
v 0.115411 0.809254 -2.408767
v 0.026763 0.848616 -2.421627
v 0.020631 0.847123 -2.288773
v 0.083118 0.776674 -2.710075
v 0.063618 0.786363 -2.711258
v 0.044995 0.784534 -2.572203
v 0.082965 0.772427 -2.567715
v 0.065002 0.783123 -2.777826
v 0.033556 0.811306 -2.468620
v 0.086956 0.787897 -2.461444
v -0.026940 0.799163 -2.463132
v -0.073993 0.836173 -2.417902
v 0.043432 0.778303 -2.708941
v 0.006068 0.772984 -2.568034
v -0.094412 0.865804 -2.273931
v 0.043894 1.672487 -2.274589
v 0.018969 1.650397 -2.242568
v 0.083232 1.660360 -2.272913
v 0.088046 1.630272 -2.251203
v 0.054967 1.620876 -2.228239
v 0.054967 1.620876 -2.228239
v 0.026745 1.574736 -2.324088
v 0.666361 3.078769 4.967588
v 0.694040 3.073442 4.974305
v 0.692732 3.047445 4.931265
v 0.673492 3.048247 4.929564
v 0.704648 3.053375 4.985183
v 0.703070 3.032882 4.937295
v 0.698269 3.032486 4.993414
v 0.698221 3.016095 4.942627
v 0.677783 3.021650 4.996198
v 0.681243 3.011171 4.943641
v 0.660166 3.031343 4.990066
v 0.669803 3.018247 4.941224
v 0.654064 3.045200 4.983913
v 0.666010 3.027632 4.937988
v 0.651587 3.060951 4.975833
v 0.665584 3.037311 4.934049
v 0.666361 3.078769 4.967588
v 0.673492 3.048247 4.929564
v 0.691739 3.013135 4.872587
v 0.689973 3.128223 4.930695
v 0.683239 3.095892 4.872151
v 0.671913 3.129739 4.929629
v 0.699009 3.113942 4.936262
v 0.694287 3.098118 4.941606
v 0.677604 3.092037 4.943299
v 0.665791 3.100142 4.940840
v 0.662770 3.110162 4.937572
v 0.663571 3.119962 4.933781
v 0.671913 3.129739 4.929629
v 0.701828 3.156942 4.856199
v 0.692683 3.113558 4.801569
v 0.682312 3.159107 4.852596
v 0.711040 3.144015 4.864428
v 0.706794 3.129362 4.871998
v 0.690816 3.124038 4.873981
v 0.678710 3.129879 4.870481
v 0.673884 3.138505 4.865424
v 0.672675 3.148069 4.859124
v 0.682312 3.159107 4.852596
v 0.480115 2.808425 5.521877
v 0.477419 2.754917 5.513006
v 0.455887 2.758659 5.503840
v 0.456071 2.810913 5.509908
v 0.487755 2.803603 5.544038
v 0.486426 2.747119 5.532110
v 0.484775 2.797882 5.568825
v 0.481746 2.738415 5.552921
v 0.460969 2.793968 5.588004
v 0.460331 2.733814 5.565370
v 0.435388 2.798098 5.572505
v 0.440096 2.739279 5.554005
v 0.425963 2.803702 5.548416
v 0.434438 2.747431 5.535627
v 0.432085 2.808815 5.522440
v 0.437280 2.754911 5.515919
v 0.456071 2.810913 5.509908
v 0.455887 2.758659 5.503840
v 0.468027 2.703879 5.500381
v 0.455450 2.706680 5.495044
v 0.475546 2.697823 5.511282
v 0.472988 2.690285 5.525141
v 0.458588 2.686104 5.533264
v 0.443162 2.689985 5.527245
v 0.438572 2.697550 5.513819
v 0.443163 2.704010 5.500869
v 0.455450 2.706680 5.495044
v 0.449486 2.638911 5.478426
v 0.520433 2.786712 5.462447
v 0.541344 2.782898 5.472672
v 0.532022 2.731837 5.460006
v 0.519980 2.734689 5.454216
v 0.549467 2.775342 5.491396
v 0.539183 2.725990 5.470522
v 0.545545 2.766816 5.511490
v 0.537238 2.718452 5.483982
v 0.524936 2.761620 5.525036
v 0.523240 2.713319 5.493128
v 0.503400 2.766807 5.514029
v 0.506291 2.717034 5.487238
v 0.497190 2.775213 5.494617
v 0.501389 2.725313 5.472632
v 0.500557 2.782988 5.473786
v 0.506900 2.732174 5.459064
v 0.520433 2.786712 5.462447
v 0.519980 2.734689 5.454216
v 0.515633 2.665269 5.436802
v 0.643725 2.799996 5.295313
v 0.639311 2.759759 5.279806
v 0.621448 2.767099 5.267632
v 0.624936 2.806093 5.284515
v 0.649140 2.792548 5.312426
v 0.643318 2.751125 5.295621
v 0.647856 2.784083 5.333239
v 0.640586 2.742058 5.312622
v 0.625807 2.780324 5.347316
v 0.621553 2.736996 5.325663
v 0.602970 2.787406 5.335421
v 0.599568 2.743819 5.316746
v 0.595282 2.795842 5.313559
v 0.590604 2.754806 5.297358
v 0.601549 2.805290 5.292202
v 0.596594 2.765548 5.274679
v 0.601549 2.805290 5.292202
v 0.596594 2.765548 5.274679
v 0.633726 2.713990 5.257500
v 0.617183 2.722036 5.247668
v 0.636995 2.703645 5.270847
v 0.631751 2.694316 5.282974
v 0.616435 2.688991 5.291594
v 0.598627 2.694983 5.286372
v 0.592928 2.706747 5.272308
v 0.596438 2.718571 5.255148
v 0.596438 2.718571 5.255148
v 0.624496 2.672739 5.230565
v 0.612913 2.678671 5.224432
v 0.628436 2.664618 5.239320
v 0.624000 2.656912 5.248192
v 0.612094 2.652764 5.253533
v 0.599098 2.657490 5.249965
v 0.594976 2.666955 5.240371
v 0.598835 2.675819 5.229376
v 0.598835 2.675819 5.229376
v 0.607016 2.620826 5.189791
v 0.594663 2.786153 5.378758
v 0.592181 2.732661 5.369713
v 0.570626 2.736655 5.358748
v 0.571055 2.788818 5.364743
v 0.601011 2.781343 5.400856
v 0.599685 2.724997 5.389070
v 0.597582 2.775881 5.424387
v 0.595270 2.716594 5.408919
v 0.575514 2.772122 5.442958
v 0.575072 2.711518 5.422099
v 0.549416 2.775620 5.429865
v 0.553793 2.716552 5.411575
v 0.538661 2.781161 5.405332
v 0.547373 2.724948 5.392334
v 0.544545 2.786535 5.377169
v 0.549967 2.732795 5.370849
v 0.544545 2.786535 5.377169
v 0.549967 2.732795 5.370849
v 0.570198 2.684620 5.350793
v 0.582839 2.681616 5.357033
v 0.589984 2.675609 5.368104
v 0.587531 2.668170 5.381782
v 0.573414 2.663274 5.390632
v 0.556455 2.666678 5.384991
v 0.551295 2.674932 5.370328
v 0.556474 2.681960 5.356191
v 0.556474 2.681960 5.356191
v 0.562314 2.612013 5.333271
v 0.666974 2.854769 5.202125
v 0.662492 2.810223 5.177073
v 0.646980 2.817800 5.169017
v 0.650836 2.861326 5.192724
v 0.672857 2.846017 5.215983
v 0.666355 2.799740 5.189121
v 0.671925 2.835640 5.233076
v 0.663039 2.789109 5.201296
v 0.652033 2.827991 5.249258
v 0.646778 2.782450 5.210864
v 0.627564 2.837062 5.238311
v 0.627405 2.789477 5.205124
v 0.620213 2.849603 5.217932
v 0.622240 2.802605 5.190671
v 0.629326 2.860179 5.197415
v 0.627716 2.814759 5.174875
v 0.629326 2.860179 5.197415
v 0.627716 2.814759 5.174875
v 0.654060 2.770401 5.147814
v 0.643012 2.776457 5.142014
v 0.658063 2.762190 5.155858
v 0.653762 2.754339 5.164152
v 0.642251 2.749740 5.169379
v 0.628729 2.754091 5.166346
v 0.624653 2.764306 5.156901
v 0.628978 2.773700 5.146318
v 0.628978 2.773700 5.146318
v 0.637058 2.722089 5.104305
v 0.686799 2.920726 5.102321
v 0.684271 2.886757 5.075605
v 0.661424 2.896418 5.067635
v 0.665594 2.931450 5.091537
v 0.689812 2.907683 5.118717
v 0.690626 2.871791 5.090656
v 0.688533 2.893329 5.137146
v 0.688179 2.854600 5.108444
v 0.665906 2.879229 5.157402
v 0.661964 2.841861 5.125190
v 0.633717 2.893875 5.145425
v 0.636533 2.858364 5.111855
v 0.631429 2.912466 5.123650
v 0.629899 2.875496 5.094437
v 0.636645 2.928421 5.099813
v 0.638422 2.890764 5.076636
v 0.665594 2.931450 5.091537
v 0.661424 2.896418 5.067635
v 0.680568 2.849512 5.040898
v 0.657205 2.858364 5.036459
v 0.689267 2.831814 5.053684
v 0.681702 2.814021 5.067574
v 0.656845 2.806129 5.076121
v 0.639864 2.821899 5.066959
v 0.637196 2.836293 5.057303
v 0.640376 2.849598 5.046674
v 0.657205 2.858364 5.036459
v 0.670096 2.816829 5.004288
v 0.652710 2.821318 5.004111
v 0.678650 2.802445 5.012095
v 0.671692 2.787391 5.021938
v 0.652082 2.786217 5.025654
v 0.642280 2.797316 5.021612
v 0.641375 2.806838 5.016396
v 0.643344 2.814953 5.010589
v 0.652710 2.821318 5.004111
v 0.654398 2.773368 4.951427
v 0.642830 2.952312 5.053502
v 0.655373 2.937727 5.063832
v 0.629982 2.986583 5.097704
v 0.624002 3.001851 5.081710
v 0.639337 2.964852 5.045048
v 0.632844 3.017199 5.067039
v 0.641914 2.977907 5.035825
v 0.658517 2.989042 5.027545
v 0.658517 2.989042 5.027545
v 0.683452 2.982402 5.034892
v 0.681112 2.950930 4.995792
v 0.661538 2.953756 4.993147
v 0.692908 2.963255 5.049898
v 0.689769 2.934953 5.005692
v 0.682784 2.942198 5.063129
v 0.679640 2.919088 5.013977
v 0.660682 2.919851 5.013498
v 0.652792 2.928994 5.009031
v 0.651396 2.937388 5.004359
v 0.654012 2.947441 4.996658
v 0.661538 2.953756 4.993147
v 0.672973 2.910949 4.938344
v 0.540606 2.821860 5.378485
v 0.540606 2.821860 5.378485
v 0.537763 2.839661 5.058252
v 0.551330 2.885803 5.101197
v 0.568851 2.871068 5.112440
v 0.552798 2.819386 5.071840
v 0.570747 2.859686 5.128285
v 0.549942 2.806493 5.086210
v 0.564634 2.851685 5.144496
v 0.543007 2.797113 5.098919
v 0.545590 2.849385 5.157828
v 0.526394 2.789295 5.113073
v 0.524076 2.860499 5.150774
v 0.497261 2.800923 5.112521
v 0.520989 2.872754 5.132344
v 0.490713 2.822441 5.091559
v 0.526619 2.884593 5.113139
v 0.501658 2.842686 5.066920
v 0.551330 2.885803 5.101197
v 0.537763 2.839661 5.058252
v 0.562268 2.921978 5.132330
v 0.576096 2.911284 5.141740
v 0.578823 2.903285 5.154405
v 0.572337 2.898605 5.166787
v 0.558630 2.899054 5.174126
v 0.544901 2.905344 5.169522
v 0.540156 2.913213 5.157229
v 0.544167 2.920810 5.142753
v 0.562268 2.921978 5.132330
v 0.578286 2.982127 5.174091
v 0.539241 2.860952 4.978492
v 0.553667 2.900801 5.014539
v 0.574209 2.883730 5.023906
v 0.555216 2.841436 4.988192
v 0.575328 2.870657 5.041700
v 0.553892 2.827577 5.002503
v 0.565974 2.864107 5.058390
v 0.547620 2.817183 5.017142
v 0.546831 2.865166 5.068957
v 0.527811 2.811167 5.034273
v 0.529748 2.876177 5.062660
v 0.499775 2.827210 5.031138
v 0.526772 2.887209 5.047369
v 0.500459 2.852202 5.013161
v 0.531751 2.897558 5.030307
v 0.509331 2.863243 4.989008
v 0.553667 2.900801 5.014539
v 0.539241 2.860952 4.978492
v 0.568795 2.938089 5.045691
v 0.585378 2.926843 5.052016
v 0.587224 2.917524 5.066701
v 0.578288 2.913779 5.079222
v 0.564659 2.915828 5.083928
v 0.554778 2.921731 5.078550
v 0.551633 2.928495 5.069260
v 0.554964 2.934778 5.058106
v 0.568795 2.938089 5.045691
v 0.594682 2.989263 5.081064
v 0.516590 2.768365 5.117898
v 0.526499 2.801211 5.152810
v 0.542194 2.786925 5.164267
v 0.530914 2.750222 5.130062
v 0.544320 2.776402 5.179106
v 0.529671 2.737782 5.143415
v 0.537977 2.769329 5.194068
v 0.524095 2.727935 5.156687
v 0.520873 2.767130 5.206240
v 0.506514 2.720569 5.171625
v 0.501069 2.776924 5.200235
v 0.478124 2.732363 5.169067
v 0.497091 2.788778 5.183010
v 0.471479 2.753210 5.148691
v 0.501803 2.801176 5.163717
v 0.483273 2.773328 5.124935
v 0.526499 2.801211 5.152810
v 0.516590 2.768365 5.117898
v 0.536896 2.835833 5.186100
v 0.548768 2.826834 5.194089
v 0.551946 2.819765 5.205167
v 0.546686 2.815314 5.216794
v 0.534322 2.815087 5.225838
v 0.519398 2.821709 5.221638
v 0.515611 2.829480 5.208133
v 0.520260 2.836442 5.193913
v 0.536896 2.835833 5.186100
v 0.552709 2.893142 5.233684
v 0.508965 2.752997 5.217034
v 0.521714 2.743599 5.229934
v 0.510608 2.700521 5.204329
v 0.498741 2.712554 5.190459
v 0.524336 2.737613 5.244570
v 0.510312 2.692479 5.218246
v 0.520171 2.733869 5.259498
v 0.506660 2.685646 5.232284
v 0.504409 2.734146 5.270555
v 0.490941 2.680967 5.247934
v 0.485557 2.741385 5.263717
v 0.461947 2.690610 5.244744
v 0.481587 2.748925 5.244853
v 0.453671 2.707758 5.219515
v 0.486213 2.756757 5.223658
v 0.468238 2.721082 5.191507
v 0.508965 2.752997 5.217034
v 0.498741 2.712554 5.190459
v 0.519815 2.795548 5.239594
v 0.529263 2.789143 5.249443
v 0.531510 2.785266 5.260240
v 0.527660 2.783514 5.270937
v 0.516976 2.784889 5.278413
v 0.502989 2.789941 5.274978
v 0.497963 2.795048 5.260728
v 0.503021 2.798904 5.244648
v 0.519815 2.795548 5.239594
v 0.531407 2.861574 5.269737
v 0.484182 2.737470 5.292240
v 0.498337 2.727344 5.306911
v 0.488017 2.683071 5.282965
v 0.475454 2.697364 5.265477
v 0.499835 2.721673 5.322964
v 0.486505 2.675038 5.298477
v 0.494548 2.718689 5.338448
v 0.481149 2.669171 5.313188
v 0.478386 2.719712 5.349057
v 0.464486 2.665992 5.328244
v 0.461472 2.726406 5.340484
v 0.439522 2.675439 5.321181
v 0.457859 2.732462 5.322888
v 0.432541 2.689051 5.298741
v 0.461238 2.739311 5.302596
v 0.441536 2.703923 5.270704
v 0.484182 2.737470 5.292240
v 0.475454 2.697364 5.265477
v 0.494146 2.779693 5.315612
v 0.505596 2.773679 5.324900
v 0.508725 2.769885 5.337047
v 0.504169 2.768485 5.349502
v 0.491491 2.770529 5.356787
v 0.478350 2.775069 5.350535
v 0.475283 2.778598 5.336867
v 0.479287 2.781496 5.322832
v 0.494146 2.779693 5.315612
v 0.510636 2.849003 5.346482
v 0.451080 2.731826 5.352517
v 0.464220 2.729237 5.355486
v 0.459866 2.686827 5.331912
v 0.442188 2.695419 5.323541
v 0.464220 2.729237 5.355486
v 0.474189 2.723176 5.368563
v 0.462437 2.677259 5.347956
v 0.459866 2.686827 5.331912
v 0.465087 2.721431 5.382889
v 0.450130 2.674451 5.361086
v 0.450196 2.724311 5.385467
v 0.434345 2.676734 5.364567
v 0.439287 2.727902 5.380492
v 0.422023 2.679706 5.359410
v 0.436494 2.731455 5.369009
v 0.414911 2.686459 5.345489
v 0.441172 2.733210 5.356136
v 0.421450 2.696820 5.327748
v 0.463400 2.773875 5.369344
v 0.469991 2.772856 5.369565
v 0.469991 2.772856 5.369565
v 0.478996 2.769811 5.376821
v 0.475782 2.768311 5.388907
v 0.463512 2.770189 5.392796
v 0.453543 2.773313 5.387361
v 0.452974 2.775330 5.378169
v 0.459697 2.774771 5.370561
v 0.482032 2.832295 5.379883
v 0.430294 2.707944 5.379049
v 0.445506 2.706049 5.383257
v 0.446416 2.666556 5.354167
v 0.427971 2.673679 5.345821
v 0.445506 2.706049 5.383257
v 0.452330 2.698420 5.398172
v 0.448341 2.655836 5.368704
v 0.446416 2.666556 5.354167
v 0.440747 2.695525 5.407496
v 0.437234 2.650553 5.379004
v 0.429629 2.695551 5.408708
v 0.423181 2.649652 5.381896
v 0.421675 2.696097 5.406274
v 0.414705 2.655349 5.372844
v 0.414705 2.655349 5.372844
v 0.414935 2.699608 5.398657
v 0.407959 2.656137 5.364693
v 0.414705 2.655349 5.372844
v 0.418009 2.706139 5.383924
v 0.416737 2.665672 5.358086
v 0.416737 2.665672 5.358086
v 0.433343 2.750861 5.400587
v 0.440573 2.750878 5.401041
v 0.440573 2.750878 5.401041
v 0.449543 2.748017 5.408906
v 0.444741 2.744090 5.418854
v 0.434067 2.743330 5.420854
v 0.425913 2.745057 5.417238
v 0.423535 2.748420 5.410290
v 0.429060 2.750782 5.402136
v 0.437960 2.800831 5.412767
v 0.548708 2.898207 4.943557
v 0.563661 2.935085 4.975194
v 0.580181 2.923891 4.981470
v 0.570502 2.880981 4.952393
v 0.582357 2.914534 4.996166
v 0.571531 2.867220 4.971133
v 0.573472 2.910707 5.009015
v 0.561240 2.860777 4.988158
v 0.559495 2.912809 5.014153
v 0.541772 2.862313 4.997858
v 0.549255 2.918924 5.008430
v 0.525712 2.873120 4.990989
v 0.546173 2.925733 4.998787
v 0.522829 2.883730 4.976476
v 0.549707 2.931944 4.987485
v 0.527303 2.894066 4.959949
v 0.563661 2.935085 4.975194
v 0.548708 2.898207 4.943557
v 0.590538 2.986838 5.011588
v 0.562744 2.963099 4.895414
v 0.581051 2.989702 4.933649
v 0.594871 2.982524 4.934136
v 0.586370 2.945800 4.897140
v 0.562744 2.963099 4.895414
v 0.598213 2.971783 4.945240
v 0.587232 2.929924 4.912195
v 0.590492 2.965594 4.957111
v 0.576617 2.921915 4.926323
v 0.576796 2.966861 4.961916
v 0.559130 2.922456 4.934002
v 0.567044 2.973557 4.957686
v 0.546376 2.932033 4.929690
v 0.565979 2.980865 4.949063
v 0.543675 2.943191 4.919427
v 0.570184 2.987345 4.940647
v 0.547612 2.954840 4.906703
v 0.581051 2.989702 4.933649
v 0.562744 2.963099 4.895414
v 0.562744 2.963099 4.895414
v 0.603815 3.039327 4.976901
v 0.578041 2.993856 4.862250
v 0.593328 3.022779 4.901878
v 0.606277 3.014145 4.904034
v 0.601413 2.978340 4.864929
v 0.608551 3.004264 4.914235
v 0.600458 2.961623 4.881304
v 0.600503 2.999348 4.923645
v 0.587465 2.955783 4.894306
v 0.589432 2.999927 4.928183
v 0.571817 2.957405 4.899635
v 0.579360 3.005678 4.926847
v 0.562744 2.963099 4.895414
v 0.562744 2.963099 4.895414
v 0.576244 3.013921 4.918787
v 0.555217 2.975640 4.888909
v 0.562744 2.963099 4.895414
v 0.580832 3.020936 4.909353
v 0.559282 2.987627 4.875854
v 0.593328 3.022779 4.901878
v 0.578041 2.993856 4.862250
v 0.615116 3.068664 4.944491
v 0.618684 3.079749 4.817752
v 0.629013 3.114882 4.854102
v 0.640745 3.108531 4.857766
v 0.638701 3.066075 4.825989
v 0.642207 3.101496 4.868015
v 0.638316 3.054175 4.842368
v 0.634734 3.098173 4.875888
v 0.626145 3.050869 4.852887
v 0.625083 3.098564 4.878602
v 0.612833 3.051780 4.856321
v 0.616960 3.102304 4.876258
v 0.602512 3.055905 4.854153
v 0.613303 3.108256 4.869170
v 0.596424 3.064363 4.845325
v 0.616987 3.113985 4.859856
v 0.601582 3.073115 4.831676
v 0.629013 3.114882 4.854102
v 0.618684 3.079749 4.817752
v 0.639919 3.158004 4.887335
v 0.656939 3.173697 4.832829
v 0.658644 3.129269 4.805590
v 0.645340 3.129901 4.799693
v 0.660614 3.123201 4.819530
v 0.649719 3.117239 4.824677
v 0.634908 3.115679 4.821327
v 0.628412 3.121002 4.810016
v 0.633976 3.126173 4.802123
v 0.645340 3.129901 4.799693
v 0.688512 3.206881 4.813945
v 0.689312 3.158799 4.784556
v 0.676762 3.164531 4.782398
v 0.692826 3.151043 4.795897
v 0.683594 3.148191 4.804228
v 0.666948 3.154023 4.802042
v 0.666093 3.163873 4.787943
v 0.676762 3.164531 4.782398
v 0.601922 3.048942 4.843471
v 0.612422 3.079791 4.883631
v 0.624473 3.073055 4.885958
v 0.622660 3.036624 4.847378
v 0.627152 3.064010 4.895396
v 0.625339 3.020844 4.862291
v 0.618880 3.059022 4.903303
v 0.611697 3.014257 4.874154
v 0.608398 3.059092 4.906035
v 0.595796 3.015210 4.877772
v 0.599780 3.063528 4.903961
v 0.585068 3.021335 4.874435
v 0.596022 3.070933 4.897496
v 0.580538 3.031332 4.866194
v 0.600176 3.078151 4.889015
v 0.586018 3.041512 4.854711
v 0.612422 3.079791 4.883631
v 0.601922 3.048942 4.843471
v 0.627369 3.121011 4.921256
v 0.584033 3.156948 2.361215
v 0.599294 3.191895 2.310046
v 0.413683 2.797303 5.544666
v 0.411414 2.743782 5.535584
v 0.391036 2.747449 5.526467
v 0.391167 2.799793 5.532879
v 0.420722 2.792610 5.565615
v 0.418419 2.736421 5.554019
v 0.416636 2.787353 5.588286
v 0.414132 2.728469 5.572668
v 0.395294 2.723184 5.586041
v 0.395913 2.783089 5.608906
v 0.366210 2.785740 5.597380
v 0.371965 2.726943 5.577883
v 0.359878 2.792512 5.569941
v 0.367834 2.736204 5.557099
v 0.367864 2.797802 5.544479
v 0.372737 2.743858 5.537660
v 0.391167 2.799793 5.532879
v 0.391036 2.747449 5.526467
v 0.403346 2.692870 5.521401
v 0.390528 2.695754 5.515955
v 0.409635 2.687029 5.532906
v 0.406055 2.680697 5.545536
v 0.393511 2.676618 5.552995
v 0.378642 2.679320 5.548348
v 0.373801 2.686604 5.535268
v 0.378302 2.693011 5.522324
v 0.390528 2.695754 5.515955
v 0.390027 2.632256 5.500065
v 0.416737 2.665673 5.358086
v 0.400833 2.676494 5.347387
v 0.392498 2.707242 5.383614
v 0.405035 2.705500 5.391010
v 0.416737 2.665673 5.358086
v 0.414705 2.655349 5.372844
v 0.416737 2.665673 5.358086
v 0.406438 2.697178 5.405547
v 0.414705 2.655349 5.372844
v 0.400013 2.650320 5.380414
v 0.414705 2.655349 5.372844
v 0.394140 2.692875 5.412680
v 0.381689 2.692684 5.410949
v 0.384632 2.649588 5.378537
v 0.373202 2.693901 5.405595
v 0.374002 2.651914 5.370311
v 0.369726 2.699402 5.394623
v 0.370317 2.657649 5.360501
v 0.370317 2.657649 5.360501
v 0.381118 2.705389 5.384361
v 0.380983 2.671394 5.345838
v 0.370317 2.657649 5.360501
v 0.400833 2.676494 5.347387
v 0.392498 2.707242 5.383614
v 0.394580 2.748727 5.410820
v 0.388448 2.747957 5.410213
v 0.403152 2.745812 5.420278
v 0.394597 2.740778 5.429536
v 0.382293 2.740105 5.427876
v 0.376721 2.742625 5.419850
v 0.380353 2.745648 5.413824
v 0.386345 2.747638 5.410645
v 0.388448 2.747957 5.410213
v 0.393909 2.797013 5.427730
v 0.450991 2.827251 5.211645
v 0.436613 2.809900 5.230709
v 0.439577 2.813323 5.209523
v 0.450485 2.823384 5.202898
v 0.432672 2.820548 5.238297
v 0.436613 2.809900 5.230709
v 0.450991 2.827251 5.211645
v 0.448588 2.839266 5.216611
v 0.478863 2.896324 5.137182
v 0.467435 2.918538 5.142106
v 0.457178 2.880506 5.182436
v 0.465841 2.862205 5.181683
v 0.452516 2.929348 5.142625
v 0.446267 2.891999 5.181427
v 0.440652 2.868695 5.208611
v 0.443661 2.855552 5.214724
v 0.479132 2.875223 5.131712
v 0.486590 2.918246 5.078937
v 0.486509 2.938860 5.084194
v 0.467636 2.845210 5.177223
v 0.428450 2.840466 5.232831
v 0.428786 2.864715 5.215029
v 0.412834 2.861102 5.219301
v 0.412835 2.831980 5.241610
v 0.417081 2.808522 5.249391
v 0.432051 2.894854 5.182607
v 0.422133 2.795573 5.238753
v 0.422133 2.795573 5.238753
v 0.423605 2.806003 5.213607
v 0.405328 2.788641 5.240397
v 0.401335 2.802847 5.252982
v 0.460283 2.834432 5.172721
v 0.467636 2.845210 5.177223
v 0.444810 2.824454 5.172008
v 0.426704 2.821738 5.174166
v 0.405328 2.788641 5.240397
v 0.406261 2.802288 5.214226
v 0.408414 2.823537 5.176614
v 0.475489 2.900158 5.071687
v 0.486590 2.918246 5.078937
v 0.479132 2.875223 5.131712
v 0.469659 2.857131 5.126607
v 0.450119 2.843891 5.123999
v 0.452642 2.886975 5.068609
v 0.389157 2.800942 5.213717
v 0.389159 2.786703 5.239417
v 0.389154 2.821014 5.177335
v 0.389146 2.866453 5.072361
v 0.417187 2.879728 5.073530
v 0.411956 2.845803 5.129471
v 0.389151 2.836374 5.129883
v 0.429991 2.843388 5.126468
v 0.397568 2.826584 5.242615
v 0.389158 2.823433 5.240483
v 0.389159 2.801022 5.252419
v 0.389155 2.853971 5.213066
v 0.397818 2.857091 5.217429
v 0.389159 2.786703 5.239417
v 0.414130 2.892438 5.180707
v 0.415193 2.929742 5.136250
v 0.398125 2.925462 5.127429
v 0.398218 2.889324 5.176389
v 0.389151 2.885235 5.170842
v 0.423530 2.985042 5.034539
v 0.401200 2.973904 5.019234
v 0.399162 2.962445 5.069960
v 0.418972 2.970168 5.083848
v 0.441724 2.972597 5.092018
v 0.447472 2.989039 5.045290
v 0.454515 2.996632 4.990414
v 0.427772 2.990487 4.977110
v 0.404351 2.977999 4.961700
v 0.389135 2.972110 4.953820
v 0.389139 2.971813 5.014205
v 0.389142 2.960341 5.066214
v 0.468365 2.983814 5.048370
v 0.460344 2.969116 5.093108
v 0.476771 2.959536 5.092046
v 0.485289 2.974886 5.046984
v 0.477415 2.994546 4.996238
v 0.496016 2.982944 4.993057
v 0.493958 2.955828 5.038383
v 0.504076 2.961967 4.982977
v 0.506792 3.004255 4.939960
v 0.487078 3.014814 4.942485
v 0.516154 2.983448 4.929740
v 0.462974 3.016789 4.937009
v 0.429999 2.885279 5.072123
v 0.415457 2.905453 5.027790
v 0.436291 2.910722 5.029198
v 0.414582 2.924509 4.976322
v 0.433675 2.924780 4.974434
v 0.389143 2.889865 5.026509
v 0.389139 2.904392 4.975430
v 0.414297 2.934325 4.919130
v 0.440368 2.936946 4.917028
v 0.410342 2.958138 4.863007
v 0.451366 2.967031 4.861406
v 0.462536 2.923683 4.970059
v 0.457158 2.913033 5.024819
v 0.468007 2.940360 4.909907
v 0.415987 2.988729 4.812759
v 0.455483 3.008537 4.811911
v 0.389136 2.916578 4.916452
v 0.389131 2.952169 4.863333
v 0.389127 2.991845 4.817176
v 0.486496 2.929483 4.967798
v 0.480473 2.921126 5.025484
v 0.494772 2.949655 4.908789
v 0.480181 2.977709 4.854617
v 0.506832 2.988702 4.859608
v 0.487622 3.028438 4.809309
v 0.522003 3.033559 4.814913
v 0.514326 2.964204 4.919328
v 0.503265 2.943969 4.974790
v 0.527144 3.003511 4.872956
v 0.493618 2.935799 5.031350
v 0.493618 2.935799 5.031350
v 0.503265 2.943969 4.974790
v 0.456367 3.048016 4.765409
v 0.501467 3.059496 4.762895
v 0.460545 3.071032 4.722229
v 0.510455 3.080842 4.720193
v 0.425361 3.022706 4.767366
v 0.430078 3.050116 4.727317
v 0.429711 3.061281 4.664715
v 0.470388 3.072746 4.664088
v 0.517993 3.089829 4.653467
v 0.533463 3.099619 4.719223
v 0.531370 3.073245 4.767792
v 0.545961 3.109073 4.647827
v 0.389119 3.059180 4.725400
v 0.389115 3.058090 4.657460
v 0.389123 3.029805 4.768732
v 0.514326 2.964204 4.919328
v 0.527144 3.003511 4.872956
v 0.529941 3.024265 4.884425
v 0.543174 3.048961 4.829446
v 0.549273 3.070015 4.842518
v 0.553474 3.090551 4.781621
v 0.561830 3.110445 4.796103
v 0.562965 3.118340 4.730601
v 0.576614 3.140212 4.745837
v 0.581357 3.131808 4.659575
v 0.595886 3.161225 4.675531
v 0.594491 3.188424 4.693080
v 0.572494 3.168813 4.764392
v 0.555214 3.136600 4.812188
v 0.562965 3.118340 4.730601
v 0.553474 3.090551 4.781621
v 0.543174 3.048961 4.829446
v 0.538889 3.093959 4.854122
v 0.520873 3.045934 4.894900
v 0.501359 3.057768 4.896228
v 0.519228 3.107710 4.855093
v 0.581357 3.131808 4.659575
v 0.606812 3.144563 4.591042
v 0.577188 3.119853 4.577872
v 0.597622 3.126908 4.512833
v 0.626469 3.158751 4.519502
v 0.545819 3.099552 4.517792
v 0.564955 3.061599 4.458009
v 0.609146 3.106851 4.446111
v 0.608628 3.068429 4.326292
v 0.565171 3.008548 4.334560
v 0.509492 2.979841 4.347045
v 0.510065 3.033107 4.467284
v 0.505689 3.055599 4.532198
v 0.531015 3.106959 4.581454
v 0.489455 3.062334 4.601115
v 0.632750 3.176823 4.505544
v 0.619234 3.172792 4.605950
v 0.606812 3.144563 4.591042
v 0.626469 3.158751 4.519502
v 0.629075 3.193136 4.505768
v 0.616518 3.200212 4.621124
v 0.634012 3.151825 4.449440
v 0.637265 3.122668 4.345876
v 0.636377 3.155366 4.341376
v 0.638181 3.173827 4.424177
v 0.637265 3.122668 4.345876
v 0.634012 3.151825 4.449440
v 0.408589 2.993341 4.906944
v 0.389132 2.984058 4.896400
v 0.414068 3.032489 4.859128
v 0.389127 3.022612 4.849126
v 0.418478 3.081888 4.817226
v 0.389122 3.068954 4.791654
v 0.420152 3.131910 4.781401
v 0.389118 3.114695 4.752685
v 0.443846 3.045489 4.873332
v 0.455514 3.101097 4.832899
v 0.433186 3.008136 4.922523
v 0.389099 3.144000 4.442211
v 0.436634 3.188949 4.467772
v 0.449822 3.200585 4.374613
v 0.389093 3.142905 4.345221
v 0.389105 3.149218 4.548602
v 0.423465 3.176393 4.563713
v 0.389115 3.140866 4.720986
v 0.421589 3.164175 4.744325
v 0.420793 3.187870 4.682673
v 0.389111 3.158726 4.661477
v 0.552365 3.183347 4.769936
v 0.536114 3.150179 4.815087
v 0.572608 3.206594 4.699611
v 0.598159 3.203014 4.601984
v 0.508588 3.155849 4.807025
v 0.492767 3.112590 4.848073
v 0.476007 3.058087 4.888825
v 0.466045 3.149018 4.794794
v 0.520201 3.186371 4.764385
v 0.531115 3.213134 4.698852
v 0.556934 3.210612 4.600204
v 0.615882 3.206252 4.505029
v 0.579585 3.214497 4.505630
v 0.470250 3.209241 4.693756
v 0.470691 3.179401 4.755267
v 0.519524 3.214014 4.491973
v 0.489058 3.206982 4.586350
v 0.624750 3.201834 4.413651
v 0.620197 3.189405 4.321060
v 0.586917 3.200924 4.304028
v 0.591756 3.212493 4.408913
v 0.534682 3.216031 4.397068
v 0.634774 3.188270 4.420181
v 0.634032 3.174148 4.334333
v 0.669469 3.139944 4.238036
v 0.654285 3.163363 4.220873
v 0.640906 3.175958 4.202199
v 0.593010 3.185417 4.178027
v 0.532472 3.211804 4.285522
v 0.534983 3.182266 4.159511
v 0.433363 3.043881 4.523115
v 0.429408 3.054345 4.594265
v 0.389112 3.042580 4.590348
v 0.389110 3.010358 4.525828
v 0.439695 3.022369 4.454732
v 0.435762 2.973028 4.333449
v 0.389107 2.973761 4.459166
v 0.372145 2.920358 4.321850
v 0.509881 2.944947 4.210066
v 0.563703 2.971263 4.197556
v 0.645459 3.082882 4.218734
v 0.627852 3.047230 4.210323
v 0.425556 2.914881 4.179439
v 0.350598 2.889475 4.162466
v 0.461623 3.199679 4.269727
v 0.389087 3.154038 4.250874
v 0.475471 3.172198 4.147128
v 0.645459 3.082882 4.218734
v 0.389081 3.162205 4.135980
v 0.435479 2.933805 5.143294
v 0.389147 2.922705 5.122842
v 0.327321 2.827247 5.211652
v 0.327826 2.823380 5.202905
v 0.338735 2.813320 5.209529
v 0.341702 2.809896 5.230715
v 0.345644 2.820545 5.238303
v 0.329724 2.839262 5.216618
v 0.327321 2.827247 5.211652
v 0.341702 2.809896 5.230715
v 0.299435 2.896317 5.137192
v 0.312465 2.862200 5.181693
v 0.321126 2.880501 5.182445
v 0.310862 2.918533 5.142115
v 0.332037 2.891995 5.181433
v 0.325779 2.929343 5.142632
v 0.334649 2.855549 5.214730
v 0.337656 2.868691 5.208618
v 0.291779 2.938852 5.084205
v 0.291699 2.918238 5.078948
v 0.299167 2.875216 5.131722
v 0.310670 2.845205 5.177232
v 0.349863 2.840463 5.232835
v 0.349523 2.864713 5.215034
v 0.365480 2.831978 5.241613
v 0.365476 2.861101 5.219304
v 0.361237 2.808520 5.249394
v 0.346252 2.894852 5.182612
v 0.356184 2.795570 5.238757
v 0.354708 2.806000 5.213611
v 0.356184 2.795570 5.238757
v 0.372990 2.788640 5.240399
v 0.376984 2.802846 5.252983
v 0.310670 2.845205 5.177232
v 0.318024 2.834427 5.172729
v 0.333498 2.824451 5.172014
v 0.351603 2.821736 5.174170
v 0.372053 2.802287 5.214227
v 0.372990 2.788640 5.240399
v 0.369894 2.823536 5.176616
v 0.302801 2.900152 5.071697
v 0.308641 2.857125 5.126617
v 0.299167 2.875216 5.131722
v 0.291699 2.918238 5.078948
v 0.325649 2.886971 5.068616
v 0.328181 2.843886 5.124006
v 0.366345 2.845802 5.129473
v 0.361105 2.879726 5.073533
v 0.348310 2.843385 5.126473
v 0.380747 2.826583 5.242616
v 0.380492 2.857091 5.217430
v 0.364173 2.892437 5.180711
v 0.363102 2.929741 5.136254
v 0.380085 2.889324 5.176390
v 0.380169 2.925462 5.127430
v 0.354749 2.985040 5.034543
v 0.359314 2.970166 5.083851
v 0.379123 2.962445 5.069961
v 0.377078 2.973903 5.019235
v 0.330808 2.989036 5.045296
v 0.336562 2.972594 5.092024
v 0.323758 2.996627 4.990422
v 0.350500 2.990484 4.977115
v 0.373920 2.977998 4.961702
v 0.309916 2.983809 5.048378
v 0.292992 2.974879 5.046995
v 0.301517 2.959530 5.092056
v 0.317943 2.969111 5.093117
v 0.300859 2.994539 4.996248
v 0.282258 2.982936 4.993070
v 0.284323 2.955821 5.038395
v 0.274199 2.961959 4.982990
v 0.291188 3.014806 4.942497
v 0.271475 3.004247 4.939974
v 0.262113 2.983438 4.929754
v 0.315291 3.016783 4.937018
v 0.348292 2.885276 5.072128
v 0.341993 2.910720 5.029203
v 0.362828 2.905451 5.027793
v 0.344602 2.924777 4.974440
v 0.363695 2.924507 4.976325
v 0.363973 2.934324 4.919132
v 0.337902 2.936941 4.917034
v 0.367919 2.958137 4.863009
v 0.326895 2.967026 4.861413
v 0.321126 2.913027 5.024827
v 0.315741 2.923678 4.970068
v 0.310262 2.940354 4.909917
v 0.322768 3.008533 4.811919
v 0.362267 2.988727 4.812762
v 0.297810 2.921119 5.025495
v 0.291780 2.929476 4.967809
v 0.283496 2.949646 4.908801
v 0.271427 2.988693 4.859622
v 0.298078 2.977702 4.854628
v 0.290628 3.028430 4.809321
v 0.256247 3.033549 4.814928
v 0.275010 2.943960 4.974803
v 0.263942 2.964194 4.919343
v 0.251115 3.003501 4.872971
v 0.284664 2.935791 5.031362
v 0.284664 2.935791 5.031362
v 0.275010 2.943960 4.974803
v 0.276775 3.059488 4.762908
v 0.321877 3.048010 4.765417
v 0.267780 3.080832 4.720207
v 0.317692 3.071028 4.722238
v 0.352884 3.022704 4.767371
v 0.348160 3.050113 4.727322
v 0.348520 3.061278 4.664720
v 0.307842 3.072740 4.664098
v 0.260234 3.089820 4.653481
v 0.246872 3.073234 4.767808
v 0.244771 3.099608 4.719240
v 0.232264 3.109062 4.647844
v 0.248317 3.024253 4.884440
v 0.251115 3.003501 4.872971
v 0.263942 2.964194 4.919343
v 0.228977 3.070003 4.842536
v 0.235077 3.048949 4.829463
v 0.224768 3.090538 4.781639
v 0.216412 3.110432 4.796123
v 0.201620 3.140197 4.745859
v 0.215268 3.118326 4.730621
v 0.182339 3.161208 4.675555
v 0.196868 3.131793 4.659597
v 0.183733 3.188408 4.693104
v 0.205740 3.168799 4.764413
v 0.223028 3.136588 4.812207
v 0.224768 3.090538 4.781639
v 0.215268 3.118326 4.730621
v 0.235077 3.048949 4.829463
v 0.257386 3.045924 4.894915
v 0.239361 3.093948 4.854139
v 0.276898 3.057760 4.896242
v 0.259021 3.107700 4.855106
v 0.196868 3.131793 4.659597
v 0.171404 3.144547 4.591067
v 0.151738 3.158732 4.519529
v 0.180586 3.126892 4.512856
v 0.201028 3.119838 4.577893
v 0.169057 3.106834 4.446136
v 0.213252 3.061586 4.458029
v 0.232392 3.099539 4.517809
v 0.141483 3.076646 4.330279
v 0.183918 3.014950 4.337667
v 0.239851 2.984151 4.349138
v 0.268146 3.033097 4.467297
v 0.272527 3.055591 4.532211
v 0.247203 3.106948 4.581470
v 0.288768 3.062326 4.601127
v 0.145453 3.176805 4.505571
v 0.151738 3.158732 4.519529
v 0.171404 3.144547 4.591067
v 0.158981 3.172773 4.605977
v 0.161697 3.200194 4.621150
v 0.149126 3.193117 4.505795
v 0.144187 3.151806 4.449468
v 0.140013 3.173808 4.424206
v 0.141809 3.155347 4.341403
v 0.140924 3.122649 4.345904
v 0.140924 3.122649 4.345904
v 0.144187 3.151806 4.449468
v 0.369675 2.993339 4.906946
v 0.364187 3.032487 4.859131
v 0.359768 3.081887 4.817230
v 0.358086 3.131907 4.781404
v 0.334410 3.045485 4.873337
v 0.322733 3.101092 4.832907
v 0.345078 3.008133 4.922527
v 0.328363 3.200581 4.374620
v 0.341563 3.188946 4.467777
v 0.354745 3.176390 4.563717
v 0.357430 3.187867 4.682677
v 0.356643 3.164172 4.744328
v 0.225868 3.183335 4.769954
v 0.242127 3.150168 4.815104
v 0.205616 3.206580 4.699632
v 0.180053 3.202998 4.602007
v 0.285480 3.112582 4.848085
v 0.269652 3.155840 4.807039
v 0.302250 3.058080 4.888835
v 0.312194 3.149013 4.794802
v 0.258031 3.186362 4.764399
v 0.247107 3.213124 4.698868
v 0.221277 3.210599 4.600222
v 0.198615 3.214483 4.505650
v 0.162318 3.206235 4.505054
v 0.307540 3.179395 4.755277
v 0.307973 3.209234 4.693766
v 0.258674 3.214005 4.491988
v 0.289151 3.206975 4.586362
v 0.153441 3.201816 4.413678
v 0.186433 3.212478 4.408936
v 0.191260 3.200909 4.304050
v 0.157984 3.189387 4.321086
v 0.243505 3.216019 4.397084
v 0.143418 3.188250 4.420209
v 0.144151 3.174129 4.334361
v 0.123887 3.163342 4.220903
v 0.108707 3.139922 4.238068
v 0.137262 3.175939 4.202227
v 0.185154 3.185401 4.178050
v 0.245702 3.211793 4.285539
v 0.243180 3.182255 4.159528
v 0.344853 3.043878 4.523120
v 0.348816 3.054342 4.594269
v 0.338515 3.022365 4.454738
v 0.311960 2.975107 4.334458
v 0.209657 2.954577 4.214719
v 0.159479 2.983902 4.203664
v 0.097724 3.095599 4.224891
v 0.109697 3.060511 4.216749
v 0.282635 2.920157 4.181987
v 0.316551 3.199675 4.269735
v 0.302691 3.172192 4.147138
v 0.097724 3.095599 4.224891
v 0.342816 2.933801 5.143300
v 0.053769 3.718290 4.741074
v 0.056007 3.738491 4.760747
v 0.051057 3.748384 4.756287
v 0.046870 3.725222 4.730340
v 0.056002 3.757303 4.786091
v 0.059787 3.744398 4.788546
v 0.077521 3.750489 4.813489
v 0.074881 3.739148 4.813356
v 0.103804 3.734426 4.830496
v 0.094800 3.725133 4.828547
v 0.113894 3.695247 4.831630
v 0.118649 3.696800 4.840203
v 0.125461 3.673904 4.821663
v 0.130178 3.668365 4.828753
v 0.122701 3.651556 4.806718
v 0.130235 3.643515 4.805447
v 0.131298 3.656232 4.819978
v 0.127051 3.659963 4.815421
v 0.096583 3.646406 4.789174
v 0.098041 3.632545 4.783006
v 0.076402 3.654612 4.766236
v 0.071339 3.641147 4.756382
v 0.060765 3.676562 4.747214
v 0.046478 3.664252 4.733031
v 0.054194 3.695717 4.741825
v 0.043382 3.694902 4.725178
v 0.032360 3.733283 4.714009
v 0.036284 3.766137 4.750932
v 0.005383 3.794616 4.740324
v -0.002805 3.760075 4.689529
v 0.039800 3.775016 4.791696
v 0.024383 3.809149 4.808609
v 0.075387 3.767015 4.826318
v 0.063428 3.778824 4.843059
v 0.101941 3.743756 4.845366
v 0.090020 3.741071 4.863441
v 0.125179 3.700981 4.850026
v 0.121151 3.699430 4.869077
v 0.129473 3.651442 4.857353
v 0.137929 3.664119 4.837549
v 0.136331 3.649613 4.825962
v 0.134035 3.628777 4.809319
v 0.118609 3.600184 4.825228
v 0.091908 3.609997 4.778125
v 0.086645 3.568733 4.781977
v 0.053751 3.619424 4.748182
v 0.025088 3.557937 4.712874
v 0.020282 3.646832 4.720627
v -0.014315 3.602102 4.670559
v 0.029468 3.690475 4.703226
v -0.017108 3.667885 4.647270
v -0.036399 3.863989 4.733495
v -0.035034 3.783695 4.659055
v -0.019171 3.876127 4.842124
v 0.030695 3.811170 4.896970
v 0.078480 3.742586 4.916668
v 0.105987 3.677979 4.925543
v 0.118972 3.611975 4.907601
v 0.105110 3.562062 4.868678
v 0.048833 3.513929 4.814654
v -0.037963 3.525139 4.732634
v -0.066325 3.591206 4.669678
v -0.083011 3.677196 4.634401
v -0.079602 3.903641 4.724241
v -0.043089 3.806344 4.643854
v -0.062556 3.905030 4.892844
v -0.008924 3.829797 4.957517
v 0.033078 3.775848 4.974334
v 0.099966 3.673760 4.989388
v 0.140992 3.589844 4.949731
v 0.122138 3.511182 4.899275
v 0.058875 3.456752 4.839924
v -0.055610 3.481482 4.728213
v -0.087057 3.560464 4.639708
v -0.073527 3.684006 4.573934
v 0.111960 3.435655 4.992211
v 0.151564 3.503115 5.040871
v 0.088079 3.369034 4.938299
v 0.119897 3.420653 5.145211
v 0.082263 3.362189 5.089467
v 0.067025 3.286738 5.033766
v -0.059752 3.946895 4.959215
v -0.014805 3.916010 4.972920
v -0.018622 3.854762 5.016699
v 0.032043 3.811862 5.004030
v 0.030374 3.766673 5.035480
v 0.063805 3.718768 5.036275
v 0.173248 3.485479 5.223519
v 0.142661 3.602656 5.099166
v 0.166335 3.558275 5.071404
v 0.164739 3.456007 5.186903
v 0.102091 3.703154 5.045684
v 0.100518 3.660694 5.029611
v 0.028011 3.924212 4.957726
v 0.001958 3.967039 4.937084
v 0.096877 3.842024 4.987871
v 0.060315 3.883485 4.976298
v 0.133729 3.763704 5.021371
v 0.119554 3.802900 5.005168
v 0.118292 3.674749 5.063266
v 0.214053 3.501670 5.252299
v 0.183412 3.623331 5.124204
v 0.163708 3.721109 5.041948
v 0.171332 3.686555 5.063785
v 0.147175 3.944202 4.843251
v 0.160221 3.878287 4.899268
v 0.183053 3.817224 4.951389
v 0.204716 3.773195 5.009682
v 0.276993 3.786621 5.009707
v 0.279551 3.839738 4.953610
v 0.277716 3.623273 5.134315
v 0.272606 3.692460 5.091858
v 0.284296 3.507205 5.277808
v 0.270256 3.737398 5.052574
v 0.276418 3.896210 4.892910
v 0.267318 3.957332 4.828886
v 0.389094 3.908048 4.892126
v 0.389088 3.964926 4.824840
v 0.389100 3.846720 4.958203
v 0.389104 3.793369 5.006890
v 0.389118 3.660856 5.175733
v 0.389113 3.701290 5.098293
v 0.389124 3.602543 5.237746
v 0.389129 3.556727 5.307070
v 0.389109 3.735132 5.052308
v -0.071165 3.992000 4.766787
v -0.073123 3.964438 4.879456
v -0.003799 3.992348 4.850761
v -0.006204 4.031431 4.754655
v 0.128115 4.013754 4.760988
v 0.247572 4.019879 4.763921
v 0.389083 4.019741 4.765357
v -0.027244 3.950173 4.576170
v -0.015499 3.861910 4.528417
v -0.024268 3.766738 4.491132
v -0.059660 4.045702 4.627819
v 0.017607 4.055445 4.627919
v 0.126191 4.099017 4.643337
v 0.230883 4.130102 4.651680
v 0.389073 4.133585 4.660259
v -0.054679 4.073178 4.573761
v 0.061881 4.095431 4.492031
v 0.015335 4.027639 4.392051
v -0.049483 4.035884 4.484910
v -0.055968 4.072317 4.530720
v 0.000868 3.950245 4.358928
v -0.029446 3.908065 4.435746
v -0.044567 3.978179 4.463359
v 0.142178 3.374797 5.275598
v 0.096590 3.340006 5.226860
v 0.085379 3.255321 5.292624
v 0.133209 3.284713 5.343904
v 0.062992 3.288955 5.169774
v 0.057588 3.210941 5.232073
v 0.050408 3.224248 5.107719
v 0.041440 3.157788 5.173709
v 0.177185 3.305510 5.389614
v 0.168836 3.399467 5.316992
v 0.235373 3.315974 5.426322
v 0.225079 3.409105 5.344656
v 0.302518 3.329379 5.466281
v 0.296395 3.412459 5.367843
v 0.389148 3.371888 5.528647
v 0.389143 3.405315 5.462241
v 0.132089 2.978468 5.470262
v 0.102865 2.969672 5.392395
v 0.082553 2.858281 5.406313
v 0.116410 2.858514 5.486563
v 0.070039 2.967969 5.322440
v 0.052058 2.861866 5.324030
v 0.046335 2.979544 5.250603
v 0.036631 2.883562 5.222000
v 0.170553 2.861237 5.567598
v 0.150844 2.994556 5.567766
v 0.236899 2.864142 5.626117
v 0.233437 3.008729 5.652775
v 0.309749 2.884813 5.691392
v 0.315760 2.987472 5.694874
v 0.389177 2.884684 5.729863
v 0.389173 2.989075 5.738132
v 0.105765 2.742072 5.377346
v 0.141074 2.736588 5.454666
v 0.141706 3.085319 5.437464
v 0.100402 3.069335 5.373123
v 0.070396 2.761404 5.279172
v 0.072596 3.054540 5.312200
v 0.057005 2.788332 5.185357
v 0.057525 3.043635 5.265032
v 0.195096 2.730521 5.529232
v 0.182468 3.105438 5.511998
v 0.256580 2.729575 5.593343
v 0.241135 3.128850 5.589155
v 0.309721 2.817550 5.674070
v 0.316480 2.732883 5.632754
v 0.322582 3.062655 5.692910
v 0.389178 2.731674 5.658418
v 0.389178 2.805716 5.703729
v 0.389170 3.075342 5.729394
v 0.325539 3.150279 5.649367
v 0.389165 3.156151 5.693975
v 0.137302 3.188390 5.398436
v 0.092069 3.164864 5.343009
v 0.062813 3.133801 5.283368
v 0.048526 3.094658 5.229552
v 0.188395 3.206758 5.451995
v 0.245053 3.223615 5.507860
v 0.317111 3.238691 5.561826
v 0.389157 3.269768 5.616949
v 0.389151 3.316896 5.555175
v 0.389133 3.506992 5.350501
v 0.389139 3.461996 5.414071
v 0.009726 3.076336 4.979238
v 0.020211 3.006458 5.050874
v 0.038704 3.089144 5.114110
v 0.038542 3.154859 5.045784
v 0.003751 3.151981 4.906609
v 0.044965 3.220246 4.972007
v 0.041785 3.029489 5.182575
v 0.031546 2.937648 5.119627
v 0.006674 2.989473 4.909347
v 0.021263 2.915503 4.976874
v 0.010695 3.079028 4.840074
v -0.086596 3.423254 4.703334
v -0.120400 3.330000 4.678360
v -0.052384 3.325285 4.746528
v 0.002819 3.379416 4.799214
v -0.153670 3.374910 4.613926
v -0.112825 3.499390 4.594119
v -0.144274 3.540286 4.482267
v -0.171612 3.422071 4.557410
v -0.125830 3.613121 4.525809
v -0.007066 3.284945 4.801737
v 0.048238 3.307392 4.889165
v 0.006750 3.244600 4.841694
v -0.115201 3.632477 4.425440
v -0.075577 3.690427 4.454356
v -0.146606 3.261432 4.625623
v -0.076060 3.254877 4.711053
v -0.181457 3.299217 4.602646
v -0.167239 3.476779 4.436129
v -0.206177 3.323408 4.502681
v -0.021989 3.229339 4.757305
v -0.004162 3.178851 4.781130
v -0.127346 3.584481 4.391842
v -0.227145 3.238770 4.555292
v -0.191188 3.335330 4.554956
v -0.048572 3.822768 4.402902
v -0.102790 3.699599 4.355324
v -0.104631 3.661545 4.340716
v -0.069196 3.758448 4.378095
v 0.136167 4.165098 4.533465
v 0.218656 4.208214 4.549720
v 0.389062 4.263268 4.551490
v 0.141034 4.205832 4.406305
v 0.060673 4.139873 4.389369
v 0.238107 4.262042 4.422045
v 0.389054 4.316599 4.440391
v 0.164312 4.246882 4.316796
v 0.276646 4.314608 4.330357
v 0.400325 4.352462 4.364978
v -0.135958 3.663738 4.179572
v -0.124762 3.652962 4.235591
v -0.090254 3.694623 4.194493
v -0.101688 3.709821 4.171718
v -0.142770 3.602993 4.200197
v -0.132225 3.620353 4.270992
v -0.104223 3.705064 4.220887
v -0.101843 3.744116 4.201506
v -0.165880 3.546765 4.224054
v -0.154335 3.554932 4.317958
v -0.173995 3.458247 4.247667
v -0.161765 3.485335 4.344429
v -0.120041 3.693823 4.101385
v -0.123460 3.717818 4.044375
v -0.118763 3.650933 4.032750
v -0.112348 3.625473 4.096164
v -0.118122 3.756707 4.124446
v -0.176168 3.445115 4.146562
v -0.149258 3.550395 4.106449
v -0.104169 3.715512 4.244431
v -0.105055 3.754004 4.256258
v 0.060868 3.715470 4.749292
v 0.061722 3.729942 4.763531
v 0.068933 3.736012 4.785415
v 0.081397 3.732939 4.801284
v 0.098418 3.721400 4.816760
v 0.115117 3.695012 4.823381
v 0.125950 3.678701 4.815857
v 0.123488 3.657820 4.801602
v 0.131444 3.665504 4.807766
v 0.096329 3.651934 4.788051
v 0.081619 3.659914 4.770218
v 0.067328 3.680880 4.754074
v 0.060298 3.696530 4.747912
v 0.007632 4.059752 4.344904
v -0.168770 3.428446 4.370173
v -0.187260 3.377418 4.284838
v -0.217557 3.313407 4.186462
v -0.155229 3.297517 4.434475
v -0.187827 3.293821 4.376233
v -0.173654 3.240386 4.464379
v -0.137526 3.252384 4.483737
v -0.180513 3.180253 4.443312
v -0.211871 3.224060 4.303196
v 0.010047 2.794735 4.279311
v 0.051555 2.775659 4.448734
v -0.046348 2.865743 4.451794
v -0.090445 2.868293 4.342628
v 0.295096 2.772325 4.438774
v 0.177259 2.735931 4.443408
v 0.131786 2.763772 4.259355
v -0.214139 3.104537 4.313742
v -0.165582 3.083442 4.467575
v -0.120474 2.972642 4.455897
v -0.183903 2.981891 4.349473
v 0.035624 3.201270 4.790956
v 0.000931 3.198705 4.707778
v -0.016091 3.134586 4.749507
v -0.147768 3.176648 4.571940
v -0.160548 3.127113 4.571411
v -0.043662 3.058861 4.721466
v -0.120530 3.035594 4.587574
v -0.038758 2.984689 4.703394
v -0.058959 2.946588 4.568017
v -0.017061 2.906970 4.679900
v 0.083955 2.780757 4.552047
v 0.112847 2.775848 4.649076
v 0.039238 2.832002 4.658694
v 0.011597 2.865274 4.554864
v 0.196752 2.743477 4.550798
v 0.205144 2.738669 4.643270
v 0.297863 2.726562 4.629082
v 0.304003 2.749580 4.533973
v 0.389124 2.787178 4.629618
v 0.389118 2.815985 4.540892
v 0.061589 3.037483 4.835820
v 0.089373 3.103303 4.856779
v -0.096732 3.222498 4.551951
v 0.054087 2.985102 4.816400
v 0.051017 2.925684 4.791821
v 0.066244 2.865185 4.772605
v 0.147218 2.756718 4.744701
v 0.099310 2.805556 4.758001
v 0.212555 2.731783 4.733473
v 0.292765 2.712003 4.718183
v 0.389131 2.747311 4.715340
v -0.054199 3.209054 4.623119
v 0.078004 4.228784 4.251108
v 0.059674 4.190963 4.321491
v 0.181406 4.287219 4.259635
v 0.286075 4.355884 4.273010
v 0.407210 4.404288 4.306683
v -0.107360 3.787838 4.068458
v -0.023560 4.049322 4.184332
v -0.047751 4.012455 4.249833
v -0.002251 4.094435 4.295164
v 0.020245 4.139213 4.221334
v -0.064440 3.957615 4.145863
v -0.049980 3.916193 4.205889
v -0.069566 3.859700 4.107659
v -0.095886 3.821724 4.173967
v -0.160775 3.446899 4.053999
v -0.193989 3.314888 4.074339
v -0.115578 2.902995 4.186369
v -0.115429 2.946430 4.075591
v -0.006792 2.827280 4.170504
v -0.189724 2.996206 4.234869
v -0.177023 3.037035 4.105440
v -0.228590 3.140450 4.182959
v -0.193825 3.148985 4.097020
v 0.225204 2.868229 4.073619
v 0.187611 2.894027 3.853446
v 0.296882 2.839529 3.960926
v 0.338202 2.831262 4.172535
v 0.129852 2.915346 3.986482
v 0.107477 2.964471 3.793528
v 0.371163 2.829861 4.342833
v 0.389114 2.833646 4.472511
v 0.253370 2.790208 4.286729
v 0.234266 2.822409 4.192648
v 0.122704 2.809453 4.127082
v 0.115544 2.845407 4.054536
v 0.023534 2.947134 4.009836
v 0.044444 3.023055 3.928939
v 0.223310 4.366939 4.100840
v 0.246712 4.397394 3.999051
v 0.127882 4.362390 3.994809
v 0.106039 4.325646 4.092061
v 0.325189 4.435413 4.113216
v 0.348936 4.463070 4.000132
v 0.439990 4.485638 4.114002
v 0.454114 4.531896 3.982938
v -0.108397 3.677299 3.887336
v -0.087716 3.760978 3.902207
v -0.074488 3.821301 3.807873
v -0.102204 3.704197 3.788741
v -0.060720 3.846175 3.931040
v -0.051598 3.901204 3.839231
v -0.104235 3.500734 3.864737
v -0.118889 3.597276 3.872874
v -0.123957 3.616141 3.775978
v -0.102826 3.515646 3.754147
v 0.080751 4.263116 3.969904
v 0.048673 4.166325 3.941650
v 0.022795 4.116440 4.039201
v 0.057914 4.224832 4.069365
v -0.039562 3.927995 3.965845
v -0.032570 3.988670 3.876147
v -0.088979 3.418088 3.736163
v -0.083880 3.390187 3.848569
v 0.151127 2.964518 3.619860
v 0.241824 2.889593 3.658249
v 0.049762 3.072587 3.784082
v 0.037621 3.147115 3.601448
v 0.099908 3.038387 3.603540
v 0.019150 3.247825 3.652263
v 0.026447 3.165901 3.817613
v -0.030870 3.282989 3.672061
v -0.043748 3.202520 3.810490
v -0.062627 3.341205 3.708929
v -0.065513 3.284133 3.840528
v -0.024731 4.026298 4.003063
v 0.003381 4.080570 3.912473
v 0.261886 4.424749 3.877251
v 0.150113 4.384671 3.872226
v 0.091615 4.262090 4.180981
v 0.191744 4.322656 4.191905
v 0.361396 4.496685 3.881815
v 0.295825 4.390121 4.207329
v 0.466051 4.536442 3.873835
v 0.426389 4.458802 4.219774
v -0.062662 3.865398 3.703798
v -0.098989 3.790028 3.677235
v -0.109358 3.668850 3.974790
v -0.109400 3.740495 3.982417
v -0.040047 3.947601 3.733101
v -0.090108 3.819583 4.007774
v -0.110457 3.676899 3.657192
v -0.135674 3.586661 3.636607
v -0.091037 3.470996 3.953285
v -0.090685 3.585987 3.979631
v 0.105607 4.292641 3.854608
v 0.070297 4.199534 3.831280
v -0.004113 4.083812 4.116913
v 0.041694 4.172961 4.154050
v -0.031165 3.986295 4.078604
v -0.022617 4.035794 3.768921
v -0.060802 3.895352 4.042955
v -0.112294 3.492443 3.605001
v -0.090536 3.368121 3.934920
v 0.123617 2.996143 3.437894
v 0.212022 2.920172 3.439523
v 0.022346 3.202722 3.466878
v 0.071338 3.093074 3.444808
v 0.025665 3.301887 3.515548
v -0.004207 3.099998 3.918746
v -0.052788 3.347382 3.543859
v -0.040553 3.166123 3.917094
v -0.075554 3.411067 3.571621
v -0.082271 3.244689 3.920916
v 0.013278 4.128520 3.807876
v -0.065142 3.022585 3.994577
v -0.110070 3.095549 4.002462
v -0.144536 3.206042 3.983029
v -0.150398 3.340422 3.996667
v -0.013843 2.882850 4.067669
v -0.129011 3.460066 3.999442
v -0.122731 3.567482 4.024426
v 0.102491 2.941038 4.920770
v 0.132730 2.873147 5.005452
v 0.149881 2.900612 5.013228
v 0.126750 2.976749 4.931304
v 0.106374 2.905880 4.899024
v 0.127137 2.840246 4.986625
v 0.109837 2.863849 4.881153
v 0.128348 2.801575 4.970035
v 0.119633 2.815495 4.863925
v 0.142366 2.758885 4.948870
v 0.177554 2.719894 4.830481
v 0.200963 2.678641 4.910113
v 0.168623 2.718339 4.929012
v 0.143706 2.767184 4.846966
v 0.233875 2.696220 4.819618
v 0.253720 2.660614 4.897813
v 0.299673 2.688711 4.806422
v 0.312901 2.659654 4.890834
v 0.389143 2.677788 4.886407
v 0.389138 2.705614 4.803838
v 0.222753 2.693356 5.285426
v 0.234795 2.718869 5.301801
v 0.217925 2.762658 5.203050
v 0.194271 2.739223 5.189570
v 0.220894 2.669567 5.252539
v 0.188965 2.713672 5.170860
v 0.224018 2.637661 5.223669
v 0.190799 2.679341 5.148356
v 0.244646 2.610433 5.196986
v 0.210282 2.649719 5.123277
v 0.258749 2.601842 5.084432
v 0.289519 2.573791 5.159182
v 0.266478 2.590681 5.173721
v 0.234333 2.623717 5.101502
v 0.295695 2.580466 5.068391
v 0.319851 2.550938 5.154265
v 0.339275 2.575614 5.058773
v 0.351220 2.538239 5.145647
v 0.389163 2.554555 5.140634
v 0.389156 2.600327 5.056561
v 0.185124 2.829475 5.094233
v 0.159431 2.811050 5.084187
v 0.155673 2.784704 5.067437
v 0.153619 2.747990 5.048796
v 0.170868 2.708842 5.028642
v 0.228774 2.641450 4.992446
v 0.198562 2.673626 5.010895
v 0.270055 2.617861 4.972544
v 0.325778 2.621975 4.963950
v 0.389149 2.643195 4.958776
v 0.294631 2.657397 5.392922
v 0.299174 2.687968 5.397378
v 0.261289 2.702283 5.350326
v 0.253017 2.671926 5.342566
v 0.291964 2.623837 5.366933
v 0.252521 2.642136 5.315559
v 0.389176 2.648137 5.437406
v 0.389175 2.676353 5.438802
v 0.341860 2.673035 5.427396
v 0.340357 2.647953 5.426106
v 0.389176 2.619581 5.419152
v 0.342717 2.621105 5.408298
v 0.353041 2.523403 5.218083
v 0.351178 2.532892 5.271427
v 0.314082 2.548737 5.247972
v 0.320897 2.543394 5.205683
v 0.389169 2.520015 5.220239
v 0.389172 2.524274 5.278543
v 0.343637 2.578247 5.377238
v 0.292537 2.587282 5.335449
v 0.348631 2.552432 5.327120
v 0.304142 2.562208 5.294155
v 0.389176 2.583772 5.391436
v 0.389174 2.551926 5.340123
v 0.288980 2.571653 5.216729
v 0.300777 2.563038 5.194958
v 0.257222 2.609504 5.284664
v 0.272895 2.585512 5.249665
v 0.122161 2.742934 5.367354
v 0.161203 2.728913 5.431845
v 0.095293 2.754152 5.268901
v 0.077152 2.783481 5.184995
v 0.212791 2.726544 5.516270
v 0.270544 2.724646 5.567714
v 0.315358 2.726496 5.604961
v 0.389177 2.728706 5.635109
v 0.057678 2.849287 5.070277
v 0.038354 2.853346 5.075729
v 0.049388 2.913906 4.969478
v 0.035878 2.988542 4.900086
v 0.040922 3.077030 4.839581
v -0.120400 3.231220 4.598017
v -0.059328 3.244562 4.672359
v -0.134746 3.449884 4.418797
v -0.170276 3.299526 4.469712
v -0.000248 3.230004 4.726851
v 0.041844 3.182193 4.765932
v -0.097852 3.552863 4.370381
v -0.166538 3.232104 4.527429
v -0.092486 3.630007 4.328679
v -0.097622 3.695584 4.249469
v -0.090568 3.673511 4.303183
v -0.092759 3.702430 4.303437
v -0.092459 3.691890 4.229840
v -0.108723 3.620566 4.283410
v -0.100889 3.654940 4.248761
v -0.117505 3.537862 4.328774
v -0.134357 3.471061 4.345864
v -0.084363 3.685318 4.215311
v -0.134604 3.409137 4.367580
v -0.133413 3.288355 4.416022
v -0.075616 3.217046 4.516652
v -0.107588 3.243638 4.452084
v -0.033050 3.202290 4.595768
v 0.108415 3.119805 4.846612
v 0.051429 3.179272 4.747710
v 0.011213 3.191544 4.685981
v 0.157224 2.988959 4.924941
v 0.185173 2.908017 5.001055
v 0.265431 2.731075 5.288972
v 0.240853 2.764479 5.193170
v 0.218646 2.834093 5.084142
v 0.286008 2.717273 5.330412
v 0.321414 2.700541 5.363990
v 0.353435 2.689101 5.391080
v 0.389172 2.682225 5.389256
v 0.143060 2.779767 5.369118
v 0.177304 2.757315 5.434162
v 0.115532 2.793215 5.285572
v 0.095489 2.806718 5.201636
v 0.224515 2.754191 5.509236
v 0.279023 2.751966 5.551646
v 0.316724 2.740228 5.579441
v 0.389175 2.738511 5.612581
v 0.085222 2.898690 5.099154
v 0.071808 2.955573 4.996114
v 0.061524 3.030662 4.924253
v 0.074883 3.137992 4.851245
v -0.077317 3.294713 4.597098
v -0.012671 3.312762 4.652771
v -0.098211 3.505192 4.446742
v -0.105373 3.406888 4.520728
v 0.055600 3.295053 4.720992
v 0.092139 3.249896 4.776778
v -0.067955 3.575633 4.373462
v -0.104132 3.326814 4.562547
v -0.086312 3.657765 4.298560
v -0.080027 3.617619 4.319518
v -0.080195 3.687905 4.250933
v -0.076498 3.681677 4.236429
v -0.079085 3.620438 4.281232
v -0.083347 3.656189 4.252739
v -0.080002 3.550272 4.295183
v -0.099597 3.467065 4.322973
v -0.075411 3.678715 4.232486
v -0.106900 3.408929 4.325530
v -0.116575 3.273618 4.385102
v -0.056214 3.187433 4.453000
v -0.094097 3.236968 4.395375
v -0.018196 3.168580 4.543726
v 0.119125 3.114168 4.834762
v 0.067087 3.152190 4.716978
v 0.022154 3.174059 4.650645
v 0.170076 2.987442 4.909085
v 0.199251 2.900562 4.989268
v 0.280212 2.717072 5.268011
v 0.255546 2.753088 5.181059
v 0.232109 2.828735 5.075812
v 0.299423 2.704912 5.312197
v 0.329107 2.693113 5.353722
v 0.359188 2.684975 5.368476
v 0.389171 2.680437 5.367159
v 0.188122 2.989690 4.905187
v 0.142681 3.114185 4.836287
v 0.227314 2.905217 4.996288
v 0.306403 2.725059 5.269783
v 0.282391 2.758562 5.189199
v 0.268570 2.836181 5.087860
v 0.326370 2.712085 5.302318
v 0.343843 2.700248 5.327301
v 0.364787 2.693457 5.331089
v 0.389168 2.688926 5.331632
v -0.083653 3.475424 4.342002
v -0.081991 3.660403 4.269677
v -0.082949 3.399013 4.377186
v -0.086136 3.293796 4.430612
v -0.013871 3.266644 4.472990
v -0.057850 3.293211 4.434003
v 0.015740 3.243484 4.538650
v 0.091060 3.208814 4.660303
v 0.046190 3.217754 4.636919
v -0.057588 3.306218 4.470833
v -0.025665 3.313511 4.463708
v 0.009921 3.326260 4.501757
v -0.031312 3.311848 4.504905
v 0.036081 3.327923 4.646885
v 0.018949 3.325856 4.603817
v 0.047215 3.334861 4.617163
v 0.062038 3.330856 4.663522
v 0.027155 3.337451 4.555198
v -0.004972 3.324258 4.559574
v -0.009813 3.326444 4.616285
v -0.033673 3.329664 4.595175
v -0.046258 3.342095 4.552948
v -0.058104 3.407177 4.487243
v -0.066258 3.402719 4.426821
v -0.063247 3.487944 4.417553
v -0.058549 3.490387 4.370251
v -0.072918 3.615108 4.311566
v -0.064259 3.556804 4.334352
v 0.077660 3.304508 4.722524
v 0.028223 3.323380 4.512595
v -0.002805 3.292921 4.482914
v 0.032788 3.274130 4.546012
v 0.051590 3.310277 4.559855
v 0.057965 3.241431 4.613185
v 0.096825 3.236149 4.626270
v 0.089047 3.288946 4.618481
v 0.064490 3.283370 4.606383
v 0.060543 3.339145 4.620035
v 0.047259 3.340708 4.562291
v 0.068312 3.334322 4.629977
v 0.074514 3.328646 4.667555
v 0.061019 3.329847 4.585388
v 0.077973 3.333622 4.636367
v 0.084084 3.334952 4.641386
v 0.084193 3.333061 4.668436
v 0.073552 3.319879 4.614138
v 0.087211 3.318547 4.626521
v 0.085509 3.149948 4.714198
v 0.103295 3.210971 4.662784
v 0.107687 3.241351 4.629459
v 0.101005 3.294544 4.620479
v 0.094593 3.323285 4.626895
v 0.091855 3.338330 4.640081
v 0.093262 3.330873 4.664558
v 0.106230 2.894003 5.098075
v 0.120476 2.801751 5.194828
v 0.098574 2.955483 5.005162
v 0.088715 3.044739 4.931250
v 0.096677 3.132263 4.853457
v 0.116346 3.137004 4.861341
v 0.106673 3.247347 4.774170
v 0.123674 3.250006 4.775220
v 0.102535 3.277673 4.711775
v 0.107837 3.056713 4.937957
v 0.114543 2.961322 5.017130
v 0.126797 2.900971 5.106866
v 0.139298 2.816566 5.196378
v 0.181689 2.782712 5.295927
v 0.152261 2.776544 5.308489
v 0.139696 2.788604 5.271014
v 0.163675 2.800505 5.264022
v 0.292654 2.761150 5.498402
v 0.285409 2.757677 5.524091
v 0.233522 2.749958 5.476009
v 0.253465 2.764574 5.444675
v 0.389172 2.752424 5.559492
v 0.389174 2.741906 5.584488
v 0.321695 2.746615 5.548580
v 0.332927 2.762027 5.525727
v 0.196401 2.748446 5.415984
v 0.210459 2.767795 5.395682
v 0.163587 2.775145 5.349100
v 0.187927 2.788187 5.338573
v -0.093250 3.740366 4.309890
v -0.082094 3.794432 4.318889
v -0.037740 3.858429 4.331961
v -0.097719 3.817585 4.243918
v -0.034807 3.888601 4.263863
v -0.009181 3.982198 4.299273
v 0.109913 4.328069 3.733414
v 0.149176 4.400739 3.740589
v 0.130936 4.336529 3.579327
v 0.242482 4.410360 3.575158
v 0.259573 4.448170 3.740643
v 0.361123 4.506063 3.753489
v 0.471969 4.529441 3.747247
v 0.466230 4.490683 3.572028
v 0.354003 4.467298 3.573652
v 0.043297 3.249784 3.308415
v 0.032413 3.337330 3.365291
v 0.013239 3.364468 3.181624
v 0.045996 3.288934 3.142282
v -0.055272 3.384280 3.399128
v -0.052255 3.407843 3.208186
v 0.062576 3.212627 3.113060
v 0.108056 3.141680 3.092115
v 0.107373 3.073236 3.249791
v 0.055780 3.164640 3.268043
v -0.081884 3.471851 3.444495
v -0.087946 3.512753 3.266581
v -0.130264 3.672362 3.317556
v -0.093473 3.554219 3.472441
v -0.091415 3.867011 3.414921
v -0.110042 3.774598 3.373940
v -0.123830 3.761298 3.540875
v -0.103174 3.839760 3.566538
v -0.133722 3.678625 3.500357
v 0.185320 3.052353 3.075915
v 0.196789 2.998963 3.221956
v -0.084893 3.919685 3.583555
v -0.059017 3.999297 3.608213
v -0.040887 4.021678 3.458522
v -0.072205 3.946741 3.435827
v -0.025716 4.084982 3.644343
v 0.032010 4.169953 3.694165
v 0.059856 4.205506 3.553887
v 0.003824 4.103875 3.493870
v 0.202195 2.954841 3.302215
v 0.110212 3.037294 3.337196
v 0.055086 3.128561 3.355769
v 0.069666 4.229807 3.714866
v 0.070658 3.716654 4.750593
v 0.071256 3.727503 4.763893
v 0.077642 3.732120 4.779762
v 0.087356 3.728889 4.792410
v 0.101990 3.717727 4.807583
v 0.118336 3.695476 4.812913
v 0.130161 3.683210 4.807311
v 0.128609 3.663602 4.792052
v 0.137573 3.670323 4.798260
v 0.105076 3.660817 4.779358
v 0.092543 3.669547 4.763098
v 0.080705 3.687087 4.748259
v 0.071274 3.700905 4.746418
v 0.080696 3.717055 4.751513
v 0.081470 3.726077 4.763423
v 0.085073 3.728594 4.773717
v 0.093016 3.723779 4.784226
v 0.104570 3.714617 4.796338
v 0.121927 3.698806 4.800110
v 0.130861 3.688930 4.796250
v 0.132334 3.675778 4.785723
v 0.114928 3.674372 4.772120
v 0.104617 3.681093 4.760326
v 0.092669 3.695123 4.747152
v 0.082297 3.706472 4.745131
v -0.010769 4.049599 3.284161
v -0.052725 3.981328 3.263542
v -0.096250 3.907393 3.238965
v -0.151669 3.722584 3.129003
v -0.134681 3.596719 3.067763
v -0.090710 3.474965 3.025645
v -0.012595 3.427796 2.997761
v 0.017085 3.352560 2.974815
v 0.034494 3.280728 2.958826
v 0.066675 3.220855 2.947867
v 0.157538 3.154659 2.929141
v 0.244230 4.373322 3.364886
v 0.144857 4.327458 3.357835
v 0.456308 4.432768 3.368288
v 0.357013 4.418076 3.366038
v -0.127108 3.827598 3.195674
v 0.091687 4.206775 3.339191
v 0.037966 4.122057 3.309232
v 0.724415 3.718314 4.741037
v 0.731313 3.725246 4.730302
v 0.727128 3.748408 4.756249
v 0.722178 3.738514 4.760707
v 0.722185 3.757326 4.786053
v 0.718401 3.744420 4.788505
v 0.700669 3.750511 4.813453
v 0.703309 3.739169 4.813317
v 0.674389 3.734447 4.830464
v 0.683393 3.725153 4.828510
v 0.659548 3.696820 4.840172
v 0.664301 3.695265 4.831596
v 0.652736 3.673923 4.821632
v 0.648020 3.668382 4.828723
v 0.655496 3.651577 4.806688
v 0.651146 3.659982 4.815390
v 0.646900 3.656251 4.819950
v 0.647961 3.643534 4.805418
v 0.681612 3.646427 4.789141
v 0.680154 3.632566 4.782972
v 0.706852 3.641170 4.756346
v 0.701789 3.654635 4.766200
v 0.731709 3.664278 4.732993
v 0.717423 3.676587 4.747178
v 0.734803 3.694927 4.725140
v 0.723992 3.695740 4.741786
v 0.745824 3.733309 4.713977
v 0.780981 3.760102 4.689486
v 0.772797 3.794642 4.740283
v 0.741898 3.766162 4.750894
v 0.738386 3.775041 4.791658
v 0.753803 3.809174 4.808570
v 0.714763 3.778847 4.843023
v 0.702804 3.767037 4.826283
v 0.688177 3.741092 4.863408
v 0.676253 3.743776 4.845334
v 0.657049 3.699449 4.869047
v 0.653019 3.701001 4.849997
v 0.648730 3.651459 4.857325
v 0.640270 3.664135 4.837520
v 0.641868 3.649630 4.825934
v 0.659593 3.600204 4.825198
v 0.644163 3.628795 4.809291
v 0.686288 3.610018 4.778091
v 0.691555 3.568755 4.781943
v 0.724442 3.619448 4.748146
v 0.753105 3.557963 4.712835
v 0.757905 3.646858 4.720587
v 0.792501 3.602131 4.670515
v 0.795286 3.667913 4.647225
v 0.748715 3.690500 4.703187
v 0.813205 3.783724 4.659009
v 0.814572 3.864019 4.733449
v 0.797356 3.876155 4.842079
v 0.747500 3.811196 4.896931
v 0.699723 3.742609 4.916635
v 0.672221 3.677998 4.925511
v 0.659239 3.611993 4.907571
v 0.673100 3.562082 4.868647
v 0.729375 3.513953 4.814617
v 0.816160 3.525170 4.732588
v 0.844511 3.591238 4.669628
v 0.861187 3.677230 4.634350
v 0.821257 3.806375 4.643807
v 0.857772 3.903675 4.724191
v 0.840744 3.905064 4.892795
v 0.787125 3.829825 4.957474
v 0.745128 3.775874 4.974296
v 0.678249 3.673780 4.989356
v 0.637225 3.589861 4.949704
v 0.656079 3.511202 4.899246
v 0.719339 3.456775 4.839888
v 0.833810 3.481514 4.728165
v 0.865242 3.560499 4.639657
v 0.851695 3.684040 4.573884
v 0.626669 3.503132 5.040845
v 0.666272 3.435675 4.992181
v 0.690152 3.369056 4.938264
v 0.658354 3.420673 5.145180
v 0.695985 3.362211 5.089434
v 0.711223 3.286760 5.033731
v 0.837945 3.946928 4.959167
v 0.793001 3.916038 4.972877
v 0.796827 3.854790 5.016654
v 0.746164 3.811887 5.003991
v 0.747839 3.766698 5.035441
v 0.714412 3.718791 5.036240
v 0.605006 3.485494 5.223495
v 0.613513 3.456023 5.186878
v 0.611898 3.558292 5.071379
v 0.635571 3.602672 5.099139
v 0.676128 3.703175 5.045652
v 0.677702 3.660715 5.029580
v 0.776231 3.967067 4.937043
v 0.750183 3.924237 4.957687
v 0.717883 3.883507 4.976262
v 0.681326 3.842044 4.987838
v 0.658654 3.802919 5.005138
v 0.644484 3.763723 5.021343
v 0.659931 3.674769 5.063237
v 0.594822 3.623345 5.124182
v 0.564203 3.501683 5.252281
v 0.614509 3.721125 5.041922
v 0.606890 3.686571 5.063760
v 0.631005 3.944218 4.843223
v 0.617970 3.878304 4.899242
v 0.595148 3.817238 4.951367
v 0.498649 3.839745 4.953599
v 0.501217 3.786629 5.009696
v 0.573495 3.773208 5.009663
v 0.505619 3.692467 5.091846
v 0.500518 3.623280 5.134304
v 0.493962 3.507213 5.277797
v 0.507961 3.737407 5.052561
v 0.510859 3.957340 4.828874
v 0.501770 3.896218 4.892899
v 0.849333 3.992034 4.766737
v 0.851306 3.964471 4.879405
v 0.781976 3.992376 4.850718
v 0.784368 4.031459 4.754612
v 0.650051 4.013772 4.760961
v 0.530594 4.019889 4.763905
v 0.805394 3.950203 4.576125
v 0.793650 3.861940 4.528375
v 0.802422 3.766766 4.491087
v 0.837809 4.045734 4.627771
v 0.760542 4.055471 4.627879
v 0.651956 4.099035 4.643308
v 0.547262 4.130114 4.651663
v 0.832820 4.073210 4.573713
v 0.716250 4.095453 4.491995
v 0.834104 4.072348 4.530672
v 0.827617 4.035915 4.484863
v 0.762789 4.027666 4.392010
v 0.777258 3.950272 4.358886
v 0.822703 3.978210 4.463312
v 0.807583 3.908095 4.435701
v 0.636090 3.374815 5.275571
v 0.645073 3.284733 5.343875
v 0.692900 3.255342 5.292590
v 0.681675 3.340027 5.226830
v 0.715270 3.288979 5.169740
v 0.720687 3.210965 5.232038
v 0.727853 3.224272 5.107682
v 0.736832 3.157812 5.173671
v 0.609435 3.399482 5.316966
v 0.601101 3.305523 5.389592
v 0.553195 3.409117 5.344637
v 0.542915 3.315986 5.426304
v 0.481881 3.412463 5.367832
v 0.475774 3.329385 5.466271
v 0.646229 2.978486 5.470235
v 0.661918 2.858533 5.486534
v 0.695767 2.858303 5.406280
v 0.675445 2.969691 5.392364
v 0.726252 2.861889 5.323993
v 0.708264 2.967990 5.322405
v 0.741666 2.883587 5.221961
v 0.731959 2.979569 5.250564
v 0.627484 2.994574 5.567740
v 0.607784 2.861251 5.567574
v 0.544899 3.008740 5.652759
v 0.541444 2.864153 5.626100
v 0.462582 2.987477 5.694865
v 0.468600 2.884819 5.691383
v 0.637260 2.736605 5.454637
v 0.672560 2.742091 5.377314
v 0.677899 3.069354 5.373092
v 0.636600 3.085335 5.437436
v 0.707916 2.761427 5.279137
v 0.705699 3.054561 5.312165
v 0.721295 2.788355 5.185319
v 0.720766 3.043658 5.264995
v 0.583246 2.730535 5.529209
v 0.595845 3.105452 5.511975
v 0.521769 2.729585 5.593328
v 0.537185 3.128861 5.589139
v 0.468631 2.817556 5.674061
v 0.461874 2.732889 5.632747
v 0.455754 3.062660 5.692903
v 0.452786 3.150283 5.649360
v 0.686222 3.164885 5.342977
v 0.640993 3.188407 5.398408
v 0.715474 3.133823 5.283332
v 0.729758 3.094682 5.229514
v 0.589905 3.206772 5.451972
v 0.533252 3.223626 5.507844
v 0.461198 3.238696 5.561819
v 0.768530 3.076363 4.979194
v 0.739716 3.154884 5.045745
v 0.739567 3.089168 5.114070
v 0.758059 3.006484 5.050832
v 0.774492 3.152008 4.906566
v 0.733281 3.220270 4.971969
v 0.746736 2.937674 5.119588
v 0.736498 3.029513 5.182536
v 0.771581 2.989500 4.909304
v 0.757005 2.915529 4.976831
v 0.767546 3.079054 4.840030
v 0.864798 3.423288 4.703283
v 0.775396 3.379443 4.799171
v 0.830597 3.325316 4.746479
v 0.898606 3.330037 4.678305
v 0.931866 3.374949 4.613868
v 0.891009 3.499426 4.594064
v 0.922443 3.540323 4.482209
v 0.903999 3.613158 4.525753
v 0.949798 3.422111 4.557349
v 0.785289 3.284973 4.801692
v 0.729993 3.307416 4.889126
v 0.771480 3.244626 4.841651
v 0.893357 3.632513 4.425385
v 0.853732 3.690459 4.454305
v 0.854274 3.254910 4.711002
v 0.924811 3.261470 4.625566
v 0.959656 3.299258 4.602583
v 0.945407 3.476817 4.436068
v 0.984363 3.323450 4.502616
v 0.800211 3.229367 4.757258
v 0.782389 3.178879 4.781086
v 0.905502 3.584518 4.391786
v 1.005344 3.238814 4.555225
v 0.969379 3.335371 4.554894
v 0.826712 3.822800 4.402854
v 0.882776 3.661580 4.340663
v 0.880934 3.699635 4.355270
v 0.847338 3.758481 4.378045
v 0.641963 4.165115 4.533437
v 0.559473 4.208226 4.549702
v 0.717443 4.139895 4.389332
v 0.637079 4.205850 4.406279
v 0.540003 4.262053 4.422029
v 0.613788 4.246898 4.316772
v 0.524604 4.310444 4.328337
v 0.914086 3.663776 4.179515
v 0.879811 3.709855 4.171664
v 0.868381 3.694658 4.194441
v 0.902896 3.652999 4.235535
v 0.910365 3.620391 4.270934
v 0.920904 3.603032 4.200139
v 0.879966 3.744150 4.201453
v 0.882352 3.705099 4.220833
v 0.944021 3.546806 4.223992
v 0.932486 3.554972 4.317898
v 0.939923 3.485377 4.344368
v 0.952146 3.458290 4.247605
v 0.896314 3.676825 4.093137
v 0.890468 3.625510 4.096109
v 0.891145 3.626670 4.021008
v 0.899348 3.692324 4.032041
v 0.896940 3.739662 4.116177
v 0.954309 3.445158 4.146499
v 0.927385 3.550436 4.106390
v 0.882300 3.715546 4.244377
v 0.883184 3.754040 4.256205
v 0.716464 3.729963 4.763492
v 0.717318 3.715494 4.749254
v 0.709255 3.736034 4.785376
v 0.696793 3.732958 4.801244
v 0.679774 3.721420 4.816723
v 0.663078 3.695031 4.823347
v 0.652246 3.678720 4.815827
v 0.654707 3.657841 4.801572
v 0.646752 3.665522 4.807737
v 0.681865 3.651956 4.788018
v 0.696572 3.659938 4.770183
v 0.696572 3.659938 4.770183
v 0.681865 3.651956 4.788018
v 0.681612 3.646427 4.789141
v 0.710860 3.680904 4.754038
v 0.717889 3.696554 4.747874
v 0.770485 4.059779 4.344863
v 0.946936 3.428489 4.370111
v 0.965420 3.377462 4.284774
v 0.995712 3.313454 4.186394
v 0.933413 3.297559 4.434415
v 0.915719 3.252424 4.483677
v 0.951847 3.240430 4.464316
v 0.966005 3.293865 4.376168
v 0.958709 3.180297 4.443247
v 0.990047 3.224106 4.303128
v 0.729588 2.782078 4.273170
v 0.868654 2.868331 4.342574
v 0.824570 2.865778 4.451745
v 0.726674 2.775686 4.448695
v 0.483132 2.772333 4.438763
v 0.590161 2.752392 4.253848
v 0.600972 2.735947 4.443384
v 0.992326 3.104584 4.313673
v 0.943788 3.083487 4.467512
v 0.962104 2.981937 4.349408
v 0.898688 2.972683 4.455838
v 0.742610 3.201299 4.790915
v 0.794325 3.134619 4.749461
v 0.777293 3.198736 4.707735
v 0.925978 3.176691 4.571879
v 0.821899 3.058895 4.721417
v 0.938763 3.127156 4.571349
v 0.898754 3.035634 4.587515
v 0.816999 2.984723 4.703345
v 0.837188 2.946623 4.567966
v 0.795305 2.907003 4.679854
v 0.694285 2.780781 4.552012
v 0.766637 2.865304 4.554822
v 0.739010 2.832030 4.658655
v 0.665405 2.775871 4.649044
v 0.581492 2.743492 4.550777
v 0.573110 2.738684 4.643250
v 0.480390 2.726570 4.629072
v 0.474238 2.749587 4.533964
v 0.389124 2.787178 4.629618
v 0.389118 2.815985 4.540892
v 0.688877 3.103326 4.856745
v 0.716663 3.037510 4.835783
v 0.874936 3.222536 4.551897
v 0.724167 2.985128 4.816362
v 0.727239 2.925711 4.791783
v 0.712015 2.865212 4.772568
v 0.678952 2.805579 4.757968
v 0.631046 2.756737 4.744674
v 0.565710 2.731798 4.733452
v 0.485500 2.712011 4.718172
v 0.389131 2.747311 4.715340
v 0.832413 3.209089 4.623069
v 0.723760 4.215346 4.244601
v 0.624196 4.277650 4.255002
v 0.718431 4.190986 4.321455
v 0.527611 4.349886 4.270109
v 0.887351 3.762340 4.056124
v 0.817498 4.030469 4.175206
v 0.777095 4.123465 4.213707
v 0.780360 4.094463 4.295121
v 0.825861 4.012486 4.249785
v 0.854527 3.934796 4.134824
v 0.835082 3.902042 4.199021
v 0.854234 3.835275 4.095848
v 0.877256 3.806946 4.166792
v 0.927846 3.429496 4.045551
v 0.972132 3.314933 4.074274
v 0.849064 2.880599 4.175527
v 0.713732 2.803008 4.158777
v 0.827894 2.912369 4.059141
v 0.967911 2.996252 4.234803
v 0.921001 3.013309 4.093948
v 1.006759 3.140498 4.182889
v 0.971984 3.149031 4.096954
v 0.423371 2.855618 4.067539
v 0.338202 2.831262 4.172535
v 0.296882 2.839529 3.960926
v 0.377603 2.874177 3.843887
v 0.496988 2.886901 3.972776
v 0.454551 2.925357 3.774693
v 0.371163 2.829861 4.342833
v 0.458281 2.813416 4.188306
v 0.475309 2.785234 4.284320
v 0.389114 2.833646 4.472511
v 0.554595 2.789321 4.117369
v 0.536123 2.820008 4.042291
v 0.637385 2.908568 3.991244
v 0.591876 2.977961 3.907213
v 0.640620 4.340720 4.088201
v 0.748745 4.286309 4.073098
v 0.754549 4.309231 3.969201
v 0.645357 4.363254 3.982605
v 0.549559 4.421315 4.106421
v 0.552129 4.446332 3.992068
v 0.872153 3.626034 3.862613
v 0.857382 3.632977 3.754423
v 0.843602 3.735165 3.766384
v 0.860657 3.710626 3.877925
v 0.839120 3.819093 3.799681
v 0.843163 3.794522 3.906135
v 0.848715 3.451109 3.840803
v 0.826320 3.443941 3.719597
v 0.866972 3.545017 3.741703
v 0.874670 3.546941 3.848596
v 0.781996 4.203396 3.941136
v 0.781457 4.181135 4.048300
v 0.792144 4.078086 4.020702
v 0.795024 4.102151 3.910737
v 0.839241 3.911156 3.838807
v 0.832698 3.880978 3.943172
v 0.808431 3.336813 3.822836
v 0.781952 3.339228 3.698176
v 0.241824 2.889593 3.658249
v 0.336476 2.937506 3.606857
v 0.538688 3.017488 3.757549
v 0.400733 2.993547 3.581955
v 0.488778 3.078367 3.568354
v 0.556959 3.169891 3.614746
v 0.600613 3.105914 3.788723
v 0.622521 3.190473 3.627523
v 0.698247 3.135336 3.778127
v 0.723173 3.259751 3.669702
v 0.757134 3.222408 3.810784
v 0.822446 4.009755 3.878360
v 0.830160 3.980910 3.981176
v 0.651284 4.383106 3.857198
v 0.751985 4.319551 3.840867
v 0.628192 4.308657 4.185142
v 0.723708 4.241813 4.171185
v 0.567304 4.475172 3.871454
v 0.530477 4.382404 4.203602
v 0.839107 3.675807 3.622240
v 0.825736 3.758387 3.652273
v 0.884558 3.703946 3.964768
v 0.879309 3.633948 3.957934
v 0.827013 3.844174 3.683301
v 0.871598 3.781750 3.989512
v 0.827619 3.471421 3.581119
v 0.827523 3.566558 3.604062
v 0.845116 3.437193 3.936960
v 0.855663 3.554991 3.964656
v 0.786738 4.119970 3.792967
v 0.774357 4.219475 3.819375
v 0.767612 4.149091 4.142519
v 0.807415 4.055818 4.103393
v 0.827880 3.953887 4.062958
v 0.834581 3.937779 3.721724
v 0.849443 3.860277 4.026024
v 0.764932 3.376482 3.549174
v 0.832928 3.331194 3.917094
v 0.212022 2.920172 3.439523
v 0.316601 2.964488 3.422657
v 0.394619 3.039238 3.418895
v 0.471613 3.125657 3.429785
v 0.513074 3.219092 3.475697
v 0.663278 3.048282 3.893826
v 0.608505 3.236154 3.490322
v 0.731366 3.116998 3.893414
v 0.686613 3.300431 3.518362
v 0.795480 3.196667 3.897757
v 0.824437 4.037103 3.763857
v 0.754680 2.979062 3.973585
v 0.825537 3.055722 3.983240
v 0.880137 3.170697 3.965955
v 0.907663 3.316707 3.985184
v 0.694115 2.848132 4.050920
v 0.888696 3.432341 3.986034
v 0.890975 3.543944 4.013032
v 0.675779 2.941061 4.920737
v 0.651518 2.976769 4.931274
v 0.628402 2.900631 5.013200
v 0.645555 2.873168 5.005423
v 0.671896 2.905902 4.898991
v 0.651148 2.840267 4.986595
v 0.668435 2.863871 4.881121
v 0.649938 2.801596 4.970005
v 0.658640 2.815517 4.863894
v 0.635922 2.758904 4.948842
v 0.600723 2.719911 4.830456
v 0.634569 2.767204 4.846938
v 0.609665 2.718357 4.928988
v 0.577326 2.678655 4.910092
v 0.544403 2.696233 4.819601
v 0.524569 2.660625 4.897799
v 0.478603 2.688717 4.806411
v 0.465388 2.659659 4.890825
v 0.389143 2.677788 4.886407
v 0.389138 2.705614 4.803838
v 0.555578 2.693369 5.285407
v 0.584045 2.739238 5.189548
v 0.560391 2.762671 5.203031
v 0.543535 2.718881 5.301784
v 0.557435 2.669580 5.252520
v 0.589351 2.713688 5.170837
v 0.554310 2.637673 5.223650
v 0.587518 2.679357 5.148335
v 0.533682 2.610445 5.196970
v 0.568033 2.649733 5.123256
v 0.519567 2.601852 5.084418
v 0.543982 2.623729 5.101486
v 0.511848 2.590690 5.173707
v 0.488807 2.573799 5.159171
v 0.482620 2.580473 5.068380
v 0.458476 2.550944 5.154257
v 0.439039 2.575618 5.058767
v 0.427107 2.538241 5.145643
v 0.389163 2.554555 5.140634
v 0.389156 2.600327 5.056561
v 0.593174 2.829490 5.094210
v 0.618867 2.811068 5.084160
v 0.622625 2.784722 5.067410
v 0.624681 2.748008 5.048770
v 0.607433 2.708860 5.028617
v 0.549528 2.641463 4.992428
v 0.579739 2.673641 5.010874
v 0.508246 2.617870 4.972530
v 0.452522 2.621979 4.963943
v 0.389149 2.643195 4.958776
v 0.483715 2.657404 5.392911
v 0.525322 2.671937 5.342552
v 0.517048 2.702293 5.350311
v 0.479170 2.687975 5.397368
v 0.486382 2.623845 5.366921
v 0.525817 2.642146 5.315544
v 0.389176 2.648137 5.437406
v 0.437993 2.647957 5.426101
v 0.436488 2.673039 5.427391
v 0.389175 2.676353 5.438802
v 0.389176 2.619581 5.419152
v 0.435634 2.621109 5.408293
v 0.425296 2.523406 5.218079
v 0.457437 2.543400 5.205675
v 0.464256 2.548743 5.247963
v 0.427164 2.532896 5.271423
v 0.389169 2.520015 5.220239
v 0.389172 2.524274 5.278543
v 0.434714 2.578251 5.377232
v 0.485808 2.587290 5.335437
v 0.474201 2.562214 5.294145
v 0.429716 2.552435 5.327115
v 0.389176 2.583772 5.391436
v 0.389174 2.551926 5.340123
v 0.477554 2.563045 5.194948
v 0.489353 2.571661 5.216718
v 0.521116 2.609514 5.284649
v 0.505440 2.585522 5.249652
v 0.617128 2.728927 5.431821
v 0.656163 2.742952 5.367326
v 0.683019 2.754172 5.268870
v 0.701149 2.783503 5.184960
v 0.565550 2.726556 5.516250
v 0.507803 2.724653 5.567700
v 0.462993 2.726500 5.604953
v 0.720605 2.849310 5.070240
v 0.739929 2.853371 5.075690
v 0.728879 2.913930 4.969440
v 0.742376 2.988566 4.900046
v 0.737319 3.077055 4.839542
v 0.837539 3.244593 4.672310
v 0.898603 3.231256 4.597961
v 0.912915 3.449921 4.418739
v 0.948461 3.299566 4.469652
v 0.778466 3.230031 4.726806
v 0.736381 3.182217 4.765893
v 0.876008 3.552897 4.370327
v 0.944735 3.232143 4.527368
v 0.870632 3.630041 4.328626
v 0.875755 3.695619 4.249417
v 0.870897 3.702464 4.303384
v 0.868708 3.673545 4.303131
v 0.870589 3.691925 4.229788
v 0.879024 3.654975 4.248708
v 0.886865 3.620603 4.283356
v 0.895658 3.537899 4.328719
v 0.912517 3.471100 4.345807
v 0.862493 3.685351 4.215260
v 0.912771 3.409176 4.367522
v 0.911595 3.288395 4.415963
v 0.885779 3.243676 4.452028
v 0.853816 3.217082 4.516600
v 0.811260 3.202322 4.595720
v 0.669832 3.119827 4.846580
v 0.726801 3.179299 4.747672
v 0.767009 3.191573 4.685938
v 0.621042 2.988978 4.924915
v 0.593109 2.908033 5.001031
v 0.512897 2.731085 5.288957
v 0.537462 2.764491 5.193152
v 0.559650 2.834106 5.084122
v 0.492327 2.717280 5.330400
v 0.456926 2.700546 5.363982
v 0.424908 2.689104 5.391076
v 0.389172 2.682225 5.389256
v 0.635261 2.779785 5.369092
v 0.601026 2.757329 5.434138
v 0.662779 2.793235 5.285542
v 0.682811 2.806739 5.201603
v 0.553823 2.754202 5.509217
v 0.499320 2.751973 5.551632
v 0.461623 2.740234 5.579433
v 0.693060 2.898711 5.099120
v 0.706459 2.955594 4.996078
v 0.716730 3.030684 4.924217
v 0.703355 3.138015 4.851210
v 0.855516 3.294746 4.597047
v 0.790875 3.312790 4.652727
v 0.883556 3.406924 4.520674
v 0.876379 3.505227 4.446689
v 0.686083 3.249917 4.776745
v 0.722612 3.295076 4.720956
v 0.846110 3.575665 4.373412
v 0.882325 3.326850 4.562493
v 0.864452 3.657799 4.298509
v 0.858173 3.617652 4.319467
v 0.858328 3.687938 4.250882
v 0.854630 3.681710 4.236378
v 0.857227 3.620474 4.281180
v 0.861483 3.656223 4.252687
v 0.858151 3.550307 4.295131
v 0.877755 3.467101 4.322919
v 0.853543 3.678748 4.232436
v 0.885062 3.408966 4.325474
v 0.894754 3.273656 4.385046
v 0.834409 3.187467 4.452950
v 0.872281 3.237005 4.395320
v 0.796403 3.168611 4.543681
v 0.711141 3.152216 4.716941
v 0.659122 3.114189 4.834731
v 0.756065 3.174088 4.650603
v 0.608188 2.987459 4.909060
v 0.579029 2.900578 4.989247
v 0.498115 2.717081 5.267998
v 0.522768 2.753098 5.181043
v 0.546187 2.828747 5.075794
v 0.478910 2.704920 5.312187
v 0.449232 2.693117 5.353715
v 0.419153 2.684977 5.368473
v 0.389171 2.680437 5.367159
v 0.635565 3.114204 4.836258
v 0.590142 2.989706 4.905163
v 0.550967 2.905230 4.996270
v 0.495924 2.758570 5.189187
v 0.471923 2.725065 5.269773
v 0.509727 2.836191 5.087845
v 0.451961 2.712090 5.302310
v 0.434492 2.700252 5.327296
v 0.413549 2.693459 5.331087
v 0.389168 2.688926 5.331632
v 0.861812 3.475458 4.341950
v 0.860129 3.660437 4.269626
v 0.861118 3.399048 4.377134
v 0.864319 3.293832 4.430559
v 0.792062 3.266674 4.472945
v 0.836034 3.293245 4.433954
v 0.762460 3.243513 4.538608
v 0.687157 3.208837 4.660269
v 0.732023 3.217781 4.636880
v 0.835774 3.306251 4.470783
v 0.809501 3.311878 4.504858
v 0.768267 3.326288 4.501714
v 0.803850 3.313542 4.463662
v 0.742122 3.327949 4.646847
v 0.716167 3.330879 4.663486
v 0.730984 3.334886 4.617126
v 0.759249 3.325882 4.603776
v 0.751038 3.337477 4.555159
v 0.783166 3.324286 4.559531
v 0.788013 3.326472 4.616242
v 0.811869 3.329694 4.595129
v 0.824450 3.342127 4.552900
v 0.836284 3.407209 4.487194
v 0.844432 3.402752 4.426770
v 0.841413 3.487977 4.417504
v 0.836710 3.490421 4.370202
v 0.851063 3.615141 4.311516
v 0.842411 3.556838 4.334303
v 0.700553 3.304531 4.722489
v 0.749966 3.323408 4.512555
v 0.780994 3.292950 4.482871
v 0.726606 3.310302 4.559818
v 0.745410 3.274158 4.545973
v 0.720243 3.241457 4.613149
v 0.713713 3.283395 4.606347
v 0.689157 3.288969 4.618447
v 0.681385 3.236172 4.626237
v 0.717656 3.339169 4.619999
v 0.730934 3.340733 4.562253
v 0.703691 3.328669 4.667520
v 0.709889 3.334345 4.629942
v 0.717178 3.329870 4.585352
v 0.700229 3.333645 4.636332
v 0.694012 3.333084 4.668402
v 0.694118 3.334975 4.641353
v 0.704649 3.319902 4.614103
v 0.690992 3.318570 4.626487
v 0.692720 3.149972 4.714163
v 0.674921 3.210993 4.662752
v 0.670523 3.241372 4.629427
v 0.677199 3.294565 4.620447
v 0.683609 3.323307 4.626863
v 0.684943 3.330894 4.664526
v 0.686346 3.338353 4.640049
v 0.657824 2.801770 5.194798
v 0.672053 2.894024 5.098044
v 0.679695 2.955504 5.005130
v 0.689539 3.044761 4.931216
v 0.681562 3.132284 4.853426
v 0.661893 3.137022 4.861312
v 0.654548 3.250024 4.775191
v 0.671549 3.247367 4.774139
v 0.675678 3.277694 4.711744
v 0.670417 3.056733 4.937927
v 0.663726 2.961341 5.017100
v 0.651486 2.900990 5.106837
v 0.639001 2.816584 5.196351
v 0.596624 2.782727 5.295903
v 0.614632 2.800521 5.263999
v 0.638614 2.788622 5.270988
v 0.626054 2.776561 5.308464
v 0.485682 2.761157 5.498391
v 0.524865 2.764583 5.444659
v 0.544813 2.749969 5.475992
v 0.492931 2.757684 5.524079
v 0.445412 2.762031 5.525721
v 0.456648 2.746619 5.548572
v 0.567865 2.767808 5.395662
v 0.581927 2.748459 5.415961
v 0.590390 2.788201 5.338549
v 0.614732 2.775161 5.349075
v 0.871386 3.740400 4.309837
v 0.860227 3.794465 4.318837
v 0.815870 3.858459 4.331914
v 0.875842 3.817620 4.243866
v 0.812927 3.888631 4.263816
v 0.787298 3.982227 4.299230
v 0.779763 4.242088 3.692018
v 0.750351 4.249850 3.537600
v 0.760123 4.323328 3.703319
v 0.664068 4.351251 3.546703
v 0.665991 4.396674 3.715851
v 0.580574 4.478982 3.740450
v 0.571629 4.437204 3.559165
v 0.428209 3.179896 3.274779
v 0.400992 3.222099 3.110116
v 0.465319 3.279319 3.140644
v 0.477024 3.256231 3.326258
v 0.544179 3.295100 3.153927
v 0.579920 3.268418 3.343365
v 0.350490 3.158180 3.086857
v 0.373728 3.106112 3.239874
v 0.299791 3.038622 3.233131
v 0.283134 3.108865 3.076321
v 0.648654 3.384443 3.204824
v 0.667241 3.348218 3.384987
v 0.742627 3.521048 3.244728
v 0.719260 3.427503 3.411445
v 0.803973 3.731515 3.349698
v 0.830543 3.703678 3.501030
v 0.820222 3.619010 3.472383
v 0.784411 3.635325 3.306899
v 0.792845 3.532810 3.430170
v 0.196789 2.998963 3.221956
v 0.185320 3.052353 3.075915
v 0.840111 3.788467 3.520386
v 0.813575 3.814707 3.372270
v 0.810082 3.897658 3.398820
v 0.841586 3.874014 3.547900
v 0.837907 3.966989 3.587539
v 0.796147 3.990372 3.439231
v 0.779064 4.103261 3.504667
v 0.810954 4.066107 3.644171
v 0.309207 3.002661 3.320527
v 0.202195 2.954841 3.302215
v 0.388103 3.069488 3.327337
v 0.792535 4.134632 3.669044
v 0.707528 3.716676 4.750557
v 0.706930 3.727524 4.763855
v 0.700545 3.732141 4.779723
v 0.690833 3.728909 4.792372
v 0.676201 3.717747 4.807546
v 0.659858 3.695494 4.812881
v 0.648033 3.683227 4.807280
v 0.649584 3.663621 4.792022
v 0.640621 3.670341 4.798230
v 0.673117 3.660839 4.779327
v 0.685647 3.669569 4.763065
v 0.697482 3.687109 4.748224
v 0.706912 3.700929 4.746382
v 0.697490 3.717077 4.751479
v 0.696716 3.726097 4.763387
v 0.693114 3.728614 4.773679
v 0.685172 3.723799 4.784188
v 0.673620 3.714636 4.796301
v 0.656265 3.698823 4.800078
v 0.647332 3.688949 4.796219
v 0.645858 3.675797 4.785693
v 0.663263 3.674392 4.772089
v 0.673572 3.681114 4.760294
v 0.685517 3.695144 4.747118
v 0.695889 3.706494 4.745095
v 0.753364 3.917244 3.220458
v 0.763942 3.837250 3.194198
v 0.768071 3.748290 3.162391
v 0.621896 3.438381 2.991564
v 0.711201 3.549293 3.045606
v 0.431844 3.334783 2.953000
v 0.526024 3.345894 2.963531
v 0.370937 3.278505 2.939177
v 0.268968 3.178519 2.927493
v 0.323727 3.220196 2.929695
v 0.157538 3.154659 2.929141
v 0.636161 4.307134 3.333029
v 0.712644 4.231956 3.311868
v 0.545751 4.386203 3.350697
v 0.751266 3.658544 3.114314
v 0.720170 4.101588 3.288563
v 0.737427 4.003240 3.252043
vn -0.3369 0.4310 -0.8371
vn -0.2247 0.1502 -0.9628
vn -0.3187 0.1207 -0.9401
vn -0.1400 0.2049 -0.9687
vn -0.0727 0.2795 -0.9574
vn -0.0296 0.3667 -0.9299
vn -0.0147 0.4578 -0.8889
vn -0.0297 0.5441 -0.8385
vn -0.0729 0.6171 -0.7835
vn -0.1403 0.6695 -0.7294
vn -0.2250 0.6964 -0.6814
vn -0.3190 0.6950 -0.6443
vn -0.4130 0.6655 -0.6217
vn -0.4977 0.6108 -0.6158
vn -0.5650 0.5362 -0.6271
vn -0.6082 0.4490 -0.6546
vn -0.6230 0.3579 -0.6956
vn -0.6081 0.2716 -0.7460
vn -0.5648 0.1987 -0.8009
vn -0.4975 0.1462 -0.8550
vn -0.4127 0.1193 -0.9030
vn -0.0959 -0.1314 -0.9867
vn -0.2698 -0.1860 -0.9448
vn 0.0610 -0.0301 -0.9977
vn 0.1855 0.1079 -0.9767
vn 0.2653 0.2692 -0.9258
vn 0.2928 0.4379 -0.8500
vn 0.2651 0.5977 -0.7566
vn 0.1851 0.7327 -0.6549
vn 0.0605 0.8298 -0.5548
vn -0.0964 0.8795 -0.4660
vn -0.2704 0.8770 -0.3973
vn -0.4443 0.8224 -0.3554
vn -0.6012 0.7211 -0.3444
vn -0.7256 0.5831 -0.3653
vn -0.8055 0.4218 -0.4163
vn -0.8330 0.2530 -0.4921
vn -0.8053 0.0933 -0.5854
vn -0.7253 -0.0417 -0.6872
vn -0.6007 -0.1389 -0.7873
vn -0.4438 -0.1886 -0.8761
vn 0.0417 -0.3994 -0.9158
vn -0.1952 -0.4737 -0.8588
vn 0.2554 -0.2614 -0.9308
vn 0.4249 -0.0734 -0.9023
vn 0.5337 0.1462 -0.8330
vn 0.5711 0.3761 -0.7297
vn 0.5334 0.5937 -0.6025
vn 0.4245 0.7775 -0.4640
vn 0.2548 0.9098 -0.3276
vn 0.0410 0.9776 -0.2066
vn -0.1960 0.9741 -0.1131
vn -0.4328 0.8997 -0.0560
vn -0.6465 0.7618 -0.0410
vn -0.8161 0.5738 -0.0696
vn -0.9248 0.3541 -0.1389
vn -0.9622 0.1242 -0.2422
vn -0.9246 -0.0933 -0.3693
vn -0.8156 -0.2772 -0.5079
vn -0.6459 -0.4095 -0.6443
vn -0.4321 -0.4772 -0.7652
vn 0.1750 -0.6286 -0.7578
vn -0.1022 -0.7155 -0.6911
vn 0.4249 -0.4672 -0.7753
vn 0.6232 -0.2473 -0.7420
vn 0.7504 0.0097 -0.6609
vn 0.7942 0.2786 -0.5400
vn 0.7502 0.5330 -0.3913
vn 0.6227 0.7482 -0.2292
vn 0.4242 0.9029 -0.0697
vn 0.1741 0.9821 0.0718
vn -0.1031 0.9780 0.1812
vn -0.3801 0.8911 0.2480
vn -0.6301 0.7297 0.2655
vn -0.8284 0.5098 0.2321
vn -0.9557 0.2528 0.1510
vn -0.9994 -0.0161 0.0302
vn -0.9554 -0.2705 -0.1185
vn -0.8279 -0.4857 -0.2806
vn -0.6294 -0.6404 -0.4402
vn -0.3793 -0.7196 -0.5816
vn 0.2913 -0.7977 -0.5280
vn 0.0004 -0.8890 -0.4579
vn 0.5538 -0.6283 -0.5464
vn 0.7620 -0.3974 -0.5113
vn 0.8956 -0.1276 -0.4262
vn 0.9415 0.1547 -0.2994
vn 0.8953 0.4218 -0.1432
vn 0.7615 0.6477 0.0269
vn 0.5530 0.8102 0.1945
vn 0.2905 0.8933 0.3430
vn -0.0005 0.8890 0.4579
vn -0.2914 0.7977 0.5279
vn -0.5538 0.6283 0.5464
vn -0.7620 0.3974 0.5113
vn -0.8956 0.1276 0.4262
vn -0.9415 -0.1547 0.2993
vn -0.8953 -0.4218 0.1432
vn -0.7615 -0.6476 -0.0270
vn -0.5531 -0.8101 -0.1945
vn -0.2905 -0.8933 -0.3430
vn 0.3801 -0.8911 -0.2480
vn 0.0005 -0.8890 -0.4578
vn 0.2914 -0.7977 -0.5279
vn 0.1031 -0.9780 -0.1812
vn 0.6301 -0.7297 -0.2655
vn 0.8284 -0.5098 -0.2321
vn 0.9557 -0.2528 -0.1510
vn 0.9994 0.0161 -0.0302
vn 0.9415 0.1547 -0.2993
vn 0.9554 0.2705 0.1185
vn 0.8279 0.4857 0.2806
vn 0.7614 0.6477 0.0270
vn 0.6294 0.6404 0.4402
vn 0.5530 0.8101 0.1945
vn 0.3793 0.7196 0.5816
vn 0.1022 0.7155 0.6911
vn -0.1749 0.6286 0.7578
vn -0.2914 0.7977 0.5280
vn -0.4249 0.4672 0.7754
vn -0.6232 0.2473 0.7419
vn -0.7504 -0.0097 0.6609
vn -0.7942 -0.2786 0.5401
vn -0.7502 -0.5330 0.3913
vn -0.6227 -0.7482 0.2292
vn -0.7614 -0.6477 -0.0269
vn -0.4242 -0.9029 0.0697
vn -0.5530 -0.8102 -0.1944
vn -0.1741 -0.9821 -0.0718
vn -0.2905 -0.8933 -0.3429
vn 0.4328 -0.8997 0.0560
vn 0.1959 -0.9741 0.1131
vn 0.6465 -0.7618 0.0410
vn 0.8161 -0.5738 0.0696
vn 0.9248 -0.3541 0.1389
vn 0.9622 -0.1242 0.2422
vn 0.9246 0.0933 0.3693
vn 0.8156 0.2772 0.5079
vn 0.6459 0.4095 0.6443
vn 0.4321 0.4772 0.7652
vn 0.1952 0.4737 0.8588
vn -0.0417 0.3994 0.9158
vn -0.2554 0.2615 0.9308
vn -0.4249 0.0734 0.9023
vn -0.5337 -0.1462 0.8329
vn -0.5711 -0.3761 0.7297
vn -0.5334 -0.5936 0.6025
vn -0.4244 -0.7776 0.4640
vn -0.2547 -0.9098 0.3276
vn -0.0410 -0.9776 0.2066
vn 0.4443 -0.8224 0.3554
vn 0.2704 -0.8770 0.3973
vn 0.6012 -0.7211 0.3444
vn 0.7256 -0.5831 0.3654
vn 0.8055 -0.4218 0.4163
vn 0.8330 -0.2530 0.4921
vn 0.8053 -0.0933 0.5854
vn 0.7253 0.0417 0.6872
vn 0.6007 0.1388 0.7873
vn 0.4438 0.1885 0.8761
vn 0.2698 0.1860 0.9448
vn 0.0959 0.1314 0.9867
vn -0.0609 0.0302 0.9977
vn -0.1854 -0.1079 0.9767
vn -0.2653 -0.2692 0.9258
vn -0.2928 -0.4379 0.8500
vn -0.2651 -0.5977 0.7566
vn -0.1851 -0.7327 0.6549
vn -0.0605 -0.8298 0.5548
vn 0.0964 -0.8795 0.4660
vn 0.4130 -0.6655 0.6217
vn 0.3191 -0.6950 0.6443
vn 0.4977 -0.6109 0.6157
vn 0.5650 -0.5362 0.6271
vn 0.6082 -0.4491 0.6546
vn 0.6230 -0.3579 0.6955
vn 0.6081 -0.2716 0.7460
vn 0.5648 -0.1987 0.8009
vn 0.4975 -0.1462 0.8551
vn 0.4127 -0.1193 0.9030
vn 0.3188 -0.1207 0.9401
vn 0.2247 -0.1502 0.9628
vn 0.1400 -0.2050 0.9687
vn 0.0728 -0.2795 0.9574
vn 0.0296 -0.3666 0.9299
vn 0.0148 -0.4578 0.8889
vn 0.0297 -0.5441 0.8385
vn 0.0729 -0.6171 0.7835
vn 0.1402 -0.6695 0.7294
vn 0.2250 -0.6964 0.6814
vn 0.3369 -0.4310 0.8371
vn -0.2949 -0.2829 0.9127
vn -0.2632 0.0389 0.9640
vn -0.3591 0.0376 0.9325
vn -0.4473 0.0063 0.8944
vn -0.5191 -0.0518 0.8532
vn -0.5673 -0.1310 0.8130
vn -0.5873 -0.2236 0.7778
vn -0.5772 -0.3205 0.7511
vn -0.5379 -0.4123 0.7353
vn -0.4732 -0.4899 0.7322
vn -0.3896 -0.5458 0.7419
vn -0.2951 -0.5744 0.7635
vn -0.1990 -0.5730 0.7950
vn -0.1108 -0.5417 0.8332
vn -0.0392 -0.4837 0.8744
vn 0.0091 -0.4044 0.9145
vn 0.0291 -0.3119 0.9497
vn 0.0190 -0.2149 0.9764
vn -0.0203 -0.1232 0.9922
vn -0.0849 -0.0457 0.9953
vn -0.1687 0.0103 0.9856
vn -0.3846 0.3382 0.8589
vn -0.2068 0.3408 0.9171
vn -0.5478 0.2804 0.7882
vn -0.6805 0.1730 0.7120
vn -0.7698 0.0263 0.6377
vn -0.8069 -0.1451 0.5726
vn -0.7881 -0.3245 0.5231
vn -0.7153 -0.4943 0.4939
vn -0.5957 -0.6379 0.4881
vn -0.4408 -0.7413 0.5061
vn -0.2660 -0.7943 0.5461
vn -0.0883 -0.7918 0.6044
vn 0.0750 -0.7340 0.6750
vn 0.2077 -0.6265 0.7512
vn 0.2970 -0.4799 0.8255
vn 0.3341 -0.3085 0.8906
vn 0.3153 -0.1291 0.9402
vn 0.2425 0.0407 0.9693
vn 0.1229 0.1843 0.9752
vn -0.0320 0.2878 0.9572
vn -0.3730 0.6054 0.7031
vn -0.1309 0.6088 0.7824
vn -0.5953 0.5266 0.6069
vn -0.7761 0.3802 0.5031
vn -0.8977 0.1805 0.4019
vn -0.9482 -0.0529 0.3132
vn -0.9226 -0.2973 0.2457
vn -0.8235 -0.5286 0.2061
vn -0.6605 -0.7242 0.1981
vn -0.4496 -0.8650 0.2226
vn -0.2115 -0.9373 0.2771
vn 0.0306 -0.9338 0.3564
vn 0.2529 -0.8550 0.4527
vn 0.4337 -0.7086 0.5565
vn 0.5553 -0.5089 0.6577
vn 0.6058 -0.2755 0.7464
vn 0.5802 -0.0312 0.8138
vn 0.4811 0.2001 0.8535
vn 0.3181 0.3957 0.8615
vn 0.1072 0.5366 0.8370
vn -0.3258 0.8141 0.4807
vn -0.0427 0.8181 0.5735
vn -0.5859 0.7219 0.3681
vn -0.7974 0.5507 0.2467
vn -0.9397 0.3171 0.1283
vn -0.9987 0.0440 0.0246
vn -0.9688 -0.2418 -0.0543
vn -0.8529 -0.5123 -0.1007
vn -0.6622 -0.7412 -0.1101
vn -0.4155 -0.9059 -0.0814
vn -0.1370 -0.9904 -0.0176
vn 0.1462 -0.9864 0.0751
vn 0.4063 -0.8942 0.1878
vn 0.6178 -0.7230 0.3092
vn 0.7601 -0.4894 0.4276
vn 0.8191 -0.2163 0.5313
vn 0.7892 0.0695 0.6102
vn 0.6732 0.3400 0.6566
vn 0.4826 0.5689 0.6659
vn 0.2359 0.7336 0.6373
vn -0.2478 0.9451 0.2129
vn 0.0495 0.9494 0.3103
vn -0.5209 0.8484 0.0947
vn -0.7429 0.6686 -0.0328
vn -0.8922 0.4234 -0.1570
vn -0.9543 0.1367 -0.2659
vn -0.9228 -0.1634 -0.3488
vn -0.8011 -0.4474 -0.3975
vn -0.6010 -0.6877 -0.4073
vn -0.3420 -0.8607 -0.3772
vn -0.0495 -0.9494 -0.3102
vn 0.2478 -0.9452 -0.2128
vn 0.5208 -0.8484 -0.0946
vn 0.7429 -0.6686 0.0329
vn 0.8922 -0.4234 0.1571
vn 0.9542 -0.1367 0.2660
vn 0.9228 0.1634 0.3488
vn 0.8011 0.4474 0.3976
vn 0.6009 0.6877 0.4074
vn 0.3420 0.8607 0.3773
vn -0.1462 0.9864 -0.0752
vn -0.2478 0.9451 0.2128
vn 0.1370 0.9904 0.0176
vn -0.4063 0.8942 -0.1878
vn -0.5208 0.8484 0.0946
vn -0.6178 0.7230 -0.3092
vn -0.7600 0.4894 -0.4276
vn -0.8922 0.4234 -0.1571
vn -0.8191 0.2164 -0.5313
vn -0.9542 0.1367 -0.2660
vn -0.7892 -0.0695 -0.6102
vn -0.9228 -0.1633 -0.3489
vn -0.6732 -0.3400 -0.6566
vn -0.8011 -0.4474 -0.3976
vn -0.4826 -0.5689 -0.6659
vn -0.6009 -0.6877 -0.4074
vn -0.2359 -0.7336 -0.6373
vn -0.3419 -0.8607 -0.3773
vn 0.0426 -0.8181 -0.5735
vn -0.0495 -0.9493 -0.3103
vn 0.3258 -0.8141 -0.4807
vn 0.2478 -0.9451 -0.2129
vn 0.5859 -0.7219 -0.3681
vn 0.5209 -0.8484 -0.0947
vn 0.7974 -0.5507 -0.2467
vn 0.7429 -0.6686 0.0327
vn 0.9397 -0.3171 -0.1283
vn 0.9987 -0.0440 -0.0246
vn 0.9688 0.2418 0.0543
vn 0.8529 0.5123 0.1007
vn 0.8011 0.4475 0.3975
vn 0.6622 0.7412 0.1100
vn 0.6009 0.6877 0.4073
vn 0.4155 0.9059 0.0814
vn 0.3420 0.8607 0.3772
vn -0.0306 0.9338 -0.3564
vn 0.2115 0.9373 -0.2771
vn -0.2529 0.8550 -0.4527
vn -0.4338 0.7086 -0.5565
vn -0.5553 0.5090 -0.6577
vn -0.6058 0.2755 -0.7464
vn -0.5803 0.0312 -0.8138
vn -0.4811 -0.2001 -0.8535
vn -0.3182 -0.3957 -0.8615
vn -0.1072 -0.5366 -0.8370
vn 0.1309 -0.6088 -0.7824
vn 0.3730 -0.6054 -0.7031
vn 0.5953 -0.5266 -0.6069
vn 0.7761 -0.3802 -0.5031
vn 0.8977 -0.1805 -0.4019
vn 0.9482 0.0529 -0.3132
vn 0.9226 0.2973 -0.2457
vn 0.8235 0.5286 -0.2061
vn 0.6605 0.7242 -0.1981
vn 0.4496 0.8650 -0.2226
vn 0.0883 0.7918 -0.6044
vn 0.2660 0.7943 -0.5461
vn -0.0749 0.7340 -0.6750
vn -0.2077 0.6265 -0.7512
vn -0.2970 0.4799 -0.8255
vn -0.3341 0.3085 -0.8906
vn -0.3153 0.1292 -0.9402
vn -0.2425 -0.0407 -0.9693
vn -0.1229 -0.1843 -0.9752
vn 0.0320 -0.2877 -0.9572
vn 0.2068 -0.3408 -0.9171
vn 0.3846 -0.3382 -0.8589
vn 0.5478 -0.2804 -0.7882
vn 0.6805 -0.1729 -0.7120
vn 0.7698 -0.0263 -0.6377
vn 0.8069 0.1451 -0.5726
vn 0.7881 0.3244 -0.5231
vn 0.7153 0.4943 -0.4940
vn 0.5957 0.6379 -0.4881
vn 0.4409 0.7413 -0.5061
vn 0.1990 0.5730 -0.7950
vn 0.2951 0.5744 -0.7635
vn 0.1109 0.5418 -0.8331
vn 0.0391 0.4837 -0.8743
vn -0.0091 0.4045 -0.9145
vn -0.0292 0.3118 -0.9497
vn -0.0190 0.2149 -0.9765
vn 0.0203 0.1232 -0.9922
vn 0.0850 0.0456 -0.9953
vn 0.1687 -0.0103 -0.9856
vn 0.2631 -0.0389 -0.9640
vn 0.3592 -0.0375 -0.9325
vn 0.4473 -0.0063 -0.8943
vn 0.5191 0.0517 -0.8532
vn 0.5674 0.1310 -0.8130
vn 0.5874 0.2235 -0.7778
vn 0.5772 0.3205 -0.7511
vn 0.5379 0.4123 -0.7353
vn 0.4732 0.4899 -0.7322
vn 0.3896 0.5458 -0.7419
vn 0.2949 0.2829 -0.9127
vn -0.3821 0.9181 -0.1056
vn -0.4159 0.9062 0.0763
vn 0.1956 0.9796 -0.0460
vn 0.1553 0.9673 -0.2006
vn -0.3822 0.9238 0.0222
vn -0.2848 0.9581 0.0296
vn -0.3303 0.9392 -0.0937
vn -0.3457 0.9344 -0.0862
vn -0.5608 0.8270 -0.0405
vn -0.6407 0.7631 0.0847
vn -0.6766 0.7343 0.0538
vn -0.7512 0.6515 0.1063
vn -0.7703 0.6171 0.1607
vn -0.7283 0.6700 0.1441
vn -0.8762 0.4067 0.2587
vn -0.8452 0.4745 0.2461
vn -0.9499 0.1765 0.2581
vn -0.9449 0.1414 0.2954
vn -0.9683 -0.0576 0.2432
vn -0.9594 -0.0088 0.2820
vn -0.9525 -0.2541 0.1676
vn -0.9408 -0.1709 0.2928
vn -0.8230 -0.4749 0.3115
vn -0.8879 -0.4564 -0.0582
vn -0.0945 -0.8393 0.5354
vn -0.5307 -0.7427 0.4084
vn -0.6539 -0.7328 0.1880
vn -0.1613 -0.8907 0.4250
vn -0.6185 -0.6818 0.3906
vn -0.7569 -0.6497 -0.0714
vn -0.7093 -0.5942 0.3792
vn -0.8209 -0.5326 -0.2063
vn -0.4581 0.8732 -0.1665
vn -0.4908 0.8487 -0.1969
vn 0.0277 0.9992 0.0301
vn 0.0295 0.9957 0.0874
vn 0.0201 0.9997 0.0116
vn -0.4586 0.8662 -0.1983
vn -0.3987 0.8970 -0.1911
vn 0.0494 0.9979 -0.0417
vn -0.5260 0.8192 -0.2285
vn -0.5182 0.8209 -0.2399
vn 0.0541 0.9926 -0.1089
vn -0.4106 0.8804 -0.2375
vn -0.5019 0.8341 -0.2289
vn -0.3879 0.8891 -0.2428
vn -0.6418 0.6909 -0.3328
vn -0.5062 0.8074 -0.3030
vn -0.8879 0.1156 -0.4453
vn -0.9118 -0.0078 -0.4105
vn -0.8119 0.4179 -0.4076
vn -0.7904 0.4412 -0.4250
vn -0.6854 0.6647 -0.2974
vn -0.8362 0.4041 -0.3708
vn -0.8957 0.0644 -0.4400
vn -0.8757 -0.2373 -0.4206
vn -0.8887 -0.2829 -0.3608
vn -0.8325 0.3370 -0.4397
vn -0.8737 -0.0249 -0.4858
vn -0.8095 -0.3203 -0.4921
vn -0.8458 -0.2774 -0.4558
vn -0.6462 0.6924 -0.3208
vn -0.7412 0.5569 -0.3748
vn -0.6265 0.7357 -0.2573
vn -0.7580 0.5267 -0.3848
vn -0.6066 0.7480 -0.2695
vn -0.8368 0.2109 -0.5053
vn -0.8165 0.3045 -0.4905
vn -0.7226 0.5646 -0.3989
vn -0.6126 0.7378 -0.2835
vn -0.4810 0.8585 -0.1775
vn -0.4879 0.8530 -0.1854
vn -0.0066 0.9918 0.1280
vn -0.0223 0.9908 0.1333
vn -0.8287 0.0408 -0.5583
vn -0.5080 0.8436 -0.1740
vn -0.0616 0.9808 0.1853
vn -0.4506 0.8639 -0.2250
vn -0.0022 0.9957 0.0922
vn -0.5887 0.7376 -0.3309
vn -0.6073 0.7446 -0.2770
vn -0.0544 0.9902 0.1287
vn -0.4164 0.8967 -0.1504
vn -0.5562 0.7831 -0.2784
vn -0.7213 0.5482 -0.4233
vn -0.3767 -0.8858 -0.2709
vn -0.4361 -0.8690 -0.2337
vn -0.7610 -0.5738 -0.3026
vn -0.7209 -0.5813 -0.3773
vn 0.0532 -0.9918 -0.1162
vn 0.0353 -0.9922 -0.1199
vn -0.8138 0.1639 -0.5575
vn -0.7846 0.1037 -0.6113
vn -0.6872 -0.2899 -0.6661
vn -0.7500 -0.1548 -0.6431
vn -0.7193 0.5092 -0.4725
vn -0.7723 0.0521 -0.6331
vn -0.6752 -0.2955 -0.6759
vn -0.5142 -0.5474 -0.6603
vn -0.6371 -0.3363 -0.6935
vn -0.4811 -0.5964 -0.6426
vn -0.8050 -0.0517 -0.5911
vn -0.7620 -0.3106 -0.5682
vn -0.6950 -0.3418 -0.6326
vn -0.5369 -0.6690 -0.5140
vn -0.6382 -0.6093 -0.4705
vn -0.4703 -0.6440 -0.6034
vn -0.1452 -0.8681 -0.4747
vn -0.1794 -0.9041 -0.3879
vn -0.4307 -0.5916 -0.6815
vn -0.6690 -0.6153 -0.4170
vn -0.3154 -0.8742 -0.3693
vn -0.3583 -0.8760 -0.3228
vn -0.0729 0.9800 0.1853
vn -0.4665 0.8650 -0.1849
vn -0.6953 0.5681 -0.4402
vn -0.7699 0.0591 -0.6354
vn -0.6503 -0.3568 -0.6707
vn -0.5727 0.7606 -0.3059
vn -0.6746 0.5547 -0.4870
vn -0.5572 0.7580 -0.3390
vn -0.6402 0.5342 -0.5521
vn -0.4340 0.8856 -0.1654
vn -0.0630 0.9809 0.1843
vn -0.7102 0.0850 -0.6988
vn -0.6615 0.1404 -0.7367
vn -0.5492 -0.4163 -0.7246
vn -0.5133 -0.3667 -0.7760
vn -0.5424 0.7218 -0.4298
vn -0.6034 0.5776 -0.5498
vn -0.6467 0.2659 -0.7149
vn -0.5922 -0.1466 -0.7923
vn -0.1845 -0.8040 -0.5652
vn 0.1553 -0.9117 -0.3803
vn 0.1289 -0.9355 -0.3291
vn 0.1344 -0.9591 -0.2490
vn 0.1095 -0.9725 -0.2056
vn -0.1241 -0.7857 -0.6060
vn 0.2333 -0.8836 -0.4059
vn -0.3528 -0.6614 -0.6618
vn -0.0335 -0.8727 -0.4871
vn 0.1882 -0.9139 -0.3596
vn 0.0810 -0.9834 -0.1626
vn -0.3941 -0.6888 -0.6085
vn -0.1101 -0.8761 -0.4694
vn -0.2462 -0.7928 -0.5575
vn -0.2392 -0.7756 -0.5842
vn -0.0721 -0.8743 -0.4801
vn 0.0363 -0.9181 -0.3948
vn 0.0685 -0.9264 -0.3704
vn -0.0527 0.9746 0.2175
vn -0.3925 0.8991 -0.1938
vn -0.2782 0.9506 -0.1378
vn -0.4491 0.8182 -0.3589
vn -0.5289 0.6943 -0.4880
vn -0.5912 0.4397 -0.6761
vn -0.1322 0.9903 0.0422
vn -0.3725 0.8682 -0.3278
vn 0.1360 0.9152 0.3794
vn 0.0028 0.9816 0.1910
vn -0.0471 0.9986 -0.0244
vn -0.2071 0.9402 -0.2704
vn 0.1398 0.9680 0.2084
vn -0.3111 0.8334 -0.4568
vn -0.4551 0.7449 -0.4878
vn 0.1866 -0.9356 -0.2997
vn 0.2026 -0.9452 -0.2558
vn -0.0025 -0.9218 -0.3877
vn 0.1122 -0.9518 -0.2855
vn 0.0869 -0.9326 -0.3503
vn 0.0355 -0.9117 -0.4093
vn -0.1371 -0.8573 -0.4961
vn 0.2872 -0.9370 -0.1988
vn 0.1857 -0.9247 -0.3322
vn 0.1694 -0.9256 -0.3385
vn 0.3159 -0.9424 -0.1097
vn 0.7946 0.3675 -0.4833
vn 0.1175 -0.9077 -0.4028
vn 0.1214 -0.9080 -0.4009
vn -0.0308 -0.8074 -0.5892
vn 0.0240 -0.8600 -0.5097
vn -0.0953 -0.8552 -0.5095
vn -0.3001 -0.7085 -0.6387
vn -0.3887 -0.5818 -0.7144
vn -0.3174 -0.5322 -0.7848
vn -0.5550 0.0045 -0.8318
vn -0.4275 0.2886 -0.8567
vn -0.3161 -0.2831 -0.9055
vn -0.0754 -0.7368 -0.6719
vn -0.3890 0.6598 -0.6430
vn -0.5166 0.5699 -0.6390
vn -0.5255 0.1883 -0.8297
vn -0.3382 -0.3967 -0.8534
vn -0.7722 0.6019 0.2035
vn -0.7859 0.5710 0.2373
vn -0.8659 0.4940 0.0786
vn -0.8400 0.5426 -0.0044
vn -0.8791 0.3551 0.3179
vn -0.9162 0.3740 0.1440
vn -0.8128 0.5542 0.1792
vn -0.7721 0.4656 0.4325
vn -0.7165 0.5266 0.4575
vn -0.7430 0.6663 -0.0637
vn -0.3992 0.9115 -0.0984
vn -0.3680 0.9298 -0.0087
vn -0.7437 0.6682 0.0178
vn 0.1443 0.9875 -0.0640
vn -0.1897 0.9817 -0.0173
vn -0.2849 0.9470 -0.1482
vn 0.1277 0.9706 -0.2040
vn 0.2602 0.9655 -0.0093
vn -0.1915 0.9784 0.0780
vn -0.3702 0.9239 0.0970
vn -0.5181 0.8254 0.2245
vn -0.9290 -0.0144 0.3697
vn -0.9709 0.1937 0.1408
vn -0.7356 0.3778 0.5623
vn -0.7785 0.0855 0.6218
vn -0.7076 -0.0182 0.7064
vn -0.9062 -0.1305 0.4022
vn -0.9941 -0.0641 0.0873
vn -0.6227 0.6051 0.4961
vn -0.8584 0.5015 0.1084
vn -0.6768 0.6375 0.3682
vn -0.1827 0.9781 0.1001
vn -0.1262 0.9848 0.1193
vn -0.1890 0.9808 0.0480
vn -0.2548 0.9669 0.0111
vn 0.2296 0.8922 0.3888
vn -0.2721 0.9322 0.2387
vn 0.2102 0.9704 0.1188
vn -0.4247 0.9007 0.0916
vn 0.2400 0.9657 0.0993
vn 0.2008 0.9645 0.1714
vn -0.5953 0.8033 -0.0169
vn -0.4823 0.8609 0.1623
vn -0.7435 0.6358 0.2074
vn -0.7798 0.6260 0.0038
vn -0.9798 0.0615 0.1905
vn -0.9255 0.2364 0.2958
vn -0.9632 0.1287 0.2358
vn -0.9488 -0.0656 0.3090
vn -0.9542 0.2083 0.2150
vn -0.9595 -0.0406 0.2788
vn -0.9249 0.3658 0.1034
vn -0.9075 0.3568 0.2216
vn -0.8393 0.3401 0.4243
vn -0.8503 0.3134 0.4229
vn -0.9732 -0.1410 0.1815
vn -0.8948 -0.2403 0.3763
vn -0.9098 0.2111 0.3573
vn -0.5799 -0.2057 0.7883
vn -0.7086 -0.1988 0.6770
vn -0.5683 0.0582 0.8208
vn -0.8668 -0.2366 0.4389
vn -0.9624 -0.2508 0.1045
vn -0.7899 -0.5886 0.1722
vn -0.6424 -0.5666 0.5161
vn -0.4472 -0.3491 0.8235
vn -0.5199 -0.4377 0.7335
vn -0.6992 -0.6684 0.2536
vn -0.5353 -0.4759 0.6978
vn -0.5675 -0.2997 0.7669
vn -0.4396 -0.5235 0.7299
vn -0.9026 -0.3222 0.2855
vn -0.5279 -0.4844 0.6976
vn -0.5570 -0.5160 0.6508
vn -0.6910 -0.6676 0.2772
vn -0.8487 -0.4222 0.3186
vn -0.1750 -0.9311 0.3201
vn -0.0718 -0.7034 0.7072
vn 0.1739 0.9837 0.0460
vn -0.3504 -0.5830 0.7331
vn -0.0875 -0.6980 0.7107
vn -0.8526 0.5221 0.0217
vn -0.9220 -0.1872 0.3390
vn -0.7944 0.5709 0.2074
vn -0.3070 -0.5493 0.7772
vn -0.5643 -0.6579 0.4987
vn -0.4260 -0.7417 0.5180
vn -0.1877 -0.8329 0.5207
vn -0.5186 -0.8056 0.2864
vn -0.2112 -0.9325 0.2929
vn -0.1956 -0.9371 0.2891
vn -0.5083 -0.8055 0.3045
vn -0.8238 -0.4987 0.2695
vn -0.8620 -0.3348 0.3805
vn -0.9790 -0.1340 0.1534
vn -0.7137 -0.1912 0.6738
vn -0.1656 -0.9287 0.3319
vn -0.5563 -0.7803 0.2856
vn -0.6035 -0.7433 0.2886
vn -0.1784 -0.9389 0.2944
vn -0.7463 -0.6110 0.2641
vn -0.6860 -0.6851 0.2450
vn -0.6898 -0.6463 0.3264
vn -0.8410 -0.4013 0.3628
vn -0.7809 -0.5669 0.2625
vn -0.7895 -0.5754 0.2134
vn -0.8874 -0.3703 0.2744
vn -0.7164 -0.6008 0.3545
vn -0.8253 -0.4319 0.3638
vn -0.8722 0.4837 -0.0725
vn -0.7995 -0.2618 0.5406
vn -0.8528 -0.2735 0.4450
vn -0.9834 0.0831 0.1616
vn -0.9946 -0.1036 0.0051
vn -0.9348 -0.1077 0.3384
vn -0.5866 -0.7702 0.2503
vn -0.7110 -0.6347 0.3027
vn -0.7164 0.5033 0.4831
vn -0.6509 0.5617 0.5107
vn -0.6663 0.5576 0.4952
vn -0.1880 0.9275 0.3230
vn -0.4429 0.7754 0.4500
vn -0.1906 0.9585 0.2119
vn 0.2558 0.9510 0.1735
vn -0.8499 0.4014 0.3414
vn -0.7222 0.5900 0.3609
vn -0.5198 0.7968 0.3082
vn -0.7195 0.5942 0.3595
vn -0.1194 0.9648 0.2345
vn -0.0439 0.9786 0.2009
vn 0.2242 0.9099 0.3491
vn -0.7146 -0.1924 0.6726
vn -0.9399 -0.0043 0.3413
vn -0.8129 -0.4240 0.3992
vn -0.9578 -0.2634 -0.1149
vn -0.9998 0.0197 0.0086
vn -0.6135 -0.0184 0.7894
vn -0.3589 -0.3327 0.8721
vn -0.6872 -0.5561 0.4675
vn -0.9559 -0.2352 0.1757
vn -0.9752 0.2047 0.0847
vn -0.2451 0.9479 0.2035
vn -0.3333 0.9227 0.1936
vn -0.4177 0.9045 0.0859
vn 0.2257 0.9434 0.2429
vn 0.2205 0.9682 0.1179
vn 0.1779 0.9821 -0.0621
vn 0.1928 0.9812 0.0044
vn -0.8297 0.5562 -0.0475
vn 0.6953 0.1713 0.6980
vn 0.7364 0.0681 0.6731
vn 0.4174 0.2637 0.8696
vn 0.4291 0.3436 0.8354
vn 0.9420 -0.1409 0.3047
vn 0.9499 -0.2672 0.1621
vn 0.7618 -0.5117 -0.3973
vn 0.8322 -0.4713 -0.2920
vn 0.3205 -0.6171 -0.7187
vn 0.1370 -0.5373 -0.8322
vn -0.5287 -0.4204 -0.7374
vn -0.6435 -0.2269 -0.7310
vn -0.9878 0.0661 -0.1407
vn -0.9800 0.1491 -0.1318
vn -0.7649 0.4135 0.4939
vn -0.3506 0.4951 0.7949
vn -0.4199 0.4031 0.8131
vn -0.7982 0.3472 0.4922
vn 0.4652 0.5391 0.7021
vn 0.7612 0.2866 0.5817
vn 0.5717 0.6759 0.4651
vn 0.1406 0.6871 0.7128
vn 0.1579 0.8229 0.5459
vn 0.9890 0.0321 0.1441
vn 0.8616 -0.4700 -0.1915
vn 0.9098 -0.3610 -0.2048
vn 0.9389 -0.0117 0.3439
vn 0.9499 -0.2684 0.1601
vn 0.9427 -0.1451 0.3004
vn -0.0132 -0.9085 -0.4176
vn 0.1513 -0.8156 -0.5584
vn 0.6370 -0.6902 -0.3433
vn -0.4739 -0.7866 -0.3958
vn -0.5100 -0.6300 -0.5856
vn -0.5639 -0.5059 -0.6527
vn 0.3178 -0.6294 -0.7092
vn -0.9639 0.0759 -0.2552
vn -0.9044 -0.1437 -0.4017
vn -0.2217 -0.9053 -0.3624
vn -0.5365 -0.8018 -0.2632
vn -0.9285 -0.3144 -0.1976
vn -0.9275 -0.3666 -0.0729
vn 0.3801 -0.8384 -0.3907
vn 0.9981 -0.0584 -0.0220
vn 0.9976 -0.0658 -0.0210
vn 0.9893 0.0295 0.1432
vn 0.8663 0.3715 0.3339
vn 0.8947 0.3665 0.2552
vn 0.8036 0.3670 0.4685
vn 0.8595 0.3830 0.3384
vn 0.5655 0.6242 0.5391
vn 0.3005 0.5466 0.7816
vn -0.2942 0.5241 0.7992
vn 0.6947 0.3962 0.6004
vn 0.9879 -0.1025 -0.1167
vn 0.9686 -0.2418 0.0574
vn 0.5991 0.6834 0.4171
vn 0.0424 0.8760 0.4804
vn 0.0538 0.8097 0.5844
vn 0.9908 -0.1310 0.0326
vn 0.9684 -0.2410 0.0640
vn 0.9877 -0.1070 -0.1143
vn 0.5130 -0.4381 -0.7382
vn 0.2433 -0.8529 -0.4618
vn -0.5367 -0.7839 -0.3122
vn -0.2949 0.8229 0.4857
vn -0.3676 0.8054 0.4650
vn -0.4693 0.7712 0.4301
vn -0.8830 0.3987 0.2477
vn -0.8806 0.4218 0.2158
vn -0.8463 0.5168 0.1293
vn -0.2293 0.7561 0.6130
vn -0.7226 0.6356 0.2718
vn 0.0856 0.4547 0.8865
vn -0.8537 -0.2601 -0.4511
vn -0.9025 0.4203 0.0943
vn -0.3340 -0.8464 -0.4147
vn -0.3816 0.7358 0.5595
vn 0.3054 0.4752 0.8252
vn -0.8858 -0.1381 0.4430
vn 0.7597 -0.6096 0.2262
vn 0.0615 0.3720 0.9262
vn -0.8921 -0.1172 0.4363
vn 0.7353 -0.6080 0.2996
vn 0.3787 -0.3104 -0.8719
vn -0.6184 0.1802 -0.7649
vn 0.4365 -0.0583 -0.8978
vn -0.5213 0.3121 -0.7943
vn -0.3668 0.2145 0.9052
vn -0.3414 0.4027 0.8493
vn -0.9138 0.3968 0.0863
vn -0.8707 0.4689 0.1484
vn 0.9557 -0.2918 -0.0396
vn 0.9298 -0.3580 -0.0855
vn -0.7275 -0.4095 -0.5505
vn -0.9822 0.0802 0.1700
vn -0.9822 0.1068 0.1548
vn -0.6520 -0.1541 -0.7424
vn -0.9812 0.0816 0.1750
vn 0.6665 -0.0731 0.7419
vn 0.6337 -0.2084 0.7450
vn 0.9556 -0.2918 -0.0396
vn 0.9298 -0.3581 -0.0853
vn 0.6256 0.2709 0.7316
vn 0.9907 0.0909 -0.1012
vn 0.9907 0.0909 -0.1013
vn 0.4767 -0.1095 -0.8722
vn -0.4306 0.3170 0.8451
vn -0.9821 0.1068 0.1549
vn 0.9892 -0.1395 0.0445
vn 0.9393 -0.0109 0.3428
vn -0.5652 0.6577 -0.4980
vn -0.6981 0.5573 -0.4495
vn -0.9705 0.1918 -0.1460
vn -0.9631 0.2107 -0.1672
vn -0.3008 0.7430 -0.5979
vn -0.0216 0.7910 -0.6115
vn 0.4244 0.6977 -0.5772
vn 0.2358 0.6251 -0.7440
vn -0.7110 0.0566 -0.7009
vn -0.5898 0.3625 -0.7216
vn 0.0939 0.1573 -0.9831
vn -0.0419 -0.2063 -0.9776
vn 0.9608 -0.2581 -0.1013
vn 0.7884 0.2403 -0.5662
vn 0.8658 0.3080 -0.3943
vn 0.9682 -0.2396 -0.0716
vn -0.3241 -0.9148 0.2410
vn 0.1679 -0.9108 0.3771
vn 0.2478 -0.9257 0.2856
vn -0.3710 -0.8750 0.3110
vn 0.9679 -0.2409 -0.0714
vn 0.7650 -0.6252 0.1547
vn 0.7636 -0.6178 0.1876
vn 0.9597 -0.2631 -0.0992
vn -0.0794 -0.8490 0.5224
vn 0.6526 -0.6883 0.3168
vn -0.0289 -0.0047 0.9996
vn 0.2305 -0.0572 0.9714
vn -0.3600 -0.8554 0.3725
vn -0.9181 -0.3934 0.0488
vn -0.7420 -0.6408 0.1968
vn 0.7522 -0.2312 0.6171
vn -0.6057 -0.0277 0.7952
vn 0.9310 -0.3637 0.0325
vn 0.8993 -0.4366 0.0251
vn 0.6514 -0.3916 -0.6499
vn 0.9319 -0.3614 0.0297
vn 0.8997 -0.4360 0.0224
vn 0.7235 -0.1714 -0.6688
vn -0.9642 0.1817 -0.1932
vn -0.9510 -0.2943 0.0950
vn -0.9956 -0.0634 -0.0697
vn -0.9225 0.2624 -0.2829
vn -0.9447 0.1074 0.3097
vn 0.1509 0.8803 -0.4497
vn 0.5030 0.7490 -0.4312
vn -0.5257 0.7989 -0.2921
vn -0.9265 0.3762 -0.0059
vn -0.8910 0.4451 -0.0901
vn -0.4231 0.8710 -0.2497
vn -0.9330 -0.2607 0.2479
vn -0.9174 -0.2526 0.3076
vn 0.9884 -0.1468 -0.0384
vn 0.8797 0.3956 -0.2639
vn 0.8939 0.4164 -0.1662
vn 0.9974 -0.0716 -0.0121
vn 0.6291 0.7178 -0.2983
vn 0.2281 0.9273 -0.2968
vn -0.9253 0.3422 -0.1634
vn -0.6148 0.6066 -0.5041
vn -0.8765 -0.2128 0.4319
vn 0.9223 0.3864 0.0100
vn 0.9956 0.0871 0.0331
vn -0.9309 -0.3467 0.1151
vn 0.7891 0.5479 -0.2777
vn 0.7654 0.5682 -0.3022
vn -0.8483 -0.5264 0.0566
vn -0.9271 -0.3656 0.0827
vn 0.0805 0.3178 -0.9447
vn -0.7238 -0.6898 0.0164
vn -0.9559 -0.1820 -0.2305
vn 0.2312 -0.9016 0.3655
vn -0.3986 -0.8167 0.4174
vn 0.2060 -0.9243 0.3213
vn -0.3973 -0.8124 0.4269
vn 0.0234 -0.8841 0.4667
vn -0.1993 -0.5181 0.8318
vn -0.3538 -0.7294 0.5856
vn 0.2092 -0.9238 0.3205
vn -0.7600 -0.0608 0.6471
vn 0.7902 -0.5914 0.1606
vn 0.7739 -0.6178 0.1393
vn 0.1978 -0.9794 -0.0409
vn 0.7248 -0.6890 -0.0037
vn 0.9875 -0.1526 -0.0386
vn 0.9956 -0.0932 -0.0009
vn -0.6209 -0.7644 -0.1735
vn 0.9974 0.0629 0.0348
vn -0.7765 -0.2307 0.5863
vn -0.9470 -0.0177 0.3207
vn -0.9286 -0.3450 0.1367
vn -0.8083 -0.5228 0.2708
vn -0.8213 -0.4341 0.3702
vn -0.9539 -0.2802 -0.1074
vn -0.9747 0.2128 -0.0689
vn -0.9996 0.0220 0.0190
vn -0.3605 -0.3310 0.8721
vn -0.6195 -0.0294 0.7844
vn -0.9545 -0.2406 0.1763
vn -0.6887 -0.5561 0.4653
vn -0.9774 0.1914 0.0895
vn -0.6175 -0.7659 -0.1793
vn -0.9726 0.2037 0.1117
vn -0.6868 -0.2986 -0.6627
vn -0.6552 0.0054 -0.7555
vn 0.2815 -0.2911 -0.9143
vn 0.0402 -0.5554 -0.8306
vn 0.0629 -0.1115 -0.9918
vn -0.6745 0.2196 -0.7049
vn -0.3116 -0.9484 -0.0589
vn -0.9848 0.0310 0.1711
vn -0.9808 -0.1614 0.1095
vn -0.9640 0.2066 0.1676
vn -0.4124 -0.3898 0.8234
vn -0.3778 0.0215 0.9256
vn 0.6409 -0.7668 0.0343
vn 0.8677 -0.4944 -0.0519
vn 0.3285 -0.5917 -0.7361
vn -0.5205 -0.4188 -0.7441
vn -0.5658 -0.4254 -0.7063
vn 0.4591 -0.3686 -0.8083
vn -0.9910 -0.1011 0.0873
vn -0.9593 -0.2748 0.0644
vn -0.5882 -0.1193 -0.7998
vn -0.9898 -0.0797 0.1181
vn 0.2693 -0.3432 -0.8998
vn -0.4635 0.0993 0.8805
vn -0.9898 -0.0796 0.1181
vn -0.4424 -0.2839 0.8507
vn -0.9593 -0.2748 0.0645
vn -0.3210 -0.4183 0.8497
vn 0.4705 -0.6412 0.6062
vn 0.3066 -0.6712 0.6749
vn 0.5146 -0.3740 0.7715
vn 0.8677 -0.4944 -0.0518
vn 0.6945 -0.6419 -0.3250
vn 0.6945 -0.6419 -0.3251
vn 0.5259 0.0733 0.8474
vn 0.4070 -0.3544 0.8419
vn 0.8678 -0.4932 0.0603
vn 0.9979 -0.0644 0.0046
vn 0.3603 -0.4657 0.8083
vn -0.4189 -0.2760 0.8651
vn 0.8379 -0.5428 0.0577
vn 0.8678 -0.4933 0.0603
vn -0.2355 -0.9604 -0.1492
vn 0.8379 -0.5428 0.0576
vn -0.2354 -0.9604 -0.1492
vn 0.7171 0.6329 0.2918
vn 0.7550 0.6554 -0.0187
vn 0.5729 0.7628 0.2999
vn 0.2392 0.6381 0.7319
vn 0.1014 0.7741 0.6249
vn 0.5756 0.7144 0.3978
vn 0.5631 0.8175 0.1209
vn 0.6106 0.7088 0.3533
vn 0.0984 0.8670 0.4885
vn 0.0633 0.9411 0.3323
vn 0.6128 0.6976 0.3713
vn 0.0058 0.7984 0.6022
vn 0.5091 0.8588 0.0571
vn 0.0877 0.9335 0.3478
vn -0.0825 0.8704 0.4853
vn -0.1871 0.9212 0.3411
vn 0.4953 0.8356 0.2375
vn 0.5429 0.7771 0.3184
vn -0.0000 0.8955 0.4450
vn 0.5117 0.7796 0.3611
vn -0.0000 0.9606 0.2780
vn -0.0000 0.8486 0.5291
vn 0.4060 0.7982 0.4451
vn 0.4312 0.8888 0.1552
vn -0.0000 0.8753 0.4835
vn 0.5039 0.7661 0.3989
vn -0.0001 0.9952 0.0984
vn 0.2947 0.9553 0.0222
vn -0.0000 0.9973 0.0728
vn 0.2630 0.9573 0.1200
vn 0.1391 0.9445 0.2976
vn 0.9998 -0.0212 0.0071
vn 0.5259 0.8067 0.2695
vn 0.8656 0.5001 0.0258
vn 0.9943 -0.0397 -0.0987
vn 0.9776 -0.1573 -0.1401
vn 0.9916 -0.0460 -0.1206
vn 0.9912 0.1267 0.0385
vn 0.9869 0.1283 -0.0974
vn 0.9673 0.2537 -0.0059
vn 0.9832 0.1764 0.0478
vn 0.8187 -0.1895 -0.5420
vn 0.9475 0.3125 0.0681
vn 0.8386 -0.5318 -0.1179
vn 0.4976 -0.7785 -0.3826
vn 0.9438 0.2804 0.1749
vn 0.6890 0.7060 0.1637
vn 0.9861 0.0623 0.1538
vn 0.9735 -0.0062 0.2287
vn 0.7825 -0.6167 0.0859
vn 0.1773 -0.9566 -0.2312
vn 0.2426 -0.8958 -0.3724
vn 0.6224 0.7044 0.3414
vn 0.8699 0.3249 0.3710
vn 0.9193 0.0060 0.3935
vn 0.8344 -0.2089 0.5101
vn 0.6544 -0.5789 0.4865
vn 0.3888 -0.8769 0.2828
vn 0.4049 -0.9126 -0.0573
vn 0.3486 0.8960 0.2749
vn -0.0631 0.9535 0.2948
vn 0.6326 0.6859 0.3597
vn 0.8443 0.4221 0.3302
vn 0.9458 0.0491 0.3209
vn 0.8021 -0.5387 0.2576
vn 0.6321 -0.7378 0.2366
vn 0.3943 -0.8991 0.1903
vn 0.2409 -0.9438 0.2264
vn 0.3235 0.8749 0.3604
vn -0.0117 0.9351 0.3542
vn 0.7942 -0.3903 -0.4657
vn 0.3088 -0.7433 -0.5934
vn 0.4619 -0.6384 -0.6157
vn 0.7912 -0.4534 -0.4104
vn 0.7372 -0.4773 -0.4782
vn 0.2138 -0.8036 -0.5555
vn 0.6940 -0.5133 -0.5049
vn 0.1164 -0.8381 -0.5330
vn 0.4660 -0.7109 -0.5267
vn -0.0679 -0.9033 -0.4235
vn 0.0637 -0.8560 -0.5131
vn -0.0943 -0.8509 -0.5167
vn -0.0000 -0.9136 -0.4067
vn -0.0000 -0.8393 -0.5437
vn 0.8654 -0.3381 -0.3697
vn 0.5602 -0.6524 -0.5104
vn 0.4363 -0.6773 -0.5924
vn 0.8720 -0.3123 -0.3771
vn -0.0001 -0.8176 -0.5757
vn 0.7548 -0.4054 -0.5156
vn 0.8871 -0.2530 -0.3860
vn -0.0000 -0.8595 -0.5111
vn 0.6405 -0.5306 -0.5552
vn 0.8704 -0.3366 -0.3594
vn -0.0001 -0.9054 -0.4246
vn 0.7494 -0.4283 -0.5049
vn 0.8883 -0.3158 -0.3333
vn -0.0000 -0.8632 -0.5049
vn 0.8134 -0.3775 -0.4425
vn 0.6898 -0.5770 -0.4373
vn 0.5670 -0.7140 -0.4108
vn 0.2862 -0.8802 -0.3787
vn -0.0518 -0.8431 -0.5352
vn -0.0001 -0.8089 -0.5880
vn 0.7140 -0.4660 -0.5225
vn 0.2918 -0.9518 0.0946
vn -0.0276 -0.9594 0.2806
vn 0.1794 -0.8698 -0.4596
vn 0.0001 -0.9999 0.0143
vn -0.0000 -0.9716 0.2364
vn -0.0000 -0.8367 -0.5477
vn 0.9067 -0.2434 -0.3445
vn 0.6055 -0.7376 -0.2988
vn 0.5921 -0.6720 -0.4448
vn 0.9006 -0.2235 -0.3727
vn 0.7665 -0.4134 -0.4915
vn 0.4918 -0.7759 -0.3951
vn 0.6981 -0.4947 -0.5176
vn 0.5474 -0.5184 -0.6570
vn 0.3996 -0.8207 -0.4083
vn 0.6860 -0.4693 -0.5560
vn 0.5388 -0.5020 -0.6765
vn 0.2492 -0.7944 -0.5540
vn 0.3453 -0.6269 -0.6984
vn -0.0000 -0.6902 -0.7236
vn -0.0000 -0.8378 -0.5460
vn 0.4015 -0.8125 -0.4226
vn 0.6491 -0.5051 -0.5689
vn 0.1927 -0.5875 -0.7859
vn -0.0000 -0.6744 -0.7383
vn 0.6342 -0.4236 -0.6469
vn 0.6748 -0.6381 -0.3708
vn 0.8113 -0.3415 -0.4745
vn 0.6532 -0.4525 -0.6072
vn 0.2707 -0.6689 -0.6924
vn -0.0000 -0.7385 -0.6742
vn 0.4332 -0.6753 -0.5970
vn -0.0000 -0.7546 -0.6562
vn 0.3690 -0.6658 -0.6485
vn -0.0000 -0.6972 -0.7169
vn 0.3936 -0.6901 -0.6073
vn -0.0000 -0.7820 -0.6232
vn 0.8627 0.4903 0.1238
vn 0.2716 -0.1488 0.9509
vn 0.9513 -0.2587 0.1675
vn 0.9497 -0.2114 0.2310
vn 0.7087 -0.5792 0.4029
vn 0.6196 -0.7676 0.1642
vn 0.3237 -0.8174 0.4765
vn 0.2248 -0.9681 0.1105
vn 0.4476 0.8908 0.0782
vn 0.5896 0.7686 -0.2484
vn 0.0223 0.9997 0.0110
vn 0.0735 0.9659 -0.2482
vn 0.1924 -0.8319 0.5204
vn 0.0001 -0.9968 0.0801
vn 0.8550 0.4925 0.1623
vn -0.8169 -0.4840 0.3137
vn 0.7647 -0.1979 0.6132
vn 0.1570 -0.4221 0.8928
vn 0.3039 0.9126 0.2736
vn 0.1561 0.9115 0.3806
vn -0.2369 -0.3157 0.9188
vn 0.0197 0.6963 0.7175
vn 0.7509 0.2434 0.6139
vn 0.6518 0.6659 0.3630
vn 0.6702 -0.2074 0.7126
vn 0.1034 -0.4686 0.8773
vn 0.3356 0.9396 0.0672
vn -0.0138 0.9995 -0.0271
vn -0.0668 -0.5556 0.8288
vn -0.2976 0.9206 -0.2527
vn -0.3399 0.9174 -0.2069
vn 0.0698 0.9329 -0.3534
vn -0.4168 0.8788 -0.2322
vn 0.0722 0.9156 -0.3956
vn -0.3097 0.9168 -0.2523
vn -0.2548 0.9349 -0.2469
vn 0.1312 0.9335 -0.3338
vn -0.6528 0.7571 -0.0277
vn -0.5998 0.7961 -0.0798
vn -0.4274 0.8988 -0.0972
vn -0.5902 0.7935 0.1484
vn -0.7611 0.6338 -0.1379
vn -0.5687 0.8187 0.0801
vn -0.2705 0.9599 0.0730
vn -0.3805 0.9207 -0.0868
vn -0.7791 0.6259 -0.0354
vn -0.7520 0.5943 0.2853
vn -0.8527 0.4836 0.1976
vn -0.9422 0.3240 -0.0858
vn -0.9952 0.0332 0.0916
vn -0.9744 -0.2167 0.0596
vn -0.1744 0.9837 -0.0442
vn -0.1563 0.9805 -0.1190
vn -0.2461 0.9648 -0.0924
vn -0.1532 0.9839 -0.0916
vn -0.1914 0.9304 -0.3125
vn -0.2140 0.9351 -0.2825
vn -0.2294 0.8987 -0.3737
vn -0.3289 0.8287 -0.4530
vn -0.2203 0.8497 -0.4790
vn -0.3251 0.7267 -0.6052
vn -0.4325 0.6582 -0.6162
vn -0.4590 0.7506 -0.4754
vn -0.7988 0.3889 -0.4589
vn -0.7926 0.4585 -0.4019
vn -0.4655 0.7687 -0.4387
vn -0.3196 0.8539 -0.4108
vn -0.3265 0.8695 -0.3707
vn -0.4485 0.8193 -0.3572
vn -0.5576 0.6226 -0.5491
vn -0.3909 0.7836 -0.4829
vn -0.5081 0.7811 -0.3630
vn -0.6930 0.5413 -0.4763
vn -0.6776 0.6630 -0.3183
vn -0.8216 0.4077 -0.3985
vn -0.3392 0.8714 -0.3546
vn -0.4426 0.8382 -0.3187
vn 0.0415 0.9456 -0.3227
vn 0.0419 0.9473 -0.3177
vn 0.0360 0.9047 -0.4245
vn -0.3209 0.9366 -0.1408
vn 0.0579 0.9716 -0.2296
vn 0.0445 0.9895 -0.1372
vn -0.2624 0.9100 -0.3212
vn -0.3907 0.8561 -0.3383
vn -0.4256 0.8088 -0.4059
vn -0.3267 0.8593 -0.3935
vn -0.8031 0.4449 -0.3964
vn -0.6836 0.5579 -0.4705
vn -0.5947 0.7297 -0.3375
vn -0.7542 0.5679 -0.3296
vn 0.0448 0.9367 -0.3474
vn 0.0421 0.9657 -0.2562
vn -0.9558 0.2291 0.1840
vn -0.9783 -0.1956 0.0680
vn -0.6974 0.5843 0.4150
vn -0.4961 0.5539 0.6686
vn -0.8046 0.5568 0.2065
vn -0.7941 0.5915 0.1397
vn -0.8798 0.4181 -0.2264
vn -0.9423 0.2630 -0.2070
vn -0.9261 0.3770 0.0135
vn -0.8417 0.4116 0.3494
vn -0.5975 0.4990 0.6277
vn -0.9710 0.2367 0.0335
vn -0.9107 0.2123 0.3544
vn -0.7472 0.3346 0.5742
vn -0.3532 0.5815 0.7329
vn -0.5553 0.3991 0.7296
vn -0.8704 -0.3914 -0.2986
vn -0.0953 0.4135 0.9055
vn 0.8613 0.4544 0.2274
vn 0.2475 0.4096 -0.8781
vn -0.8556 -0.3410 -0.3894
vn -0.7039 -0.3329 -0.6274
vn -0.8251 0.3372 -0.4532
vn -0.8443 0.2882 -0.4518
vn -0.9174 -0.1196 -0.3797
vn -0.9041 0.1250 -0.4087
vn -0.9134 0.1352 -0.3840
vn -0.9092 -0.1530 -0.3871
vn -0.7925 -0.5122 -0.3309
vn -0.6584 -0.5751 -0.4855
vn -0.8496 0.3708 -0.3752
vn -0.9179 0.2030 -0.3409
vn -0.8764 0.3175 -0.3620
vn -0.9381 -0.1298 -0.3211
vn -0.8827 0.2364 -0.4063
vn -0.7783 -0.5439 -0.3138
vn -0.8756 0.3348 -0.3482
vn -0.8990 0.1353 -0.4165
vn -0.9583 0.0512 -0.2811
vn -0.9076 -0.0978 -0.4083
vn -0.8961 0.0139 -0.4437
vn -0.8942 0.1058 -0.4350
vn -0.8693 0.2216 -0.4419
vn -0.9093 -0.0295 -0.4152
vn -0.8875 0.3434 -0.3074
vn -0.8589 0.3063 -0.4105
vn -0.9165 0.2261 -0.3299
vn -0.9155 0.2848 -0.2841
vn -0.8135 -0.5691 -0.1201
vn -0.7597 -0.6433 0.0948
vn -0.7448 -0.6093 0.2721
vn -0.1862 -0.8598 0.4754
vn -0.4379 -0.8527 0.2848
vn -0.9322 -0.0161 -0.3617
vn -0.7447 -0.6287 0.2240
vn -0.7560 -0.3394 -0.5597
vn -0.2669 0.9136 -0.3067
vn -0.3840 0.8600 -0.3362
vn -0.5948 0.7105 -0.3760
vn -0.7551 0.5252 -0.3923
vn -0.5150 0.7965 -0.3169
vn -0.7042 0.6403 -0.3069
vn -0.9260 0.2531 -0.2800
vn -0.9462 -0.1438 -0.2900
vn -0.8165 0.5017 -0.2857
vn -0.5543 0.7778 -0.2964
vn -0.8470 0.4062 -0.3429
vn -0.3818 0.8784 -0.2876
vn -0.3375 0.9015 -0.2710
vn -0.3432 0.8838 -0.3181
vn -0.3001 0.8990 -0.3189
vn 0.0947 0.9573 -0.2730
vn 0.0426 0.9718 -0.2318
vn 0.0981 0.9808 -0.1684
vn -0.9841 0.1489 -0.0971
vn -0.9929 0.1013 -0.0624
vn -0.9878 0.1253 0.0926
vn -0.9996 -0.0215 0.0163
vn -0.9823 0.0469 0.1816
vn -0.9139 0.1666 0.3700
vn -0.7876 0.2901 0.5436
vn -0.9826 0.0195 0.1845
vn -0.9004 0.1284 0.4157
vn -0.7538 0.2284 0.6162
vn -0.9944 -0.1049 0.0096
vn -0.9869 -0.1197 -0.1079
vn -0.9878 0.0388 -0.1511
vn -0.9686 0.1063 -0.2246
vn -0.9456 -0.1442 -0.2916
vn -0.9393 -0.2869 -0.1880
vn -0.9707 -0.2172 -0.1028
vn -0.5768 -0.7309 0.3649
vn -0.0963 -0.9843 0.1481
vn -0.9229 -0.2021 0.3277
vn -0.8005 -0.4670 0.3757
vn -0.6055 -0.1504 -0.7815
vn -0.8167 -0.0898 -0.5700
vn -0.8460 -0.5321 0.0340
vn -0.9431 -0.3324 0.0120
vn -0.9507 -0.3002 0.0781
vn -0.9154 -0.3950 0.0783
vn -0.9382 -0.2431 0.2464
vn -0.9728 -0.2304 0.0238
vn -0.8637 -0.4477 0.2313
vn 0.9627 -0.2048 -0.1768
vn -0.0077 0.8157 -0.5784
vn -0.3032 0.4643 -0.8322
vn -0.5364 -0.7746 0.3350
vn -0.1006 -0.9612 0.2568
vn 0.5648 -0.8075 0.1705
vn -0.6830 -0.5958 0.4224
vn -0.8366 -0.5476 0.0143
vn -0.8800 -0.4652 -0.0957
vn -0.5192 -0.7737 -0.3630
vn -0.1686 -0.9841 -0.0554
vn -0.7015 -0.7109 -0.0500
vn -0.8526 -0.4893 -0.1837
vn -0.6769 -0.7158 -0.1713
vn -0.4409 -0.8530 -0.2794
vn -0.0303 -0.9677 -0.2503
vn -0.0920 -0.9470 -0.3078
vn -0.4592 -0.8752 -0.1522
vn -0.0809 -0.9950 -0.0587
vn -0.7497 -0.6452 -0.1475
vn -0.7042 -0.6986 -0.1268
vn -0.7404 -0.5680 -0.3593
vn -0.6467 -0.6848 -0.3360
vn -0.6475 -0.6763 -0.3514
vn -0.6411 -0.5780 -0.5049
vn -0.4279 -0.8743 -0.2293
vn -0.4833 -0.8341 -0.2659
vn -0.0211 -0.9946 -0.1020
vn -0.0559 -0.9852 -0.1620
vn -0.8976 -0.2606 -0.3554
vn -0.9460 -0.2440 -0.2132
vn -0.7925 -0.5994 -0.1131
vn -0.5878 -0.7322 -0.3442
vn -0.9022 -0.1337 -0.4101
vn -0.8361 -0.3316 -0.4371
vn -0.8181 -0.4590 -0.3464
vn -0.9121 -0.2460 -0.3280
vn -0.9212 -0.3080 -0.2378
vn -0.9090 -0.3715 -0.1890
vn -0.9378 -0.2847 -0.1987
vn -0.5720 -0.7363 -0.3615
vn -0.4943 -0.8013 -0.3371
vn -0.7905 -0.5336 -0.3008
vn -0.5992 -0.7163 -0.3576
vn -0.2284 -0.9152 -0.3320
vn -0.2628 -0.9317 -0.2506
vn 0.2271 -0.9373 -0.2645
vn 0.0074 -0.9940 -0.1091
vn -0.1764 -0.9697 -0.1691
vn -0.3664 -0.9051 -0.2156
vn -0.7387 -0.6359 -0.2237
vn -0.0743 -0.9831 -0.1672
vn -0.3098 -0.9383 -0.1534
vn -0.0846 -0.9864 -0.1408
vn -0.1462 -0.9766 -0.1578
vn 0.4228 -0.8926 -0.1565
vn 0.2042 -0.9789 -0.0113
vn 0.8311 0.3904 0.3960
vn 0.8219 0.5068 0.2600
vn 0.5472 0.4109 0.7292
vn 0.8052 0.3344 0.4897
vn 0.9542 0.2203 0.2026
vn -0.9324 -0.0796 -0.3525
vn -0.8731 -0.3943 -0.2867
vn -0.8508 -0.4699 -0.2351
vn -0.7849 -0.5705 -0.2417
vn -0.7035 -0.6755 -0.2210
vn -0.5821 -0.7481 -0.3186
vn -0.5071 -0.8474 -0.1574
vn -0.4358 -0.7243 -0.5342
vn -0.3878 -0.8086 -0.4425
vn 0.0797 -0.8736 -0.4801
vn 0.0749 -0.9355 -0.3454
vn -0.7681 -0.6161 -0.1742
vn -0.4628 -0.8775 -0.1262
vn -0.2096 -0.9677 -0.1399
vn -0.2839 -0.9566 -0.0659
vn 0.0324 -0.9994 -0.0082
vn 0.0556 -0.9922 -0.1115
vn -0.5209 0.4756 0.7088
vn -0.4988 0.4283 0.7535
vn -0.3822 0.4289 0.8185
vn 0.0493 0.4532 0.8900
vn 0.2980 0.4417 0.8462
vn -0.1340 0.5018 0.8545
vn -0.1406 0.6309 0.7631
vn 0.4171 0.5789 0.7006
vn 0.4183 0.4815 0.7702
vn 0.4729 0.3315 0.8164
vn 0.6295 0.3063 0.7141
vn 0.5269 0.1790 0.8308
vn 0.8026 0.3984 0.4440
vn -0.5026 0.3392 0.7952
vn -0.4995 -0.8486 -0.1744
vn 0.0176 -0.9984 -0.0537
vn -0.1843 -0.9134 0.3629
vn -0.1826 -0.9829 0.0227
vn -0.6975 -0.6571 0.2857
vn 0.4672 -0.8807 0.0778
vn 0.5550 -0.8316 -0.0205
vn 0.4474 -0.8940 -0.0225
vn 0.9194 -0.0030 0.3933
vn 0.6465 -0.7074 0.2858
vn 0.8244 -0.3262 0.4626
vn 0.9615 -0.2337 0.1448
vn 0.8970 -0.1672 0.4092
vn 0.9896 -0.0778 0.1207
vn 0.7717 -0.6291 0.0933
vn 0.5916 -0.8034 -0.0679
vn 0.6631 -0.7326 0.1536
vn 0.8265 -0.5414 0.1543
vn 0.6007 -0.7960 -0.0745
vn 0.5508 0.2451 0.7978
vn 0.7723 0.2298 0.5923
vn 0.2077 -0.9750 -0.0785
vn -0.0133 -0.9979 -0.0635
vn 0.0938 -0.9768 -0.1927
vn 0.3070 -0.9314 -0.1954
vn -0.3818 0.8844 -0.2684
vn -0.2361 0.9602 -0.1490
vn -0.9692 -0.2383 0.0616
vn -0.6848 -0.6867 -0.2440
vn 0.0577 0.9408 -0.3340
vn 0.0448 0.9652 -0.2577
vn 0.0338 0.9127 -0.4072
vn 0.0166 0.9298 -0.3676
vn 0.0391 0.8860 -0.4620
vn 0.0559 0.9468 -0.3170
vn -0.0362 0.9351 -0.3525
vn 0.0658 0.9228 -0.3795
vn -0.8622 0.3855 -0.3286
vn -0.2109 0.9712 -0.1113
vn -0.5811 0.8109 0.0685
vn -0.9551 0.1619 -0.2482
vn -0.8146 -0.2393 -0.5284
vn -0.8914 0.0330 -0.4520
vn -0.9184 -0.1925 -0.3456
vn -0.9178 0.1098 -0.3817
vn 0.7393 0.6461 0.1897
vn 0.3892 0.8097 0.4392
vn -0.8221 0.5585 0.1103
vn -0.3894 0.7690 0.5069
vn -0.3502 0.8488 0.3961
vn -0.8373 0.5281 -0.1418
vn 0.1215 0.9859 -0.1154
vn 0.1559 0.9183 0.3639
vn 0.8985 0.4350 0.0583
vn 0.7898 0.5515 0.2683
vn 0.4356 0.7397 0.5129
vn 0.6424 0.6475 0.4101
vn -0.4478 0.7981 0.4031
vn -0.7755 0.6291 0.0536
vn 0.9862 0.1466 0.0772
vn -0.4449 0.2594 0.8572
vn -0.6926 -0.6159 0.3755
vn -0.9793 0.1987 0.0391
vn -0.0569 -0.7839 0.6182
vn 0.7418 -0.6644 -0.0915
vn 0.9503 -0.0020 -0.3115
vn 0.9904 0.0136 -0.1374
vn 0.7638 -0.6317 0.1323
vn -0.2388 0.9711 0.0067
vn 0.2676 0.9422 0.2016
vn 0.8799 0.4556 -0.1348
vn 0.9366 0.2657 -0.2282
vn -0.7828 -0.5742 0.2398
vn -0.9643 0.1802 -0.1943
vn -0.0428 0.0074 0.9991
vn -0.7607 0.4558 0.4621
vn -0.2328 -0.7563 0.6114
vn -0.8019 -0.5948 0.0572
vn 0.7908 -0.0990 -0.6040
vn 0.8721 -0.2125 -0.4408
vn 0.6131 -0.6484 -0.4514
vn 0.4555 -0.5244 -0.7194
vn 0.6322 -0.3263 -0.7028
vn 0.7290 -0.5198 -0.4454
vn 0.6805 -0.5278 -0.5083
vn 0.5827 -0.3820 -0.7173
vn 0.4055 -0.5739 -0.7115
vn 0.4300 -0.7257 -0.5371
vn 0.1259 -0.7350 -0.6662
vn 0.0361 -0.7508 -0.6596
vn 0.2263 -0.6375 -0.7365
vn 0.4329 -0.5851 -0.6857
vn -0.2548 -0.6550 -0.7113
vn -0.3753 -0.6821 -0.6276
vn -0.0102 -0.7399 -0.6726
vn -0.3391 -0.7456 -0.5736
vn -0.5575 -0.4929 -0.6679
vn -0.6855 -0.5019 -0.5274
vn -0.7086 -0.6337 -0.3104
vn -0.8009 -0.5987 0.0053
vn -0.5482 -0.7140 -0.4355
vn 0.6366 -0.4454 0.6296
vn -0.1357 -0.6459 0.7512
vn 0.9311 0.1570 0.3292
vn 0.1404 -0.7574 -0.6376
vn 0.8097 0.5380 -0.2342
vn 0.9861 0.1646 0.0245
vn -0.0915 0.8633 -0.4964
vn -0.7049 0.5746 -0.4159
vn 0.7386 -0.4866 0.4665
vn 0.6463 -0.5795 0.4965
vn 0.7304 0.6727 -0.1184
vn 0.9654 0.1740 0.1944
vn 0.7443 -0.4093 0.5277
vn 0.8883 0.3281 0.3213
vn 0.7283 -0.2385 0.6424
vn -0.9288 0.2549 -0.2689
vn -0.7899 -0.5574 0.2557
vn -0.9752 0.2204 0.0183
vn -0.7578 0.6057 -0.2425
vn -0.8735 0.2925 0.3892
vn -0.7086 0.6945 0.1249
vn -0.7273 -0.5030 0.4669
vn -0.6287 -0.1856 0.7552
vn -0.6541 -0.5782 0.4877
vn -0.9625 -0.0429 0.2677
vn -0.8535 0.5158 0.0742
vn -0.9660 -0.0691 0.2490
vn -0.6214 -0.7212 0.3061
vn 0.0438 0.3354 0.9410
vn -0.1349 0.9832 0.1229
vn -0.1282 0.9271 -0.3522
vn -0.2206 0.9751 -0.0208
vn 0.6895 0.7192 0.0850
vn 0.5891 0.7735 0.2339
vn 0.9534 0.1757 0.2453
vn -0.1844 0.9431 0.2768
vn -0.8256 0.5083 0.2449
vn 0.7326 -0.4835 0.4792
vn 0.6841 -0.5564 0.4717
vn 0.8881 0.2249 0.4009
vn 0.6455 0.6697 0.3673
vn 0.8132 0.5706 -0.1141
vn 0.9660 0.0645 0.2503
vn 0.6661 -0.5291 0.5257
vn -0.8158 -0.4623 0.3475
vn -0.9844 0.1215 -0.1277
vn -0.9549 0.1093 -0.2762
vn -0.7905 -0.5798 0.1974
vn -0.7549 0.4866 -0.4397
vn 0.8772 0.1373 0.4601
vn 0.5715 -0.4878 0.6599
vn -0.1342 0.8684 -0.4773
vn -0.1492 0.9581 -0.2446
vn -0.7484 0.5744 -0.3315
vn 0.6880 0.6708 0.2768
vn 0.7594 0.3912 0.5199
vn 0.3805 -0.1674 0.9095
vn 0.5590 -0.3815 0.7362
vn 0.8304 0.2868 0.4776
vn 0.3155 0.8021 0.5070
vn -0.9589 0.2747 0.0713
vn -0.7574 0.6527 0.0141
vn -0.8481 -0.1508 0.5080
vn -0.9030 -0.3717 0.2153
vn -0.9764 0.1356 -0.1683
vn -0.6905 0.6729 -0.2654
vn -0.7603 -0.6406 0.1079
vn -0.9996 0.0025 -0.0285
vn -0.3511 -0.1843 0.9180
vn -0.7630 0.6390 0.0979
vn -0.1492 0.9794 0.1360
vn 0.0107 0.9963 -0.0852
vn -0.0130 0.9333 0.3587
vn 0.5256 0.6735 0.5197
vn 0.6475 0.7394 0.1844
vn 0.7298 0.2515 0.6358
vn 0.5672 -0.5705 0.5940
vn -0.8472 0.4527 -0.2779
vn -0.9991 0.0377 0.0217
vn -0.7647 -0.5266 0.3714
vn -0.7605 -0.4161 0.4985
vn -0.9937 0.0050 0.1119
vn -0.8435 0.5240 -0.1178
vn 0.9977 0.0586 -0.0327
vn 0.7669 -0.5743 0.2865
vn -0.2175 0.8792 -0.4240
vn 0.7600 0.5997 -0.2505
vn 0.7189 0.6948 -0.0184
vn -0.2262 0.9528 -0.2026
vn 0.9661 0.1517 0.2090
vn 0.7337 -0.3967 0.5516
vn -0.7548 0.6335 0.1699
vn -0.0702 0.9725 0.2222
vn -0.7893 0.5851 -0.1863
vn -0.1473 0.9698 -0.1942
vn 0.6051 0.6600 0.4451
vn 0.6660 0.7453 0.0301
vn -0.0472 0.9376 0.3445
vn 0.7717 0.5038 0.3882
vn 0.7929 0.2998 0.5305
vn -0.7633 0.5790 0.2867
vn -0.9995 0.0105 0.0304
vn -0.9483 -0.0259 0.3164
vn -0.6397 -0.6095 0.4683
vn -0.6494 -0.6684 0.3625
vn -0.0226 0.2054 0.9784
vn -0.9506 0.1638 0.2638
vn -0.7147 -0.1980 0.6708
vn 0.5321 -0.1263 0.8372
vn 0.9117 0.2366 0.3360
vn 0.7575 -0.2517 0.6024
vn 0.9013 0.0393 0.4313
vn 0.6873 -0.5486 0.4761
vn 0.7196 -0.5950 0.3580
vn 0.0699 -0.8213 0.5662
vn 0.4575 0.5641 0.6874
vn 0.9099 0.3526 0.2183
vn 0.7948 0.5543 0.2470
vn -0.1515 0.8544 0.4970
vn 0.0453 0.7424 0.6685
vn 0.0917 0.9142 0.3948
vn -0.9902 0.1311 -0.0474
vn -0.9328 -0.2191 -0.2861
vn -0.9313 -0.2315 -0.2811
vn -0.9865 0.1071 -0.1238
vn -0.7063 0.6830 0.1863
vn -0.5162 0.7473 0.4184
vn 0.0720 0.8968 0.4365
vn -0.7207 0.6383 0.2704
vn -0.7184 -0.5087 -0.4744
vn -0.7060 -0.5240 -0.4764
vn -0.4209 -0.6782 -0.6024
vn -0.4526 -0.6738 -0.5841
vn -0.5723 0.6480 0.5025
vn -0.1984 0.8349 0.5135
vn -0.7830 0.5623 0.2660
vn -0.6690 0.5971 0.4427
vn 0.1237 0.8710 0.4755
vn 0.7616 0.5562 0.3325
vn 0.7058 0.5906 0.3913
vn 0.0650 0.8292 0.5551
vn 0.9813 0.1522 -0.1181
vn 0.8984 -0.3637 -0.2462
vn 0.9495 -0.2793 -0.1427
vn 0.9739 0.1980 0.1109
vn 0.1470 0.7712 0.6193
vn 0.7345 -0.6305 -0.2507
vn 0.1513 -0.8538 -0.4982
vn 0.7509 -0.6109 -0.2509
vn -0.1398 -0.7585 -0.6365
vn -0.3314 -0.8802 -0.3397
vn 0.9353 -0.2134 0.2824
vn 0.9328 -0.1415 0.3315
vn -0.2550 -0.7592 -0.5988
vn -0.0990 -0.9617 -0.2557
vn -0.2666 -0.9450 -0.1897
vn -0.5682 -0.8032 -0.1790
vn -0.7674 -0.6087 -0.2017
vn 0.4301 0.4007 0.8090
vn -0.2710 0.4708 0.8396
vn -0.1185 0.2747 0.9542
vn 0.4878 0.3581 0.7961
vn -0.7827 0.2641 0.5636
vn -0.7785 0.2609 0.5709
vn -0.8912 0.0588 0.4498
vn -0.9394 0.1001 0.3278
vn -0.0367 0.1870 0.9817
vn -0.6797 0.1551 0.7169
vn -0.5990 0.1635 0.7839
vn -0.0631 0.2769 0.9588
vn -0.9540 0.0370 0.2977
vn -0.9430 -0.0447 0.3299
vn 0.8742 -0.2405 0.4218
vn 0.7275 -0.5953 0.3412
vn 0.7430 -0.6046 0.2871
vn 0.8125 -0.5335 0.2349
vn 0.6831 -0.7285 -0.0521
vn 0.6741 -0.7332 -0.0898
vn -0.9721 -0.0833 0.2194
vn -0.9828 -0.1204 0.1397
vn -0.9844 -0.1557 0.0825
vn -0.9742 -0.2237 -0.0289
vn -0.9911 -0.1287 -0.0339
vn -0.9631 -0.2360 0.1292
vn -0.9307 -0.3512 -0.1025
vn -0.9509 -0.1845 -0.2486
vn -0.9103 -0.3670 -0.1912
vn -0.9649 -0.2470 -0.0895
vn -0.7407 -0.3451 -0.5765
vn -0.7278 -0.5919 -0.3464
vn -0.5708 0.1230 0.8118
vn -0.1479 0.3062 0.9404
vn 0.2276 -0.9372 -0.2644
vn 0.1263 -0.9577 -0.2587
vn 0.3344 -0.9205 -0.2023
vn 0.3771 -0.8843 -0.2754
vn 0.7101 0.3152 0.6296
vn 0.5802 0.2482 0.7757
vn 0.7734 -0.1074 0.6248
vn 0.7934 0.1733 0.5835
vn 0.8980 0.1213 0.4229
vn 0.8263 -0.1195 0.5504
vn 0.7331 0.2165 0.6448
vn 0.8442 0.2766 0.4591
vn 0.7965 0.2474 0.5518
vn 0.7693 0.2936 0.5675
vn 0.7592 0.3501 0.5487
vn 0.5137 0.3618 0.7779
vn 0.4574 0.3418 0.8209
vn 0.5078 0.3295 0.7960
vn 0.7921 -0.5353 0.2935
vn 0.8568 -0.2867 0.4286
vn 0.9169 0.3967 0.0444
vn 0.9864 -0.0385 -0.1599
vn 0.4090 0.3136 0.8569
vn 0.7318 0.2927 0.6155
vn -0.2586 0.2854 0.9229
vn 0.7022 0.3258 0.6330
vn 0.7139 0.2692 0.6465
vn 0.6865 0.2514 0.6823
vn 0.3852 0.2500 0.8883
vn -0.4928 -0.7575 -0.4282
vn -0.5011 -0.3752 -0.7799
vn -0.8965 -0.2719 -0.3499
vn -0.6238 -0.3739 -0.6864
vn -0.6899 -0.4879 -0.5348
vn -0.8992 -0.3939 -0.1908
vn -0.3472 -0.8073 -0.4772
vn -0.2636 -0.3796 -0.8868
vn -0.3933 -0.8760 -0.2794
vn -0.6598 -0.6902 -0.2970
vn -0.0521 -0.4140 -0.9088
vn 0.0065 -0.3324 -0.9431
vn -0.1991 -0.3412 -0.9187
vn 0.0077 -0.4044 -0.9145
vn -0.0292 -0.3352 -0.9417
vn 0.0028 -0.9575 -0.2886
vn -0.2407 -0.9222 -0.3027
vn 0.1570 -0.2884 -0.9446
vn 0.1120 -0.3069 -0.9451
vn -0.9952 -0.0890 0.0415
vn -0.9491 -0.2216 0.2240
vn -0.8759 -0.0825 0.4755
vn -0.9394 0.0206 0.3421
vn -0.8987 -0.2574 0.3550
vn -0.8866 -0.4596 -0.0513
vn -0.7162 -0.5922 -0.3693
vn -0.8938 -0.4478 -0.0244
vn -0.7110 -0.5977 -0.3705
vn -0.9153 -0.2069 0.3455
vn -0.8397 -0.1757 0.5138
vn -0.8786 -0.0749 0.4717
vn -0.2934 -0.3831 -0.8759
vn -0.3504 -0.5049 -0.7888
vn -0.3829 -0.6735 -0.6324
vn -0.9146 -0.1501 0.3755
vn -0.9632 -0.0945 0.2515
vn -0.8940 -0.2173 0.3919
vn -0.9164 -0.1624 0.3659
vn -0.8846 -0.1952 0.4236
vn -0.8762 -0.2002 0.4385
vn -0.8764 -0.1570 0.4554
vn -0.8942 -0.1260 0.4295
vn -0.6291 -0.0377 0.7764
vn -0.6139 0.0434 0.7882
vn -0.5876 0.1058 0.8022
vn -0.9431 -0.2517 0.2170
vn -0.9319 -0.1691 0.3210
vn -0.2033 0.1652 0.9651
vn -0.2345 0.1026 0.9667
vn -0.6653 -0.0649 0.7437
vn -0.2748 0.0867 0.9576
vn 0.2974 0.2071 0.9320
vn 0.7174 0.2221 0.6603
vn 0.1802 0.2130 0.9603
vn 0.6104 0.2951 0.7351
vn 0.8177 0.3110 0.4845
vn 0.9963 0.0800 -0.0309
vn 0.9493 0.2573 -0.1806
vn 0.8696 0.4036 0.2842
vn 0.8012 0.1812 0.5703
vn 0.9925 -0.1148 0.0431
vn 0.7102 0.2696 0.6503
vn 0.8387 0.0827 0.5382
vn 0.7397 0.3443 0.5781
vn 0.9822 -0.1709 0.0779
vn 0.9243 0.1026 0.3677
vn 0.9930 -0.0794 0.0873
vn 0.9125 -0.3084 -0.2687
vn 0.9182 -0.3068 -0.2505
vn 0.9920 -0.1193 0.0411
vn 0.9822 -0.1709 0.0778
vn 0.9980 0.0452 -0.0437
vn 0.9044 -0.1658 -0.3932
vn 0.8628 0.0811 -0.4989
vn 0.9608 0.2197 -0.1689
vn 0.7010 -0.3372 -0.6284
vn 0.5990 -0.1333 -0.7896
vn 0.8974 0.3542 -0.2632
vn 0.8610 0.4862 0.1490
vn 0.0236 0.2299 0.9729
vn 0.4429 0.3404 0.8294
vn 0.7337 0.4098 0.5420
vn -0.1915 0.2446 0.9505
vn 0.1325 0.3680 0.9203
vn -0.4075 0.1739 0.8965
vn -0.4004 0.1042 0.9104
vn 0.3609 0.4230 0.8312
vn -0.1390 0.3374 0.9310
vn 0.1154 0.3451 0.9314
vn 0.4470 0.3382 0.8281
vn -0.1757 0.3685 0.9129
vn -0.6774 -0.0097 0.7356
vn 0.9650 0.2310 0.1239
vn 0.9966 0.0525 -0.0632
vn 0.9754 0.2166 -0.0409
vn 0.9328 0.0559 -0.3560
vn 0.8085 0.3641 0.4623
vn 0.9658 0.2112 0.1506
vn 0.9345 0.1306 -0.3311
vn 0.9399 0.0442 -0.3385
vn 0.9444 0.0505 -0.3249
vn 0.9382 0.1250 -0.3228
vn 0.8934 -0.0012 -0.4493
vn 0.7437 0.2904 0.6021
vn 0.9819 0.0714 0.1755
vn 0.7946 0.3761 0.4765
vn 0.9073 0.3152 0.2781
vn 0.9985 -0.0322 0.0442
vn 0.4841 0.5280 0.6978
vn 0.4212 0.5797 0.6976
vn 0.9972 0.0508 -0.0547
vn 0.9675 -0.1077 -0.2287
vn 0.9403 -0.2302 -0.2507
vn 0.9928 -0.0803 0.0888
vn 0.8095 -0.2426 -0.5347
vn 0.7359 -0.3604 -0.5732
vn 0.8064 -0.1211 -0.5789
vn 0.8610 -0.0540 -0.5057
vn 0.7245 -0.4859 -0.4889
vn 0.5360 -0.3188 -0.7817
vn 0.5131 -0.4541 -0.7284
vn 0.5342 -0.5998 -0.5957
vn 0.6033 -0.2025 -0.7714
vn 0.7425 -0.4656 -0.4816
vn 0.4430 -0.5539 -0.7050
vn 0.4487 -0.0120 -0.8936
vn 0.3244 -0.4190 -0.8481
vn 0.0550 -0.3489 -0.9355
vn 0.1690 -0.5144 -0.8407
vn -0.0266 -0.4927 -0.8698
vn 0.0003 -0.3471 -0.9378
vn 0.1971 -0.4067 -0.8921
vn 0.3136 -0.5564 -0.7695
vn -0.1498 -0.5030 -0.8512
vn 0.0220 -0.6686 -0.7433
vn -0.4484 -0.5606 -0.6962
vn -0.3919 -0.6923 -0.6059
vn 0.0592 -0.6644 -0.7451
vn 0.3586 -0.6365 -0.6828
vn -0.6247 -0.4031 -0.6687
vn -0.3553 -0.3295 -0.8748
vn -0.8958 -0.2085 -0.3926
vn -0.5703 -0.3050 -0.7627
vn 0.1863 -0.2675 -0.9454
vn 0.0681 -0.3739 -0.9250
vn -0.8929 -0.3274 -0.3092
vn -0.7733 -0.4910 -0.4010
vn -0.9800 -0.1902 0.0592
vn -0.9417 -0.3363 -0.0103
vn -0.9839 -0.1730 -0.0443
vn -0.9902 -0.1387 -0.0188
vn 0.5815 -0.2474 -0.7750
vn -0.5340 0.1816 0.8258
vn -0.3889 0.4011 0.8294
vn -0.1381 0.4240 0.8951
vn -0.6796 0.1833 0.7103
vn -0.8447 0.1062 0.5246
vn -0.7220 0.2683 0.6378
vn -0.9536 -0.0188 0.3005
vn -0.9135 0.0956 0.3954
vn -0.8877 -0.0052 0.4604
vn -0.9283 -0.0769 0.3637
vn -0.9460 -0.2261 0.2323
vn -0.9762 -0.0968 0.1941
vn -0.9886 -0.0158 0.1499
vn -0.8142 -0.0256 0.5800
vn -0.7131 0.2626 0.6500
vn -0.5183 0.5037 0.6912
vn -0.8319 0.1904 0.5212
vn -0.6973 0.5154 0.4982
vn -0.8216 0.3702 0.4334
vn -0.1035 0.6974 0.7091
vn -0.6066 0.5638 0.5605
vn -0.0601 0.7491 0.6597
vn 0.0570 0.6821 0.7290
vn 0.2634 0.7237 0.6379
vn 0.0990 0.5930 0.7991
vn 0.1306 0.4975 0.8576
vn 0.4640 0.6235 0.6292
vn 0.1698 0.5498 0.8178
vn 0.4888 -0.5045 -0.7117
vn 0.7776 -0.2262 -0.5866
vn 0.6150 -0.4293 -0.6614
vn 0.2954 -0.7307 -0.6155
vn 0.8795 -0.1372 -0.4556
vn 0.9704 -0.0721 -0.2305
vn 0.9779 -0.0572 -0.2012
vn -0.0190 -0.6580 -0.7528
vn -0.6280 -0.4974 -0.5986
vn -0.9483 -0.1667 -0.2700
vn -0.9526 0.1057 0.2854
vn -0.9999 -0.0040 0.0112
vn -0.9941 0.1080 -0.0064
vn -0.8921 0.3887 0.2304
vn -0.9275 -0.3348 -0.1664
vn -0.9959 -0.0589 -0.0690
vn -0.9907 -0.0167 -0.1351
vn 0.1231 0.7983 0.5895
vn 0.5449 0.6947 0.4696
vn 0.8310 0.4445 0.3344
vn 0.1596 0.6208 0.7675
vn 0.2668 0.6364 0.7238
vn 0.9422 0.2735 0.1936
vn -0.7041 0.5962 0.3858
vn -0.4625 0.7195 0.5181
vn -0.9892 0.1411 -0.0401
vn -0.7737 0.4821 0.4111
vn -0.5360 0.6384 0.5524
vn -0.3043 -0.6343 -0.7107
vn 0.2719 -0.4696 -0.8400
vn -0.5932 -0.6759 -0.4373
vn -0.2445 -0.8063 -0.5386
vn 0.9934 -0.0056 0.1141
vn 0.9260 -0.1785 0.3326
vn 0.9561 0.1754 0.2346
vn 0.9721 0.0370 -0.2315
vn -0.9426 -0.1898 -0.2747
vn -0.7986 -0.4742 -0.3706
vn -0.5963 -0.7056 -0.3827
vn -0.5153 -0.7465 -0.4210
vn 0.9881 -0.1098 -0.1077
vn 0.9943 0.0238 0.1036
vn 0.9704 -0.1847 -0.1558
vn 0.8998 -0.1629 -0.4048
vn 0.9690 -0.1967 -0.1497
vn 0.3284 -0.5831 -0.7431
vn -0.2814 -0.8335 -0.4755
vn -0.1092 -0.8510 -0.5137
vn -0.5370 -0.2807 -0.7955
vn -0.8223 -0.1755 -0.5413
vn -0.9869 -0.0671 -0.1468
vn -0.9790 -0.0441 0.1993
vn -0.9621 -0.2627 0.0726
vn -0.9822 -0.1863 0.0232
vn -0.9449 -0.3146 -0.0910
vn -0.8354 -0.4894 -0.2502
vn -0.1668 -0.8357 -0.5232
vn 0.0639 -0.8190 -0.5702
vn 0.8216 -0.5582 -0.1155
vn 0.7636 0.1979 -0.6146
vn 0.5768 -0.6119 -0.5411
vn 0.9901 0.0244 -0.1381
vn 0.9002 0.3045 -0.3114
vn 0.2467 -0.7099 -0.6597
vn 0.0533 -0.9241 0.3784
vn -0.6665 -0.6221 0.4109
vn -0.0015 -0.8372 0.5470
vn 0.0672 -0.9673 0.2445
vn 0.8066 -0.5809 0.1093
vn 0.7612 -0.6354 -0.1296
vn 0.7006 -0.5504 0.4541
vn -0.1020 -0.8842 0.4559
vn -0.0355 -0.9423 0.3328
vn -0.1011 -0.7547 0.6482
vn -0.7957 -0.5718 0.1999
vn 0.0709 -0.9957 0.0604
vn 0.5863 -0.6641 -0.4639
vn -0.8355 -0.5492 -0.0182
vn -0.7140 -0.6126 -0.3390
vn -0.1155 -0.9428 0.3127
vn -0.0511 -0.8560 0.5144
vn 0.6395 -0.5029 0.5816
vn 0.0078 -0.9953 0.0964
vn -0.0742 -0.9922 0.0998
vn -0.0828 -0.9888 -0.1240
vn 0.0972 -0.9400 -0.3269
vn 0.0632 -0.8946 -0.4423
vn -0.0198 -0.7308 -0.6824
vn 0.1254 -0.6999 -0.7031
vn -0.3182 -0.7555 -0.5727
vn -0.4965 -0.7531 -0.4316
vn 0.1649 -0.9555 -0.2445
vn 0.3892 -0.5788 -0.7166
vn 0.1143 -0.8980 -0.4249
vn 0.2089 -0.6481 -0.7323
vn 0.0606 -0.7835 0.6184
vn -0.0172 -0.8442 0.5358
vn 0.7333 -0.4885 0.4729
vn -0.0033 -0.5547 0.8320
vn -0.6286 -0.1856 0.7552
vn -0.7776 -0.5675 0.2705
vn 0.7282 -0.2386 0.6425
vn 0.0432 -0.8128 0.5809
vn 0.7325 -0.4835 0.4792
vn 0.0439 0.3353 0.9411
vn -0.0653 -0.9322 0.3560
vn -0.6214 -0.7213 0.3060
vn -0.0392 -0.8369 0.5459
vn 0.6609 -0.5322 0.5291
vn -0.7976 -0.5689 0.2006
vn -0.1610 -0.7735 0.6130
vn -0.8199 -0.4651 0.3339
vn 0.3804 -0.1675 0.9095
vn 0.5589 -0.3815 0.7362
vn -0.2854 -0.6788 0.6766
vn -0.3525 -0.4572 0.8165
vn -0.9030 -0.3718 0.2153
vn -0.8480 -0.1509 0.5080
vn -0.7602 -0.6406 0.1079
vn -0.1452 -0.9362 0.3200
vn 0.5671 -0.5705 0.5940
vn 0.5585 -0.4821 0.6750
vn -0.7342 -0.5705 0.3680
vn 0.0709 -0.8864 0.4575
vn 0.0644 -0.6983 0.7129
vn -0.7001 -0.3903 0.5979
vn -0.6579 -0.6572 0.3679
vn -0.6858 -0.5919 0.4236
vn 0.0269 -0.7236 0.6897
vn 0.0169 -0.8945 0.4467
vn -0.7563 -0.2821 0.5903
vn -0.0670 -0.4417 0.8947
vn 0.7302 -0.3888 0.5618
vn 0.5843 -0.1569 0.7962
vn 0.6773 -0.5342 0.5059
vn 0.6186 -0.4044 0.6737
vn 0.7834 -0.5471 0.2947
vn 0.9950 0.0437 0.0897
vn 0.4356 -0.6382 -0.6348
vn -0.6197 -0.7344 -0.2768
vn -0.7389 -0.2540 0.6241
vn 0.2758 0.4261 0.8616
vn 0.4479 -0.6957 0.5616
vn 0.2766 0.7502 -0.6005
vn 0.3779 0.7069 -0.5980
vn -0.5075 0.7257 -0.4646
vn -0.6249 0.6721 -0.3973
vn -0.9856 0.0828 -0.1473
vn -0.9960 0.0660 -0.0610
vn -0.7649 -0.6228 0.1645
vn -0.6988 -0.7107 0.0816
vn 0.0677 -0.9938 0.0878
vn -0.0236 -0.9801 0.1970
vn 0.7097 -0.7027 0.0504
vn 0.7148 -0.6951 -0.0776
vn 0.9285 -0.3003 -0.2186
vn 0.9343 -0.3328 -0.1281
vn 0.9078 0.1268 -0.3999
vn 0.9194 0.1270 -0.3722
vn 0.3779 0.7069 -0.5979
vn 0.2766 0.7502 -0.6006
vn -0.4855 -0.1150 -0.8667
vn -0.5358 0.7116 -0.4545
vn 0.3361 0.7811 -0.5262
vn -0.4118 -0.2184 -0.8847
vn -0.9694 0.0223 -0.2446
vn -0.6778 -0.7304 -0.0844
vn 0.0785 -0.9951 -0.0601
vn 0.7354 -0.6618 -0.1459
vn 0.9458 -0.2058 -0.2511
vn 0.8941 0.2391 -0.3788
vn 0.3363 0.7810 -0.5263
vn -0.5755 0.5908 -0.5655
vn 0.2808 0.6869 -0.6703
vn -0.3459 -0.2228 -0.9114
vn -0.9617 -0.0143 -0.2739
vn -0.6996 -0.7142 0.0201
vn 0.0154 -0.9896 0.1428
vn 0.6506 -0.7580 0.0475
vn 0.9138 -0.3889 -0.1172
vn 0.9171 0.1082 -0.3838
vn -0.7414 0.0639 -0.6680
vn 0.0124 0.1154 -0.9932
vn 0.0673 0.1330 -0.9888
vn -0.7151 0.0734 -0.6951
vn -0.9941 -0.0155 -0.1072
vn -0.9892 -0.0881 -0.1175
vn -0.8363 -0.1941 0.5128
vn -0.7927 -0.2978 0.5319
vn -0.0360 -0.4373 0.8986
vn -0.0895 -0.3511 0.9321
vn 0.7598 -0.2990 0.5773
vn 0.7484 -0.2654 0.6078
vn 0.9901 -0.1318 0.0493
vn 0.9870 -0.1507 0.0559
vn 0.8482 0.0014 -0.5297
vn 0.8059 0.0110 -0.5919
vn 0.0673 0.1329 -0.9888
vn 0.0366 0.2138 -0.9762
vn -0.6648 0.0746 -0.7433
vn -0.9497 -0.1826 -0.2545
vn -0.7878 -0.5063 0.3508
vn -0.0637 -0.6622 0.7466
vn 0.7258 -0.4530 0.5176
vn 0.9927 -0.1136 -0.0405
vn 0.7855 0.1276 -0.6056
vn 0.0367 0.2138 -0.9762
vn 0.0685 -0.9407 -0.3324
vn 0.0423 0.1565 -0.9868
vn -0.0142 0.2129 -0.9770
vn -0.6839 0.0837 -0.7248
vn -0.7172 0.0416 -0.6957
vn -0.9744 -0.1560 -0.1618
vn -0.9541 -0.1514 -0.2585
vn -0.8080 -0.3912 0.4406
vn -0.8180 -0.4726 0.3280
vn -0.1040 -0.6618 0.7425
vn -0.0492 -0.5517 0.8326
vn 0.7500 -0.3642 0.5522
vn 0.7129 -0.4729 0.5178
vn 0.9899 -0.1249 -0.0666
vn 0.9925 -0.1206 0.0201
vn 0.7522 0.1256 -0.6469
vn 0.8257 0.0394 -0.5627
vn -0.0143 0.2129 -0.9770
vn 0.1462 -0.9463 -0.2882
vn -0.7924 0.1588 -0.5889
vn -0.1153 0.3860 -0.9153
vn -0.1549 0.3801 -0.9119
vn -0.8234 0.1375 -0.5505
vn -0.9884 -0.0782 -0.1299
vn -0.9910 -0.1019 -0.0868
vn -0.8146 -0.3543 0.4592
vn -0.8070 -0.3780 0.4537
vn -0.0262 -0.4444 0.8954
vn -0.0619 -0.5142 0.8554
vn 0.7248 -0.3058 0.6174
vn 0.7524 -0.1960 0.6289
vn 0.9963 -0.0115 0.0852
vn 0.9932 0.0914 0.0717
vn 0.7347 0.3095 -0.6037
vn 0.7056 0.3525 -0.6147
vn -0.1139 0.4187 -0.9009
vn -0.8253 0.1656 -0.5399
vn -0.9851 -0.1673 -0.0385
vn -0.7522 -0.4850 0.4461
vn -0.0677 -0.6516 0.7556
vn 0.7214 -0.4225 0.5487
vn 0.9958 -0.0767 0.0505
vn 0.7926 0.2515 -0.5555
vn -0.0846 0.4858 -0.8700
vn -0.7846 0.2081 -0.5840
vn -0.9676 -0.2134 -0.1352
vn -0.7092 -0.6301 0.3161
vn -0.0278 -0.8245 0.5651
vn 0.7277 -0.5676 0.3851
vn 0.9932 -0.1043 -0.0526
vn 0.7632 0.3084 -0.5679
vn 0.7631 0.3084 -0.5679
vn 0.1968 -0.6532 -0.7312
vn -0.7764 0.0590 -0.6275
vn 0.0503 0.0924 -0.9945
vn 0.0145 0.1260 -0.9919
vn -0.7575 0.0606 -0.6500
vn -0.9971 -0.0206 -0.0728
vn -0.9922 -0.0854 -0.0904
vn -0.8416 -0.1771 0.5102
vn -0.8095 -0.2765 0.5179
vn -0.0709 -0.4224 0.9036
vn -0.1205 -0.3274 0.9372
vn 0.7366 -0.2994 0.6064
vn 0.7148 -0.2706 0.6448
vn 0.9880 -0.1388 0.0678
vn 0.9877 -0.1521 0.0357
vn 0.8425 -0.0078 -0.5386
vn 0.7937 -0.0229 -0.6078
vn 0.8425 -0.0078 -0.5387
vn -0.0375 0.2025 -0.9786
vn -0.7000 0.0585 -0.7118
vn -0.9526 -0.1785 -0.2463
vn -0.8065 -0.4861 0.3365
vn -0.1127 -0.6544 0.7477
vn 0.7030 -0.4598 0.5426
vn 0.9934 -0.1077 -0.0383
vn 0.7637 0.1353 -0.6312
vn 0.7637 0.1353 -0.6313
vn 0.1682 -0.9325 -0.3195
vn -0.7813 0.2421 -0.5752
vn -0.1777 0.4585 -0.8707
vn -0.1264 0.4880 -0.8637
vn -0.8060 0.2227 -0.5485
vn -0.9860 -0.0318 -0.1638
vn -0.9874 -0.1151 -0.1088
vn -0.8437 -0.4050 0.3524
vn -0.7925 -0.4836 0.3715
vn -0.0814 -0.7086 0.7009
vn -0.1004 -0.6344 0.7665
vn 0.7374 -0.4529 0.5011
vn 0.7556 -0.3773 0.5355
vn 0.9991 -0.0434 -0.0038
vn 0.9997 -0.0150 -0.0179
vn 0.7530 0.3263 -0.5714
vn 0.6854 0.3594 -0.6333
vn 0.6853 0.3595 -0.6333
vn -0.1140 0.5461 -0.8299
vn -0.7862 0.2506 -0.5649
vn -0.9668 -0.2021 -0.1563
vn -0.7129 -0.6494 0.2645
vn -0.0458 -0.8594 0.5093
vn 0.7172 -0.6059 0.3444
vn 0.9925 -0.0959 -0.0758
vn 0.7432 0.3595 -0.5642
vn 0.7432 0.3596 -0.5642
vn 0.2436 -0.6265 -0.7404
vn -0.8114 0.2966 -0.5037
vn -0.1076 0.5213 -0.8466
vn -0.0470 0.6081 -0.7924
vn -0.7588 0.3866 -0.5242
vn -0.9982 0.0320 -0.0516
vn -0.9959 0.0446 -0.0786
vn -0.8912 -0.2699 0.3646
vn -0.8282 -0.4287 0.3609
vn -0.0540 -0.6621 0.7475
vn -0.0070 -0.7484 0.6632
vn 0.7927 -0.4665 0.3925
vn 0.7941 -0.4269 0.4327
vn 0.9976 -0.0267 -0.0644
vn 0.9978 0.0423 -0.0509
vn 0.7555 0.3858 -0.5295
vn 0.7463 0.3230 -0.5820
vn -0.0469 0.6081 -0.7925
vn 0.0936 0.6532 -0.7514
vn -0.7026 0.4511 -0.5503
vn -0.9909 -0.0715 -0.1138
vn -0.6929 -0.6349 0.3418
vn 0.1227 -0.8436 0.5228
vn 0.8529 -0.4432 0.2759
vn 0.9952 -0.0722 -0.0654
vn 0.8458 0.3071 -0.4363
vn 0.2452 0.6820 -0.6890
vn -0.5830 0.5137 -0.6294
vn -0.9575 -0.1399 -0.2524
vn -0.5497 -0.8188 0.1656
vn 0.2869 -0.9153 0.2825
vn 0.8943 -0.4405 0.0787
vn 0.9911 -0.0389 -0.1273
vn 0.8701 0.3153 -0.3789
vn 0.2451 0.6820 -0.6890
vn -0.3343 -0.5533 -0.7629
vn 0.8757 -0.4761 0.0805
vn 0.9145 -0.4038 0.0256
vn 0.4506 -0.8481 0.2786
vn 0.9667 -0.1888 -0.1726
vn 0.9653 -0.1625 -0.2047
vn 0.8186 0.2471 -0.5185
vn 0.8590 0.1819 -0.4785
vn 0.2729 0.6415 -0.7169
vn 0.2729 0.6416 -0.7169
vn 0.1338 0.7321 -0.6679
vn -0.6386 0.5733 -0.5133
vn -0.7080 0.5367 -0.4590
vn -0.9834 -0.1465 -0.1069
vn -0.9962 -0.0705 -0.0513
vn -0.4893 -0.8496 0.1970
vn -0.6173 -0.7388 0.2706
vn 0.3421 -0.9210 0.1865
vn 0.8661 -0.4981 -0.0431
vn 0.9642 -0.1202 -0.2365
vn 0.8634 0.2433 -0.4419
vn -0.5601 -0.3619 -0.7452
vn 0.7654 -0.0615 -0.6406
vn -0.3326 0.6048 -0.7236
vn -0.9228 -0.0149 -0.3851
vn -0.8782 0.1420 -0.4568
vn -0.1864 0.6308 -0.7532
vn -0.9228 -0.3842 0.0294
vn -0.9627 -0.2705 -0.0079
vn -0.7525 -0.5494 0.3633
vn -0.7208 -0.5176 0.4611
vn -0.1701 -0.5835 0.7941
vn -0.0257 -0.5094 0.8601
vn 0.6216 -0.2056 0.7559
vn 0.7100 -0.0898 0.6984
vn 0.9140 0.3370 0.2261
vn 0.9086 0.3753 0.1834
vn 0.5610 0.7431 -0.3648
vn 0.6304 0.6759 -0.3818
vn -0.8678 0.1852 -0.4610
vn -0.1520 0.5703 -0.8073
vn -0.9863 -0.1013 0.1299
vn -0.6877 -0.2361 0.6866
vn -0.0648 -0.1691 0.9835
vn 0.6173 0.1080 0.7793
vn 0.8925 0.3646 0.2656
vn 0.7053 0.6033 -0.3723
vn -0.1520 0.5702 -0.8073
vn -0.1871 0.9764 0.1082
vn -0.2772 0.5628 -0.7787
vn -0.8785 0.0089 -0.4776
vn -0.8545 0.0884 -0.5119
vn -0.1101 0.6650 -0.7387
vn -0.9233 -0.3763 -0.0773
vn -0.9362 -0.3491 0.0402
vn -0.7338 -0.5996 0.3193
vn -0.6425 -0.5195 0.5633
vn -0.0956 -0.5743 0.8130
vn 0.0394 -0.4221 0.9057
vn 0.6355 -0.1036 0.7651
vn 0.6899 -0.0131 0.7238
vn 0.8777 0.4334 0.2043
vn 0.8761 0.4180 0.2404
vn 0.5567 0.7278 -0.4005
vn 0.6769 0.6926 -0.2491
vn -0.2771 0.5628 -0.7788
vn -0.8281 0.1457 -0.5413
vn 0.0207 0.6079 -0.7937
vn -0.9590 -0.2160 0.1834
vn -0.5846 -0.2879 0.7585
vn 0.0449 -0.1102 0.9929
vn 0.6268 0.2201 0.7475
vn 0.8370 0.4556 0.3032
vn 0.7244 0.6372 -0.2631
vn 0.0207 0.6079 -0.7938
vn -0.5348 0.8445 -0.0273
vn -0.3740 0.6055 -0.7025
vn -0.9236 0.0678 -0.3773
vn -0.8966 0.1387 -0.4206
vn -0.2533 0.6737 -0.6942
vn -0.9514 -0.3067 -0.0285
vn -0.9673 -0.2535 0.0035
vn -0.7716 -0.5544 0.3118
vn -0.7283 -0.4956 0.4732
vn -0.1171 -0.6076 0.7855
vn -0.0427 -0.5114 0.8583
vn 0.6322 -0.1781 0.7541
vn 0.6957 -0.1313 0.7063
vn 0.8931 0.3580 0.2724
vn 0.9106 0.3337 0.2437
vn 0.5671 0.7516 -0.3371
vn 0.6549 0.7078 -0.2649
vn -0.3739 0.6054 -0.7026
vn -0.8607 0.2135 -0.4622
vn -0.1967 0.6177 -0.7614
vn -0.9928 -0.1026 0.0618
vn -0.7527 -0.2853 0.5933
vn -0.1196 -0.2515 0.9604
vn 0.6392 0.0549 0.7670
vn 0.9032 0.3822 0.1951
vn 0.6547 0.6468 -0.3911
vn -0.0924 0.9394 0.3302
vn -0.3173 0.4178 -0.8513
vn -0.4390 0.4685 -0.7667
vn -0.9240 0.0065 -0.3823
vn -0.8915 0.0294 -0.4520
vn -0.9634 -0.2672 -0.0190
vn -0.9762 -0.2166 -0.0040
vn -0.8122 -0.4484 0.3731
vn -0.7566 -0.3585 0.5468
vn -0.1607 -0.4096 0.8980
vn -0.0474 -0.2940 0.9546
vn 0.5878 0.0013 0.8090
vn 0.6825 0.0232 0.7305
vn 0.8781 0.4353 0.1988
vn 0.9099 0.3760 0.1750
vn 0.4385 0.7135 -0.5465
vn 0.6031 0.6251 -0.4955
vn -0.4390 0.4686 -0.7666
vn -0.8913 0.0745 -0.4473
vn -0.2995 0.3675 -0.8805
vn -0.9947 -0.0714 0.0735
vn -0.7677 -0.1241 0.6287
vn -0.1436 -0.0467 0.9885
vn 0.5944 0.1824 0.7833
vn 0.9158 0.3802 0.1295
vn 0.6291 0.5143 -0.5829
vn 0.0957 0.9945 0.0418
vn -0.2588 0.4385 -0.8607
vn -0.4164 0.5023 -0.7578
vn -0.9448 -0.0094 -0.3275
vn -0.9048 0.0087 -0.4257
vn -0.9544 -0.2898 0.0721
vn -0.9680 -0.2432 0.0623
vn -0.7747 -0.4448 0.4495
vn -0.7260 -0.3590 0.5865
vn -0.0795 -0.3768 0.9229
vn -0.0027 -0.2677 0.9635
vn 0.6614 0.0257 0.7496
vn 0.7295 0.0561 0.6817
vn 0.8936 0.3940 0.2153
vn 0.9169 0.3637 0.1641
vn 0.5166 0.7138 -0.4729
vn 0.6568 0.6066 -0.4479
vn -0.4165 0.5023 -0.7578
vn -0.2588 0.4384 -0.8607
vn -0.8570 0.0784 -0.5094
vn -0.1714 0.4020 -0.8994
vn -0.9938 -0.0968 0.0555
vn -0.7343 -0.1369 0.6648
vn -0.0493 -0.0055 0.9988
vn 0.6870 0.2353 0.6875
vn 0.9157 0.3943 0.0773
vn 0.6827 0.5060 -0.5272
vn -0.1492 0.9848 0.0890
vn -0.1024 0.4692 -0.8771
vn -0.2286 0.5780 -0.7834
vn -0.8383 0.2326 -0.4931
vn -0.6389 0.1919 -0.7450
vn -0.6389 0.1919 -0.7449
vn -0.9474 -0.2553 0.1930
vn -0.9777 -0.2067 -0.0371
vn -0.4498 -0.4655 0.7622
vn -0.5155 -0.3777 0.7691
vn 0.1524 -0.3497 0.9244
vn 0.1415 -0.2476 0.9585
vn 0.7315 -0.0015 0.6818
vn 0.7376 0.0393 0.6741
vn 0.9099 0.3527 0.2185
vn 0.9359 0.3492 0.0468
vn 0.6195 0.6633 -0.4199
vn 0.6474 0.5618 -0.5151
vn 0.0213 0.2678 -0.9632
vn -0.4545 0.1304 -0.8812
vn -0.9655 -0.0243 -0.2593
vn -0.4545 0.1304 -0.8811
vn -0.6919 -0.0747 0.7181
vn 0.0575 0.0658 0.9962
vn 0.7075 0.2858 0.6463
vn 0.8668 0.4420 -0.2310
vn 0.5539 0.4073 -0.7261
vn -0.4775 0.7121 0.5146
vn -0.0132 0.5603 -0.8282
vn 0.1680 0.6302 -0.7581
vn -0.8224 0.3800 -0.4234
vn -0.7236 0.3223 -0.6103
vn -0.8224 0.3800 -0.4233
vn -0.9608 -0.1810 0.2100
vn -0.9727 -0.1243 0.1957
vn -0.4804 -0.5008 0.7200
vn -0.4191 -0.3868 0.8214
vn 0.3481 -0.4834 0.8032
vn 0.0628 -0.3792 0.9232
vn 0.8276 -0.2892 0.4811
vn 0.5946 -0.2740 0.7559
vn 0.9976 0.0645 -0.0240
vn 0.9730 0.0225 0.2298
vn 0.9976 0.0644 -0.0239
vn 0.7142 0.3918 -0.5800
vn 0.8240 0.3868 -0.4139
vn -0.4781 0.3086 -0.8223
vn 0.0950 0.3515 -0.9314
vn -0.9770 0.1903 -0.0962
vn -0.4781 0.3085 -0.8223
vn -0.5914 -0.0122 0.8062
vn 0.0839 -0.0426 0.9956
vn 0.6722 0.0590 0.7381
vn 0.9640 0.2616 -0.0475
vn 0.6961 0.3448 -0.6297
vn -0.3989 0.8404 0.3670
vn -0.0639 0.6351 -0.7698
vn -0.8501 0.1404 -0.5076
vn -0.8223 0.1607 -0.5460
vn 0.0156 0.6146 -0.7887
vn -0.9572 -0.2665 0.1129
vn -0.9629 -0.2075 0.1725
vn -0.6432 -0.4097 0.6469
vn -0.5927 -0.2902 0.7514
vn 0.0212 -0.3003 0.9536
vn 0.0528 -0.1157 0.9919
vn 0.6980 0.0748 0.7122
vn 0.6392 0.2123 0.7391
vn 0.8938 0.3849 0.2303
vn 0.8427 0.4547 0.2883
vn 0.7261 0.6265 -0.2833
vn 0.7209 0.6392 -0.2677
vn -0.0640 0.6351 -0.7698
vn 0.0155 0.6145 -0.7887
vn -0.5391 0.8422 0.0080
vn -0.0002 0.7874 -0.6165
vn -0.8086 0.2941 -0.5096
vn -0.7588 0.3514 -0.5484
vn 0.0316 0.7382 -0.6738
vn -0.0001 0.7873 -0.6165
vn -0.9476 -0.3116 0.0704
vn -0.9774 -0.1920 0.0884
vn -0.5892 -0.5737 0.5690
vn -0.5982 -0.4350 0.6731
vn 0.0721 -0.5102 0.8570
vn 0.0779 -0.3376 0.9381
vn 0.7340 -0.0951 0.6724
vn 0.7039 0.0633 0.7075
vn 0.9116 0.3102 0.2696
vn 0.8763 0.4296 0.2180
vn 0.7835 0.6141 -0.0944
vn 0.6913 0.6838 -0.2335
vn -0.0002 0.7873 -0.6165
vn -0.6196 0.6672 0.4134
vn -0.0329 0.7908 -0.6112
vn -0.8488 0.3120 -0.4268
vn -0.7994 0.3330 -0.5000
vn -0.0480 0.7286 -0.6833
vn -0.9268 -0.3290 0.1810
vn -0.9625 -0.2148 0.1656
vn -0.5024 -0.5871 0.6348
vn -0.5790 -0.4480 0.6812
vn 0.1318 -0.5144 0.8474
vn -0.0087 -0.3976 0.9175
vn 0.6743 -0.2294 0.7019
vn 0.5947 -0.0698 0.8009
vn 0.6744 -0.2294 0.7019
vn 0.9099 0.1478 0.3876
vn 0.8698 0.3883 0.3045
vn 0.7434 0.6419 -0.1880
vn 0.6618 0.7025 -0.2617
vn -0.0329 0.7907 -0.6113
vn -0.0479 0.7286 -0.6833
vn -0.4502 0.8495 0.2752
vn -0.0356 0.6684 -0.7430
vn -0.8763 0.2481 -0.4129
vn -0.8249 0.3188 -0.4668
vn -0.0853 0.6501 -0.7550
vn -0.9265 -0.2445 0.2859
vn -0.9561 -0.1242 0.2655
vn -0.4641 -0.4563 0.7592
vn -0.5296 -0.3216 0.7850
vn 0.0439 -0.4202 0.9064
vn 0.0405 -0.2788 0.9595
vn 0.6275 -0.1735 0.7591
vn 0.6287 -0.0260 0.7772
vn 0.9451 0.2225 0.2393
vn 0.9181 0.3191 0.2352
vn 0.7862 0.5220 -0.3308
vn 0.6875 0.6072 -0.3983
vn -0.0357 0.6684 -0.7430
vn -0.3311 0.9360 0.1194
vn -0.1607 0.8453 0.5096
vn 0.0554 0.6117 -0.7891
vn -0.7655 0.3574 -0.5351
vn -0.8755 -0.0625 0.4792
vn -0.0183 -0.1452 0.9892
vn 0.6145 0.0777 0.7850
vn 0.8901 0.3619 0.2772
vn 0.6784 0.6009 -0.4226
vn 0.0555 0.6118 -0.7891
vn 0.0106 0.7335 0.6796
vn -0.0219 0.5934 -0.8046
vn -0.7949 0.3260 -0.5117
vn -0.9469 -0.0303 0.3201
vn -0.2174 -0.1771 0.9599
vn 0.5911 0.0600 0.8044
vn 0.8569 0.5061 -0.0982
vn -0.0219 0.5933 -0.8046
vn 0.0040 0.7675 -0.6411
vn -0.8256 0.3833 -0.4141
vn -0.7915 0.3862 -0.4737
vn -0.0588 0.7226 -0.6887
vn -0.9550 -0.2099 0.2094
vn -0.9637 -0.1435 0.2252
vn -0.4774 -0.5358 0.6964
vn -0.5190 -0.4119 0.7490
vn 0.1278 -0.5109 0.8501
vn 0.0638 -0.3804 0.9226
vn 0.7097 -0.2144 0.6710
vn 0.6285 -0.1111 0.7698
vn 0.9551 0.2120 0.2071
vn 0.9108 0.2944 0.2894
vn 0.7777 0.5619 -0.2819
vn 0.6847 0.6569 -0.3157
vn 0.0040 0.7674 -0.6411
vn -0.0588 0.7226 -0.6888
vn -0.3947 0.8730 0.2865
vn 0.9224 0.3862 0.0076
vn -0.9299 -0.3484 0.1183
vn -0.6065 -0.7755 -0.1754
vn -0.6043 -0.7782 -0.1712
vn 0.5971 0.7720 -0.2177
vn 0.1070 0.9739 -0.2003
vn 0.1448 0.9890 -0.0303
vn 0.6944 0.7159 -0.0727
vn 0.6761 0.7300 -0.0999
vn 0.6956 0.6729 -0.2515
vn 0.5866 0.7828 -0.2074
vn 0.5864 0.8084 -0.0511
vn 0.8553 0.4906 -0.1667
vn 0.8826 0.3935 -0.2574
vn 0.9053 0.3186 -0.2810
vn 0.9221 0.3465 -0.1721
vn 0.9480 0.2874 -0.1365
vn 0.9841 0.1676 -0.0595
vn 0.9867 0.0470 -0.1556
vn 0.9378 0.2519 -0.2387
vn 0.9902 -0.1376 0.0230
vn 0.9874 -0.1540 -0.0354
vn 0.9425 -0.3182 0.1021
vn 0.9484 -0.3109 0.0619
vn 0.8711 -0.4533 0.1888
vn 0.8503 -0.5043 0.1505
vn 0.6478 -0.7257 0.2320
vn 0.6959 -0.6720 0.2532
vn -0.0969 -0.8393 0.5350
vn -0.1015 -0.8813 0.4616
vn 0.4294 -0.8068 0.4059
vn 0.3579 -0.8126 0.4600
vn 0.4909 -0.7952 0.3559
vn 0.4320 -0.8002 0.4160
vn 0.5584 -0.7553 0.3430
vn 0.5154 -0.7766 0.3623
vn 0.4286 0.8597 0.2779
vn -0.0571 0.9975 0.0426
vn -0.0160 0.9998 0.0115
vn 0.4895 0.8380 0.2411
vn -0.0435 0.9989 -0.0190
vn 0.4714 0.8651 0.1714
vn -0.0497 0.9957 -0.0779
vn 0.4579 0.8825 0.1070
vn 0.5537 0.7950 0.2478
vn 0.5625 0.8039 0.1931
vn 0.0325 0.9942 -0.1022
vn 0.4916 0.8695 0.0482
vn 0.4778 0.8781 0.0256
vn 0.5570 0.8186 0.1398
vn 0.5991 0.7999 0.0357
vn 0.7358 0.6626 0.1397
vn 0.9704 0.1317 0.2024
vn 0.9050 0.3960 0.1552
vn 0.9108 0.3952 0.1196
vn 0.9845 -0.0167 0.1748
vn 0.8763 0.3704 0.3081
vn 0.7408 0.6171 0.2653
vn 0.9533 0.0829 0.2906
vn 0.9436 -0.2431 0.2246
vn 0.9318 -0.2975 0.2078
vn 0.9429 -0.0430 0.3302
vn 0.8877 0.3082 0.3419
vn 0.9010 -0.3416 0.2673
vn 0.9291 -0.2811 0.2402
vn 0.6970 0.6617 0.2763
vn 0.7649 0.5249 0.3735
vn 0.6100 0.7064 0.3589
vn 0.7566 0.4736 0.4510
vn 0.5927 0.7016 0.3956
vn 0.8844 0.1548 0.4404
vn 0.8942 0.2687 0.3579
vn 0.7178 0.4896 0.4951
vn 0.5805 0.6714 0.4607
vn 0.4440 0.8271 0.3447
vn 0.4423 0.8019 0.4016
vn -0.0500 0.9939 0.0980
vn -0.0204 0.9910 0.1324
vn 0.9468 -0.0066 0.3219
vn 0.4304 0.7721 0.4676
vn -0.0407 0.9792 0.1986
vn 0.4634 0.7842 0.4127
vn 0.0315 0.9927 0.1162
vn 0.5989 0.6326 0.4911
vn 0.5526 0.6603 0.5086
vn 0.3824 0.8206 0.4248
vn 0.0224 0.9832 0.1814
vn 0.5456 0.6658 0.5090
vn 0.7104 0.4499 0.5412
vn 0.4592 -0.8878 0.0298
vn 0.7921 -0.5876 0.1650
vn 0.7925 -0.5833 0.1783
vn 0.4894 -0.8708 0.0461
vn 0.0330 -0.9914 -0.1262
vn 0.0446 -0.9921 -0.1171
vn 0.8711 0.0768 0.4851
vn 0.8662 -0.0082 0.4997
vn 0.8449 -0.3945 0.3613
vn 0.8997 -0.2356 0.3674
vn 0.8700 -0.0582 0.4896
vn 0.7509 0.3900 0.5330
vn 0.8403 -0.4004 0.3656
vn 0.8847 -0.4044 0.2320
vn 0.7502 -0.6355 0.1827
vn 0.7094 -0.6820 0.1778
vn 0.9291 -0.1048 0.3546
vn 0.8989 -0.3545 0.2577
vn 0.8931 -0.3841 0.2342
vn 0.7026 -0.7043 0.1016
vn 0.7595 -0.6341 0.1453
vn 0.7372 -0.6733 0.0569
vn 0.4355 -0.8861 -0.1587
vn 0.3734 -0.9207 -0.1132
vn 0.7635 -0.6446 0.0403
vn 0.7688 -0.6227 0.1455
vn 0.4650 -0.8848 -0.0282
vn 0.4784 -0.8781 0.0033
vn 0.4068 0.7666 0.4967
vn -0.0269 0.9747 0.2218
vn 0.7147 0.4168 0.5616
vn 0.8477 -0.0636 0.5266
vn 0.8069 -0.4460 0.3873
vn 0.5572 0.6090 0.5645
vn 0.7081 0.3844 0.5923
vn 0.5170 0.5960 0.6144
vn 0.6762 0.3513 0.6476
vn 0.3385 0.7878 0.5146
vn -0.0243 0.9758 0.2172
vn 0.8377 -0.0476 0.5440
vn 0.7862 0.0056 0.6179
vn 0.7825 -0.5129 0.3530
vn 0.7661 -0.4931 0.4122
vn 0.5024 0.5667 0.6531
vn 0.6137 0.3646 0.7003
vn 0.7108 0.0626 0.7006
vn 0.7296 -0.3261 0.6011
vn 0.5259 -0.8388 -0.1411
vn 0.1553 -0.9361 -0.3155
vn 0.1921 -0.9118 -0.3628
vn 0.0826 -0.9574 -0.2768
vn 0.0672 -0.9717 -0.2266
vn 0.5236 -0.8333 -0.1775
vn 0.2060 -0.8809 -0.4261
vn 0.6772 -0.7355 0.0208
vn 0.3754 -0.9043 -0.2031
vn 0.1808 -0.9128 -0.3662
vn 0.0518 -0.9834 -0.1742
vn 0.6319 -0.7629 0.1372
vn 0.3897 -0.9149 -0.1056
vn 0.5255 -0.8505 -0.0235
vn 0.5402 -0.8405 0.0423
vn 0.3844 -0.9160 -0.1145
vn 0.2650 -0.9406 -0.2124
vn 0.2317 -0.9395 -0.2524
vn 0.3024 0.7998 0.5186
vn -0.0682 0.9764 0.2049
vn 0.2426 0.8619 0.4454
vn 0.4135 0.6646 0.6223
vn 0.5063 0.4998 0.7028
vn 0.6311 0.2116 0.7463
vn 0.0863 0.9451 0.3153
vn 0.3408 0.7354 0.5857
vn -0.1584 0.9874 0.0051
vn -0.0318 0.9881 0.1506
vn 0.1600 0.9548 0.2505
vn 0.3321 0.8281 0.4517
vn -0.0043 0.9998 0.0215
vn 0.4575 0.5637 0.6877
vn 0.4682 0.6646 0.5823
vn 0.1250 -0.9302 -0.3452
vn 0.0860 -0.9328 -0.3499
vn 0.2588 -0.9540 -0.1516
vn 0.1329 -0.9544 -0.2673
vn 0.1949 -0.9511 -0.2395
vn 0.2526 -0.9496 -0.1855
vn 0.3897 -0.9208 -0.0157
vn 0.0801 -0.8810 -0.4662
vn -0.0078 -0.8517 -0.5240
vn 0.1973 -0.9327 -0.3019
vn 0.1941 -0.9258 -0.3244
vn 0.7414 0.3744 -0.5569
vn 0.2474 -0.9348 -0.2548
vn 0.2499 -0.9350 -0.2517
vn 0.4155 -0.9093 -0.0226
vn 0.3490 -0.9280 -0.1305
vn 0.3545 -0.9338 -0.0490
vn 0.5597 -0.8151 0.1497
vn 0.5917 -0.7529 0.2882
vn 0.6249 -0.7203 0.3011
vn 0.7222 -0.2392 0.6490
vn 0.7379 -0.0210 0.6746
vn 0.7113 -0.5311 0.4604
vn 0.4870 -0.8700 0.0772
vn 0.6152 0.4056 0.6760
vn 0.5758 0.3230 0.7511
vn 0.6909 -0.0973 0.7164
vn 0.6599 -0.6219 0.4216
vn 0.9701 0.2398 -0.0370
vn 0.9442 0.2255 -0.2401
vn 0.9693 0.1453 -0.1984
vn 0.9826 0.1852 -0.0165
vn 0.9876 -0.0051 -0.1569
vn 0.9964 -0.0483 0.0696
vn 0.9434 0.1837 0.2763
vn 0.9688 0.0844 0.2332
vn 0.9795 0.1972 -0.0413
vn 0.8905 0.3976 -0.2211
vn 0.9245 0.3504 -0.1498
vn 0.6771 0.7247 -0.1278
vn 0.6538 0.7283 -0.2053
vn 0.2288 0.9698 -0.0842
vn 0.1671 0.9652 -0.2009
vn 0.5561 0.8038 -0.2112
vn 0.5414 0.8357 -0.0922
vn 0.1471 0.9891 0.0010
vn 0.5748 0.8183 -0.0017
vn 0.6987 0.7153 -0.0131
vn 0.8173 0.5706 0.0803
vn 0.9695 -0.1954 -0.1476
vn 0.9095 -0.3868 0.1521
vn 0.9175 0.0319 0.3963
vn 0.8516 -0.2557 0.4576
vn 0.8395 -0.5011 0.2101
vn 0.7631 -0.3256 0.5583
vn 0.8744 -0.4579 -0.1606
vn 0.8965 0.2858 0.3384
vn 0.9841 0.1538 -0.0887
vn 0.9406 0.2870 0.1813
vn 0.5514 0.8333 0.0404
vn 0.5817 0.8114 -0.0578
vn 0.5414 0.8405 -0.0200
vn 0.5151 0.8550 0.0604
vn 0.2225 0.8937 0.3896
vn 0.2194 0.9685 0.1178
vn 0.6598 0.7384 0.1393
vn 0.7385 0.6730 -0.0413
vn 0.2044 0.9647 0.1663
vn 0.1763 0.9764 0.1251
vn 0.7918 0.6094 0.0403
vn 0.8352 0.5281 -0.1533
vn 0.9532 0.3000 0.0378
vn 0.9390 0.3020 -0.1645
vn 0.9439 -0.3300 -0.0091
vn 0.8932 -0.4311 0.1280
vn 0.9665 -0.2520 0.0490
vn 0.9820 -0.1600 0.1009
vn 0.9865 -0.1585 0.0415
vn 0.9091 -0.4015 0.1107
vn 0.9974 0.0027 -0.0722
vn 0.9993 -0.0187 0.0334
vn 0.9685 -0.0671 0.2398
vn 0.9695 -0.0385 0.2421
vn 0.8596 -0.5110 -0.0062
vn 0.7858 -0.5803 0.2140
vn 0.9689 -0.1822 0.1672
vn 0.5911 -0.4485 0.6704
vn 0.6908 -0.2062 0.6930
vn 0.6867 -0.4907 0.5363
vn 0.7758 -0.6250 -0.0860
vn 0.7673 -0.5795 0.2746
vn 0.5082 -0.8602 0.0415
vn 0.4462 -0.7964 0.4082
vn 0.4183 -0.5335 0.7351
vn 0.4107 -0.9007 0.1418
vn 0.4321 -0.6382 0.6371
vn 0.4246 -0.6772 0.6010
vn 0.5454 -0.5253 0.6531
vn 0.3264 -0.6834 0.6531
vn 0.7368 -0.6653 0.1204
vn 0.4215 -0.6785 0.6017
vn 0.6550 -0.7369 0.1672
vn 0.4081 -0.8976 0.1666
vn 0.4117 -0.7245 0.5528
vn -0.1515 -0.9360 0.3176
vn -0.0797 -0.7017 0.7080
vn 0.1848 0.9818 0.0428
vn 0.2233 -0.7030 0.6752
vn -0.0628 -0.7032 0.7082
vn 0.9730 0.1740 -0.1520
vn 0.8294 -0.5233 0.1955
vn 0.9744 0.2216 0.0372
vn 0.1865 -0.8700 0.4563
vn 0.3406 -0.8473 0.4075
vn 0.2054 -0.6570 0.7254
vn -0.0628 -0.8590 0.5081
vn 0.2027 -0.9540 0.2210
vn 0.1943 -0.9527 0.2338
vn -0.1417 -0.9483 0.2841
vn -0.1219 -0.9516 0.2823
vn 0.5934 -0.7946 0.1280
vn 0.8520 -0.5212 -0.0490
vn 0.7136 -0.6646 0.2218
vn 0.6921 -0.4872 0.5326
vn -0.1059 -0.9447 0.3103
vn 0.2852 -0.9170 0.2787
vn -0.1267 -0.9481 0.2916
vn 0.3230 -0.9186 0.2276
vn 0.4968 -0.8505 0.1731
vn 0.3960 -0.9070 0.1436
vn 0.4616 -0.8403 0.2843
vn 0.6676 -0.7108 0.2215
vn 0.7015 -0.7028 0.1180
vn 0.5211 -0.8494 0.0834
vn 0.5376 -0.8301 0.1479
vn 0.4967 -0.8242 0.2719
vn 0.6502 -0.7221 0.2363
vn 0.9529 0.1696 -0.2516
vn 0.7383 -0.6104 0.2870
vn 0.7099 -0.5734 0.4089
vn 0.9466 -0.3209 -0.0328
vn 0.8524 -0.4905 -0.1812
vn 0.8533 -0.4890 0.1812
vn 0.2685 -0.9492 0.1641
vn 0.4440 -0.8762 0.1873
vn 0.9353 0.1577 0.3167
vn 0.9049 0.2360 0.3541
vn 0.9142 0.2268 0.3360
vn 0.5996 0.7664 0.2306
vn 0.7957 0.5156 0.3180
vn 0.5889 0.7979 0.1283
vn 0.1813 0.9666 0.1810
vn 0.9880 0.0155 0.1537
vn 0.9522 0.2396 0.1895
vn 0.9506 0.2486 0.1861
vn 0.8450 0.5081 0.1666
vn 0.5368 0.8260 0.1721
vn 0.4640 0.8725 0.1532
vn 0.2320 0.9095 0.3448
vn 0.6921 -0.4545 0.5608
vn 0.9073 -0.3909 0.1552
vn 0.6379 -0.7275 0.2526
vn 0.7332 -0.6173 -0.2852
vn 0.9069 -0.3793 -0.1834
vn 0.6943 -0.2921 0.6577
vn 0.3567 -0.4825 0.8000
vn 0.7982 -0.6023 -0.0010
vn 0.4853 -0.8015 0.3494
vn 0.9728 -0.2030 -0.1115
vn 0.6350 0.7639 0.1146
vn 0.6976 0.7130 0.0706
vn 0.7197 0.6917 -0.0601
vn 0.2185 0.9449 0.2437
vn 0.2143 0.9702 0.1131
vn 0.1798 0.9820 -0.0583
vn 0.1753 0.9844 0.0125
vn 0.9347 0.2517 -0.2512
vn -0.4297 0.3592 0.8285
vn -0.0922 0.3974 0.9130
vn -0.1092 0.3093 0.9447
vn -0.5107 0.2785 0.8134
vn -0.8481 0.2110 0.4860
vn -0.9302 0.1141 0.3490
vn -0.9629 -0.1223 -0.2406
vn -0.4935 -0.3479 -0.7971
vn -0.6696 -0.3648 -0.6470
vn -0.9899 -0.0720 -0.1222
vn 0.1658 -0.5205 -0.8376
vn 0.3518 -0.3841 -0.8537
vn 0.9141 -0.2376 -0.3286
vn 0.8850 -0.3159 -0.3420
vn 0.9432 0.0227 0.3315
vn 0.9449 -0.0521 0.3233
vn 0.6883 0.1117 0.7168
vn 0.6628 0.2302 0.7125
vn -0.4598 0.5245 0.7166
vn -0.0687 0.6314 0.7724
vn -0.1525 0.8399 0.5208
vn 0.2926 0.8054 0.5154
vn 0.2859 0.6375 0.7154
vn -0.8459 0.4232 0.3245
vn -0.7814 0.3402 0.5232
vn -0.9988 0.0436 -0.0201
vn -0.9967 -0.0810 -0.0046
vn -0.9303 0.1137 0.3488
vn -0.8474 0.2117 0.4869
vn -0.4317 -0.8336 -0.3446
vn -0.9113 -0.3769 -0.1658
vn -0.5675 -0.6698 -0.4789
vn 0.0920 -0.7644 -0.6381
vn 0.0338 -0.9063 -0.4213
vn -0.6690 -0.4053 -0.6230
vn 0.1761 -0.6434 -0.7450
vn 0.8428 -0.3048 -0.4437
vn 0.6730 -0.4871 -0.5566
vn 0.0916 -0.9469 -0.3081
vn -0.2545 -0.9131 -0.3185
vn 0.6682 -0.6601 -0.3433
vn 0.6662 -0.7110 -0.2250
vn -0.7524 -0.6077 -0.2541
vn -0.9236 0.3460 0.1651
vn -0.9235 0.3462 0.1651
vn -0.6064 0.6993 0.3784
vn -0.5631 0.6817 0.4671
vn -0.8455 0.4239 0.3246
vn -0.5034 0.5908 0.6305
vn 0.1566 0.5218 0.8386
vn -0.1283 0.7931 0.5955
vn -0.5559 0.6889 0.4652
vn -0.3905 0.4784 0.7865
vn 0.5767 0.1933 0.7937
vn -0.9658 0.1278 0.2255
vn -0.9527 0.2944 0.0747
vn -0.1836 0.8699 0.4577
vn 0.4080 0.8138 0.4138
vn 0.4169 0.7421 0.5249
vn -0.9405 0.2588 0.2203
vn -0.9658 0.1277 0.2255
vn -0.6284 -0.6329 -0.4522
vn -0.7435 -0.0397 -0.6676
vn -0.9528 0.2944 0.0746
vn 0.0854 -0.9140 -0.3966
vn 0.7399 0.5830 0.3356
vn 0.6869 0.6230 0.3743
vn 0.8115 0.5082 0.2885
vn 0.9984 0.0039 0.0568
vn 0.9993 0.0298 0.0235
vn 0.9903 0.1254 -0.0590
vn 0.9566 0.2699 0.1097
vn 0.6277 0.5586 0.5422
vn 0.2728 0.3576 0.8931
vn 0.5784 -0.5801 -0.5735
vn 0.9947 0.0189 -0.1010
vn -0.1566 -0.9030 -0.4000
vn 0.7404 0.5193 0.4268
vn 0.1477 0.5435 0.8263
vn 0.8504 -0.4841 0.2058
vn -0.8541 -0.2911 0.4310
vn 0.2651 0.2608 0.9283
vn -0.8542 -0.2911 0.4309
vn 0.8505 -0.4841 0.2058
vn -0.6301 -0.1480 -0.7623
vn 0.4767 -0.0956 -0.8739
vn -0.5902 0.1042 -0.8005
vn 0.4364 0.0606 -0.8977
vn 0.5900 0.0670 0.8046
vn 0.9955 0.0824 -0.0478
vn 0.9939 -0.0027 -0.1103
vn 0.6303 0.2447 0.7368
vn -0.9815 0.1160 0.1520
vn -0.9931 0.0433 0.1093
vn 0.4342 -0.5189 -0.7364
vn 0.9441 -0.3286 -0.0254
vn 0.9530 -0.3007 -0.0381
vn 0.4391 -0.1899 -0.8781
vn -0.4846 0.2123 0.8486
vn -0.5066 0.0785 0.8586
vn -0.9816 0.1159 0.1521
vn -0.3695 0.2878 0.8835
vn -0.8747 0.4677 0.1274
vn -0.5829 0.2937 -0.7576
vn 0.6212 -0.0840 0.7791
vn 0.9530 -0.3007 -0.0380
vn -0.9405 0.2587 0.2204
vn -0.7812 0.3400 0.5235
vn 0.6729 0.3975 -0.6238
vn 0.9163 -0.1824 -0.3566
vn 0.9196 -0.2028 -0.3365
vn 0.7631 0.2499 -0.5960
vn 0.4531 0.5867 -0.6712
vn -0.1037 0.6996 -0.7070
vn -0.2139 0.8313 -0.5129
vn 0.2172 0.7402 -0.6363
vn 0.5318 -0.1696 -0.8297
vn -0.2259 -0.1170 -0.9671
vn -0.2048 0.2435 -0.9480
vn 0.5411 0.1412 -0.8290
vn -0.9844 0.1488 0.0935
vn -0.9780 0.1676 0.1244
vn -0.7304 0.6419 -0.2336
vn -0.7201 0.5576 -0.4130
vn -0.0224 -0.9716 0.2355
vn 0.0455 -0.9611 0.2726
vn -0.5360 -0.7600 0.3675
vn -0.4442 -0.7729 0.4532
vn -0.9781 0.1671 0.1245
vn -0.9846 0.1472 0.0941
vn -0.8958 -0.2642 0.3575
vn -0.9056 -0.2739 0.3238
vn -0.8000 -0.3829 0.4620
vn -0.1761 -0.8224 0.5410
vn 0.2093 -0.0896 0.9737
vn 0.0553 -0.9344 0.3519
vn -0.0417 -0.0335 0.9986
vn 0.4600 -0.8834 0.0899
vn 0.6834 -0.7226 -0.1034
vn -0.6494 0.0324 0.7597
vn 0.6666 -0.3230 0.6717
vn -0.9752 0.0356 0.2186
vn -0.9772 -0.0433 0.2076
vn -0.9753 0.0365 0.2178
vn -0.8636 -0.0425 -0.5023
vn -0.8448 0.1711 -0.5070
vn -0.9774 -0.0430 0.2068
vn 0.9028 -0.2013 -0.3801
vn 0.7558 -0.6504 -0.0757
vn 0.8562 -0.4475 -0.2584
vn 0.8798 -0.1115 -0.4621
vn 0.9467 -0.2999 0.1179
vn -0.2364 0.9038 -0.3568
vn 0.1282 0.8851 -0.4474
vn 0.7333 0.5354 -0.4191
vn 0.9799 -0.0226 -0.1983
vn 0.6780 0.6405 -0.3606
vn 0.9592 0.0575 -0.2767
vn 0.7814 -0.6195 0.0753
vn 0.7820 -0.6082 0.1364
vn -0.9529 0.2594 0.1571
vn -0.9260 0.3309 0.1816
vn -0.6688 0.7434 -0.0089
vn -0.6829 0.7225 -0.1074
vn -0.3323 0.9223 -0.1973
vn 0.0954 0.9557 -0.2783
vn 0.6964 0.3322 -0.6362
vn 0.9352 -0.0472 -0.3510
vn 0.7848 -0.5605 0.2645
vn -0.8528 0.4739 0.2193
vn -0.6726 0.7201 0.1706
vn 0.7028 -0.7067 -0.0814
vn 0.5633 -0.8218 -0.0856
vn -0.5192 0.8370 -0.1729
vn -0.5438 0.8268 -0.1435
vn 0.7199 -0.6922 -0.0512
vn -0.1288 0.3669 -0.9213
vn 0.4383 -0.8934 -0.0988
vn 0.7216 -0.5504 -0.4200
vn -0.4958 -0.7495 0.4387
vn 0.1132 -0.9238 0.3658
vn -0.4906 -0.7784 0.3916
vn 0.1156 -0.9197 0.3752
vn -0.2826 -0.8200 0.4978
vn -0.4934 -0.7771 0.3907
vn 0.1398 -0.8327 0.5358
vn 0.1323 -0.5870 0.7987
vn 0.7818 -0.3832 0.4918
vn -0.9135 -0.2348 0.3322
vn -0.9135 -0.2643 0.3094
vn -0.5752 -0.8172 0.0358
vn -0.9252 -0.3440 0.1601
vn -0.9544 0.2538 0.1570
vn -0.9309 0.3100 0.1932
vn 0.2207 -0.9405 -0.2583
vn -0.8637 0.4524 0.2222
vn 0.7175 -0.5434 0.4358
vn 0.5697 -0.8112 0.1320
vn 0.7226 -0.6906 -0.0296
vn 0.9043 -0.4052 0.1342
vn 0.6356 -0.7390 0.2235
vn 0.7245 -0.6314 -0.2765
vn 0.9096 -0.3775 -0.1733
vn 0.9462 -0.1887 -0.2629
vn 0.3588 -0.4815 0.7996
vn 0.6943 -0.3044 0.6521
vn 0.4863 -0.8019 0.3470
vn 0.7949 -0.6067 0.0001
vn 0.9705 -0.2163 -0.1066
vn 0.2158 -0.9403 -0.2632
vn 0.9753 -0.2040 -0.0845
vn 0.3723 -0.5624 -0.7383
vn -0.4148 -0.5087 -0.7544
vn -0.5450 -0.1715 -0.8207
vn 0.4445 -0.2732 -0.8531
vn -0.2932 -0.0964 -0.9512
vn 0.5554 -0.0838 -0.8273
vn 0.9314 -0.3639 -0.0031
vn -0.1016 -0.9946 -0.0197
vn 0.9806 -0.1948 -0.0197
vn 0.8407 -0.5396 -0.0443
vn 0.3790 -0.5063 0.7746
vn 0.5285 -0.1137 0.8413
vn -0.8695 -0.4439 0.2165
vn -0.9839 -0.1051 0.1445
vn -0.6259 -0.2269 -0.7462
vn -0.6633 0.0389 -0.7473
vn 0.2561 -0.4110 -0.8749
vn 0.2131 -0.3791 -0.9005
vn 0.8691 -0.4735 -0.1428
vn 0.3882 -0.1211 -0.9136
vn 0.7677 -0.6120 -0.1898
vn 0.8804 -0.4615 -0.1090
vn -0.4920 0.0154 -0.8704
vn 0.5678 -0.3001 0.7665
vn 0.3908 -0.6287 0.6723
vn 0.7677 -0.6121 -0.1898
vn 0.2908 -0.4951 0.8187
vn -0.4067 -0.4780 0.7786
vn -0.5558 -0.3861 0.7362
vn -0.4590 -0.1204 0.8802
vn -0.9839 -0.1050 0.1445
vn -0.8696 -0.4438 0.2165
vn -0.9389 -0.3151 -0.1387
vn -0.9388 -0.3151 -0.1388
vn -0.3444 0.0452 0.9377
vn -0.9308 0.3046 0.2023
vn -0.9785 -0.1415 0.1501
vn -0.4093 -0.3803 0.8293
vn -0.4158 -0.4888 0.7670
vn 0.3744 -0.6167 0.6925
vn -0.9716 -0.1961 0.1322
vn -0.1911 -0.9099 -0.3681
vn -0.1909 -0.9099 -0.3682
vn -0.7085 0.6489 0.2775
vn -0.2392 0.6381 0.7319
vn -0.5729 0.7627 0.3000
vn -0.7570 0.6533 -0.0158
vn -0.1014 0.7740 0.6250
vn -0.5756 0.7144 0.3978
vn -0.5632 0.8174 0.1210
vn -0.0633 0.9411 0.3323
vn -0.0984 0.8670 0.4885
vn -0.6106 0.7087 0.3534
vn -0.0058 0.7983 0.6022
vn -0.6128 0.6975 0.3714
vn -0.5092 0.8588 0.0571
vn -0.0878 0.9335 0.3478
vn 0.0825 0.8704 0.4853
vn -0.5402 0.7810 0.3134
vn -0.4954 0.8356 0.2376
vn 0.1870 0.9212 0.3411
vn -0.0001 0.8955 0.4450
vn -0.5117 0.7795 0.3612
vn -0.4312 0.8888 0.1553
vn -0.4060 0.7981 0.4451
vn -0.5039 0.7661 0.3989
vn -0.0001 0.8753 0.4835
vn -0.0000 0.9952 0.0983
vn -0.2948 0.9553 0.0222
vn -0.0001 0.9973 0.0728
vn -0.2630 0.9573 0.1201
vn -0.1391 0.9445 0.2976
vn -0.9997 -0.0213 0.0072
vn -0.9940 -0.0261 -0.1058
vn -0.8656 0.5000 0.0259
vn -0.5259 0.8067 0.2695
vn -0.9776 -0.1574 -0.1400
vn -0.9917 -0.0357 -0.1235
vn -0.9912 0.1266 0.0387
vn -0.9863 0.1339 -0.0964
vn -0.9655 0.2602 -0.0012
vn -0.9832 0.1763 0.0479
vn -0.8188 -0.1896 -0.5419
vn -0.4551 -0.7371 -0.4995
vn -0.8386 -0.5319 -0.1179
vn -0.9475 0.3125 0.0682
vn -0.9432 0.2869 0.1676
vn -0.6880 0.7027 0.1809
vn -0.9856 0.0685 0.1544
vn -0.9732 -0.0007 0.2299
vn -0.7788 -0.6217 0.0834
vn -0.2451 -0.8956 -0.3714
vn -0.1772 -0.9566 -0.2312
vn -0.8712 0.3244 0.3685
vn -0.6224 0.7043 0.3414
vn -0.9180 0.0079 0.3965
vn -0.8343 -0.2090 0.5102
vn -0.6543 -0.5789 0.4866
vn -0.4049 -0.9126 -0.0573
vn -0.3877 -0.8773 0.2829
vn -0.3487 0.8960 0.2749
vn 0.0630 0.9535 0.2948
vn -0.6311 0.6860 0.3622
vn -0.8458 0.4192 0.3299
vn -0.9366 0.0426 0.3479
vn -0.8021 -0.5388 0.2577
vn -0.6321 -0.7379 0.2367
vn -0.2408 -0.9438 0.2264
vn -0.3924 -0.9006 0.1871
vn -0.3240 0.8735 0.3633
vn 0.0117 0.9351 0.3542
vn -0.7943 -0.3903 -0.4656
vn -0.7912 -0.4535 -0.4103
vn -0.4620 -0.6385 -0.6156
vn -0.3088 -0.7433 -0.5933
vn -0.7372 -0.4774 -0.4781
vn -0.2138 -0.8036 -0.5555
vn -0.6940 -0.5133 -0.5048
vn -0.1164 -0.8381 -0.5330
vn -0.4660 -0.7109 -0.5267
vn 0.0679 -0.9033 -0.4235
vn 0.0943 -0.8509 -0.5167
vn -0.0637 -0.8560 -0.5131
vn -0.8655 -0.3382 -0.3696
vn -0.8720 -0.3123 -0.3770
vn -0.4363 -0.6773 -0.5923
vn -0.5603 -0.6524 -0.5104
vn -0.0000 -0.8176 -0.5757
vn -0.8872 -0.2531 -0.3859
vn -0.7549 -0.4054 -0.5155
vn -0.8704 -0.3367 -0.3593
vn -0.6406 -0.5306 -0.5551
vn 0.0001 -0.9054 -0.4246
vn -0.8883 -0.3159 -0.3332
vn -0.7495 -0.4283 -0.5048
vn -0.6898 -0.5771 -0.4372
vn -0.8135 -0.3776 -0.4424
vn -0.2862 -0.8802 -0.3787
vn -0.5694 -0.7143 -0.4069
vn -0.0000 -0.8089 -0.5880
vn 0.0518 -0.8431 -0.5352
vn -0.7140 -0.4660 -0.5224
vn -0.2972 -0.9494 0.1017
vn 0.0277 -0.9594 0.2806
vn -0.1795 -0.8697 -0.4597
vn -0.0000 -0.9999 0.0143
vn 0.0001 -0.9716 0.2364
vn -0.9067 -0.2435 -0.3444
vn -0.9006 -0.2236 -0.3726
vn -0.5921 -0.6720 -0.4448
vn -0.6055 -0.7377 -0.2988
vn -0.7665 -0.4134 -0.4914
vn -0.4918 -0.7759 -0.3951
vn -0.3996 -0.8207 -0.4083
vn -0.5474 -0.5185 -0.6569
vn -0.6981 -0.4947 -0.5175
vn -0.5388 -0.5021 -0.6765
vn -0.6861 -0.4693 -0.5559
vn -0.2493 -0.7944 -0.5540
vn -0.0001 -0.6902 -0.7236
vn -0.3453 -0.6269 -0.6984
vn -0.4015 -0.8126 -0.4225
vn -0.6491 -0.5052 -0.5688
vn -0.0001 -0.6744 -0.7383
vn -0.1927 -0.5875 -0.7859
vn -0.6342 -0.4236 -0.6468
vn -0.6748 -0.6382 -0.3707
vn -0.8113 -0.3416 -0.4744
vn -0.6532 -0.4525 -0.6071
vn -0.2707 -0.6689 -0.6923
vn -0.4332 -0.6753 -0.5969
vn -0.0001 -0.7546 -0.6562
vn -0.3690 -0.6658 -0.6485
vn -0.3936 -0.6901 -0.6073
vn -0.8182 0.5312 0.2198
vn -0.9510 -0.2205 0.2167
vn -0.9453 0.1077 0.3079
vn -0.4177 -0.1234 0.9002
vn -0.6191 -0.7671 0.1683
vn -0.7157 -0.4138 0.5627
vn -0.2236 -0.9680 0.1139
vn -0.3215 -0.7884 0.5244
vn -0.4186 0.8980 0.1354
vn -0.4342 0.8884 -0.1488
vn -0.0105 0.9987 -0.0491
vn -0.0152 0.9724 -0.2327
vn -0.0000 -0.9968 0.0801
vn -0.2106 -0.7500 0.6271
vn 0.1143 0.1866 0.9758
vn -0.2460 0.8773 0.4122
vn -0.5005 0.1519 0.8523
vn 0.0279 -0.3780 0.9254
vn -0.1140 0.9300 0.3494
vn 0.1124 0.9118 0.3950
vn 0.3929 -0.4470 0.8036
vn 0.1632 0.6906 0.7045
vn -0.4993 0.7362 0.4569
vn -0.6275 0.3705 0.6848
vn -0.6381 -0.0916 0.7645
vn -0.0426 -0.4443 0.8949
vn -0.2443 0.9650 0.0949
vn 0.0658 0.9973 -0.0331
vn 0.0672 -0.5705 0.8185
vn 0.7340 0.5913 -0.3341
vn 0.6229 0.7132 -0.3214
vn 0.0503 0.9363 -0.3475
vn 0.0374 0.9155 -0.4006
vn 0.5489 0.7654 -0.3361
vn 0.6996 0.6625 -0.2675
vn 0.6172 0.7298 -0.2940
vn 0.0420 0.9565 -0.2887
vn 0.9330 0.3070 -0.1880
vn 0.8990 0.3735 -0.2286
vn 0.8118 0.5837 -0.0160
vn 0.8811 0.3524 0.3153
vn 0.8411 0.4879 0.2335
vn 0.5021 0.8007 0.3268
vn 0.5584 0.7660 0.3184
vn 0.7454 0.4884 0.4536
vn 0.9538 0.2022 -0.2222
vn 0.9619 0.0264 -0.2723
vn 0.9576 -0.0908 0.2734
vn 0.8886 0.0433 0.4567
vn 0.9694 -0.2199 -0.1093
vn 0.9295 -0.3684 -0.0146
vn 0.3748 0.9197 0.1168
vn 0.5921 0.8058 -0.0129
vn 0.5034 0.8566 -0.1129
vn 0.5849 0.7945 -0.1631
vn 0.4154 0.8911 -0.1827
vn 0.4367 0.8385 -0.3259
vn 0.3644 0.8456 -0.3900
vn 0.4099 0.8575 -0.3109
vn 0.3476 0.9131 -0.2130
vn 0.5847 0.8037 -0.1103
vn 0.4945 0.8133 -0.3066
vn 0.3822 0.8379 -0.3898
vn 0.8554 0.5121 -0.0776
vn 0.8186 0.5441 -0.1842
vn 0.4332 0.8292 -0.3532
vn 0.3525 0.8742 -0.3339
vn 0.3244 0.8736 -0.3628
vn 0.3828 0.8112 -0.4421
vn 0.4865 0.7895 -0.3743
vn 0.5788 0.6635 -0.4741
vn 0.4302 0.8266 -0.3630
vn 0.3546 0.8791 -0.3185
vn 0.7330 0.5619 -0.3834
vn 0.5788 0.7231 -0.3769
vn 0.3724 0.8722 -0.3173
vn 0.5035 0.7825 -0.3663
vn 0.0415 0.9456 -0.3226
vn 0.0405 0.9028 -0.4282
vn 0.4394 0.8754 -0.2017
vn 0.0829 0.9866 -0.1403
vn 0.0621 0.9739 -0.2183
vn 0.3502 0.9253 -0.1454
vn 0.4387 0.8725 -0.2151
vn 0.5198 0.8362 -0.1749
vn 0.4808 0.8726 -0.0855
vn 0.7793 0.6055 -0.1613
vn 0.8631 0.5033 0.0414
vn 0.6476 0.7614 -0.0282
vn 0.5781 0.7992 -0.1646
vn 0.0598 0.9627 -0.2638
vn 0.1100 0.9433 -0.3132
vn 0.9625 -0.2495 0.1070
vn 0.9241 -0.3818 0.0179
vn 0.7126 -0.2863 0.6405
vn 0.5437 -0.4873 0.6833
vn 0.8180 -0.0303 0.5744
vn 0.8466 0.2122 0.4880
vn 0.9387 0.0679 0.3380
vn 0.9783 0.1802 0.1025
vn 0.9345 0.3388 0.1087
vn 0.7321 -0.3660 0.5746
vn 0.5138 -0.4622 0.7228
vn 0.9213 -0.1831 0.3431
vn 0.7978 -0.3661 0.4789
vn 0.5837 -0.4730 0.6600
vn 0.5741 -0.4592 0.6779
vn 0.3579 -0.5325 0.7670
vn 0.7381 -0.6649 0.1143
vn 0.5863 -0.7959 0.1509
vn 0.3400 -0.8318 0.4388
vn 0.6602 -0.6178 0.4272
vn 0.8342 -0.5385 0.1190
vn 0.6575 -0.7204 0.2205
vn 0.7824 0.5187 -0.3448
vn 0.7801 0.3991 -0.4817
vn 0.9984 0.0387 0.0423
vn 0.9683 -0.1914 0.1605
vn 0.9768 0.2042 0.0653
vn 0.9264 0.3567 -0.1209
vn 0.8221 -0.5670 0.0515
vn 0.7980 -0.5608 0.2207
vn 0.9264 0.3737 0.0458
vn 0.9445 0.3174 0.0852
vn 0.9747 0.2081 0.0813
vn 0.9878 -0.1235 0.0952
vn 0.9231 0.3739 -0.0898
vn 0.8509 -0.5238 0.0393
vn 0.8549 0.3422 -0.3900
vn 0.7128 0.4535 -0.5350
vn 0.7841 0.4479 -0.4296
vn 0.6335 0.5022 -0.5886
vn 0.7251 0.4733 -0.5002
vn 0.8144 0.4928 -0.3064
vn 0.9265 0.3352 -0.1708
vn 0.9389 0.2653 -0.2191
vn 0.9354 0.3529 0.0197
vn 0.9544 0.2927 0.0592
vn 0.9536 0.3006 -0.0139
vn 0.8880 0.4463 -0.1103
vn 0.5049 -0.8310 0.2333
vn 0.5298 -0.8261 0.1919
vn 0.7579 -0.6288 0.1738
vn 0.1534 -0.9252 0.3470
vn 0.5329 -0.7435 0.4039
vn 0.5966 -0.8018 0.0358
vn 0.5725 -0.8087 0.1354
vn 0.6091 -0.7847 0.1156
vn 0.3658 0.9181 -0.1528
vn 0.4921 0.8600 -0.1351
vn 0.8482 0.5296 -0.0127
vn 0.6993 0.7099 -0.0840
vn 0.7874 0.6111 -0.0802
vn 0.5870 0.7955 -0.1503
vn 0.9905 -0.1378 0.0017
vn 0.9747 0.2235 0.0063
vn 0.9070 0.4203 -0.0273
vn 0.9221 0.3800 0.0730
vn 0.6416 0.7663 -0.0325
vn 0.4990 0.8619 -0.0906
vn 0.4763 0.8752 -0.0851
vn 0.4586 0.8672 -0.1939
vn 0.4792 0.8549 -0.1985
vn 0.0792 0.9556 -0.2838
vn 0.0441 0.9724 -0.2293
vn 0.0585 0.9820 -0.1794
vn 0.9900 -0.0133 0.1408
vn 0.9233 -0.2436 0.2968
vn 0.9788 -0.1213 0.1648
vn 0.9686 -0.2114 0.1307
vn 0.9144 -0.3044 0.2669
vn 0.8000 -0.4014 0.4459
vn 0.6322 -0.4737 0.6131
vn 0.9156 -0.3196 0.2440
vn 0.7788 -0.4564 0.4302
vn 0.5929 -0.5402 0.5972
vn 0.9721 -0.2270 0.0586
vn 0.9916 -0.1267 -0.0260
vn 0.9978 -0.0207 0.0626
vn 0.9929 0.1154 0.0303
vn 0.9786 0.1115 -0.1732
vn 0.9772 -0.0726 -0.1995
vn 0.9797 -0.1770 -0.0939
vn 0.2491 -0.9151 0.3170
vn 0.7969 -0.5891 0.1336
vn 0.8735 -0.4866 -0.0156
vn 0.8762 -0.3855 -0.2893
vn 0.5509 -0.8105 0.1991
vn 0.4548 -0.8903 0.0249
vn 0.8422 -0.5236 0.1286
vn 0.0465 -0.7452 -0.6652
vn 0.9301 -0.3301 0.1609
vn 0.8995 -0.1906 0.3933
vn 0.8919 -0.4483 -0.0588
vn 0.9256 -0.3680 0.0889
vn 0.8727 -0.4642 -0.1516
vn 0.6735 -0.7255 0.1417
vn 0.1562 -0.9726 -0.1724
vn 0.1901 -0.8375 0.5123
vn 0.7696 -0.6329 0.0851
vn 0.7620 -0.5886 0.2698
vn 0.2763 -0.8348 0.4762
vn 0.3794 -0.8832 0.2757
vn 0.5653 -0.7756 -0.2809
vn 0.9218 -0.0867 0.3778
vn -0.0428 -0.8951 -0.4437
vn 0.6767 -0.7018 -0.2225
vn 0.8201 -0.5436 0.1787
vn 0.8326 -0.2914 0.4710
vn 0.6673 -0.7430 0.0520
vn -0.0202 -0.9476 -0.3187
vn -0.0307 -0.9623 -0.2702
vn 0.3580 -0.9191 -0.1647
vn -0.0163 -0.9987 -0.0478
vn 0.4291 -0.9028 0.0307
vn 0.7438 -0.6101 0.2729
vn 0.6702 0.1220 0.7321
vn 0.7756 -0.6294 0.0477
vn 0.7790 -0.6250 -0.0505
vn 0.7566 -0.6447 0.1095
vn 0.7682 -0.6348 0.0830
vn 0.3514 -0.9362 -0.0032
vn 0.0609 -0.9916 -0.1137
vn -0.0012 -0.9959 -0.0906
vn 0.4764 -0.8791 0.0170
vn 0.7300 0.4270 -0.5336
vn 0.9742 -0.2238 -0.0288
vn -0.5388 0.5003 -0.6778
vn -0.2778 0.5118 0.8129
vn 0.7868 0.4044 -0.4662
vn 0.5496 0.5415 -0.6362
vn 0.9123 0.2507 -0.3238
vn 0.6347 0.3127 -0.7067
vn 0.9426 0.0349 -0.3320
vn 0.9723 -0.1191 -0.2009
vn 0.9289 -0.1325 -0.3458
vn 0.2200 0.1716 -0.9603
vn 0.6755 0.0648 -0.7345
vn 0.1933 0.1937 -0.9618
vn 0.2059 0.1794 -0.9620
vn -0.1761 0.0431 -0.9834
vn -0.2870 0.0216 -0.9577
vn -0.7466 0.0891 -0.6592
vn -0.4892 0.0180 -0.8720
vn -0.1178 -0.1482 -0.9819
vn 0.6997 -0.1030 -0.7069
vn 0.1687 -0.1073 -0.9798
vn -0.1438 -0.0533 -0.9882
vn -0.7833 0.6183 -0.0637
vn 0.4603 -0.0215 -0.8875
vn -0.9159 0.3484 -0.1993
vn -0.8590 0.2210 -0.4618
vn -0.7506 0.1705 -0.6384
vn -0.1099 -0.8727 0.4757
vn 0.2439 -0.7378 0.6294
vn -0.4129 -0.8238 0.3885
vn -0.2576 -0.7819 0.5677
vn -0.4468 -0.8696 0.2101
vn 0.9916 -0.0797 0.1018
vn 0.9150 -0.3803 0.1352
vn 0.8985 -0.4372 0.0389
vn 0.8236 -0.5527 0.1273
vn 0.7505 -0.6543 0.0930
vn 0.6900 -0.7164 0.1035
vn 0.5494 -0.8335 0.0594
vn 0.5812 -0.7883 -0.2019
vn 0.0666 -0.9470 -0.3144
vn 0.0878 -0.8692 -0.4866
vn 0.5077 -0.8433 -0.1766
vn 0.4724 -0.8810 0.0256
vn 0.8053 -0.5879 0.0759
vn 0.2392 -0.9696 -0.0518
vn -0.0414 -0.9911 -0.1261
vn 0.0731 -0.9972 -0.0187
vn 0.3502 -0.9360 0.0343
vn 0.3263 -0.4861 0.8107
vn 0.2974 -0.5431 0.7852
vn 0.1698 -0.5443 0.8215
vn -0.2659 -0.5353 0.8017
vn -0.4946 -0.4322 0.7540
vn -0.0841 -0.5347 0.8409
vn 0.1586 -0.6136 0.7735
vn -0.3476 -0.6566 0.6694
vn 0.2818 -0.6974 0.6589
vn -0.6641 -0.4435 0.6018
vn -0.8015 -0.3156 0.5079
vn -0.4470 -0.7199 0.5310
vn -0.5760 -0.7378 0.3519
vn 0.7112 -0.4852 0.5087
vn 0.5351 -0.8423 0.0644
vn 0.0363 -0.9981 -0.0497
vn -0.9727 0.0362 -0.2292
vn -0.9321 0.0306 -0.3609
vn -0.9286 0.2784 -0.2452
vn -0.9995 0.0294 -0.0109
vn -1.0000 -0.0030 0.0056
vn -0.8900 0.3408 -0.3029
vn -0.8948 -0.4426 0.0585
vn -0.9730 0.1038 -0.2062
vn -0.9450 -0.3228 -0.0527
vn -0.9963 0.0046 -0.0857
vn -0.9322 -0.3313 -0.1459
vn -0.6839 -0.5056 -0.5260
vn -0.9733 0.2010 -0.1106
vn -0.9576 -0.1331 -0.2556
vn -0.7765 0.5590 -0.2908
vn -0.9109 -0.0447 -0.4102
vn -0.7026 0.5022 -0.5041
vn -0.6255 -0.6078 0.4892
vn -0.8328 -0.5428 0.1084
vn -0.6226 0.2968 -0.7241
vn -0.3224 -0.0475 -0.9454
vn -0.2833 0.1301 -0.9502
vn -0.4700 0.4610 -0.7527
vn 0.4908 0.8004 -0.3443
vn 0.4419 0.8694 -0.2211
vn 0.8756 -0.4669 -0.1238
vn 0.6621 -0.7411 0.1113
vn 0.0539 0.9401 -0.3365
vn 0.0521 0.9653 -0.2557
vn 0.0339 0.9127 -0.4072
vn 0.0576 0.9275 -0.3694
vn 0.0403 0.8847 -0.4644
vn 0.0213 0.9408 -0.3384
vn 0.1549 0.9481 -0.2778
vn 0.1214 0.9278 -0.3528
vn 0.9674 -0.1116 0.2275
vn 0.9759 0.2176 0.0188
vn 0.7479 -0.0670 0.6604
vn 0.4705 -0.3749 0.7988
vn 0.7993 0.4077 -0.4415
vn 0.8673 0.3818 -0.3195
vn 0.9515 0.2506 -0.1782
vn 0.9960 0.0734 -0.0501
vn -0.1720 -0.2974 0.9391
vn -0.2781 -0.4603 0.8431
vn 0.8438 -0.0695 0.5321
vn 0.7301 -0.3531 0.5851
vn 0.6198 -0.4303 0.6563
vn 0.3872 -0.2667 0.8826
vn -0.0299 -0.5093 0.8601
vn -0.0380 -0.1901 0.9810
vn -0.7003 -0.2348 0.6741
vn -0.7259 -0.1506 0.6711
vn -0.6643 -0.2027 0.7194
vn -0.6177 -0.3746 0.6914
vn 0.3807 -0.2654 0.8858
vn 0.5059 -0.3786 0.7751
vn -0.9460 -0.0895 0.3115
vn -0.3677 -0.6252 0.6884
vn 0.6076 -0.1824 -0.7730
vn 0.0966 -0.2177 -0.9712
vn 0.9420 -0.2422 0.2324
vn -0.7660 -0.0619 -0.6398
vn -0.7572 0.0304 -0.6524
vn -0.9714 0.2014 0.1256
vn -0.9368 0.3481 -0.0368
vn -0.2998 -0.1236 0.9460
vn 0.0697 -0.3403 0.9377
vn -0.8221 -0.0827 0.5633
vn -0.9360 0.2697 0.2261
vn 0.7114 0.0134 -0.7027
vn 0.1273 -0.4910 -0.8618
vn 0.8234 -0.4984 0.2713
vn 0.5795 -0.7360 0.3499
vn 0.9694 -0.1556 0.1901
vn 0.6693 0.4025 -0.6245
vn -0.7812 0.5568 -0.2823
vn -0.8533 0.4389 -0.2816
vn -0.6694 0.1578 -0.7259
vn -0.4761 0.4805 -0.7365
vn -0.6004 0.6240 -0.5001
vn -0.7045 0.4273 -0.5666
vn -0.6961 0.4344 -0.5716
vn -0.4334 0.4719 -0.7678
vn -0.4080 0.6119 -0.6775
vn -0.5951 0.6234 -0.5072
vn -0.1529 0.5737 -0.8047
vn -0.0476 0.5882 -0.8073
vn -0.2530 0.5565 -0.7914
vn -0.4744 0.4743 -0.7416
vn 0.1848 0.6321 -0.7525
vn 0.3085 0.5810 -0.7532
vn -0.0317 0.4885 -0.8720
vn 0.4901 0.5798 -0.6509
vn 0.2973 0.3157 -0.9011
vn 0.5769 0.5392 -0.6135
vn 0.5563 0.2011 -0.8063
vn 0.5715 0.0104 -0.8205
vn 0.5200 0.0442 -0.8530
vn -0.9018 0.3919 -0.1820
vn -0.8099 -0.3780 0.4486
vn -0.3313 0.4081 -0.8507
vn -0.1703 0.4977 -0.8505
vn -0.6943 -0.5684 0.4414
vn -0.9618 -0.2016 0.1854
vn 0.1491 -0.8162 0.5582
vn 0.7184 -0.6219 0.3115
vn -0.7751 0.2888 -0.5620
vn -0.8263 0.5383 -0.1654
vn -0.9867 -0.1624 -0.0078
vn -0.7055 -0.6864 0.1763
vn -0.8581 0.4860 -0.1658
vn -0.9571 -0.2387 -0.1645
vn -0.8373 0.3809 -0.3922
vn 0.9526 -0.3027 0.0294
vn 0.7429 0.6339 -0.2150
vn 0.7547 -0.6555 -0.0262
vn 0.9447 -0.2285 -0.2351
vn 0.6791 -0.6203 -0.3924
vn 0.7845 -0.1628 -0.5983
vn 0.7106 0.5795 -0.3990
vn 0.4640 0.3883 -0.7962
vn 0.8868 0.1316 -0.4430
vn 0.5577 0.6987 -0.4480
vn 0.8016 -0.4604 -0.3815
vn 0.8950 0.1521 -0.4193
vn -0.2496 -0.0813 -0.9649
vn 0.5683 0.7891 -0.2330
vn 0.1697 -0.9658 0.1963
vn 0.0721 -0.9373 -0.3411
vn 0.1938 -0.9325 -0.3048
vn -0.6198 -0.7433 -0.2518
vn -0.7244 -0.6744 -0.1431
vn -0.9889 -0.1267 -0.0771
vn 0.0909 -0.8350 -0.5426
vn 0.7391 -0.4096 -0.5348
vn -0.7994 0.5751 -0.1742
vn -0.9591 -0.1326 -0.2503
vn -0.7479 0.6446 -0.1584
vn -0.7300 -0.5656 -0.3838
vn -0.4760 -0.4266 0.7691
vn -0.9307 -0.0862 0.3556
vn -0.9019 0.3781 -0.2088
vn 0.4919 0.1717 -0.8536
vn 0.4968 0.3644 -0.7876
vn 0.9803 -0.0968 -0.1724
vn 0.9239 -0.1339 -0.3585
vn 0.9285 -0.3026 0.2151
vn -0.9288 -0.2677 0.2563
vn -0.9330 0.1492 -0.3275
vn 0.5143 -0.5127 0.6875
vn 0.4295 -0.7199 0.5452
vn 0.9064 -0.4077 0.1103
vn -0.5647 -0.6613 0.4938
vn -0.8030 -0.3607 -0.4745
vn -0.8055 -0.5273 0.2703
vn -0.9149 -0.0715 -0.3973
vn -0.8655 -0.4092 0.2888
vn -0.3211 -0.8995 0.2963
vn 0.7786 -0.6272 -0.0199
vn 0.8436 -0.3879 -0.3713
vn 0.4586 -0.2797 -0.8435
vn 0.5772 0.0653 -0.8140
vn 0.9359 -0.1269 -0.3287
vn 0.8649 -0.4682 0.1806
vn 0.8598 -0.1104 -0.4986
vn 0.4429 0.3452 -0.8275
vn -0.1869 -0.4506 -0.8729
vn 0.7463 -0.6589 -0.0945
vn 0.2783 -0.8770 0.3916
vn 0.2586 -0.7480 0.6112
vn 0.0547 -0.9538 0.2953
vn -0.4698 -0.6202 0.6282
vn -0.5382 -0.7781 0.3239
vn -0.8973 0.1642 -0.4097
vn -0.8645 -0.4891 0.1156
vn 0.5585 -0.6050 0.5675
vn 0.9222 -0.3312 0.1995
vn 0.6824 0.3397 -0.6472
vn 0.7814 0.5965 -0.1836
vn 0.9981 -0.0487 0.0387
vn 0.6588 -0.7364 0.1539
vn -0.9830 -0.0699 0.1696
vn -0.6630 0.5126 -0.5456
vn -0.0394 -0.6431 0.7648
vn -0.7039 -0.5348 0.4674
vn -0.7564 -0.6540 -0.0038
vn 0.0537 -0.9866 0.1538
vn -0.9744 0.0642 -0.2154
vn -0.6871 0.6115 -0.3923
vn 0.0308 -0.9378 -0.3458
vn 0.6678 -0.7347 -0.1195
vn 0.7375 -0.6724 -0.0623
vn 0.0617 -0.9881 -0.1407
vn -0.6151 -0.6515 -0.4440
vn -0.7367 -0.6313 -0.2422
vn -0.0171 -0.8203 -0.5717
vn -0.7991 -0.3256 -0.5053
vn -0.8675 -0.1292 -0.4804
vn 0.7229 -0.5464 -0.4230
vn 0.9862 0.1490 -0.0717
vn 0.9655 0.0614 -0.2531
vn 0.3186 0.9354 -0.1533
vn 0.7119 0.6996 -0.0608
vn 0.0288 0.0483 -0.9984
vn 0.9686 -0.2213 -0.1135
vn 0.8421 0.4884 -0.2288
vn -0.5826 0.5736 -0.5758
vn -0.9337 0.1998 -0.2970
vn -0.2213 0.9360 -0.2738
vn -0.9111 0.2072 -0.3562
vn -0.6508 0.7426 -0.1581
vn -0.4454 -0.6855 0.5760
vn -0.2323 -0.4670 -0.8532
vn -0.8296 -0.1978 -0.5222
vn -0.8814 -0.2161 0.4201
vn 0.0151 -0.5673 0.8234
vn 0.2087 -0.3716 0.9046
vn -0.7531 -0.1930 0.6289
vn -0.0659 -0.2875 0.9555
vn 0.9863 0.1280 0.1040
vn 0.9825 0.1783 0.0545
vn 0.8929 0.3159 -0.3209
vn 0.9083 0.3088 -0.2823
vn 0.7465 -0.0831 0.6602
vn -0.0301 -0.3439 0.9385
vn 0.5269 -0.3165 0.7888
vn 0.7518 -0.1335 0.6457
vn 0.6251 0.4554 -0.6340
vn 0.6847 0.4140 -0.5998
vn 0.3556 0.5135 -0.7810
vn 0.3955 0.4696 -0.7893
vn 0.6214 -0.3966 0.6757
vn 0.2586 -0.3846 0.8861
vn 0.7142 -0.3181 0.6235
vn 0.8402 -0.1398 0.5239
vn -0.0476 -0.3239 0.9449
vn -0.7488 -0.2338 0.6202
vn -0.0199 -0.4475 0.8941
vn -0.6854 -0.3364 0.6458
vn -0.9791 0.1390 0.1485
vn -0.9157 0.2074 -0.3442
vn -0.9552 -0.1535 0.2530
vn -0.9597 0.0561 -0.2755
vn -0.1254 -0.5341 0.8360
vn -0.7626 0.1824 -0.6207
vn -0.7638 0.1827 -0.6190
vn -0.1822 0.4080 -0.8946
vn 0.0949 0.5359 -0.8389
vn 0.2573 0.2196 -0.9410
vn -0.9281 -0.3650 -0.0736
vn -0.9239 -0.3765 -0.0678
vn 0.1803 0.4620 -0.8684
vn 0.0639 -0.1904 -0.9796
vn -0.0361 -0.1496 -0.9881
vn 0.5017 -0.2357 -0.8323
vn 0.8190 -0.2277 -0.5267
vn -0.6226 -0.4567 0.6355
vn -0.6893 -0.5000 0.5243
vn -0.1198 -0.7573 0.6420
vn 0.0533 -0.5583 0.8279
vn 0.6089 -0.5595 0.5624
vn 0.6319 -0.4691 0.6170
vn 0.8386 -0.4006 0.3692
vn 0.7854 -0.4790 0.3921
vn -0.2207 -0.8657 0.4492
vn -0.2462 -0.9255 0.2878
vn 0.3199 -0.9123 0.2555
vn 0.4627 -0.7792 0.4229
vn 0.7949 -0.6026 0.0704
vn 0.8453 -0.4780 0.2386
vn -0.8106 -0.4902 -0.3205
vn -0.3258 -0.6605 -0.6764
vn -0.3125 -0.7255 -0.6132
vn -0.5038 -0.0228 -0.8635
vn -0.1774 -0.6037 -0.7772
vn -0.4800 -0.5749 -0.6626
vn 0.9350 -0.3360 0.1134
vn 0.9066 -0.3840 0.1752
vn 0.9415 -0.3364 0.0202
vn 0.8985 -0.4189 -0.1313
vn 0.9615 -0.2685 -0.0580
vn 0.9631 -0.2527 -0.0923
vn 0.9905 -0.0768 -0.1142
vn 0.9324 -0.2632 -0.2476
vn 0.9468 -0.1626 -0.2777
vn 0.9727 -0.2005 -0.1166
vn 0.9122 0.2653 -0.3123
vn 0.7568 -0.1805 -0.6283
vn 0.2265 -0.9740 -0.0077
vn -0.2191 -0.9715 0.0902
vn 0.1303 -0.3192 -0.9387
vn 0.0249 -0.5379 -0.8426
vn -0.2061 -0.0224 -0.9783
vn -0.0093 -0.1263 -0.9919
vn -0.8565 -0.2834 0.4314
vn -0.7716 -0.4611 0.4383
vn -0.8805 -0.4739 0.0073
vn -0.9350 -0.3037 0.1832
vn -0.8878 -0.3452 0.3043
vn -0.9126 -0.3993 -0.0881
vn -0.9812 -0.1834 0.0599
vn -0.9664 -0.1784 0.1852
vn -0.9275 -0.3182 0.1961
vn -0.9331 -0.3243 0.1553
vn -0.9419 -0.2898 0.1700
vn -0.7198 -0.5592 0.4113
vn -0.7289 -0.6685 0.1477
vn -0.7449 -0.6187 0.2497
vn -0.4782 -0.5125 -0.7132
vn -0.8682 0.4776 0.1343
vn -0.8133 0.3652 0.4530
vn -0.8803 -0.3643 -0.3039
vn -0.7158 -0.6921 0.0931
vn -0.9219 -0.3628 0.1357
vn -0.1117 -0.9932 0.0324
vn -0.9015 -0.4083 0.1435
vn -0.9007 -0.4202 0.1103
vn -0.9146 -0.3811 0.1354
vn -0.6938 -0.7173 0.0638
vn 0.4160 -0.2308 -0.8796
vn 0.7653 0.5545 -0.3270
vn 0.9861 0.0893 -0.1400
vn 0.9324 -0.0768 -0.3533
vn 0.8671 0.3310 -0.3723
vn 0.8550 0.5041 -0.1218
vn 0.2961 -0.1983 -0.9343
vn 0.5926 0.7669 -0.2464
vn 0.6089 -0.3242 -0.7240
vn 0.2059 -0.4053 -0.8907
vn 0.3956 0.8844 -0.2477
vn 0.5301 0.8073 0.2593
vn 0.3047 0.9052 0.2964
vn 0.2542 0.9086 0.3314
vn 0.2033 0.9518 -0.2298
vn 0.0140 -0.3611 -0.9324
vn 0.0547 -0.3018 -0.9518
vn 0.0888 0.9130 0.3983
vn 0.0427 0.9613 0.2723
vn 0.9104 -0.3884 -0.1425
vn 0.6970 -0.7102 -0.0990
vn 0.6333 -0.7409 -0.2236
vn 0.8142 -0.4994 -0.2960
vn 0.7272 -0.6002 -0.3329
vn 0.8752 -0.1864 -0.4464
vn 0.8407 0.1913 -0.5066
vn 0.8353 0.1953 -0.5139
vn 0.8713 -0.2169 -0.4403
vn 0.7404 -0.6091 -0.2843
vn 0.6099 -0.7394 -0.2853
vn 0.6529 -0.7350 -0.1829
vn 0.6135 0.7851 -0.0849
vn 0.6431 0.6894 -0.3335
vn 0.6287 0.5681 -0.5310
vn 0.7154 -0.6555 -0.2420
vn 0.7655 -0.6183 -0.1780
vn 0.7068 -0.6400 -0.3013
vn 0.7325 -0.6351 -0.2451
vn 0.6725 -0.6793 -0.2938
vn 0.6842 -0.6700 -0.2882
vn 0.6636 -0.7032 -0.2552
vn 0.6824 -0.6900 -0.2411
vn 0.2865 -0.9498 -0.1259
vn 0.3103 -0.9287 -0.2031
vn 0.2565 -0.9612 -0.1011
vn 0.8142 -0.5033 -0.2895
vn 0.7472 -0.6380 -0.1859
vn -0.1676 -0.9850 -0.0401
vn -0.1348 -0.9856 -0.1019
vn -0.0956 -0.9877 -0.1238
vn 0.3560 -0.9066 -0.2266
vn -0.6248 -0.7807 0.0120
vn -0.9196 -0.3832 0.0865
vn -0.5268 -0.8500 0.0003
vn -0.8519 -0.5064 0.1336
vn -0.9674 -0.1629 0.1939
vn -0.9296 -0.0029 0.3687
vn -0.7564 0.5414 0.3671
vn -0.8983 0.4183 0.1341
vn -0.9626 -0.2627 0.0659
vn -0.9306 0.3525 -0.0991
vn -0.9126 -0.3860 0.1350
vn -0.9794 -0.2005 -0.0236
vn -0.9189 -0.3264 0.2215
vn -0.9309 0.3205 -0.1750
vn -0.9508 0.2973 -0.0868
vn -0.9993 -0.0180 0.0315
vn -0.7326 0.6376 -0.2384
vn -0.9309 0.3206 -0.1750
vn -0.9330 0.3481 -0.0915
vn -0.7432 0.6413 -0.1906
vn -0.8971 0.4086 0.1680
vn -0.7000 0.7053 0.1124
vn -0.7265 0.5527 0.4083
vn -0.4815 0.7537 0.4472
vn -0.4077 0.9077 0.0988
vn -0.2472 0.8374 0.4875
vn -0.4523 0.7090 0.5410
vn -0.7977 0.2564 0.5458
vn -0.7247 -0.6744 0.1413
vn -0.3790 -0.9254 -0.0045
vn -0.9049 -0.3191 0.2819
vn -0.4506 -0.8815 0.1414
vn -0.1525 -0.9883 0.0089
vn 0.0626 -0.9968 -0.0503
vn 0.0332 -0.9930 -0.1135
vn -0.6398 -0.7349 0.2247
vn -0.0545 -0.9715 0.2308
vn -0.2831 -0.9260 0.2499
vn -0.6098 -0.7469 0.2651
vn -0.0194 -0.9707 0.2396
vn 0.3652 -0.9125 -0.1841
vn -0.9608 0.1894 0.2026
vn -0.9119 0.4038 0.0736
vn -0.7832 0.6126 0.1070
vn -0.9268 0.3175 0.2007
vn -0.9404 -0.2319 0.2486
vn -0.9789 0.0608 0.1952
vn -0.8430 0.5161 0.1514
vn -0.7756 0.6200 0.1184
vn -0.7541 0.6536 0.0642
vn -0.8455 0.5113 0.1538
vn -0.7847 0.6103 0.1088
vn -0.8663 -0.4419 0.2328
vn -0.9969 -0.0716 0.0314
vn -0.9984 -0.0127 -0.0546
vn -0.9232 -0.2057 0.3245
vn -0.8565 -0.3683 0.3617
vn -0.4423 -0.5740 0.6891
vn -0.5669 -0.6001 0.5644
vn -0.9131 0.4010 0.0737
vn -0.9508 0.2971 -0.0875
vn -0.7708 0.6161 -0.1619
vn -0.8155 0.5774 -0.0398
vn -0.5393 0.8354 -0.1067
vn -0.4539 0.8622 -0.2248
vn -0.6280 0.7760 0.0591
vn -0.6149 0.7884 -0.0188
vn -0.4665 0.8044 -0.3680
vn -0.1845 0.9734 -0.1362
vn -0.1861 0.9391 -0.2890
vn -0.2434 0.8545 -0.4589
vn -0.2685 0.9627 -0.0321
vn -0.5046 0.8005 -0.3235
vn -0.1225 0.9117 -0.3921
vn -0.2963 0.8687 0.3970
vn 0.0250 0.9996 0.0112
vn 0.2988 0.9542 0.0121
vn 0.3538 0.9351 -0.0194
vn 0.3697 0.8787 -0.3020
vn 0.1787 0.9278 -0.3276
vn 0.1643 0.9650 -0.2045
vn 0.0213 0.9238 -0.3822
vn 0.2902 0.8173 -0.4977
vn 0.4708 0.8263 -0.3092
vn 0.6994 0.5938 -0.3977
vn 0.6313 0.5459 -0.5509
vn 0.2568 0.8300 -0.4951
vn -0.0462 0.8770 -0.4783
vn 0.8401 0.4848 -0.2433
vn 0.6452 0.7502 -0.1448
vn 0.9743 0.1566 -0.1621
vn 0.7589 0.6180 -0.2054
vn 0.1822 0.9811 -0.0655
vn 0.2019 0.9554 -0.2156
vn 0.9621 0.0447 -0.2690
vn 0.9000 0.1838 -0.3952
vn 0.9084 -0.3569 -0.2178
vn 0.9030 -0.2680 -0.3359
vn 0.9704 -0.2009 -0.1343
vn 0.9622 -0.1971 -0.1878
vn -0.3378 0.9352 -0.1063
vn 0.1939 -0.9807 -0.0249
vn 0.1848 -0.9511 0.2474
vn 0.3968 -0.9178 0.0106
vn -0.0508 -0.9634 0.2631
vn 0.6265 -0.7791 -0.0211
vn 0.5567 -0.8164 0.1531
vn 0.7982 -0.6003 0.0512
vn 0.7982 -0.5965 -0.0841
vn 0.7381 -0.6536 -0.1675
vn 0.6634 -0.7388 -0.1187
vn 0.8112 -0.5118 -0.2827
vn 0.8606 -0.4883 -0.1449
vn 0.9291 -0.3687 -0.0301
vn 0.5584 -0.8130 -0.1652
vn 0.6369 -0.7184 0.2798
vn 0.4599 -0.6923 0.5561
vn 0.8127 -0.3447 0.4698
vn 0.6606 -0.4672 0.5877
vn 0.7566 -0.6216 0.2030
vn 0.0398 -0.6779 0.7340
vn 0.0690 -0.5283 0.8462
vn 0.6139 -0.4154 0.6713
vn -0.1238 -0.6825 0.7203
vn -0.2610 -0.5183 0.8144
vn -0.1784 -0.7515 0.6352
vn -0.2044 -0.8153 0.5417
vn -0.2061 -0.7190 0.6638
vn -0.4826 -0.5325 0.6953
vn -0.3564 0.8128 -0.4608
vn -0.2651 0.5921 -0.7610
vn -0.5620 0.6627 -0.4951
vn -0.6517 0.7276 -0.2141
vn -0.8083 0.5677 -0.1560
vn -0.9364 0.3339 -0.1078
vn -0.9320 0.3453 -0.1104
vn 0.1585 0.7798 -0.6056
vn 0.7425 0.4827 -0.4644
vn 0.9823 0.0773 -0.1705
vn 0.9033 -0.4079 0.1326
vn 0.8597 -0.1932 0.4729
vn 0.9865 -0.0383 0.1590
vn 0.9868 -0.1588 0.0323
vn 0.9981 -0.0606 0.0114
vn 0.9984 -0.0412 -0.0379
vn 0.9315 0.0415 -0.3613
vn -0.4595 -0.3997 0.7931
vn -0.0348 -0.4379 0.8984
vn -0.2182 -0.6251 0.7494
vn -0.7973 -0.3205 0.5114
vn -0.9380 -0.1880 0.2911
vn -0.3223 -0.5579 0.7648
vn 0.4904 -0.3547 0.7960
vn 0.7102 -0.2318 0.6648
vn 0.9794 0.1172 0.1643
vn 0.7947 -0.2531 0.5518
vn 0.5797 -0.3723 0.7248
vn 0.2686 0.5676 -0.7783
vn -0.2958 0.7182 -0.6298
vn 0.5416 0.3071 -0.7825
vn 0.1995 0.4018 -0.8937
vn -0.9926 -0.1059 0.0591
vn -0.9710 0.2390 0.0082
vn -0.9263 -0.2461 0.2853
vn -0.9266 -0.3699 -0.0672
vn 0.9370 0.2759 -0.2144
vn 0.7897 0.3113 -0.5286
vn 0.4819 0.3144 -0.8179
vn 0.6165 0.2834 -0.7345
vn -0.9525 0.1977 -0.2318
vn -0.9937 -0.1001 0.0509
vn -0.9880 0.0511 -0.1455
vn -0.9551 0.1904 -0.2269
vn -0.8743 0.4410 -0.2026
vn -0.3844 0.5957 -0.7053
vn 0.2479 0.3442 -0.9056
vn 0.1129 0.4599 -0.8807
vn 0.7927 0.5794 0.1896
vn 0.9666 0.2515 0.0483
vn 0.9779 -0.2068 -0.0315
vn 0.8188 -0.5668 -0.0909
vn 0.9400 -0.3360 -0.0596
vn 0.9637 -0.2671 -0.0060
vn 0.9540 -0.2344 -0.1869
vn 0.8635 -0.2130 -0.4572
vn 0.1612 -0.0649 -0.9848
vn 0.1314 0.1600 -0.9783
vn -0.6861 0.0520 -0.7257
vn -0.2726 0.1506 -0.9503
vn -0.3129 0.7918 0.5245
vn -0.9038 0.4181 -0.0913
vn -0.4544 0.6425 0.6171
vn 0.0891 0.4472 -0.8900
vn 0.0591 -0.1412 -0.9882
vn -0.0351 -0.5835 -0.8113
vn -0.0336 -0.5367 -0.8431
vn 0.7694 -0.2159 -0.6011
vn -0.6209 -0.0496 -0.7823
vn -0.7072 -0.1192 -0.6969
vn -0.0804 -0.6613 -0.7458
vn 0.0272 0.3746 -0.9268
vn -0.6081 0.2249 -0.7613
vn -0.1681 -0.4803 -0.8609
vn 0.5991 0.3704 -0.7099
vn -0.6532 0.1457 -0.7430
vn -0.1317 -0.6288 -0.7663
vn 0.3984 0.2600 -0.8796
vn -0.4405 0.5342 -0.7216
vn -0.3680 -0.1179 -0.9223
vn 0.4776 -0.0605 -0.8765
vn -0.9287 0.3566 -0.1014
vn -0.1089 -0.5858 -0.8031
vn 0.0268 -0.2679 -0.9631
vn -0.0653 -0.6199 -0.7819
vn -0.1164 0.1232 -0.9855
vn -0.1271 0.0761 -0.9890
vn -0.1682 0.5058 -0.8461
vn -0.0315 0.4903 -0.8710
vn 0.2951 0.3164 -0.9016
vn 0.5054 0.0401 -0.8619
vn -0.4703 0.4781 -0.7418
vn -0.2432 -0.1700 -0.9549
vn -0.1835 0.1561 -0.9706
vn -0.2521 0.5571 -0.7912
vn -0.8021 0.5843 -0.1234
vn -0.6860 0.6960 -0.2122
vn -0.0514 0.9768 -0.2081
vn -0.1177 0.9679 -0.2220
vn 0.6370 0.6981 -0.3269
vn 0.4640 0.3884 -0.7962
vn -0.1509 0.7511 -0.6427
vn 0.6248 0.7426 -0.2412
vn -0.8373 0.3810 -0.3922
vn 0.5577 0.6988 -0.4480
vn -0.1354 0.9343 -0.3296
vn -0.7993 0.5751 -0.1742
vn -0.2495 -0.0812 -0.9650
vn 0.0214 0.9938 -0.1094
vn 0.5682 0.7892 -0.2330
vn -0.3339 0.6238 -0.7067
vn -0.8893 0.4042 -0.2141
vn 0.4849 0.3803 -0.7876
vn 0.5047 0.2236 -0.8339
vn -0.3015 0.4342 -0.8489
vn -0.7996 -0.3643 -0.4774
vn -0.1857 -0.1524 -0.9707
vn -0.2410 0.0929 -0.9661
vn -0.9149 -0.0714 -0.3973
vn 0.4610 -0.2797 -0.8422
vn 0.5886 0.0508 -0.8068
vn 0.4428 0.3452 -0.8275
vn -0.2478 0.5281 -0.8122
vn -0.1867 -0.4506 -0.8730
vn -0.8973 0.1642 -0.4098
vn -0.9308 0.1733 -0.3219
vn 0.8423 -0.0011 -0.5390
vn 0.7484 0.6582 -0.0817
vn 0.0824 0.9712 -0.2235
vn 0.2513 0.7553 -0.6053
vn 0.7274 0.6848 -0.0433
vn 0.0538 0.9984 -0.0166
vn 0.0097 0.9912 -0.1320
vn 0.6580 0.7516 -0.0452
vn 0.0287 0.0483 -0.9984
vn 0.1223 0.8912 -0.4367
vn 0.7432 0.6004 -0.2952
vn -0.5102 0.6086 -0.6078
vn -0.5909 0.7367 -0.3287
vn -0.6512 0.7460 -0.1397
vn -0.5758 0.7736 -0.2646
vn -0.4096 0.5982 -0.6888
vn -0.4845 0.5266 -0.6986
vn -0.9887 -0.1039 0.1083
vn 0.5748 0.1814 -0.7980
vn 0.7433 -0.6381 -0.2007
vn -0.2296 -0.7969 0.5587
vn -0.4650 -0.6656 -0.5838
vn -0.2767 0.7502 -0.6005
vn 0.6248 0.6721 -0.3974
vn 0.5074 0.7258 -0.4646
vn -0.3780 0.7069 -0.5979
vn 0.9959 0.0661 -0.0611
vn 0.9856 0.0829 -0.1475
vn 0.7650 -0.6227 0.1645
vn 0.6989 -0.7106 0.0815
vn 0.0237 -0.9801 0.1970
vn -0.0676 -0.9938 0.0878
vn -0.7097 -0.7027 0.0504
vn -0.7147 -0.6951 -0.0775
vn -0.9342 -0.3329 -0.1280
vn -0.9285 -0.3003 -0.2185
vn -0.9195 0.1270 -0.3721
vn -0.9078 0.1268 -0.3998
vn 0.4854 -0.1149 -0.8667
vn 0.5357 0.7116 -0.4546
vn 0.4117 -0.2183 -0.8848
vn -0.3363 0.7811 -0.5262
vn 0.9693 0.0223 -0.2447
vn 0.6779 -0.7303 -0.0844
vn -0.0785 -0.9951 -0.0601
vn -0.7353 -0.6619 -0.1458
vn -0.9458 -0.2059 -0.2510
vn -0.8941 0.2391 -0.3787
vn -0.3362 0.7811 -0.5262
vn 0.5754 0.5909 -0.5655
vn 0.3459 -0.2227 -0.9115
vn -0.2809 0.6869 -0.6702
vn 0.9616 -0.0142 -0.2740
vn 0.6997 -0.7141 0.0200
vn -0.0153 -0.9896 0.1428
vn -0.6505 -0.7580 0.0476
vn -0.9138 -0.3890 -0.1171
vn -0.9171 0.1082 -0.3837
vn -0.2810 0.6869 -0.6702
vn 0.7414 0.0639 -0.6681
vn 0.7150 0.0734 -0.6952
vn -0.0674 0.1330 -0.9888
vn -0.0125 0.1154 -0.9932
vn 0.9941 -0.0154 -0.1073
vn 0.9892 -0.0881 -0.1176
vn 0.8363 -0.1940 0.5127
vn 0.7928 -0.2977 0.5319
vn 0.0896 -0.3511 0.9320
vn 0.0361 -0.4373 0.8986
vn -0.7483 -0.2655 0.6079
vn -0.7598 -0.2990 0.5774
vn -0.9870 -0.1507 0.0560
vn -0.9900 -0.1318 0.0494
vn -0.8060 0.0110 -0.5918
vn -0.8482 0.0013 -0.5296
vn 0.6647 0.0747 -0.7434
vn -0.0368 0.2138 -0.9762
vn 0.9497 -0.1826 -0.2545
vn 0.7878 -0.5063 0.3508
vn 0.0638 -0.6622 0.7466
vn -0.7257 -0.4531 0.5177
vn -0.9927 -0.1137 -0.0404
vn -0.7856 0.1275 -0.6055
vn -0.0369 0.2138 -0.9762
vn -0.0684 -0.9407 -0.3324
vn -0.0424 0.1565 -0.9868
vn 0.7171 0.0417 -0.6957
vn 0.6839 0.0837 -0.7248
vn 0.0142 0.2129 -0.9770
vn 0.9744 -0.1559 -0.1620
vn 0.9541 -0.1513 -0.2586
vn 0.8080 -0.3912 0.4405
vn 0.8180 -0.4725 0.3279
vn 0.0493 -0.5517 0.8326
vn 0.1042 -0.6617 0.7425
vn -0.7499 -0.3642 0.5523
vn -0.7128 -0.4730 0.5179
vn -0.9925 -0.1207 0.0202
vn -0.9899 -0.1250 -0.0665
vn -0.8258 0.0394 -0.5626
vn -0.7523 0.1256 -0.6468
vn 0.0141 0.2129 -0.9770
vn -0.1461 -0.9463 -0.2882
vn 0.7924 0.1588 -0.5890
vn 0.8233 0.1376 -0.5506
vn 0.1547 0.3801 -0.9119
vn 0.1152 0.3860 -0.9153
vn 0.9884 -0.0782 -0.1300
vn 0.9910 -0.1019 -0.0869
vn 0.8147 -0.3542 0.4590
vn 0.8071 -0.3779 0.4536
vn 0.0263 -0.4444 0.8954
vn 0.0620 -0.5142 0.8554
vn -0.7523 -0.1961 0.6290
vn -0.7247 -0.3058 0.6175
vn -0.9932 0.0913 0.0719
vn -0.9963 -0.0116 0.0853
vn -0.7057 0.3525 -0.6146
vn -0.7348 0.3094 -0.6036
vn -0.7347 0.3095 -0.6036
vn 0.8252 0.1657 -0.5400
vn 0.1139 0.4187 -0.9009
vn 0.9852 -0.1673 -0.0385
vn 0.7523 -0.4850 0.4460
vn 0.0679 -0.6516 0.7555
vn -0.7213 -0.4225 0.5488
vn -0.9958 -0.0768 0.0506
vn -0.7926 0.2515 -0.5554
vn -0.7926 0.2515 -0.5555
vn 0.7846 0.2082 -0.5840
vn 0.0845 0.4858 -0.8700
vn 0.9676 -0.2133 -0.1353
vn 0.7093 -0.6301 0.3160
vn 0.0279 -0.8245 0.5651
vn -0.7276 -0.5676 0.3851
vn -0.9932 -0.1043 -0.0525
vn -0.7632 0.3084 -0.5678
vn -0.1969 -0.6533 -0.7311
vn 0.7763 0.0591 -0.6276
vn 0.7575 0.0606 -0.6500
vn -0.0149 0.1262 -0.9919
vn -0.0504 0.0924 -0.9945
vn 0.9971 -0.0205 -0.0729
vn 0.9922 -0.0853 -0.0905
vn 0.8417 -0.1770 0.5101
vn 0.8096 -0.2764 0.5179
vn 0.1205 -0.3274 0.9372
vn 0.0710 -0.4224 0.9036
vn -0.7147 -0.2707 0.6449
vn -0.7365 -0.2994 0.6065
vn -0.9877 -0.1522 0.0358
vn -0.9880 -0.1389 0.0680
vn -0.7938 -0.0230 -0.6077
vn -0.8426 -0.0079 -0.5386
vn -0.7938 -0.0230 -0.6078
vn -0.8425 -0.0079 -0.5386
vn 0.0374 0.2025 -0.9786
vn 0.6999 0.0585 -0.7118
vn 0.9526 -0.1784 -0.2464
vn 0.8066 -0.4861 0.3364
vn 0.1128 -0.6544 0.7477
vn -0.7029 -0.4599 0.5426
vn -0.9934 -0.1078 -0.0382
vn -0.7638 0.1353 -0.6312
vn -0.7637 0.1353 -0.6312
vn -0.1681 -0.9325 -0.3195
vn 0.7813 0.2423 -0.5752
vn 0.8059 0.2227 -0.5486
vn 0.1263 0.4880 -0.8637
vn 0.1776 0.4585 -0.8708
vn 0.9860 -0.0317 -0.1639
vn 0.9874 -0.1150 -0.1089
vn 0.8437 -0.4049 0.3523
vn 0.7926 -0.4836 0.3714
vn 0.1005 -0.6344 0.7665
vn 0.0815 -0.7086 0.7009
vn -0.7555 -0.3774 0.5356
vn -0.7373 -0.4530 0.5012
vn -0.9997 -0.0150 -0.0177
vn -0.9990 -0.0434 -0.0037
vn -0.6855 0.3594 -0.6332
vn -0.7531 0.3263 -0.5713
vn -0.7530 0.3263 -0.5714
vn 0.7861 0.2507 -0.5650
vn 0.1139 0.5461 -0.8300
vn 0.9668 -0.2021 -0.1565
vn 0.7130 -0.6494 0.2644
vn 0.0459 -0.8594 0.5093
vn -0.7171 -0.6059 0.3445
vn -0.9925 -0.0960 -0.0756
vn -0.7433 0.3595 -0.5641
vn -0.7433 0.3595 -0.5642
vn -0.2436 -0.6265 -0.7404
vn 0.8113 0.2967 -0.5038
vn 0.7587 0.3867 -0.5242
vn 0.0468 0.6081 -0.7925
vn 0.1075 0.5213 -0.8466
vn 0.9981 0.0321 -0.0517
vn 0.9959 0.0447 -0.0787
vn 0.8913 -0.2698 0.3645
vn 0.8283 -0.4287 0.3608
vn 0.0542 -0.6621 0.7475
vn 0.0071 -0.7484 0.6632
vn -0.7940 -0.4270 0.4328
vn -0.7926 -0.4665 0.3926
vn -0.9978 0.0423 -0.0508
vn -0.9976 -0.0267 -0.0643
vn -0.7464 0.3229 -0.5820
vn -0.7556 0.3857 -0.5294
vn 0.7025 0.4511 -0.5504
vn -0.0937 0.6532 -0.7514
vn 0.9909 -0.0715 -0.1139
vn 0.6930 -0.6348 0.3417
vn -0.1225 -0.8436 0.5228
vn -0.8529 -0.4432 0.2760
vn -0.9952 -0.0722 -0.0653
vn -0.8458 0.3071 -0.4362
vn 0.5829 0.5138 -0.6295
vn -0.2453 0.6820 -0.6890
vn 0.9574 -0.1399 -0.2525
vn 0.5498 -0.8187 0.1655
vn -0.2868 -0.9154 0.2825
vn -0.8942 -0.4406 0.0788
vn -0.9911 -0.0390 -0.1272
vn -0.8702 0.3152 -0.3788
vn 0.3342 -0.5533 -0.7630
vn -0.8756 -0.4762 0.0806
vn -0.4505 -0.8482 0.2787
vn -0.9144 -0.4040 0.0257
vn -0.9653 -0.1625 -0.2046
vn -0.9667 -0.1889 -0.1725
vn -0.8591 0.1818 -0.4784
vn -0.8187 0.2471 -0.5184
vn -0.2730 0.6415 -0.7169
vn 0.7079 0.5368 -0.4591
vn 0.6385 0.5734 -0.5133
vn -0.1338 0.7322 -0.6679
vn 0.9962 -0.0704 -0.0513
vn 0.9834 -0.1464 -0.1070
vn 0.6173 -0.7387 0.2706
vn 0.4894 -0.8495 0.1969
vn -0.3421 -0.9210 0.1866
vn -0.8660 -0.4981 -0.0431
vn -0.9642 -0.1202 -0.2364
vn -0.8635 0.2433 -0.4418
vn -0.1339 0.7322 -0.6678
vn 0.5601 -0.3619 -0.7452
vn -0.7655 -0.0615 -0.6405
vn -0.7655 -0.0615 -0.6404
vn 0.3325 0.6048 -0.7237
vn 0.1862 0.6308 -0.7532
vn 0.8781 0.1422 -0.4569
vn 0.9227 -0.0149 -0.3851
vn 0.9627 -0.2705 -0.0080
vn 0.9228 -0.3841 0.0293
vn 0.7209 -0.5175 0.4610
vn 0.7526 -0.5493 0.3632
vn 0.0258 -0.5094 0.8601
vn 0.1702 -0.5835 0.7941
vn -0.7100 -0.0899 0.6985
vn -0.6215 -0.2056 0.7559
vn -0.9086 0.3753 0.1835
vn -0.9140 0.3369 0.2262
vn -0.6305 0.6758 -0.3817
vn -0.5611 0.7430 -0.3648
vn 0.1863 0.6308 -0.7532
vn 0.3325 0.6048 -0.7236
vn 0.1518 0.5703 -0.8073
vn 0.8678 0.1853 -0.4611
vn 0.9864 -0.1013 0.1298
vn 0.6878 -0.2360 0.6865
vn 0.0650 -0.1691 0.9834
vn -0.6172 0.1080 0.7794
vn -0.8925 0.3646 0.2657
vn -0.7053 0.6033 -0.3722
vn 0.1519 0.5703 -0.8073
vn 0.1871 0.9764 0.1081
vn 0.2770 0.5628 -0.7788
vn 0.1099 0.6650 -0.7387
vn 0.8544 0.0885 -0.5120
vn 0.8784 0.0090 -0.4778
vn 0.9363 -0.3490 0.0400
vn 0.9233 -0.3762 -0.0775
vn 0.6426 -0.5194 0.5632
vn 0.7339 -0.5996 0.3192
vn -0.0392 -0.4221 0.9057
vn 0.0958 -0.5743 0.8130
vn -0.6898 -0.0132 0.7239
vn -0.6354 -0.1036 0.7652
vn -0.8761 0.4179 0.2405
vn -0.8777 0.4334 0.2044
vn -0.6770 0.6926 -0.2490
vn -0.5568 0.7278 -0.4004
vn 0.1100 0.6650 -0.7387
vn -0.0209 0.6079 -0.7937
vn 0.8281 0.1457 -0.5414
vn 0.9591 -0.2159 0.1832
vn 0.5847 -0.2878 0.7585
vn -0.0448 -0.1103 0.9929
vn -0.6267 0.2200 0.7475
vn -0.8370 0.4555 0.3033
vn -0.7245 0.6371 -0.2630
vn -0.0208 0.6079 -0.7937
vn 0.5348 0.8446 -0.0274
vn 0.3738 0.6054 -0.7027
vn 0.2532 0.6737 -0.6943
vn 0.8965 0.1388 -0.4207
vn 0.9236 0.0679 -0.3774
vn 0.9673 -0.2535 0.0034
vn 0.9514 -0.3067 -0.0285
vn 0.7284 -0.4955 0.4731
vn 0.7717 -0.5543 0.3117
vn 0.0428 -0.5114 0.8583
vn 0.1172 -0.6076 0.7855
vn -0.6956 -0.1313 0.7063
vn -0.6321 -0.1782 0.7542
vn -0.9106 0.3336 0.2438
vn -0.8931 0.3579 0.2725
vn -0.6550 0.7077 -0.2649
vn -0.5672 0.7515 -0.3370
vn 0.2533 0.6737 -0.6942
vn 0.1965 0.6177 -0.7615
vn 0.8606 0.2135 -0.4623
vn 0.9928 -0.1025 0.0617
vn 0.7529 -0.2852 0.5932
vn 0.1198 -0.2515 0.9604
vn -0.6392 0.0549 0.7671
vn -0.9032 0.3822 0.1952
vn -0.6548 0.6468 -0.3911
vn 0.1966 0.6177 -0.7615
vn 0.0924 0.9394 0.3302
vn 0.3172 0.4178 -0.8514
vn 0.8915 0.0294 -0.4521
vn 0.9239 0.0062 -0.3826
vn 0.4389 0.4685 -0.7667
vn 0.9763 -0.2165 -0.0041
vn 0.9634 -0.2672 -0.0191
vn 0.7567 -0.3584 0.5467
vn 0.8123 -0.4484 0.3730
vn 0.0475 -0.2940 0.9546
vn 0.1609 -0.4096 0.8980
vn -0.6824 0.0231 0.7306
vn -0.5877 0.0013 0.8091
vn -0.9099 0.3760 0.1751
vn -0.8781 0.4352 0.1989
vn -0.6032 0.6251 -0.4954
vn -0.4387 0.7135 -0.5464
vn 0.3172 0.4179 -0.8514
vn 0.4389 0.4686 -0.7667
vn 0.2994 0.3675 -0.8805
vn 0.8912 0.0746 -0.4474
vn 0.9947 -0.0713 0.0734
vn 0.7678 -0.1241 0.6286
vn 0.1437 -0.0467 0.9885
vn -0.5943 0.1823 0.7833
vn -0.9158 0.3800 0.1296
vn -0.6292 0.5143 -0.5828
vn -0.0957 0.9945 0.0419
vn 0.2586 0.4384 -0.8607
vn 0.9048 0.0089 -0.4258
vn 0.9446 -0.0098 -0.3280
vn 0.4163 0.5023 -0.7579
vn 0.9680 -0.2432 0.0622
vn 0.9544 -0.2897 0.0719
vn 0.7261 -0.3590 0.5864
vn 0.7748 -0.4447 0.4494
vn 0.0028 -0.2677 0.9635
vn 0.0796 -0.3768 0.9229
vn -0.7294 0.0561 0.6818
vn -0.6613 0.0257 0.7496
vn -0.9169 0.3637 0.1642
vn -0.8936 0.3939 0.2154
vn -0.6569 0.6066 -0.4478
vn -0.5167 0.7138 -0.4728
vn 0.2587 0.4385 -0.8607
vn 0.4163 0.5023 -0.7578
vn 0.1713 0.4020 -0.8995
vn 0.8569 0.0785 -0.5095
vn 0.9938 -0.0967 0.0554
vn 0.7344 -0.1368 0.6647
vn 0.0494 -0.0055 0.9988
vn -0.6870 0.2352 0.6876
vn -0.9157 0.3943 0.0774
vn -0.6828 0.5059 -0.5272
vn 0.1491 0.9848 0.0890
vn 0.1023 0.4692 -0.8771
vn 0.6388 0.1919 -0.7450
vn 0.8382 0.2326 -0.4932
vn 0.2284 0.5780 -0.7834
vn 0.9777 -0.2066 -0.0373
vn 0.9474 -0.2552 0.1929
vn 0.8382 0.2327 -0.4932
vn 0.5156 -0.3777 0.7691
vn 0.4499 -0.4655 0.7621
vn -0.1414 -0.2477 0.9585
vn -0.1523 -0.3497 0.9244
vn -0.7375 0.0392 0.6742
vn -0.7314 -0.0015 0.6819
vn -0.9359 0.3491 0.0470
vn -0.9099 0.3526 0.2186
vn -0.6474 0.5617 -0.5150
vn -0.6196 0.6632 -0.4198
vn -0.0214 0.2678 -0.9632
vn 0.4544 0.1304 -0.8812
vn 0.9655 -0.0243 -0.2594
vn 0.6920 -0.0746 0.7180
vn -0.0574 0.0657 0.9962
vn -0.7075 0.2857 0.6464
vn -0.8668 0.4419 -0.2309
vn -0.5540 0.4073 -0.7261
vn 0.4774 0.7122 0.5147
vn 0.0131 0.5603 -0.8282
vn 0.7235 0.3223 -0.6104
vn 0.8223 0.3801 -0.4234
vn -0.0652 0.6441 -0.7621
vn 0.9728 -0.1243 0.1956
vn 0.9608 -0.1809 0.2099
vn 0.4192 -0.3867 0.8214
vn 0.4805 -0.5007 0.7200
vn -0.0627 -0.3792 0.9232
vn -0.3165 -0.4873 0.8138
vn -0.5911 -0.2712 0.7597
vn -0.7639 -0.3213 0.5597
vn -0.7639 -0.3215 0.5596
vn -0.9751 0.0346 0.2192
vn -0.9946 0.0950 -0.0413
vn -0.7638 -0.3215 0.5596
vn -0.8239 0.3829 -0.4178
vn -0.7857 0.3502 -0.5099
vn -0.0951 0.3515 -0.9313
vn 0.4780 0.3086 -0.8224
vn 0.9770 0.1904 -0.0963
vn 0.5915 -0.0122 0.8062
vn -0.0837 -0.0426 0.9956
vn -0.6720 0.0590 0.7382
vn -0.9640 0.2615 -0.0474
vn -0.6962 0.3448 -0.6297
vn 0.3989 0.8404 0.3669
vn 0.0638 0.6351 -0.7698
vn -0.0158 0.6146 -0.7887
vn 0.8222 0.1607 -0.5460
vn 0.8500 0.1405 -0.5077
vn 0.9629 -0.2075 0.1724
vn 0.9572 -0.2664 0.1128
vn 0.5928 -0.2901 0.7513
vn 0.6433 -0.4096 0.6468
vn -0.0527 -0.1157 0.9919
vn -0.0211 -0.3003 0.9536
vn -0.6392 0.2123 0.7392
vn -0.6979 0.0747 0.7123
vn -0.8427 0.4546 0.2884
vn -0.8938 0.3848 0.2304
vn -0.7210 0.6391 -0.2676
vn -0.7262 0.6264 -0.2832
vn -0.0157 0.6146 -0.7887
vn 0.0639 0.6351 -0.7698
vn 0.5390 0.8423 0.0079
vn 0.0001 0.7874 -0.6165
vn -0.0318 0.7382 -0.6738
vn 0.7587 0.3515 -0.5485
vn 0.8085 0.2941 -0.5097
vn 0.9774 -0.1919 0.0883
vn 0.9476 -0.3115 0.0703
vn 0.5983 -0.4349 0.6730
vn 0.5893 -0.5736 0.5689
vn -0.0778 -0.3376 0.9381
vn -0.0719 -0.5102 0.8571
vn -0.7038 0.0632 0.7076
vn -0.7339 -0.0950 0.6726
vn -0.8763 0.4296 0.2181
vn -0.9116 0.3102 0.2697
vn -0.6914 0.6838 -0.2334
vn -0.7836 0.6141 -0.0943
vn -0.0319 0.7383 -0.6738
vn -0.0000 0.7874 -0.6165
vn 0.6196 0.6673 0.4134
vn 0.0328 0.7908 -0.6112
vn 0.0478 0.7286 -0.6833
vn 0.7993 0.3331 -0.5001
vn 0.8488 0.3121 -0.4269
vn 0.9626 -0.2147 0.1654
vn 0.9268 -0.3290 0.1810
vn 0.5792 -0.4479 0.6811
vn 0.5025 -0.5870 0.6348
vn 0.0088 -0.3976 0.9175
vn -0.1316 -0.5144 0.8474
vn -0.5947 -0.0698 0.8009
vn -0.6743 -0.2294 0.7019
vn -0.6742 -0.2295 0.7020
vn -0.8698 0.3882 0.3046
vn -0.9099 0.1477 0.3878
vn -0.6618 0.7025 -0.2617
vn -0.7435 0.6418 -0.1878
vn 0.0328 0.7907 -0.6113
vn 0.4502 0.8495 0.2751
vn 0.0354 0.6684 -0.7430
vn 0.0852 0.6501 -0.7551
vn 0.8248 0.3189 -0.4669
vn 0.8763 0.2482 -0.4130
vn 0.9561 -0.1242 0.2654
vn 0.9266 -0.2444 0.2859
vn 0.5296 -0.3215 0.7849
vn 0.4644 -0.4559 0.7593
vn -0.0404 -0.2788 0.9595
vn -0.0437 -0.4202 0.9064
vn -0.6286 -0.0260 0.7773
vn -0.6274 -0.1735 0.7591
vn -0.9180 0.3191 0.2353
vn -0.9451 0.2224 0.2394
vn -0.6876 0.6072 -0.3982
vn -0.7863 0.5219 -0.3307
vn 0.0356 0.6684 -0.7430
vn 0.3311 0.9360 0.1193
vn 0.1607 0.8453 0.5096
vn 0.7654 0.3575 -0.5352
vn -0.0555 0.6117 -0.7891
vn 0.8755 -0.0624 0.4791
vn 0.0185 -0.1452 0.9892
vn -0.6145 0.0777 0.7851
vn -0.8901 0.3618 0.2773
vn -0.6785 0.6009 -0.4226
vn -0.0556 0.6117 -0.7891
vn -0.0105 0.7335 0.6796
vn 0.7949 0.3260 -0.5118
vn 0.0217 0.5934 -0.8046
vn 0.9470 -0.0302 0.3199
vn 0.2175 -0.1771 0.9598
vn -0.5910 0.0599 0.8044
vn -0.8569 0.5060 -0.0981
vn 0.0217 0.5933 -0.8047
vn -0.0042 0.7675 -0.6411
vn 0.0587 0.7226 -0.6888
vn 0.7914 0.3863 -0.4738
vn 0.8255 0.3834 -0.4142
vn 0.9637 -0.1434 0.2250
vn 0.9551 -0.2098 0.2093
vn 0.5192 -0.4118 0.7489
vn 0.4775 -0.5358 0.6964
vn -0.0637 -0.3804 0.9226
vn -0.1277 -0.5109 0.8501
vn -0.6285 -0.1112 0.7698
vn -0.7096 -0.2145 0.6711
vn -0.9108 0.2944 0.2895
vn -0.9551 0.2119 0.2072
vn -0.6848 0.6569 -0.3157
vn -0.7777 0.5619 -0.2819
vn 0.0586 0.7227 -0.6887
vn 0.3948 0.8730 0.2864
vn 0.2007 -0.9466 -0.2522
vn 0.2028 -0.9449 -0.2570
vn 0.7189 -0.6934 -0.0477
vn -0.6731 0.7201 0.1683
vn 0.7493 0.0703 -0.6584
vn 0.7425 0.0800 -0.6650
vn -0.0488 0.1531 -0.9870
vn 0.0029 0.1216 -0.9926
vn 0.9969 -0.0307 -0.0730
vn 0.9930 -0.0843 -0.0826
vn 0.8544 -0.1878 0.4845
vn 0.8208 -0.2797 0.4981
vn 0.1504 -0.4438 0.8834
vn 0.1931 -0.3500 0.9166
vn -0.7219 -0.2886 0.6290
vn -0.7169 -0.3469 0.6048
vn -0.9914 -0.1245 -0.0406
vn -0.9927 -0.1145 -0.0379
vn -0.7821 0.0232 -0.6228
vn -0.8211 0.0270 -0.5701
vn 0.7001 0.1001 -0.7070
vn -0.0580 0.2263 -0.9723
vn 0.9696 -0.1700 -0.1762
vn 0.7859 -0.4793 0.3908
vn 0.1252 -0.6740 0.7280
vn -0.6759 -0.5334 0.5086
vn -0.9818 -0.1786 -0.0652
vn -0.7921 0.0898 -0.6038
vn -0.0579 0.2263 -0.9723
vn -0.0765 -0.9030 -0.4229
vn 0.9060 0.4094 -0.1077
vn 0.3252 0.7582 -0.5651
vn 0.2441 0.6425 -0.7264
vn 0.8624 0.3694 -0.3461
vn 0.9060 0.4095 -0.1076
vn 0.8676 -0.1554 0.4724
vn 0.8892 -0.1452 0.4339
vn 0.2686 -0.5509 0.7902
vn 0.8676 -0.1554 0.4723
vn 0.2482 -0.4502 0.8577
vn -0.3106 -0.4484 0.8381
vn -0.3354 -0.5882 0.7359
vn -0.8074 -0.2679 0.5257
vn -0.8234 -0.3714 0.4291
vn -0.9605 0.1919 -0.2016
vn -0.9707 0.1822 -0.1565
vn -0.5500 0.5371 -0.6395
vn -0.6189 0.5900 -0.5185
vn 0.2439 0.6425 -0.7264
vn 0.5551 0.3890 -0.7352
vn -0.0483 0.4491 -0.8922
vn 0.9800 0.1477 0.1337
vn 0.3399 -0.1233 0.9323
vn -0.4799 -0.1001 0.8716
vn -0.9564 0.1404 0.2559
vn -0.7473 0.3903 -0.5378
vn -0.4497 0.4335 -0.7809
vn -0.0484 0.4491 -0.8922
vn 0.4347 0.5848 0.6848
vn 0.8943 -0.2269 0.3856
vn 0.7911 -0.5498 0.2680
vn 0.4820 -0.8571 -0.1821
vn 0.7254 -0.6883 0.0003
vn 0.6154 0.1266 0.7780
vn 0.7911 -0.5499 0.2681
vn 0.8943 -0.2269 0.3857
vn 0.7938 0.1439 0.5910
vn 0.9323 0.1606 0.3241
vn 0.7132 0.4578 0.5309
vn 0.7063 0.4220 0.5683
vn 0.8840 0.1670 0.4366
vn 0.3449 0.6776 0.6495
vn 0.3751 0.6395 0.6711
vn 0.3908 0.6056 0.6932
vn 0.6332 0.3823 0.6729
vn 0.9694 -0.2456 0.0019
vn 0.9694 -0.2452 -0.0152
vn 0.9515 0.1643 0.2602
vn 0.9510 -0.2477 0.1852
vn 0.3559 0.4663 0.8099
vn 0.0906 0.6902 0.7179
vn -0.1215 0.7003 0.7034
vn 0.0383 0.4991 0.8657
vn 0.3562 0.0015 0.9344
vn -0.0136 0.7226 0.6911
vn 0.5447 -0.8258 0.1459
vn 0.2562 -0.8976 -0.3586
vn 0.2575 -0.9659 0.0248
vn 0.1070 -0.0576 0.9926
vn 0.6762 -0.7207 -0.1525
vn 0.3001 -0.9062 -0.2980
vn -0.0175 -0.9239 -0.3822
vn 0.2575 -0.9660 0.0248
vn 0.1396 -0.8780 -0.4579
vn 0.0304 -0.9118 -0.4095
vn 0.6938 -0.6352 -0.3394
vn 0.9693 -0.2453 -0.0153
vn 0.7164 -0.6209 -0.3181
vn 0.2752 -0.8313 -0.4829
vn 0.2657 -0.8023 -0.5345
vn -0.0000 -0.8791 -0.4766
vn -0.0000 -0.9996 -0.0279
vn -0.0000 -0.9183 -0.3959
vn -0.0000 -0.8815 -0.4722
vn 0.3503 -0.8050 -0.4789
vn 0.1344 -0.8788 -0.4578
vn -0.0000 -0.9046 -0.4262
vn -0.0947 -0.8613 -0.4991
vn -0.2187 0.5114 0.8310
vn -0.0000 0.5466 0.8374
vn 0.0001 -0.1264 0.9920
vn -0.0000 0.7368 0.6761
vn -0.3660 0.6667 0.6493
vn 0.0001 -0.9996 -0.0279
vn -0.2439 0.7359 0.6317
vn -0.3884 0.7368 0.5534
vn -0.4770 0.7155 0.5105
vn -0.4325 0.7120 0.5531
vn -0.0000 0.8029 0.5961
vn -0.3716 0.9172 0.1434
vn -0.4175 0.9026 0.1054
vn -0.4814 0.8080 0.3397
vn -0.4022 0.8187 0.4098
vn -0.0918 0.8671 0.4896
vn -0.0503 0.9706 0.2353
vn -0.1554 0.9645 0.2135
vn -0.4234 0.8929 0.1529
vn -0.4866 0.8651 0.1214
vn -0.0000 0.9891 0.1473
vn -0.0000 0.9941 0.1082
vn -0.0000 0.9239 0.3827
vn 0.3215 0.8982 0.2997
vn 0.2975 0.8105 0.5045
vn 0.7230 0.5308 0.4421
vn 0.7473 0.5974 0.2911
vn 0.2920 0.9112 0.2906
vn 0.7993 0.5241 0.2939
vn 0.9693 0.1373 0.2042
vn 0.9745 0.0698 0.2131
vn 0.7474 0.4531 0.4859
vn 0.1988 0.8049 0.5592
vn 0.9663 0.0203 0.2567
vn -0.2858 0.8482 0.4459
vn 0.0934 -0.8205 -0.5639
vn 0.4106 -0.8341 -0.3683
vn 0.1139 -0.9108 -0.3969
vn 0.4012 -0.8873 -0.2275
vn -0.0273 -0.9774 -0.2098
vn -0.0000 -0.9191 -0.3940
vn -0.0000 -0.9629 -0.2697
vn 0.3380 -0.8872 -0.3141
vn 0.0579 -0.9394 -0.3379
vn 0.1600 -0.8583 -0.4875
vn 0.1841 -0.8316 -0.5239
vn 0.0824 -0.9764 -0.1995
vn 0.1932 -0.9321 -0.3063
vn 0.1574 -0.9071 -0.3903
vn 0.1126 -0.8114 -0.5736
vn 0.3677 -0.7158 -0.5937
vn -0.0000 -0.9304 -0.3666
vn -0.0000 -0.8402 -0.5423
vn -0.0000 -0.8088 -0.5880
vn 0.4481 -0.8806 -0.1542
vn 0.5506 -0.8209 -0.1514
vn 0.4773 -0.8055 -0.3513
vn 0.2915 -0.7489 -0.5951
vn 0.5272 -0.6851 -0.5026
vn 0.2810 -0.7519 -0.5964
vn 0.4861 -0.7177 -0.4986
vn 0.8481 -0.5178 -0.1125
vn 0.8652 -0.5008 0.0253
vn 0.8679 -0.4692 -0.1631
vn 0.9270 -0.3695 0.0644
vn 0.9270 -0.3694 0.0644
vn 0.3649 -0.7899 -0.4929
vn 0.2765 -0.8429 -0.4616
vn 0.3125 -0.9282 -0.2022
vn 0.3808 -0.9039 -0.1948
vn 0.1814 -0.7936 -0.5808
vn 0.1683 -0.9232 -0.3456
vn 0.1681 -0.9854 0.0261
vn 0.2666 -0.9603 0.0824
vn 0.5191 -0.8547 0.0093
vn 0.5881 -0.7945 -0.1512
vn 0.5883 -0.7122 -0.3830
vn 0.5118 -0.8591 -0.0030
vn -0.0000 -0.9539 -0.3002
vn -0.0000 -0.9963 0.0860
vn -0.0000 -0.8038 -0.5949
vn 0.8481 -0.5177 -0.1125
vn 0.9505 -0.0363 0.3086
vn 0.8591 -0.4768 -0.1861
vn 0.9596 -0.0613 0.2745
vn 0.8294 -0.5298 -0.1773
vn 0.9671 -0.1522 0.2039
vn 0.7351 -0.6744 -0.0691
vn 0.9527 -0.2573 0.1616
vn 0.6995 -0.7074 0.1020
vn 0.9218 -0.3261 0.2095
vn 0.8945 0.3492 0.2791
vn 0.8558 0.3168 0.4090
vn 0.7929 0.2773 0.5426
vn 0.7351 -0.6745 -0.0691
vn 0.8590 -0.4769 -0.1862
vn 0.7035 0.3326 0.6280
vn 0.6868 0.3561 0.6336
vn 0.0885 0.6608 0.7453
vn 0.1537 0.6235 0.7665
vn 0.6994 -0.7074 0.1020
vn 0.7686 -0.6279 0.1226
vn 0.4693 -0.8792 0.0822
vn 0.6507 -0.7217 0.2362
vn 0.8629 -0.4896 0.1251
vn 0.5596 -0.7473 0.3582
vn 0.5967 -0.6977 0.3965
vn 0.7825 -0.5726 0.2448
vn 0.8024 -0.5545 0.2205
vn 0.6657 -0.7052 0.2439
vn 0.2503 -0.9169 0.3109
vn 0.3055 -0.8616 0.4053
vn 0.4626 -0.8485 0.2572
vn 0.5738 -0.8117 0.1092
vn 0.4057 -0.9000 0.1592
vn 0.9918 -0.0582 0.1138
vn 0.9522 -0.2479 0.1786
vn 0.7597 -0.6377 0.1269
vn 0.8869 -0.4254 0.1802
vn 0.8791 0.4716 0.0699
vn 0.7141 0.6549 0.2471
vn 0.9314 -0.3167 0.1793
vn 0.9542 -0.1967 0.2255
vn 0.9855 0.1046 0.1340
vn 0.9973 0.0379 0.0632
vn 0.9109 -0.3776 0.1663
vn 0.9253 -0.3514 0.1426
vn -0.5921 0.7337 0.3332
vn -0.0000 0.8902 0.4556
vn -0.5313 0.6350 0.5608
vn -0.0000 0.7448 0.6672
vn -0.6075 0.5299 0.5918
vn -0.0000 0.6990 0.7151
vn -0.5795 0.5704 0.5821
vn -0.0000 0.7123 0.7019
vn -0.5283 0.6472 0.5496
vn -0.4924 0.5839 0.6454
vn -0.5194 0.7793 0.3506
vn 0.0016 0.9995 -0.0313
vn -0.4830 0.8755 0.0145
vn -0.4391 0.8980 -0.0279
vn -0.0000 0.9999 -0.0121
vn 0.0062 0.9985 -0.0545
vn -0.5027 0.8642 -0.0215
vn -0.5265 0.7383 0.4215
vn -0.5366 0.8371 0.1067
vn -0.0000 0.9996 0.0296
vn 0.2807 0.8222 0.4952
vn 0.2045 0.6908 0.6935
vn 0.3645 0.9025 0.2295
vn 0.1063 0.9930 0.0521
vn -0.1756 0.7654 0.6192
vn -0.2918 0.6621 0.6903
vn -0.3898 0.6766 0.6247
vn -0.3673 0.7011 0.6112
vn -0.1030 0.8831 0.4577
vn 0.0068 0.9844 0.1759
vn 0.0367 0.9992 0.0159
vn 0.4147 0.9099 0.0090
vn 0.0816 0.9964 0.0220
vn -0.2561 0.9534 0.1596
vn -0.2862 0.8332 0.4731
vn -0.1638 0.9864 0.0156
vn -0.2403 0.9704 -0.0238
vn 0.5174 0.8520 -0.0801
vn 0.4965 0.8613 -0.1081
vn 0.2630 0.9599 -0.0976
vn 0.1677 0.9823 -0.0834
vn -0.0665 0.9969 -0.0433
vn 0.8999 0.4355 -0.0246
vn 0.8941 0.4477 0.0077
vn 0.9793 0.0512 0.1958
vn 0.7189 0.6875 0.1023
vn 0.2833 0.9528 -0.1091
vn 0.1324 0.9773 -0.1653
vn 0.0029 0.9918 -0.1274
vn -0.0606 0.9715 -0.2292
vn 0.3078 -0.9117 0.2721
vn 0.1725 -0.9717 0.1612
vn 0.0001 -0.9656 0.2600
vn 0.0001 -0.9011 0.4335
vn 0.3515 -0.8621 0.3649
vn 0.3560 -0.8860 0.2970
vn 0.0328 -0.8956 0.4436
vn 0.0015 -0.9376 0.3476
vn 0.2883 -0.9125 0.2904
vn 0.6318 -0.7481 0.2029
vn 0.9050 -0.3656 0.2174
vn 0.7813 -0.5914 0.1995
vn 0.3124 -0.9188 0.2413
vn -0.0559 -0.9788 0.1972
vn -0.3559 0.9223 -0.1508
vn -0.0000 0.9976 -0.0696
vn -0.2111 0.9676 -0.1385
vn 0.8111 -0.5516 0.1945
vn -0.0000 0.9975 0.0709
vn -0.0990 0.7651 0.6363
vn -0.0000 0.8224 0.5689
vn -0.8942 -0.2270 0.3857
vn -0.7253 -0.6884 0.0004
vn -0.4819 -0.8571 -0.1821
vn -0.7910 -0.5499 0.2681
vn -0.6154 0.1265 0.7780
vn -0.7937 0.1438 0.5911
vn -0.8943 -0.2269 0.3858
vn -0.9323 0.1606 0.3242
vn -0.8840 0.1669 0.4367
vn -0.7063 0.4219 0.5684
vn -0.7131 0.4577 0.5310
vn -0.3750 0.6395 0.6711
vn -0.3449 0.6776 0.6495
vn -0.6332 0.3823 0.6730
vn -0.3908 0.6056 0.6932
vn -0.9515 0.1642 0.2603
vn -0.9693 -0.2452 -0.0151
vn -0.9694 -0.2456 0.0020
vn -0.9509 -0.2477 0.1853
vn -0.3559 0.4662 0.8099
vn -0.0906 0.6902 0.7179
vn -0.0382 0.4990 0.8657
vn 0.1216 0.7003 0.7034
vn -0.3561 0.0014 0.9345
vn 0.0136 0.7226 0.6911
vn -0.5446 -0.8259 0.1459
vn -0.2561 -0.8977 -0.3586
vn -0.5446 -0.8259 0.1460
vn -0.2574 -0.9660 0.0248
vn -0.1069 -0.0576 0.9926
vn -0.9509 -0.2478 0.1853
vn -0.6762 -0.7208 -0.1524
vn -0.3001 -0.9062 -0.2979
vn 0.0175 -0.9239 -0.3822
vn -0.1396 -0.8780 -0.4579
vn -0.2575 -0.9660 0.0248
vn -0.0303 -0.9118 -0.4095
vn -0.6937 -0.6353 -0.3393
vn -0.7164 -0.6210 -0.3181
vn -0.9694 -0.2457 0.0020
vn -0.9693 -0.2453 -0.0151
vn -0.2657 -0.8024 -0.5345
vn -0.2752 -0.8313 -0.4829
vn -0.1344 -0.8788 -0.4578
vn -0.3504 -0.8050 -0.4788
vn 0.0948 -0.8614 -0.4991
vn 0.2188 0.5114 0.8310
vn 0.3660 0.6667 0.6493
vn 0.2440 0.7359 0.6316
vn 0.3884 0.7369 0.5533
vn 0.4325 0.7120 0.5531
vn 0.4770 0.7155 0.5104
vn 0.3716 0.9173 0.1434
vn 0.4022 0.8187 0.4098
vn 0.4814 0.8080 0.3396
vn 0.4175 0.9026 0.1053
vn 0.0502 0.9706 0.2353
vn 0.0917 0.8671 0.4896
vn 0.1554 0.9645 0.2135
vn 0.4233 0.8930 0.1529
vn 0.4866 0.8652 0.1213
vn -0.3215 0.8982 0.2997
vn -0.7473 0.5974 0.2911
vn -0.7230 0.5308 0.4422
vn -0.2976 0.8105 0.5045
vn -0.2921 0.9112 0.2906
vn -0.7993 0.5240 0.2940
vn -0.9692 0.1372 0.2043
vn -0.9745 0.0697 0.2132
vn -0.1988 0.8049 0.5592
vn -0.7474 0.4530 0.4860
vn -0.9663 0.0202 0.2568
vn 0.2858 0.8482 0.4459
vn -0.0935 -0.8205 -0.5639
vn -0.1139 -0.9108 -0.3968
vn -0.4106 -0.8341 -0.3683
vn 0.0273 -0.9774 -0.2098
vn -0.4011 -0.8873 -0.2274
vn -0.3380 -0.8872 -0.3141
vn -0.0578 -0.9394 -0.3378
vn -0.1600 -0.8583 -0.4875
vn -0.1841 -0.8317 -0.5239
vn -0.1932 -0.9321 -0.3063
vn -0.0823 -0.9764 -0.1995
vn -0.1574 -0.9071 -0.3903
vn -0.3677 -0.7158 -0.5936
vn -0.1126 -0.8114 -0.5736
vn -0.5506 -0.8210 -0.1513
vn -0.4481 -0.8806 -0.1541
vn -0.4772 -0.8055 -0.3512
vn -0.5272 -0.6851 -0.5026
vn -0.2915 -0.7489 -0.5951
vn -0.2810 -0.7519 -0.5964
vn -0.4861 -0.7177 -0.4986
vn -0.8651 -0.5009 0.0254
vn -0.8480 -0.5179 -0.1124
vn -0.8679 -0.4693 -0.1630
vn -0.9270 -0.3695 0.0644
vn -0.9270 -0.3695 0.0645
vn -0.8652 -0.5008 0.0255
vn -0.2765 -0.8429 -0.4616
vn -0.3649 -0.7899 -0.4928
vn -0.3807 -0.9039 -0.1948
vn -0.3124 -0.9282 -0.2022
vn -0.1814 -0.7936 -0.5807
vn -0.1683 -0.9232 -0.3456
vn -0.1680 -0.9854 0.0262
vn -0.2665 -0.9603 0.0824
vn -0.5190 -0.8547 0.0093
vn -0.5882 -0.7123 -0.3829
vn -0.5878 -0.7948 -0.1513
vn -0.5117 -0.8592 -0.0030
vn -0.9505 -0.0363 0.3087
vn -0.8481 -0.5178 -0.1124
vn -0.9596 -0.0614 0.2746
vn -0.8591 -0.4769 -0.1860
vn -0.8294 -0.5299 -0.1772
vn -0.9671 -0.1523 0.2040
vn -0.9527 -0.2574 0.1617
vn -0.7351 -0.6744 -0.0690
vn -0.9218 -0.3262 0.2096
vn -0.6994 -0.7074 0.1021
vn -0.8947 0.3494 0.2782
vn -0.8558 0.3167 0.4091
vn -0.7929 0.2772 0.5427
vn -0.8293 -0.5299 -0.1772
vn -0.7350 -0.6745 -0.0690
vn -0.8590 -0.4769 -0.1861
vn -0.6868 0.3560 0.6337
vn -0.7035 0.3326 0.6281
vn -0.0885 0.6608 0.7454
vn -0.1537 0.6235 0.7666
vn -0.6993 -0.7075 0.1020
vn -0.7686 -0.6279 0.1227
vn -0.8629 -0.4897 0.1252
vn -0.6506 -0.7217 0.2362
vn -0.4692 -0.8792 0.0823
vn -0.7891 -0.5428 0.2875
vn -0.5817 -0.6767 0.4513
vn -0.5595 -0.7474 0.3583
vn -0.8663 -0.3678 0.3380
vn -0.6797 -0.6508 0.3384
vn -0.2719 -0.9003 0.3400
vn -0.2897 -0.8595 0.4211
vn -0.4625 -0.8485 0.2572
vn -0.5737 -0.8117 0.1093
vn -0.4057 -0.9000 0.1592
vn -0.9898 -0.0372 0.1372
vn -0.8868 -0.4255 0.1803
vn -0.7597 -0.6378 0.1270
vn -0.9515 -0.2482 0.1816
vn -0.7139 0.6543 0.2495
vn -0.8791 0.4715 0.0700
vn -0.9314 -0.3167 0.1794
vn -0.9995 0.0064 0.0316
vn -0.9854 0.1045 0.1341
vn -0.9687 -0.1028 0.2261
vn -0.9629 -0.0332 0.2678
vn -0.9252 -0.3515 0.1428
vn 0.5921 0.7338 0.3332
vn 0.5312 0.6351 0.5608
vn 0.6075 0.5299 0.5917
vn 0.5796 0.5704 0.5820
vn 0.5283 0.6472 0.5496
vn 0.4924 0.5836 0.6457
vn 0.5194 0.7793 0.3505
vn 0.4390 0.8980 -0.0280
vn 0.4833 0.8752 0.0213
vn 0.5035 0.8639 -0.0139
vn 0.5366 0.8371 0.1067
vn 0.5265 0.7383 0.4215
vn -0.2807 0.8222 0.4952
vn -0.2044 0.6908 0.6935
vn -0.3646 0.9024 0.2295
vn -0.1064 0.9930 0.0521
vn 0.2918 0.6621 0.6902
vn 0.1756 0.7654 0.6192
vn 0.3897 0.6767 0.6247
vn 0.3673 0.7011 0.6111
vn 0.1030 0.8831 0.4577
vn -0.0069 0.9844 0.1759
vn -0.0367 0.9992 0.0159
vn -0.0817 0.9964 0.0220
vn -0.4108 0.9114 0.0233
vn 0.2861 0.8333 0.4731
vn 0.2561 0.9534 0.1597
vn 0.1619 0.9868 0.0097
vn 0.2414 0.9702 -0.0221
vn -0.5263 0.8423 -0.1163
vn -0.1626 0.9841 -0.0719
vn -0.2631 0.9598 -0.0976
vn -0.4903 0.8682 -0.0762
vn 0.0672 0.9970 -0.0393
vn -0.9033 0.4276 -0.0349
vn -0.8964 0.4425 0.0269
vn -0.7189 0.6875 0.1024
vn -0.9265 0.3006 0.2262
vn -0.2834 0.9528 -0.1091
vn -0.1325 0.9773 -0.1653
vn 0.0011 0.9925 -0.1223
vn 0.0605 0.9715 -0.2292
vn -0.3076 -0.9117 0.2722
vn -0.1724 -0.9718 0.1612
vn -0.3665 -0.8438 0.3921
vn -0.3614 -0.8576 0.3660
vn -0.3488 -0.8777 0.3285
vn -0.6959 -0.6607 0.2815
vn -0.9288 -0.1914 0.3173
vn -0.8175 -0.5020 0.2823
vn -0.3480 -0.8815 0.3192
vn 0.3593 0.9212 -0.1494
vn 0.2110 0.9676 -0.1386
vn -0.9518 0.0084 0.3065
vn 0.0990 0.7651 0.6363
vn -0.8465 -0.1540 0.5096
vn -0.8656 -0.3694 0.3381
vn -0.8000 -0.4522 0.3944
vn -0.8056 -0.2493 0.5375
vn -0.7321 -0.5733 0.3679
vn -0.8276 -0.4130 0.3800
vn -0.7581 -0.3322 0.5612
vn -0.7514 -0.3563 0.5554
vn -0.7565 -0.3676 0.5409
vn -0.6977 -0.2369 0.6761
vn -0.8072 -0.5268 0.2663
vn -0.7285 -0.3398 0.5948
vn -0.9261 -0.3721 0.0620
vn -0.8138 -0.4225 0.3991
vn -0.6333 -0.1988 0.7480
vn -0.6837 -0.1815 0.7068
vn -0.8272 -0.3723 0.4208
vn -0.9860 0.0287 0.1645
vn -0.6028 -0.2705 0.7506
vn -0.6390 -0.0973 0.7630
vn -0.7631 -0.1031 0.6380
vn -0.6546 0.0713 0.7526
vn -0.7134 -0.0245 0.7003
vn -0.6386 0.1915 0.7453
vn -0.7926 0.0068 0.6098
vn -0.8347 -0.0027 0.5507
vn -0.7180 -0.3290 0.6133
vn -0.7080 -0.5890 0.3897
vn -0.7851 -0.4746 0.3979
vn -0.7451 -0.3126 0.5891
vn -0.7268 -0.6014 0.3317
vn -0.7872 -0.5854 0.1941
vn -0.6724 -0.7098 0.2099
vn -0.7319 -0.6813 0.0064
vn -0.7132 -0.6786 -0.1756
vn -0.7461 -0.6296 -0.2169
vn -0.9438 -0.3300 -0.0212
vn -0.8965 -0.3273 -0.2987
vn -0.9772 0.0631 -0.2026
vn -0.9733 -0.1328 -0.1873
vn -0.9602 0.2414 -0.1402
vn -0.8429 0.4098 0.3487
vn -0.8985 0.4104 0.1560
vn -0.6998 0.1880 0.6892
vn -0.7467 0.4899 0.4499
vn -0.6822 -0.0007 0.7311
vn -0.5058 0.5435 0.6699
vn -0.7675 0.1080 0.6319
vn -0.4829 0.3428 0.8058
vn -0.7650 0.0221 0.6437
vn -0.4752 0.0657 0.8774
vn -0.7412 -0.5908 0.3188
vn -0.7565 -0.1852 0.6272
vn -0.6804 -0.7325 0.0216
vn -0.7445 -0.6520 -0.1437
vn -0.8002 -0.5493 -0.2407
vn -0.9261 -0.3362 -0.1710
vn -0.9894 -0.0528 0.1356
vn -0.8933 0.2453 0.3767
vn -0.6862 0.4213 0.5930
vn -0.5599 0.5040 0.6577
vn -0.5710 0.3130 0.7589
vn -0.8860 0.1700 0.4313
vn -0.9833 -0.1547 -0.0955
vn -0.9837 0.0604 -0.1693
vn -0.8929 -0.4395 0.0973
vn -0.8431 -0.5370 0.0298
vn -0.8247 -0.5454 -0.1496
vn -0.8786 -0.4639 -0.1134
vn -0.9680 -0.1880 0.1662
vn -0.8979 0.2118 0.3859
vn -0.7551 0.2231 0.6165
vn -0.7749 0.1727 0.6080
vn -0.9078 0.1420 0.3946
vn -0.9242 0.3818 0.0065
vn -0.9243 0.3695 0.0954
vn -0.9361 0.3051 0.1750
vn -0.9204 0.3126 0.2347
vn -0.8299 0.5184 0.2062
vn -0.9354 0.3502 0.0484
vn -0.9710 0.2362 0.0362
vn -0.6874 0.3155 0.6541
vn -0.5304 0.1622 0.8321
vn -0.4772 0.1060 0.8724
vn -0.2425 0.1352 0.9607
vn -0.5107 0.0728 0.8567
vn -0.6698 -0.4448 0.5946
vn -0.8420 0.3845 0.3783
vn -0.9305 -0.0248 0.3656
vn -0.9786 -0.1960 0.0630
vn -0.8962 0.3982 0.1958
vn -0.3788 0.0932 0.9208
vn -0.9147 -0.3936 0.0915
vn 0.4303 0.6050 0.6699
vn 0.2122 0.8669 0.4512
vn 0.3418 0.5581 0.7561
vn 0.3879 0.5499 0.7397
vn 0.0737 0.3898 0.9179
vn 0.2140 0.5653 0.7966
vn -0.4806 0.2654 0.8358
vn -0.3791 0.6638 0.6447
vn -0.3209 0.6223 0.7139
vn -0.0959 0.5089 0.8555
vn -0.2257 0.5633 0.7949
vn 0.1958 0.7499 0.6320
vn 0.2290 0.6623 0.7134
vn 0.1058 0.7296 0.6756
vn -0.0439 0.6964 0.7163
vn -0.0686 0.6959 0.7149
vn -0.1167 0.7191 0.6850
vn -0.2409 0.6825 0.6901
vn -0.1219 0.6036 0.7879
vn -0.3782 0.6753 0.6332
vn -0.0768 0.6453 0.7601
vn -0.0679 0.7059 0.7050
vn -0.0133 0.7265 0.6871
vn -0.0000 0.7402 0.6724
vn -0.0000 0.7497 0.6618
vn -0.0000 0.7068 0.7074
vn -0.0000 0.6578 0.7532
vn -0.0000 0.8110 0.5850
vn -0.0000 0.7905 0.6124
vn -0.0000 0.7731 0.6343
vn -0.0000 0.7679 0.6406
vn -0.0000 0.6935 0.7205
vn -0.8972 0.4175 0.1439
vn -0.8089 0.5611 0.1754
vn 0.0512 0.9344 0.3526
vn -0.0903 0.9522 0.2918
vn 0.0096 0.8445 0.5355
vn -0.0531 0.7252 0.6865
vn -0.0000 0.6954 0.7186
vn -0.9732 -0.1150 -0.1994
vn -0.9994 0.0089 -0.0331
vn -0.9592 0.2785 0.0479
vn -0.9135 0.4003 -0.0726
vn -0.1769 0.9433 0.2809
vn -0.3516 0.8012 0.4842
vn -0.1537 0.7452 0.6489
vn -0.0000 0.6949 0.7191
vn -0.6052 0.7713 0.1971
vn -0.6137 0.7813 0.1137
vn -0.8728 0.4734 -0.1186
vn -0.8416 0.4116 -0.3496
vn -0.8278 0.5155 -0.2214
vn -0.9630 0.2594 -0.0726
vn -0.9967 0.0710 -0.0383
vn -0.9830 -0.0274 -0.1813
vn -0.8263 0.4434 0.3473
vn -0.8509 0.4387 0.2890
vn -0.8632 0.2941 0.4103
vn -0.7750 0.3431 0.5307
vn -0.9563 0.2701 0.1118
vn -0.9641 0.1659 0.2074
vn -0.9826 0.1859 0.0024
vn -0.9920 0.0868 0.0916
vn -0.6377 0.4091 0.6527
vn -0.6628 0.4982 0.5590
vn -0.5122 0.5419 0.6664
vn -0.3570 0.6062 0.7106
vn -0.5415 0.5941 0.5948
vn -0.4328 0.6245 0.6502
vn -0.0000 0.7047 0.7095
vn -0.0000 0.7712 0.6366
vn -0.9377 0.1548 0.3111
vn -0.9119 0.1571 0.3792
vn -0.9300 -0.0479 0.3645
vn -0.8717 -0.0686 0.4852
vn -0.9332 0.1067 0.3432
vn -0.9670 -0.0598 0.2477
vn -0.9775 0.0590 0.2027
vn -0.9926 -0.0721 0.0981
vn -0.7701 -0.1701 0.6148
vn -0.8745 0.1147 0.4713
vn -0.6497 -0.1949 0.7348
vn -0.6530 0.1369 0.7449
vn -0.5228 -0.1288 0.8427
vn -0.4689 0.0125 0.8832
vn 0.0001 -0.1566 0.9877
vn 0.0001 -0.0065 1.0000
vn -0.8604 -0.4159 0.2944
vn -0.7869 -0.4440 0.4286
vn -0.8657 0.1948 0.4610
vn -0.8718 0.0885 0.4817
vn -0.9008 -0.4142 0.1302
vn -0.9305 0.0452 0.3636
vn -0.9212 -0.3878 -0.0314
vn -0.9668 0.0451 0.2514
vn -0.7072 -0.4286 0.5623
vn -0.8322 0.3682 0.4145
vn -0.5989 -0.4416 0.6681
vn -0.6695 0.4508 0.5903
vn -0.5120 -0.3110 0.8007
vn -0.3584 -0.5690 0.7401
vn -0.5415 0.2829 0.7917
vn 0.0001 -0.5958 0.8031
vn 0.0001 -0.4142 0.9102
vn -0.0000 0.2594 0.9658
vn -0.5824 0.4572 0.6722
vn -0.0000 0.5033 0.8641
vn -0.7770 0.2312 0.5855
vn -0.8549 0.1538 0.4955
vn -0.9434 0.0784 0.3221
vn -0.9857 0.0155 0.1679
vn -0.7287 0.3460 0.5910
vn -0.6412 0.4905 0.5902
vn -0.5917 0.5471 0.5921
vn -0.0000 0.6886 0.7252
vn -0.0000 0.6517 0.7585
vn -0.0000 0.6993 0.7148
vn -0.0000 0.7393 0.6734
vn -0.9905 0.0516 0.1276
vn -0.9908 -0.0136 0.1346
vn -0.9901 0.0738 0.1196
vn -0.9740 0.1889 0.1251
vn -0.9849 0.0889 0.1487
vn -0.9434 0.2592 0.2069
vn -0.9908 0.0491 0.1258
vn -0.9956 -0.0393 0.0847
vn -0.9755 -0.1776 -0.1301
vn -0.9507 -0.3005 -0.0774
vn -0.9426 -0.2230 -0.2486
vn -0.8002 0.1949 0.5672
vn -0.7728 0.0106 0.6346
vn -0.7276 -0.0055 0.6860
vn -0.7459 0.1382 0.6516
vn -0.8328 0.2637 0.4867
vn -0.8780 0.2588 0.4026
vn -0.9515 0.2736 0.1409
vn -0.9045 0.3198 0.2820
vn -0.9198 0.3286 0.2142
vn -0.8525 0.0336 0.5217
vn -0.8871 0.2704 0.3741
vn -0.9414 0.1721 0.2902
vn -0.9237 0.3810 0.0395
vn -0.8510 0.5022 0.1536
vn -0.5956 -0.5388 0.5958
vn -0.6785 -0.4544 0.5772
vn -0.8021 0.0927 0.5899
vn -0.9483 0.1451 -0.2822
vn -0.9513 0.0469 -0.3048
vn -0.8770 -0.3682 0.3087
vn -0.9128 -0.3230 -0.2499
vn -0.9363 0.1206 -0.3298
vn -0.7551 -0.6553 -0.0202
vn -0.9118 0.2655 0.3134
vn -0.9605 0.1880 0.2053
vn -0.9356 0.3246 0.1389
vn -0.9713 0.0489 -0.2330
vn -0.9049 0.2986 0.3034
vn -0.5960 0.7326 0.3288
vn -0.3218 0.8016 0.5039
vn -0.0000 0.7966 0.6045
vn -0.5597 0.7811 0.2768
vn -0.7722 0.5420 0.3315
vn -0.4110 0.8564 0.3124
vn -0.0098 0.9081 0.4187
vn -0.4879 0.8132 0.3172
vn -0.4323 0.8159 0.3839
vn 0.0248 0.8484 0.5287
vn -0.9583 0.2844 -0.0286
vn -0.8106 0.5140 0.2805
vn -0.8653 0.3255 0.3811
vn -0.9605 0.1952 0.1982
vn -0.9508 0.2993 -0.0802
vn -0.8335 0.4863 0.2624
vn -0.9716 -0.2356 -0.0240
vn -0.9961 0.0496 0.0732
vn -0.9726 0.2324 -0.0071
vn -0.8228 0.3802 0.4224
vn -0.9892 0.1402 0.0436
vn -0.8685 0.3035 0.3920
vn -0.9998 0.0137 0.0165
vn -0.9926 0.0896 -0.0815
vn -0.9935 -0.0579 -0.0982
vn -0.9751 0.1795 -0.1303
vn -0.9838 0.1483 0.1003
vn -0.9721 0.2232 -0.0728
vn -0.9430 0.2857 -0.1707
vn -0.9926 -0.0984 0.0709
vn -0.9906 0.0806 0.1105
vn -0.5279 -0.3492 0.7742
vn -0.6198 -0.6154 0.4869
vn -0.5129 -0.8157 0.2675
vn -0.5532 -0.8265 0.1048
vn -0.7373 -0.6755 -0.0132
vn -0.8349 -0.5198 -0.1813
vn -0.8543 -0.3043 -0.4213
vn -0.5527 0.7322 0.3980
vn -0.8968 0.3366 -0.2872
vn -0.4569 0.6154 0.6422
vn -0.4000 0.5085 0.7625
vn -0.3369 0.3488 0.8745
vn -0.3778 0.0737 0.9230
vn -0.9201 0.2238 0.3215
vn -0.7984 0.3058 0.5186
vn -0.9721 0.2033 0.1170
vn -0.9866 0.1625 -0.0114
vn -0.4444 0.6976 0.5620
vn -0.9486 0.1640 0.2706
vn -0.8668 0.2954 0.4018
vn -0.2462 0.8068 0.5371
vn -0.9736 -0.0019 0.2283
vn -0.9825 0.0880 0.1643
vn -0.4742 -0.8796 -0.0372
vn -0.5003 -0.8568 0.1251
vn -0.6919 -0.6703 0.2682
vn -0.6669 -0.7307 0.1458
vn 0.4325 -0.8695 -0.2386
vn -0.0432 -0.9977 -0.0514
vn -0.0340 -0.9742 -0.2233
vn -0.9824 -0.1055 0.1544
vn -0.9403 -0.2396 0.2417
vn -0.7983 -0.5061 0.3265
vn -0.8738 -0.4430 0.2005
vn -0.4432 0.6905 0.5717
vn -0.4789 0.7678 0.4257
vn -0.7581 0.2144 0.6159
vn -0.7466 0.3943 0.5357
vn -0.9074 -0.0778 0.4131
vn -0.7866 -0.0792 0.6123
vn -0.8416 -0.4099 0.3517
vn -0.8212 -0.3176 0.4741
vn -0.7690 -0.5872 0.2526
vn -0.8163 -0.5051 0.2802
vn -0.5170 -0.8464 0.1280
vn -0.4827 -0.8735 0.0639
vn -0.7179 -0.6798 0.1497
vn -0.7240 -0.6617 0.1951
vn -0.1620 -0.9866 0.0198
vn -0.2739 -0.9603 -0.0537
vn 0.2210 -0.9557 -0.1942
vn 0.3686 -0.9084 -0.1972
vn -0.0000 -0.9442 -0.3293
vn -0.0000 -0.9566 -0.2914
vn -0.7706 0.0336 0.6364
vn -0.5687 0.2328 0.7889
vn -0.2416 0.8755 0.4185
vn -0.8253 -0.1435 0.5462
vn -0.8205 -0.2746 0.5013
vn -0.8098 -0.4580 0.3668
vn -0.5588 -0.8289 -0.0275
vn -0.7494 -0.6358 0.1849
vn -0.3237 -0.9313 -0.1668
vn 0.0514 -0.9724 -0.2276
vn 0.0001 -0.9329 -0.3601
vn -0.3395 0.7614 0.5522
vn -0.6792 0.7040 0.2077
vn -0.6990 0.6599 0.2754
vn -0.5131 0.7783 0.3618
vn -0.4758 0.7769 0.4124
vn 0.0165 0.8132 0.5817
vn -0.9381 0.3428 -0.0500
vn -0.8982 0.4333 -0.0743
vn -0.9400 0.2300 0.2519
vn -0.8950 0.3984 0.2006
vn -0.8690 0.4947 0.0114
vn -0.9722 0.2311 -0.0388
vn -0.9721 0.1352 0.1914
vn -0.9479 0.3185 -0.0035
vn -0.9341 0.3569 -0.0053
vn -0.9360 0.2141 -0.2795
vn -0.9508 0.0603 -0.3039
vn -0.7147 -0.6802 -0.1633
vn -0.6444 -0.5550 -0.5260
vn -0.4163 -0.8555 -0.3080
vn -0.8962 -0.4390 -0.0647
vn -0.8428 -0.3233 -0.4303
vn -0.9910 -0.0841 -0.1045
vn -0.8836 -0.1262 -0.4509
vn -0.1362 -0.9805 -0.1419
vn -0.4932 -0.8651 -0.0914
vn -0.0371 -0.9946 -0.0967
vn 0.0281 -0.9948 -0.0976
vn -0.4657 -0.8272 -0.3144
vn -0.7503 -0.6440 -0.1493
vn 0.0006 -1.0000 -0.0099
vn 0.0032 -0.9851 -0.1720
vn 0.3399 -0.9095 -0.2395
vn 0.2025 -0.9291 -0.3095
vn -0.0072 -0.9241 -0.3821
vn -0.0220 -0.7744 -0.6323
vn -0.3287 -0.5886 -0.7386
vn -0.6645 -0.5991 -0.4466
vn -0.4497 0.8665 0.2166
vn -0.4248 0.8927 0.1506
vn -0.6312 0.7713 0.0821
vn -0.6775 0.7061 0.2061
vn -0.4841 0.8587 0.1682
vn -0.5151 0.8424 0.1583
vn 0.0628 0.9630 0.2621
vn 0.0693 0.9659 0.2494
vn -0.9895 0.1401 0.0367
vn -0.9665 0.2533 -0.0421
vn -0.9687 0.2481 0.0093
vn -0.9705 0.2297 0.0731
vn -0.9574 0.2806 -0.0676
vn -0.9726 0.2317 0.0178
vn -0.9879 -0.1542 0.0187
vn -0.9910 -0.0196 0.1324
vn -0.9993 -0.0155 -0.0351
vn -0.9873 -0.1518 0.0460
vn -0.9159 0.3935 -0.0789
vn -0.9134 0.4035 -0.0536
vn -0.9035 0.4256 -0.0512
vn -0.9234 0.3838 0.0053
vn -0.9624 0.2696 -0.0346
vn -0.9594 0.2745 0.0653
vn -0.9721 -0.2345 0.0061
vn -0.9868 -0.1517 -0.0564
vn -0.6973 -0.7137 -0.0666
vn -0.1081 -0.9761 -0.1884
vn -0.9140 -0.3806 -0.1404
vn -0.9477 -0.3165 -0.0410
vn -0.8478 -0.5271 -0.0587
vn -0.8954 -0.4059 -0.1831
vn -0.8071 -0.4896 -0.3300
vn -0.8005 -0.5368 -0.2665
vn -0.7626 -0.5535 -0.3348
vn -0.9327 -0.3335 -0.1377
vn -0.9636 -0.2358 -0.1259
vn -0.9526 0.2992 -0.0542
vn -0.9140 0.4045 0.0314
vn -0.4494 0.8823 0.1399
vn -0.6358 0.7684 0.0728
vn -0.7247 0.6431 0.2474
vn -0.4990 0.8071 0.3155
vn -0.4835 0.8714 0.0830
vn -0.5045 0.8139 0.2882
vn 0.0963 0.9953 -0.0027
vn 0.0691 0.9054 0.4189
vn -0.9473 0.2657 0.1792
vn -0.9621 0.2204 0.1608
vn -0.9895 -0.0739 -0.1243
vn -0.9629 0.1794 -0.2017
vn -0.9728 0.2091 0.0997
vn -0.9288 0.3371 -0.1541
vn -0.9858 0.1245 0.1123
vn -0.9944 -0.0336 0.1007
vn -0.9827 0.0218 -0.1842
vn -0.9942 -0.0400 -0.0995
vn -0.9177 0.3972 -0.0083
vn -0.8890 0.4541 0.0586
vn -0.9069 0.4160 -0.0675
vn -0.8904 0.4551 0.0119
vn -0.9411 0.3209 -0.1062
vn -0.9554 0.2887 0.0622
vn -0.9378 0.3349 -0.0913
vn -0.9528 -0.2735 -0.1317
vn -0.9051 0.0129 -0.4251
vn -0.7588 -0.6472 -0.0740
vn -0.1587 -0.9725 -0.1707
vn -0.9880 -0.1470 -0.0467
vn -0.8894 -0.4561 -0.0301
vn -0.8882 -0.4352 -0.1473
vn -0.7013 -0.3949 -0.5935
vn -0.8213 -0.5516 -0.1459
vn -0.7438 -0.2657 -0.6133
vn -0.9411 -0.3181 -0.1142
vn -0.7880 -0.1398 -0.5997
vn -0.8829 0.4613 0.0875
vn -0.5134 -0.4320 -0.7415
vn -0.7032 -0.2927 -0.6479
vn -0.7913 -0.1512 -0.5925
vn -0.8199 0.0660 -0.5687
vn -0.3664 -0.6986 -0.6146
vn -0.8275 0.1579 -0.5388
vn -0.9150 0.2104 -0.3443
vn -0.8891 0.0448 0.4555
vn -0.8935 0.1482 0.4238
vn -0.3796 0.6144 0.6917
vn -0.4980 0.4361 0.7495
vn -0.9367 -0.2029 0.2854
vn -0.9718 -0.0616 0.2277
vn -0.9378 -0.2374 0.2533
vn -0.9677 -0.2213 0.1210
vn -0.9115 -0.3828 0.1502
vn -0.9015 -0.4328 0.0028
vn -0.6300 -0.7588 -0.1653
vn -0.5983 -0.7786 -0.1892
vn -0.8187 -0.5716 -0.0554
vn -0.8366 -0.5471 0.0270
vn -0.3016 -0.9033 -0.3052
vn -0.2442 -0.9013 -0.3579
vn 0.0349 -0.9540 -0.2977
vn 0.0918 -0.9127 -0.3981
vn 0.0001 -0.9269 -0.3752
vn 0.0001 -0.9398 -0.3417
vn -0.9455 -0.0272 0.3244
vn -0.6655 0.5900 0.4572
vn -0.4630 0.7302 0.5025
vn -0.8785 0.2307 0.4184
vn -0.9280 -0.2784 0.2477
vn -0.9524 -0.1325 0.2747
vn -0.8646 -0.4764 0.1595
vn -0.9077 -0.3966 0.1367
vn -0.7391 -0.6734 0.0159
vn -0.7899 -0.6132 -0.0017
vn -0.6066 -0.7877 -0.1070
vn -0.5987 -0.7978 -0.0711
vn -0.6647 -0.7466 -0.0281
vn -0.7238 -0.6887 -0.0429
vn -0.3445 -0.9035 -0.2550
vn -0.4786 -0.8596 -0.1789
vn 0.1189 -0.8989 -0.4216
vn -0.0192 -0.9377 -0.3470
vn 0.0001 -0.9022 -0.4313
vn 0.0001 -0.8866 -0.4626
vn -0.2963 0.7190 0.6286
vn -0.8413 0.2607 0.4735
vn -0.9604 -0.0676 0.2704
vn -0.9529 -0.2626 0.1518
vn -0.8562 -0.5166 0.0030
vn -0.6367 -0.7556 -0.1538
vn -0.7730 -0.6323 -0.0518
vn -0.2858 -0.8943 -0.3444
vn 0.1424 -0.8908 -0.4315
vn -0.0000 -0.9012 -0.4333
vn -0.6937 -0.2501 0.6755
vn -0.4195 0.6172 0.6657
vn -0.5709 0.5588 0.6015
vn -0.8423 -0.1774 0.5089
vn -0.6856 -0.4495 0.5727
vn -0.8457 -0.3888 0.3656
vn -0.0000 -0.3212 0.9470
vn -0.0000 0.6709 0.7415
vn -0.2914 0.5780 0.7622
vn -0.4257 -0.3181 0.8471
vn -0.0000 -0.5826 0.8128
vn -0.4139 -0.5366 0.7354
vn -0.2826 -0.9584 -0.0398
vn -0.3417 -0.9174 0.2038
vn -0.5709 -0.8171 0.0797
vn -0.5538 -0.8286 -0.0819
vn -0.0000 -0.9950 -0.0995
vn -0.0000 -0.9717 0.2364
vn -0.3622 -0.7141 0.5991
vn -0.6539 -0.6322 0.4157
vn -0.3137 -0.8725 0.3745
vn -0.5728 -0.7878 0.2264
vn -0.0000 -0.7247 0.6891
vn 0.0001 -0.8918 0.4524
vn -0.6569 -0.7538 -0.0116
vn -0.6403 -0.7658 -0.0598
vn -0.8061 -0.5429 0.2356
vn -0.7081 -0.7018 0.0785
vn 0.5749 -0.7246 -0.3801
vn 0.3578 -0.8847 -0.2987
vn 0.5190 -0.8015 -0.2970
vn 0.5110 -0.7417 -0.4345
vn 0.3484 -0.8755 -0.3348
vn 0.1998 -0.9370 -0.2865
vn 0.0753 -0.9924 -0.0975
vn -0.0000 -0.9977 -0.0680
vn 0.7103 -0.5496 -0.4398
vn -0.9548 -0.2940 -0.0435
vn 0.6351 -0.5562 -0.5361
vn 0.5312 -0.5219 -0.6675
vn 0.5795 -0.4875 -0.6531
vn 0.3366 -0.9138 -0.2274
vn 0.3172 -0.8695 -0.3785
vn 0.2491 -0.4168 -0.8742
vn 0.2071 -0.4485 -0.8694
vn 0.3231 -0.6276 -0.7083
vn 0.4417 -0.4981 -0.7462
vn -0.0992 -0.5118 -0.8534
vn 0.2650 -0.8165 -0.5130
vn -0.8081 -0.2132 -0.5491
vn -0.8512 -0.5235 -0.0372
vn -0.9577 -0.1628 -0.2373
vn -0.9994 -0.0279 -0.0221
vn -0.7048 -0.7084 0.0374
vn -0.0208 0.5349 0.8447
vn -0.2870 0.7226 0.6288
vn 0.3338 0.3039 0.8923
vn 0.4323 0.1954 0.8803
vn -0.8090 0.3914 0.4386
vn 0.6433 0.3034 0.7029
vn 0.7894 0.4329 0.4353
vn 0.6498 0.7534 -0.1010
vn 0.6944 0.7089 0.1239
vn 0.5647 0.8007 -0.1999
vn 0.3242 0.7129 0.6218
vn 0.7104 0.6984 -0.0871
vn 0.4965 0.8483 -0.1841
vn 0.2489 0.6275 0.7378
vn 0.2794 0.7512 0.5980
vn 0.1897 0.9397 0.2846
vn 0.4002 0.8508 0.3406
vn 0.2476 0.8068 0.5365
vn 0.1221 0.9498 0.2880
vn 0.1076 0.9630 0.2470
vn 0.0838 0.9680 0.2365
vn -0.0000 0.9987 0.0512
vn 0.4711 -0.7843 -0.4036
vn 0.4257 -0.8243 -0.3732
vn 0.6497 -0.7033 -0.2886
vn 0.5715 -0.6710 -0.4724
vn 0.4380 -0.8181 -0.3727
vn 0.2957 -0.7960 -0.5282
vn 0.1550 -0.9191 -0.3623
vn -0.0000 -0.9529 -0.3032
vn 0.7235 -0.5120 -0.4630
vn 0.7539 -0.4490 -0.4796
vn 0.7492 -0.4125 -0.5182
vn 0.6126 -0.4876 -0.6220
vn 0.6353 -0.2949 -0.7137
vn 0.5428 -0.5281 -0.6530
vn 0.0414 -0.6409 -0.7665
vn 0.4849 -0.5181 -0.7046
vn 0.7900 -0.2309 -0.5679
vn 0.4653 -0.3411 -0.8168
vn -0.6452 -0.5790 -0.4984
vn 0.6482 -0.3659 -0.6678
vn -0.9537 -0.1967 -0.2277
vn -0.6720 -0.5242 -0.5232
vn -0.7754 -0.5898 -0.2259
vn -0.9397 -0.3290 -0.0931
vn -0.7054 0.2111 0.6766
vn -0.7350 0.4704 0.4885
vn -0.3130 0.3137 0.8964
vn -0.2301 0.2239 0.9471
vn -0.8081 0.4144 0.4186
vn -0.4678 0.3104 0.8275
vn -0.2262 0.3886 0.8932
vn -0.6110 0.5337 0.5847
vn -0.3816 0.2223 0.8972
vn -0.7204 0.5976 0.3519
vn 0.3133 0.8437 0.4358
vn 0.1555 0.9339 0.3218
vn -0.3727 0.8780 0.3004
vn 0.3949 0.6216 0.6765
vn 0.1164 0.7487 0.6526
vn 0.2915 0.9240 0.2474
vn 0.1382 0.8658 0.4810
vn -0.0829 0.7779 0.6229
vn 0.3100 0.9420 0.1289
vn 0.2793 0.9585 0.0567
vn 0.2172 0.9733 0.0747
vn -0.0000 0.9927 0.1206
vn 0.2391 0.6381 0.7319
vn 0.5265 0.7579 0.3853
vn 0.1013 0.7741 0.6250
vn 0.0632 0.9410 0.3323
vn 0.0057 0.7983 0.6022
vn 0.1390 0.9445 0.2977
vn 0.2629 0.9573 0.1201
vn -0.0000 0.9973 0.0729
vn -0.8080 0.3203 0.4946
vn -0.9972 -0.0535 -0.0513
vn -0.8985 0.1876 0.3969
vn -0.8648 -0.0840 0.4950
vn -0.7810 0.2055 0.5898
vn -0.5089 -0.3857 0.7696
vn -0.7988 0.4025 0.4472
vn -0.4367 0.6814 0.5873
vn -0.6055 0.6280 0.4889
vn -0.8256 -0.5107 0.2399
vn -0.3065 -0.7177 0.6253
vn -0.0235 -0.9318 0.3621
vn -0.6734 -0.6894 0.2669
vn 0.2510 -0.9159 -0.3132
vn 0.1686 -0.9837 -0.0626
vn 0.3159 -0.9403 -0.1266
vn 0.1504 -0.9327 -0.3277
vn 0.2946 -0.9554 0.0225
vn -0.0267 -0.9970 0.0732
vn 0.2222 -0.9456 -0.2375
vn 0.1477 -0.8888 -0.4339
vn -0.5087 -0.7681 -0.3889
vn -0.8493 -0.4399 -0.2918
vn -0.9700 0.0317 0.2411
vn -0.9072 -0.2199 -0.3587
vn -0.9685 0.1433 0.2037
vn -0.9355 -0.3349 -0.1127
vn -0.9892 -0.0179 0.1453
vn -0.2490 -0.7822 -0.5711
vn -0.8031 -0.2869 0.5222
vn -0.7621 0.1155 0.6370
vn -0.8256 0.2923 0.4826
vn -0.9006 0.0924 0.4247
vn -0.6697 0.4744 0.5714
vn -0.4030 0.4853 0.7759
vn -0.3464 -0.0262 0.9377
vn -0.8618 0.1677 0.4787
vn -0.2497 -0.9683 0.0010
vn -0.5406 -0.8109 0.2240
vn -0.5422 -0.8251 0.1587
vn 0.1390 -0.9378 -0.3182
vn -0.8825 -0.3603 0.3021
vn -0.1788 -0.9404 0.2894
vn 0.1893 -0.9587 0.2124
vn -0.0125 -0.9452 -0.3262
vn -0.8763 -0.2507 0.4113
vn -0.3929 -0.3994 0.8284
vn 0.7479 0.6402 0.1755
vn 0.9303 0.2236 0.2909
vn 0.7647 0.2970 0.5718
vn 0.9067 0.1290 0.4016
vn 0.9775 0.0724 0.1982
vn 0.9956 0.0265 0.0901
vn 0.7106 -0.4780 -0.5163
vn 0.1367 -0.7626 -0.6322
vn 0.0900 -0.8471 -0.5238
vn 0.3804 -0.6889 -0.6170
vn 0.4843 -0.5521 -0.6787
vn 0.1739 -0.6212 -0.7641
vn -0.0542 -0.6455 -0.7619
vn 0.8135 -0.3775 -0.4425
vn -0.1298 -0.8162 -0.5629
vn 0.5602 -0.6524 -0.5105
vn -0.1602 -0.9837 -0.0819
vn -0.0052 -0.9666 -0.2561
vn 0.5920 -0.6720 -0.4448
vn 0.3995 -0.8208 -0.4083
vn 0.0794 -0.9854 -0.1509
vn 0.0832 -0.9952 -0.0507
vn -0.0000 -0.8378 -0.5459
vn -0.0000 -0.9759 -0.2183
vn 0.0376 -0.9362 -0.3494
vn 0.0073 -0.9788 -0.2048
vn 0.0160 -0.9735 -0.2282
vn 0.6747 -0.6382 -0.3708
vn -0.9661 0.1679 0.1960
vn -0.8977 0.3446 0.2745
vn -0.8913 0.4422 0.0998
vn -0.9168 0.3674 0.1563
vn -0.8860 0.3420 0.3131
vn -0.9011 0.0770 0.4267
vn -0.9059 0.4233 -0.0103
vn -0.6146 0.7869 -0.0555
vn -0.7435 0.6565 -0.1270
vn -0.4798 0.8573 -0.1868
vn -0.4402 0.8973 -0.0320
vn -0.3583 0.9316 -0.0610
vn 0.1105 0.9870 -0.1164
vn 0.1099 0.9621 -0.2494
vn -0.3296 0.9206 -0.2096
vn -0.9880 -0.1433 -0.0580
vn -0.8487 -0.5196 -0.0991
vn -0.8068 -0.5862 -0.0734
vn -0.9589 -0.2828 -0.0234
vn -0.8262 -0.5535 -0.1049
vn -0.8260 -0.5616 -0.0480
vn -0.9264 -0.3677 -0.0805
vn -0.7734 -0.5975 -0.2118
vn -0.7740 -0.5859 -0.2403
vn -0.9481 -0.2960 -0.1166
vn -0.9725 -0.2324 -0.0146
vn -0.9584 -0.2847 0.0192
vn -0.9957 -0.0810 0.0459
vn -0.9693 -0.2391 -0.0569
vn -0.9702 0.2422 -0.0076
vn -0.9829 0.1815 0.0323
vn -0.9817 0.1814 0.0571
vn -0.9760 0.2119 0.0502
vn -0.9987 -0.0325 -0.0398
vn -0.1954 -0.8834 -0.4258
vn -0.1803 -0.8909 -0.4170
vn -0.9594 0.2684 0.0866
vn -0.9430 0.3253 0.0706
vn -0.8879 0.4553 -0.0661
vn -0.9425 0.3311 -0.0450
vn -0.8997 0.4347 0.0398
vn -0.8573 0.5138 0.0320
vn -0.8615 0.5016 -0.0788
vn -0.8517 0.5142 -0.1014
vn -0.1854 -0.9327 -0.3093
vn -0.7715 -0.6136 -0.1679
vn -0.9361 -0.3280 -0.1269
vn -0.8892 0.4574 0.0144
vn -0.0216 -0.5690 0.8220
vn -0.1784 -0.8519 0.4924
vn -0.3088 -0.9285 0.2064
vn -0.5410 -0.8383 0.0671
vn -0.7139 -0.6986 -0.0478
vn -0.7585 -0.5619 -0.3301
vn -0.8653 -0.3506 -0.3583
vn -0.5097 0.7264 0.4611
vn -0.9998 0.0204 -0.0070
vn -0.3616 0.7427 0.5636
vn -0.2134 0.6299 0.7468
vn -0.0269 0.4707 0.8819
vn 0.1183 0.0704 0.9905
vn -0.0506 -0.6824 0.7292
vn -0.1014 -0.8790 0.4659
vn -0.3012 -0.9400 0.1600
vn -0.5806 -0.8115 0.0662
vn -0.6617 -0.7480 0.0516
vn -0.7301 -0.6096 -0.3088
vn -0.9387 -0.2784 -0.2034
vn -0.8266 0.2450 0.5066
vn -0.4311 0.6201 0.6554
vn -0.3366 0.5431 0.7692
vn -0.1837 0.3974 0.8991
vn 0.0764 -0.0519 0.9957
vn -0.8456 0.5328 0.0337
vn -0.8692 0.4829 0.1061
vn -0.9160 0.3609 0.1755
vn -0.9967 -0.0275 0.0770
vn -0.9776 -0.2092 0.0225
vn -0.8649 -0.4902 -0.1080
vn -0.7439 -0.6633 -0.0820
vn -0.9385 -0.3258 0.1147
vn -0.9219 -0.3751 0.0971
vn -0.7648 -0.6388 -0.0833
vn -0.1867 -0.9263 -0.3271
vn -0.3929 0.9170 -0.0696
vn -0.7110 0.7017 -0.0451
vn 0.1465 0.9635 -0.2238
vn -0.2606 0.9533 -0.1523
vn -0.9669 0.1882 0.1721
vn -0.8860 0.4614 -0.0472
vn -0.8411 0.5408 -0.0062
vn 0.8466 -0.1539 0.5095
vn 0.8056 -0.2493 0.5375
vn 0.8000 -0.4522 0.3943
vn 0.8656 -0.3693 0.3381
vn 0.7322 -0.5732 0.3678
vn 0.8277 -0.4131 0.3799
vn 0.7581 -0.3323 0.5611
vn 0.7515 -0.3563 0.5552
vn 0.7566 -0.3676 0.5407
vn 0.6978 -0.2369 0.6759
vn 0.7286 -0.3398 0.5947
vn 0.8073 -0.5268 0.2662
vn 0.9261 -0.3721 0.0619
vn 0.8139 -0.4225 0.3990
vn 0.6334 -0.1987 0.7479
vn 0.9860 0.0289 0.1644
vn 0.8274 -0.3722 0.4206
vn 0.6838 -0.1814 0.7067
vn 0.6029 -0.2705 0.7506
vn 0.6391 -0.0972 0.7629
vn 0.6547 0.0713 0.7525
vn 0.7632 -0.1030 0.6379
vn 0.6387 0.1915 0.7452
vn 0.7135 -0.0244 0.7002
vn 0.8347 -0.0027 0.5506
vn 0.7926 0.0068 0.6097
vn 0.7181 -0.3290 0.6132
vn 0.7452 -0.3126 0.5890
vn 0.7852 -0.4746 0.3978
vn 0.7081 -0.5889 0.3897
vn 0.7269 -0.6013 0.3317
vn 0.7873 -0.5853 0.1940
vn 0.7320 -0.6813 0.0064
vn 0.6724 -0.7098 0.2098
vn 0.7461 -0.6295 -0.2169
vn 0.7133 -0.6785 -0.1757
vn 0.8965 -0.3273 -0.2988
vn 0.9438 -0.3299 -0.0214
vn 0.9772 0.0631 -0.2027
vn 0.9733 -0.1327 -0.1874
vn 0.9602 0.2415 -0.1403
vn 0.8985 0.4104 0.1559
vn 0.8429 0.4099 0.3486
vn 0.6998 0.1881 0.6891
vn 0.7467 0.4899 0.4499
vn 0.6823 -0.0007 0.7311
vn 0.5058 0.5435 0.6698
vn 0.7676 0.1081 0.6318
vn 0.4829 0.3428 0.8058
vn 0.4752 0.0657 0.8774
vn 0.7651 0.0221 0.6436
vn 0.7566 -0.1852 0.6272
vn 0.7413 -0.5907 0.3187
vn 0.6804 -0.7325 0.0215
vn 0.7445 -0.6519 -0.1438
vn 0.8002 -0.5492 -0.2407
vn 0.9261 -0.3362 -0.1711
vn 0.9894 -0.0528 0.1355
vn 0.8933 0.2454 0.3766
vn 0.6863 0.4213 0.5929
vn 0.5599 0.5041 0.6576
vn 0.5711 0.3131 0.7589
vn 0.8861 0.1701 0.4312
vn 0.9837 0.0605 -0.1694
vn 0.9833 -0.1546 -0.0956
vn 0.8930 -0.4395 0.0972
vn 0.8431 -0.5369 0.0297
vn 0.8248 -0.5453 -0.1497
vn 0.8786 -0.4639 -0.1135
vn 0.9680 -0.1879 0.1661
vn 0.8979 0.2118 0.3858
vn 0.7551 0.2232 0.6164
vn 0.7750 0.1727 0.6079
vn 0.9078 0.1420 0.3945
vn 0.9242 0.3819 0.0064
vn 0.9361 0.3051 0.1749
vn 0.9243 0.3696 0.0953
vn 0.9204 0.3127 0.2346
vn 0.8299 0.5184 0.2061
vn 0.9354 0.3503 0.0483
vn 0.9710 0.2363 0.0361
vn 0.6875 0.3155 0.6541
vn 0.5305 0.1622 0.8320
vn 0.4773 0.1060 0.8723
vn 0.2426 0.1352 0.9607
vn 0.5108 0.0728 0.8566
vn 0.6699 -0.4448 0.5945
vn 0.8420 0.3846 0.3782
vn 0.8962 0.3982 0.1957
vn 0.9786 -0.1959 0.0629
vn 0.9305 -0.0247 0.3655
vn 0.3790 0.0932 0.9207
vn 0.9147 -0.3936 0.0914
vn -0.2122 0.8668 0.4512
vn -0.4303 0.6050 0.6700
vn -0.3879 0.5499 0.7397
vn -0.3417 0.5581 0.7562
vn -0.2140 0.5654 0.7966
vn -0.0736 0.3898 0.9180
vn 0.4806 0.2654 0.8358
vn 0.3209 0.6224 0.7139
vn 0.3792 0.6638 0.6447
vn 0.0959 0.5090 0.8554
vn 0.2258 0.5633 0.7948
vn -0.1957 0.7499 0.6320
vn -0.2289 0.6623 0.7134
vn -0.1057 0.7296 0.6756
vn 0.1167 0.7191 0.6850
vn 0.0686 0.6959 0.7148
vn 0.0439 0.6964 0.7163
vn 0.1219 0.6036 0.7879
vn 0.2409 0.6825 0.6900
vn 0.3782 0.6754 0.6331
vn 0.0768 0.6453 0.7601
vn 0.0132 0.7264 0.6871
vn 0.0679 0.7059 0.7050
vn 0.8972 0.4176 0.1438
vn 0.8089 0.5612 0.1753
vn -0.0513 0.9344 0.3526
vn 0.0902 0.9522 0.2918
vn -0.0096 0.8445 0.5355
vn 0.0531 0.7252 0.6865
vn 0.9731 -0.1149 -0.1995
vn 0.9994 0.0090 -0.0332
vn 0.9592 0.2786 0.0478
vn 0.9135 0.4004 -0.0727
vn 0.1769 0.9433 0.2809
vn 0.3516 0.8012 0.4841
vn 0.1537 0.7452 0.6489
vn 0.6051 0.7714 0.1970
vn 0.6137 0.7813 0.1136
vn 0.8277 0.5156 -0.2215
vn 0.8415 0.4117 -0.3497
vn 0.8728 0.4735 -0.1187
vn 0.9630 0.2594 -0.0727
vn 0.9830 -0.0273 -0.1814
vn 0.9967 0.0710 -0.0384
vn 0.8263 0.4434 0.3472
vn 0.7750 0.3431 0.5306
vn 0.8632 0.2941 0.4102
vn 0.8509 0.4387 0.2889
vn 0.9563 0.2702 0.1118
vn 0.9641 0.1659 0.2073
vn 0.9825 0.1860 0.0023
vn 0.9920 0.0869 0.0915
vn 0.6628 0.4982 0.5589
vn 0.6378 0.4090 0.6526
vn 0.3571 0.6062 0.7106
vn 0.5122 0.5419 0.6663
vn 0.4328 0.6245 0.6501
vn 0.5416 0.5942 0.5947
vn 0.9377 0.1549 0.3110
vn 0.8718 -0.0686 0.4851
vn 0.9300 -0.0478 0.3644
vn 0.9119 0.1571 0.3791
vn 0.9670 -0.0597 0.2476
vn 0.9332 0.1068 0.3431
vn 0.9926 -0.0720 0.0980
vn 0.9775 0.0591 0.2026
vn 0.8745 0.1148 0.4712
vn 0.7702 -0.1701 0.6147
vn 0.6530 0.1370 0.7448
vn 0.6498 -0.1948 0.7347
vn 0.4690 0.0125 0.8831
vn 0.5229 -0.1287 0.8426
vn 0.7869 -0.4440 0.4285
vn 0.8605 -0.4158 0.2943
vn 0.8719 0.0886 0.4816
vn 0.8658 0.1949 0.4609
vn 0.9009 -0.4141 0.1301
vn 0.9305 0.0453 0.3635
vn 0.9212 -0.3877 -0.0315
vn 0.9669 0.0452 0.2513
vn 0.7073 -0.4285 0.5622
vn 0.8322 0.3683 0.4144
vn 0.5990 -0.4415 0.6680
vn 0.6696 0.4509 0.5903
vn 0.5121 -0.3109 0.8007
vn 0.3585 -0.5690 0.7401
vn 0.5416 0.2829 0.7916
vn 0.5824 0.4573 0.6721
vn 0.8550 0.1538 0.4954
vn 0.7770 0.2312 0.5855
vn 0.9435 0.0785 0.3220
vn 0.9857 0.0155 0.1678
vn 0.7287 0.3461 0.5909
vn 0.6412 0.4905 0.5901
vn 0.5917 0.5471 0.5920
vn 0.9905 0.0517 0.1275
vn 0.9740 0.1890 0.1250
vn 0.9901 0.0739 0.1195
vn 0.9908 -0.0136 0.1345
vn 0.9849 0.0889 0.1486
vn 0.9434 0.2593 0.2068
vn 0.9956 -0.0393 0.0846
vn 0.9909 0.0492 0.1257
vn 0.9755 -0.1775 -0.1301
vn 0.9507 -0.3004 -0.0775
vn 0.9426 -0.2230 -0.2487
vn 0.8002 0.1949 0.5671
vn 0.7459 0.1383 0.6515
vn 0.7277 -0.0055 0.6859
vn 0.7728 0.0106 0.6345
vn 0.8328 0.2638 0.4866
vn 0.8780 0.2589 0.4025
vn 0.9515 0.2737 0.1408
vn 0.9198 0.3287 0.2141
vn 0.9046 0.3199 0.2819
vn 0.8525 0.0336 0.5216
vn 0.8871 0.2705 0.3740
vn 0.9414 0.1722 0.2900
vn 0.9237 0.3811 0.0394
vn 0.8510 0.5023 0.1535
vn 0.6786 -0.4543 0.5771
vn 0.5957 -0.5388 0.5957
vn 0.8022 0.0927 0.5898
vn 0.9483 0.1452 -0.2823
vn 0.9512 0.0470 -0.3049
vn 0.8771 -0.3681 0.3086
vn 0.9128 -0.3230 -0.2500
vn 0.9363 0.1207 -0.3299
vn 0.7552 -0.6552 -0.0203
vn 0.9118 0.2656 0.3133
vn 0.9605 0.1881 0.2052
vn 0.9712 0.0490 -0.2331
vn 0.9356 0.3247 0.1388
vn 0.9049 0.2986 0.3033
vn 0.5960 0.7326 0.3288
vn 0.3218 0.8016 0.5038
vn 0.7722 0.5421 0.3314
vn 0.5596 0.7812 0.2767
vn 0.4150 0.8475 0.3309
vn 0.5190 0.7836 0.3415
vn 0.4718 0.7725 0.4250
vn 0.9528 0.2998 -0.0475
vn 0.9711 0.1648 0.1724
vn 0.8654 0.3255 0.3810
vn 0.8102 0.5159 0.2783
vn 0.8241 0.5116 0.2430
vn 0.9507 0.2994 -0.0803
vn 0.9963 0.0523 0.0677
vn 0.9716 -0.2355 -0.0241
vn 0.9728 0.2317 -0.0046
vn 0.8126 0.4155 0.4087
vn 0.8685 0.3036 0.3918
vn 0.9892 0.1401 0.0436
vn 0.9995 -0.0240 -0.0223
vn 0.9694 0.1466 -0.1967
vn 0.9871 -0.0896 -0.1327
vn 0.9934 0.0448 -0.1059
vn 0.9903 0.1183 0.0728
vn 0.9700 0.2028 -0.1342
vn 0.9323 0.2683 -0.2427
vn 0.9926 -0.0983 0.0708
vn 0.9906 0.0807 0.1104
vn 0.6198 -0.6154 0.4869
vn 0.5280 -0.3492 0.7741
vn 0.5130 -0.8156 0.2675
vn 0.5532 -0.8264 0.1047
vn 0.7373 -0.6755 -0.0133
vn 0.8349 -0.5197 -0.1814
vn 0.8543 -0.3043 -0.4214
vn 0.5527 0.7323 0.3979
vn 0.8967 0.3367 -0.2873
vn 0.4569 0.6156 0.6421
vn 0.4001 0.5085 0.7625
vn 0.4001 0.5085 0.7624
vn 0.6030 -0.2705 0.7505
vn 0.3370 0.3488 0.8745
vn 0.3779 0.0737 0.9229
vn 0.9201 0.2239 0.3214
vn 0.7842 0.3804 0.4902
vn 0.9719 0.2051 0.1156
vn 0.9848 0.1726 -0.0199
vn 0.4893 0.5292 0.6932
vn 0.2480 0.8471 0.4700
vn 0.8668 0.2955 0.4017
vn 0.9482 0.1680 0.2696
vn 0.9738 -0.0022 0.2274
vn 0.9824 0.0884 0.1642
vn 0.4236 -0.9039 -0.0593
vn 0.6676 -0.7374 0.1025
vn 0.6854 -0.6822 0.2545
vn 0.5156 -0.8502 0.1061
vn -0.4172 -0.8966 -0.1485
vn -0.0101 -0.9880 -0.1539
vn 0.0626 -0.9980 -0.0112
vn 0.9824 -0.1056 0.1543
vn 0.9403 -0.2398 0.2414
vn 0.8698 -0.4585 0.1824
vn 0.7983 -0.5061 0.3264
vn 0.4727 0.7396 0.4791
vn 0.7560 0.2187 0.6170
vn 0.5356 0.7681 0.3509
vn 0.7477 0.3935 0.5350
vn 0.7867 -0.0792 0.6122
vn 0.9061 -0.0758 0.4162
vn 0.8424 -0.4084 0.3515
vn 0.8213 -0.3175 0.4740
vn 0.7691 -0.5872 0.2525
vn 0.8163 -0.5051 0.2802
vn 0.5170 -0.8464 0.1279
vn 0.7240 -0.6616 0.1950
vn 0.7180 -0.6798 0.1496
vn 0.4827 -0.8734 0.0639
vn 0.1620 -0.9866 0.0198
vn 0.2739 -0.9603 -0.0538
vn -0.2210 -0.9558 -0.1942
vn -0.3686 -0.9084 -0.1972
vn -0.0000 -0.9442 -0.3292
vn 0.5688 0.2329 0.7888
vn 0.7707 0.0336 0.6363
vn 0.2358 0.8733 0.4263
vn 0.8253 -0.1434 0.5462
vn 0.8206 -0.2745 0.5013
vn 0.8098 -0.4579 0.3667
vn 0.7495 -0.6357 0.1848
vn 0.5588 -0.8288 -0.0276
vn 0.3238 -0.9313 -0.1668
vn -0.0514 -0.9724 -0.2276
vn -0.0000 -0.9329 -0.3601
vn 0.3395 0.7614 0.5522
vn 0.7194 0.6479 0.2504
vn 0.5569 0.7288 0.3983
vn 0.6820 0.6624 0.3100
vn 0.5194 0.7256 0.4514
vn 0.9499 0.2998 -0.0888
vn 0.9275 0.3733 -0.0183
vn 0.8975 0.4321 0.0882
vn 0.8948 0.3771 0.2390
vn 0.9323 0.2201 0.2871
vn 0.9839 0.1786 -0.0003
vn 0.9640 0.1512 0.2189
vn 0.9627 0.2695 -0.0238
vn 0.9448 0.3264 -0.0276
vn 0.9078 0.1835 -0.3771
vn 0.9302 0.1238 -0.3457
vn 0.6469 -0.7299 -0.2208
vn 0.3326 -0.8873 -0.3197
vn 0.5502 -0.6151 -0.5647
vn 0.8643 -0.4902 -0.1127
vn 0.7546 -0.4080 -0.5140
vn 0.9850 -0.1200 -0.1240
vn 0.8500 -0.1854 -0.4931
vn 0.0580 -0.9834 -0.1720
vn -0.0876 -0.9932 -0.0768
vn -0.1587 -0.9855 -0.0597
vn 0.2628 -0.9423 -0.2075
vn 0.3250 -0.8554 -0.4032
vn 0.5131 -0.7885 -0.3392
vn -0.0300 -0.9994 -0.0198
vn -0.2797 -0.9452 -0.1682
vn -0.3643 -0.9280 -0.0786
vn -0.0181 -0.9849 -0.1723
vn -0.0537 -0.9444 -0.3245
vn -0.0741 -0.8170 -0.5718
vn 0.2161 -0.6364 -0.7405
vn 0.4630 -0.7030 -0.5399
vn 0.5609 0.7826 0.2701
vn 0.7652 0.5821 0.2750
vn 0.7735 0.6228 0.1176
vn 0.5672 0.8051 0.1734
vn 0.5969 0.7531 0.2767
vn 0.6370 0.7370 0.2261
vn 0.9968 0.0563 -0.0568
vn 0.9854 0.1328 -0.1066
vn 0.9862 0.1140 -0.1202
vn 0.9774 0.1644 -0.1327
vn 0.9963 0.0550 -0.0663
vn 0.9783 0.1758 -0.1097
vn 0.9591 -0.2673 -0.0930
vn 0.9379 -0.3138 -0.1476
vn 0.9747 -0.1379 -0.1761
vn 0.9945 -0.0996 0.0318
vn 0.9821 0.1878 0.0154
vn 0.9729 0.1861 0.1370
vn 0.9638 0.2651 0.0281
vn 0.9774 0.2114 0.0076
vn 0.9962 0.0834 0.0251
vn 0.9881 0.1498 -0.0356
vn 0.9204 -0.3158 -0.2305
vn 0.8742 -0.4409 -0.2033
vn -0.1886 -0.9691 -0.1588
vn 0.4252 -0.8724 -0.2413
vn 0.7194 -0.5742 -0.3909
vn 0.6159 -0.7346 -0.2847
vn 0.7570 -0.5638 -0.3302
vn 0.6674 -0.6242 -0.4061
vn 0.6155 -0.6340 -0.4681
vn 0.5053 -0.7587 -0.4112
vn 0.5776 -0.6882 -0.4390
vn 0.7396 -0.5731 -0.3530
vn 0.8426 -0.4361 -0.3159
vn 0.9766 0.2130 0.0286
vn 0.9862 0.1651 0.0107
vn 0.6257 0.7676 0.1390
vn 0.8010 0.5957 0.0601
vn 0.5710 0.7415 0.3522
vn 0.7540 0.5697 0.3270
vn 0.6417 0.7541 0.1403
vn 0.5802 0.7126 0.3945
vn 0.9967 0.0317 -0.0746
vn 0.9980 0.0630 0.0080
vn 0.9647 0.1136 -0.2376
vn 0.9785 -0.1418 -0.1500
vn 0.9997 -0.0209 -0.0149
vn 0.9437 0.2655 -0.1975
vn 0.9472 -0.2664 -0.1785
vn 0.9875 -0.0680 -0.1422
vn 0.9599 -0.0623 -0.2733
vn 0.9854 -0.0785 -0.1512
vn 0.9718 0.2329 0.0366
vn 0.9853 0.1702 0.0125
vn 0.9288 0.3534 0.1117
vn 0.9423 0.3334 -0.0284
vn 0.9677 0.2374 -0.0843
vn 0.9981 0.0572 -0.0219
vn 0.9574 0.2696 -0.1035
vn 0.7842 -0.5131 -0.3490
vn 0.8388 -0.0862 -0.5375
vn -0.1673 -0.9704 -0.1743
vn 0.4891 -0.8351 -0.2519
vn 0.6867 -0.6772 -0.2642
vn 0.8517 -0.4241 -0.3079
vn 0.6552 -0.6770 -0.3352
vn 0.4904 -0.5344 -0.6884
vn 0.4919 -0.8092 -0.3212
vn 0.5322 -0.4207 -0.7347
vn 0.7017 -0.6196 -0.3517
vn 0.6603 -0.2714 -0.7002
vn 0.9707 0.2393 0.0205
vn 0.3986 -0.4953 -0.7719
vn 0.6053 -0.3668 -0.7065
vn 0.7014 -0.2224 -0.6772
vn 0.7580 0.0205 -0.6519
vn 0.2617 -0.7437 -0.6152
vn 0.7926 0.1202 -0.5978
vn 0.8874 0.1604 -0.4323
vn 0.8892 0.0449 0.4554
vn 0.4980 0.4362 0.7495
vn 0.3796 0.6144 0.6917
vn 0.8936 0.1483 0.4237
vn 0.9367 -0.2029 0.2852
vn 0.9718 -0.0615 0.2276
vn 0.9379 -0.2373 0.2531
vn 0.9677 -0.2212 0.1209
vn 0.9116 -0.3828 0.1501
vn 0.9015 -0.4327 0.0027
vn 0.6301 -0.7587 -0.1654
vn 0.8367 -0.5471 0.0269
vn 0.8187 -0.5715 -0.0555
vn 0.5984 -0.7786 -0.1892
vn 0.3017 -0.9032 -0.3052
vn 0.2442 -0.9012 -0.3579
vn -0.0348 -0.9540 -0.2977
vn -0.0917 -0.9128 -0.3981
vn -0.0000 -0.9269 -0.3752
vn -0.0000 -0.9398 -0.3417
vn 0.9456 -0.0271 0.3243
vn 0.8785 0.2307 0.4183
vn 0.4630 0.7302 0.5025
vn 0.6655 0.5900 0.4571
vn 0.9280 -0.2783 0.2476
vn 0.9524 -0.1324 0.2746
vn 0.8647 -0.4763 0.1594
vn 0.9078 -0.3965 0.1366
vn 0.7392 -0.6733 0.0158
vn 0.7900 -0.6131 -0.0018
vn 0.6067 -0.7877 -0.1071
vn 0.7238 -0.6886 -0.0430
vn 0.6648 -0.7465 -0.0282
vn 0.5987 -0.7978 -0.0712
vn 0.3446 -0.9034 -0.2551
vn 0.4786 -0.8596 -0.1790
vn -0.1189 -0.8990 -0.4216
vn 0.0192 -0.9377 -0.3470
vn -0.0000 -0.9022 -0.4313
vn -0.0001 -0.8866 -0.4626
vn 0.2963 0.7191 0.6286
vn 0.8414 0.2608 0.4734
vn 0.9604 -0.0675 0.2702
vn 0.9529 -0.2625 0.1517
vn 0.8562 -0.5166 0.0029
vn 0.6367 -0.7556 -0.1539
vn 0.7731 -0.6322 -0.0519
vn 0.2857 -0.8943 -0.3445
vn -0.1424 -0.8908 -0.4315
vn 0.6938 -0.2500 0.6754
vn 0.8424 -0.1774 0.5089
vn 0.5709 0.5588 0.6015
vn 0.4195 0.6172 0.6656
vn 0.6857 -0.4494 0.5726
vn 0.8457 -0.3888 0.3655
vn 0.0001 -0.3212 0.9470
vn 0.4258 -0.3181 0.8471
vn 0.2915 0.5780 0.7622
vn 0.0001 -0.5826 0.8127
vn 0.4140 -0.5366 0.7353
vn 0.2827 -0.9584 -0.0399
vn 0.5538 -0.8286 -0.0820
vn 0.5710 -0.8171 0.0797
vn 0.3418 -0.9174 0.2038
vn 0.0001 -0.9717 0.2363
vn 0.3623 -0.7141 0.5990
vn 0.6539 -0.6321 0.4157
vn 0.5729 -0.7878 0.2264
vn 0.3138 -0.8725 0.3745
vn 0.0001 -0.7247 0.6891
vn 0.6403 -0.7658 -0.0598
vn 0.6570 -0.7538 -0.0117
vn 0.8061 -0.5429 0.2356
vn 0.7081 -0.7017 0.0784
vn -0.3578 -0.8847 -0.2987
vn -0.5749 -0.7246 -0.3801
vn -0.5190 -0.8016 -0.2969
vn -0.5110 -0.7417 -0.4345
vn -0.3484 -0.8755 -0.3347
vn -0.1997 -0.9370 -0.2865
vn -0.0752 -0.9924 -0.0975
vn -0.7103 -0.5497 -0.4397
vn 0.9548 -0.2939 -0.0436
vn -0.6351 -0.5562 -0.5360
vn -0.5312 -0.5219 -0.6674
vn -0.5796 -0.4875 -0.6530
vn -0.3172 -0.8696 -0.3785
vn -0.3408 -0.9137 -0.2211
vn -0.2491 -0.4181 -0.8736
vn -0.2073 -0.4495 -0.8689
vn -0.3232 -0.6276 -0.7083
vn -0.4417 -0.4982 -0.7461
vn 0.1006 -0.5130 -0.8525
vn -0.2656 -0.8174 -0.5113
vn 0.8080 -0.2132 -0.5492
vn 0.8512 -0.5235 -0.0373
vn 0.9994 -0.0279 -0.0222
vn 0.9577 -0.1627 -0.2374
vn 0.7048 -0.7084 0.0372
vn 0.2871 0.7227 0.6288
vn 0.0260 0.5306 0.8472
vn -0.3341 0.3010 0.8932
vn -0.4299 0.1864 0.8834
vn 0.8263 0.3989 0.3976
vn -0.6443 0.2981 0.7043
vn -0.7861 0.4349 0.4393
vn -0.6944 0.7088 0.1240
vn -0.6250 0.7694 -0.1318
vn -0.5286 0.8157 -0.2349
vn -0.3305 0.7016 0.6313
vn -0.6913 0.7174 -0.0860
vn -0.4966 0.8482 -0.1841
vn -0.2489 0.6274 0.7378
vn -0.2794 0.7512 0.5981
vn -0.1897 0.9397 0.2846
vn -0.4002 0.8507 0.3407
vn -0.2476 0.8068 0.5365
vn -0.1221 0.9498 0.2881
vn -0.1077 0.9630 0.2469
vn -0.0839 0.9680 0.2365
vn -0.0001 0.9987 0.0512
vn -0.4710 -0.7844 -0.4036
vn -0.4257 -0.8243 -0.3732
vn -0.6497 -0.7034 -0.2885
vn -0.5715 -0.6710 -0.4724
vn -0.4380 -0.8181 -0.3727
vn -0.2957 -0.7960 -0.5282
vn -0.1550 -0.9191 -0.3623
vn -0.7235 -0.5120 -0.4629
vn -0.7539 -0.4491 -0.4795
vn -0.7492 -0.4125 -0.5181
vn -0.6127 -0.4876 -0.6220
vn -0.6231 -0.2939 -0.7249
vn -0.5398 -0.5284 -0.6553
vn -0.4849 -0.5181 -0.7045
vn -0.0407 -0.6436 -0.7643
vn -0.4654 -0.3411 -0.8167
vn -0.7818 -0.2222 -0.5825
vn 0.6356 -0.6345 -0.4398
vn -0.6188 -0.3429 -0.7068
vn 0.9537 -0.1966 -0.2278
vn 0.6719 -0.5244 -0.5230
vn 0.7755 -0.5896 -0.2259
vn 0.9416 -0.3253 -0.0870
vn 0.7102 0.2135 0.6708
vn 0.7328 0.4693 0.4928
vn 0.3127 0.3134 0.8967
vn 0.2292 0.2278 0.9464
vn 0.8081 0.4144 0.4185
vn 0.4565 0.3614 0.8130
vn 0.2218 0.3501 0.9101
vn 0.4974 0.4676 0.7307
vn 0.4433 0.3298 0.8335
vn 0.6135 0.5885 0.5265
vn -0.1556 0.9339 0.3218
vn -0.3266 0.8317 0.4489
vn 0.3727 0.8780 0.3003
vn -0.3949 0.6216 0.6765
vn -0.1166 0.7484 0.6529
vn -0.2915 0.9240 0.2475
vn -0.1382 0.8658 0.4810
vn 0.0829 0.7779 0.6229
vn -0.3101 0.9419 0.1290
vn -0.2794 0.9585 0.0567
vn -0.2172 0.9733 0.0747
vn -0.5265 0.7578 0.3854
vn -0.2391 0.6381 0.7319
vn -0.1013 0.7741 0.6250
vn -0.0632 0.9410 0.3323
vn -0.0057 0.7983 0.6022
vn -0.0877 0.9334 0.3478
vn -0.1391 0.9445 0.2977
vn 0.8074 0.3219 0.4944
vn 0.9969 -0.0544 -0.0572
vn 0.8979 0.1874 0.3984
vn 0.8213 -0.0353 0.5694
vn 0.7748 0.2075 0.5971
vn 0.5297 -0.4090 0.7431
vn 0.7990 0.4025 0.4468
vn 0.4363 0.6832 0.5855
vn 0.6187 0.5984 0.5090
vn 0.7364 -0.2570 0.6258
vn 0.6891 -0.7242 0.0247
vn 0.0237 -0.9319 0.3620
vn 0.3121 -0.7242 0.6149
vn -0.2769 -0.9140 -0.2964
vn -0.1485 -0.9320 -0.3305
vn -0.3158 -0.9403 -0.1266
vn -0.1674 -0.9840 -0.0609
vn -0.2939 -0.9558 0.0023
vn 0.0359 -0.9983 0.0467
vn -0.2245 -0.9460 -0.2337
vn -0.1396 -0.8940 -0.4258
vn 0.5008 -0.7676 -0.4001
vn 0.8480 -0.4472 -0.2845
vn 0.9700 0.0318 0.2410
vn 0.9073 -0.2237 -0.3561
vn 0.9678 0.1444 0.2061
vn 0.9346 -0.3386 -0.1090
vn 0.9893 -0.0146 0.1453
vn 0.2486 -0.7864 -0.5655
vn 0.7781 -0.2287 0.5851
vn 0.7709 0.1005 0.6289
vn 0.8997 0.0930 0.4265
vn 0.8256 0.2924 0.4826
vn 0.6584 0.5157 0.5482
vn 0.8657 0.1361 0.4817
vn 0.3465 -0.0261 0.9377
vn 0.4025 0.4774 0.7811
vn 0.2474 -0.9685 -0.0269
vn 0.5385 -0.7973 0.2727
vn -0.1390 -0.9378 -0.3182
vn 0.5064 -0.8564 0.1004
vn 0.8827 -0.3599 0.3023
vn 0.1803 -0.9382 0.2956
vn 0.0117 -0.9448 -0.3275
vn -0.1876 -0.9596 0.2098
vn 0.8769 -0.2317 0.4212
vn 0.3812 -0.4680 0.7973
vn -0.7479 0.6401 0.1756
vn -0.9302 0.2236 0.2910
vn -0.7647 0.2969 0.5719
vn -0.9067 0.1288 0.4017
vn -0.9775 0.0723 0.1983
vn -0.7106 -0.4780 -0.5163
vn -0.9956 0.0265 0.0901
vn -0.0900 -0.8471 -0.5237
vn -0.1368 -0.7626 -0.6322
vn -0.3805 -0.6889 -0.6170
vn -0.4843 -0.5522 -0.6786
vn -0.1740 -0.6212 -0.7641
vn -0.7494 -0.4284 -0.5048
vn -0.8134 -0.3776 -0.4424
vn 0.0542 -0.6455 -0.7619
vn 0.1298 -0.8162 -0.5629
vn -0.6405 -0.5306 -0.5551
vn -0.7548 -0.4055 -0.5156
vn -0.5602 -0.6524 -0.5104
vn -0.6054 -0.7377 -0.2988
vn -0.5920 -0.6721 -0.4447
vn 0.0052 -0.9666 -0.2561
vn 0.1603 -0.9837 -0.0819
vn -0.3995 -0.8208 -0.4082
vn -0.4917 -0.7760 -0.3950
vn -0.0832 -0.9952 -0.0507
vn -0.0794 -0.9854 -0.1509
vn -0.2492 -0.7944 -0.5539
vn -0.0376 -0.9362 -0.3494
vn -0.0073 -0.9788 -0.2048
vn -0.6747 -0.6382 -0.3707
vn -0.0159 -0.9735 -0.2282
vn 0.9661 0.1680 0.1959
vn 0.8977 0.3447 0.2744
vn 0.8913 0.4423 0.0997
vn 0.9134 0.3775 0.1522
vn 0.8931 0.3281 0.3078
vn 0.9011 0.0771 0.4266
vn 0.9813 0.1827 -0.0607
vn 0.8767 0.4307 -0.2143
vn 0.7925 0.6000 -0.1090
vn 0.6711 0.6983 -0.2490
vn 0.6398 0.7653 -0.0702
vn 0.5645 0.8225 -0.0692
vn 0.5380 0.8075 -0.2418
vn 0.8405 -0.4672 -0.2745
vn 0.7577 -0.5788 -0.3015
vn 0.5081 -0.8231 -0.2538
vn 0.5976 -0.7604 -0.2542
vn 0.5344 -0.8133 -0.2300
vn 0.4970 -0.8321 -0.2462
vn 0.7005 -0.6233 -0.3476
vn 0.7438 -0.5849 -0.3234
vn 0.5080 -0.7685 -0.3891
vn 0.4682 -0.7739 -0.4265
vn 0.7688 -0.6010 -0.2184
vn 0.7746 -0.5837 -0.2434
vn 0.8951 -0.3959 -0.2048
vn 0.8133 -0.5136 -0.2734
vn 0.9757 -0.0621 -0.2102
vn 0.9867 -0.0736 -0.1450
vn 0.9750 -0.1102 -0.1930
vn 0.9632 -0.1674 -0.2101
vn 0.9042 -0.3277 -0.2737
vn -0.1704 -0.8953 -0.4117
vn -0.2216 -0.8803 -0.4196
vn 0.9965 -0.0115 -0.0826
vn 0.9730 0.0388 -0.2277
vn 0.9560 0.1807 -0.2309
vn 0.9960 0.0541 -0.0715
vn 0.9815 0.1730 -0.0826
vn 0.9362 0.2553 -0.2416
vn 0.9506 0.2425 -0.1937
vn 0.9608 0.2689 -0.0682
vn 0.5087 -0.7946 -0.3314
vn -0.1441 -0.9386 -0.3136
vn 0.7258 -0.5842 -0.3633
vn 0.9745 0.2150 -0.0645
vn 0.0218 -0.5690 0.8221
vn 0.1784 -0.8519 0.4924
vn 0.3089 -0.9284 0.2065
vn 0.5411 -0.8383 0.0670
vn 0.7139 -0.6986 -0.0479
vn 0.7585 -0.5619 -0.3301
vn 0.8653 -0.3506 -0.3583
vn 0.5096 0.7265 0.4610
vn 0.9998 0.0205 -0.0070
vn 0.3615 0.7428 0.5635
vn 0.2134 0.6299 0.7468
vn 0.0269 0.4707 0.8819
vn -0.1182 0.0704 0.9905
vn 0.0506 -0.6825 0.7292
vn 0.1014 -0.8790 0.4659
vn 0.3013 -0.9400 0.1600
vn 0.5806 -0.8115 0.0660
vn 0.6618 -0.7479 0.0515
vn 0.7301 -0.6095 -0.3089
vn 0.9387 -0.2783 -0.2035
vn 0.8267 0.2451 0.5064
vn 0.4311 0.6202 0.6554
vn 0.3367 0.5431 0.7692
vn 0.1838 0.3974 0.8990
vn -0.0763 -0.0518 0.9957
vn 0.9555 0.2248 -0.1910
vn 0.9762 0.1490 -0.1578
vn 0.9896 0.0040 -0.1439
vn 0.7717 -0.5435 -0.3304
vn 0.8902 -0.3753 -0.2583
vn 0.4353 -0.8457 -0.3087
vn 0.5295 -0.7728 -0.3500
vn 0.7396 -0.6183 -0.2661
vn 0.3554 -0.8457 -0.3981
vn 0.6776 -0.6706 -0.3020
vn -0.2215 -0.9114 -0.3468
vn 0.6491 0.7458 -0.1496
vn 0.8905 0.4222 -0.1693
vn 0.5322 0.8229 -0.1992
vn 0.9682 -0.1858 -0.1674
vn 0.9663 0.1634 -0.1988
vn 0.9490 0.2463 -0.1969
s 1
f 1//1 2//2 3//3
f 1//1 4//4 2//2
f 1//1 5//5 4//4
f 1//1 6//6 5//5
f 1//1 7//7 6//6
f 1//1 8//8 7//7
f 1//1 9//9 8//8
f 1//1 10//10 9//9
f 1//1 11//11 10//10
f 1//1 12//12 11//11
f 1//1 13//13 12//12
f 1//1 14//14 13//13
f 1//1 15//15 14//14
f 1//1 16//16 15//15
f 1//1 17//17 16//16
f 1//1 18//18 17//17
f 1//1 19//19 18//18
f 1//1 20//20 19//19
f 1//1 21//21 20//20
f 1//1 3//3 21//21
f 22//22 3//3 2//2
f 3//3 22//22 23//23
f 24//24 2//2 4//4
f 2//2 24//24 22//22
f 25//25 4//4 5//5
f 4//4 25//25 24//24
f 26//26 5//5 6//6
f 5//5 26//26 25//25
f 27//27 6//6 7//7
f 6//6 27//27 26//26
f 28//28 7//7 8//8
f 7//7 28//28 27//27
f 29//29 8//8 9//9
f 8//8 29//29 28//28
f 30//30 9//9 10//10
f 9//9 30//30 29//29
f 31//31 10//10 11//11
f 10//10 31//31 30//30
f 32//32 11//11 12//12
f 11//11 32//32 31//31
f 33//33 12//12 13//13
f 12//12 33//33 32//32
f 34//34 13//13 14//14
f 13//13 34//34 33//33
f 35//35 14//14 15//15
f 14//14 35//35 34//34
f 36//36 15//15 16//16
f 15//15 36//36 35//35
f 37//37 16//16 17//17
f 16//16 37//37 36//36
f 38//38 17//17 18//18
f 17//17 38//38 37//37
f 39//39 18//18 19//19
f 18//18 39//39 38//38
f 40//40 19//19 20//20
f 19//19 40//40 39//39
f 41//41 20//20 21//21
f 20//20 41//41 40//40
f 23//23 21//21 3//3
f 21//21 23//23 41//41
f 42//42 23//23 22//22
f 23//23 42//42 43//43
f 44//44 22//22 24//24
f 22//22 44//44 42//42
f 45//45 24//24 25//25
f 24//24 45//45 44//44
f 46//46 25//25 26//26
f 25//25 46//46 45//45
f 47//47 26//26 27//27
f 26//26 47//47 46//46
f 48//48 27//27 28//28
f 27//27 48//48 47//47
f 49//49 28//28 29//29
f 28//28 49//49 48//48
f 50//50 29//29 30//30
f 29//29 50//50 49//49
f 51//51 30//30 31//31
f 30//30 51//51 50//50
f 52//52 31//31 32//32
f 31//31 52//52 51//51
f 53//53 32//32 33//33
f 32//32 53//53 52//52
f 54//54 33//33 34//34
f 33//33 54//54 53//53
f 55//55 34//34 35//35
f 34//34 55//55 54//54
f 56//56 35//35 36//36
f 35//35 56//56 55//55
f 57//57 36//36 37//37
f 36//36 57//57 56//56
f 58//58 37//37 38//38
f 37//37 58//58 57//57
f 59//59 38//38 39//39
f 38//38 59//59 58//58
f 60//60 39//39 40//40
f 39//39 60//60 59//59
f 61//61 40//40 41//41
f 40//40 61//61 60//60
f 43//43 41//41 23//23
f 41//41 43//43 61//61
f 62//62 43//43 42//42
f 43//43 62//62 63//63
f 64//64 42//42 44//44
f 42//42 64//64 62//62
f 65//65 44//44 45//45
f 44//44 65//65 64//64
f 66//66 45//45 46//46
f 45//45 66//66 65//65
f 67//67 46//46 47//47
f 46//46 67//67 66//66
f 68//68 47//47 48//48
f 47//47 68//68 67//67
f 69//69 48//48 49//49
f 48//48 69//69 68//68
f 70//70 49//49 50//50
f 49//49 70//70 69//69
f 71//71 50//50 51//51
f 50//50 71//71 70//70
f 72//72 51//51 52//52
f 51//51 72//72 71//71
f 73//73 52//52 53//53
f 52//52 73//73 72//72
f 74//74 53//53 54//54
f 53//53 74//74 73//73
f 75//75 54//54 55//55
f 54//54 75//75 74//74
f 76//76 55//55 56//56
f 55//55 76//76 75//75
f 77//77 56//56 57//57
f 56//56 77//77 76//76
f 78//78 57//57 58//58
f 57//57 78//78 77//77
f 79//79 58//58 59//59
f 58//58 79//79 78//78
f 80//80 59//59 60//60
f 59//59 80//80 79//79
f 81//81 60//60 61//61
f 60//60 81//81 80//80
f 63//63 61//61 43//43
f 61//61 63//63 81//81
f 82//82 63//63 62//62
f 63//63 82//82 83//83
f 84//84 62//62 64//64
f 62//62 84//84 82//82
f 85//85 64//64 65//65
f 64//64 85//85 84//84
f 86//86 65//65 66//66
f 65//65 86//86 85//85
f 87//87 66//66 67//67
f 66//66 87//87 86//86
f 88//88 67//67 68//68
f 67//67 88//88 87//87
f 89//89 68//68 69//69
f 68//68 89//89 88//88
f 90//90 69//69 70//70
f 69//69 90//90 89//89
f 91//91 70//70 71//71
f 70//70 91//91 90//90
f 92//92 71//71 72//72
f 71//71 92//92 91//91
f 93//93 72//72 73//73
f 72//72 93//93 92//92
f 94//94 73//73 74//74
f 73//73 94//94 93//93
f 95//95 74//74 75//75
f 74//74 95//95 94//94
f 96//96 75//75 76//76
f 75//75 96//96 95//95
f 97//97 76//76 77//77
f 76//76 97//97 96//96
f 98//98 77//77 78//78
f 77//77 98//98 97//97
f 99//99 78//78 79//79
f 78//78 99//99 98//98
f 100//100 79//79 80//80
f 79//79 100//100 99//99
f 101//101 80//80 81//81
f 80//80 101//101 100//100
f 83//83 81//81 63//63
f 81//81 83//83 101//101
f 102//102 103//103 104//104
f 103//103 102//102 105//105
f 106//106 104//104 107//84
f 104//104 106//106 102//102
f 108//107 107//84 109//85
f 107//84 108//107 106//106
f 110//108 109//85 111//86
f 109//85 110//108 108//107
f 112//109 111//86 113//110
f 111//86 112//109 110//108
f 114//111 113//110 115//88
f 113//110 114//111 112//109
f 116//112 115//88 117//113
f 115//88 116//112 114//111
f 118//114 117//113 119//115
f 117//113 118//114 116//112
f 120//116 119//115 121//91
f 119//115 120//116 118//114
f 122//117 121//91 123//92
f 121//91 122//117 120//116
f 124//118 123//92 125//119
f 123//92 124//118 122//117
f 126//120 125//119 127//94
f 125//119 126//120 124//118
f 128//121 127//94 129//95
f 127//94 128//121 126//120
f 130//122 129//95 131//96
f 129//95 130//122 128//121
f 132//123 131//96 133//97
f 131//96 132//123 130//122
f 134//124 133//97 135//98
f 133//97 134//124 132//123
f 136//125 135//98 137//126
f 135//98 136//125 134//124
f 138//127 137//126 139//128
f 137//126 138//127 136//125
f 140//129 139//128 141//130
f 139//128 140//129 138//127
f 105//105 141//130 103//103
f 141//130 105//105 140//129
f 142//131 105//105 102//102
f 105//105 142//131 143//132
f 144//133 102//102 106//106
f 102//102 144//133 142//131
f 145//134 106//106 108//107
f 106//106 145//134 144//133
f 146//135 108//107 110//108
f 108//107 146//135 145//134
f 147//136 110//108 112//109
f 110//108 147//136 146//135
f 148//137 112//109 114//111
f 112//109 148//137 147//136
f 149//138 114//111 116//112
f 114//111 149//138 148//137
f 150//139 116//112 118//114
f 116//112 150//139 149//138
f 151//140 118//114 120//116
f 118//114 151//140 150//139
f 152//141 120//116 122//117
f 120//116 152//141 151//140
f 153//142 122//117 124//118
f 122//117 153//142 152//141
f 154//143 124//118 126//120
f 124//118 154//143 153//142
f 155//144 126//120 128//121
f 126//120 155//144 154//143
f 156//145 128//121 130//122
f 128//121 156//145 155//144
f 157//146 130//122 132//123
f 130//122 157//146 156//145
f 158//147 132//123 134//124
f 132//123 158//147 157//146
f 159//148 134//124 136//125
f 134//124 159//148 158//147
f 160//149 136//125 138//127
f 136//125 160//149 159//148
f 161//150 138//127 140//129
f 138//127 161//150 160//149
f 143//132 140//129 105//105
f 140//129 143//132 161//150
f 162//151 143//132 142//131
f 143//132 162//151 163//152
f 164//153 142//131 144//133
f 142//131 164//153 162//151
f 165//154 144//133 145//134
f 144//133 165//154 164//153
f 166//155 145//134 146//135
f 145//134 166//155 165//154
f 167//156 146//135 147//136
f 146//135 167//156 166//155
f 168//157 147//136 148//137
f 147//136 168//157 167//156
f 169//158 148//137 149//138
f 148//137 169//158 168//157
f 170//159 149//138 150//139
f 149//138 170//159 169//158
f 171//160 150//139 151//140
f 150//139 171//160 170//159
f 172//161 151//140 152//141
f 151//140 172//161 171//160
f 173//162 152//141 153//142
f 152//141 173//162 172//161
f 174//163 153//142 154//143
f 153//142 174//163 173//162
f 175//164 154//143 155//144
f 154//143 175//164 174//163
f 176//165 155//144 156//145
f 155//144 176//165 175//164
f 177//166 156//145 157//146
f 156//145 177//166 176//165
f 178//167 157//146 158//147
f 157//146 178//167 177//166
f 179//168 158//147 159//148
f 158//147 179//168 178//167
f 180//169 159//148 160//149
f 159//148 180//169 179//168
f 181//170 160//149 161//150
f 160//149 181//170 180//169
f 163//152 161//150 143//132
f 161//150 163//152 181//170
f 182//171 163//152 162//151
f 163//152 182//171 183//172
f 184//173 162//151 164//153
f 162//151 184//173 182//171
f 185//174 164//153 165//154
f 164//153 185//174 184//173
f 186//175 165//154 166//155
f 165//154 186//175 185//174
f 187//176 166//155 167//156
f 166//155 187//176 186//175
f 188//177 167//156 168//157
f 167//156 188//177 187//176
f 189//178 168//157 169//158
f 168//157 189//178 188//177
f 190//179 169//158 170//159
f 169//158 190//179 189//178
f 191//180 170//159 171//160
f 170//159 191//180 190//179
f 192//181 171//160 172//161
f 171//160 192//181 191//180
f 193//182 172//161 173//162
f 172//161 193//182 192//181
f 194//183 173//162 174//163
f 173//162 194//183 193//182
f 195//184 174//163 175//164
f 174//163 195//184 194//183
f 196//185 175//164 176//165
f 175//164 196//185 195//184
f 197//186 176//165 177//166
f 176//165 197//186 196//185
f 198//187 177//166 178//167
f 177//166 198//187 197//186
f 199//188 178//167 179//168
f 178//167 199//188 198//187
f 200//189 179//168 180//169
f 179//168 200//189 199//188
f 201//190 180//169 181//170
f 180//169 201//190 200//189
f 183//172 181//170 163//152
f 181//170 183//172 201//190
f 202//191 183//172 182//171
f 202//191 182//171 184//173
f 202//191 184//173 185//174
f 202//191 185//174 186//175
f 202//191 186//175 187//176
f 202//191 187//176 188//177
f 202//191 188//177 189//178
f 202//191 189//178 190//179
f 202//191 190//179 191//180
f 202//191 191//180 192//181
f 202//191 192//181 193//182
f 202//191 193//182 194//183
f 202//191 194//183 195//184
f 202//191 195//184 196//185
f 202//191 196//185 197//186
f 202//191 197//186 198//187
f 202//191 198//187 199//188
f 202//191 199//188 200//189
f 202//191 200//189 201//190
f 202//191 201//190 183//172
f 203//192 204//193 205//194
f 203//192 205//194 206//195
f 203//192 206//195 207//196
f 203//192 207//196 208//197
f 203//192 208//197 209//198
f 203//192 209//198 210//199
f 203//192 210//199 211//200
f 203//192 211//200 212//201
f 203//192 212//201 213//202
f 203//192 213//202 214//203
f 203//192 214//203 215//204
f 203//192 215//204 216//205
f 203//192 216//205 217//206
f 203//192 217//206 218//207
f 203//192 218//207 219//208
f 203//192 219//208 220//209
f 203//192 220//209 221//210
f 203//192 221//210 222//211
f 203//192 222//211 223//212
f 203//192 223//212 204//193
f 224//213 205//194 204//193
f 204//193 225//214 224//213
f 226//215 206//195 205//194
f 205//194 224//213 226//215
f 227//216 207//196 206//195
f 206//195 226//215 227//216
f 228//217 208//197 207//196
f 207//196 227//216 228//217
f 229//218 209//198 208//197
f 208//197 228//217 229//218
f 230//219 210//199 209//198
f 209//198 229//218 230//219
f 231//220 211//200 210//199
f 210//199 230//219 231//220
f 232//221 212//201 211//200
f 211//200 231//220 232//221
f 233//222 213//202 212//201
f 212//201 232//221 233//222
f 234//223 214//203 213//202
f 213//202 233//222 234//223
f 235//224 215//204 214//203
f 214//203 234//223 235//224
f 236//225 216//205 215//204
f 215//204 235//224 236//225
f 237//226 217//206 216//205
f 216//205 236//225 237//226
f 238//227 218//207 217//206
f 217//206 237//226 238//227
f 239//228 219//208 218//207
f 218//207 238//227 239//228
f 240//229 220//209 219//208
f 219//208 239//228 240//229
f 241//230 221//210 220//209
f 220//209 240//229 241//230
f 242//231 222//211 221//210
f 221//210 241//230 242//231
f 243//232 223//212 222//211
f 222//211 242//231 243//232
f 225//214 204//193 223//212
f 223//212 243//232 225//214
f 244//233 224//213 225//214
f 225//214 245//234 244//233
f 246//235 226//215 224//213
f 224//213 244//233 246//235
f 247//236 227//216 226//215
f 226//215 246//235 247//236
f 248//237 228//217 227//216
f 227//216 247//236 248//237
f 249//238 229//218 228//217
f 228//217 248//237 249//238
f 250//239 230//219 229//218
f 229//218 249//238 250//239
f 251//240 231//220 230//219
f 230//219 250//239 251//240
f 252//241 232//221 231//220
f 231//220 251//240 252//241
f 253//242 233//222 232//221
f 232//221 252//241 253//242
f 254//243 234//223 233//222
f 233//222 253//242 254//243
f 255//244 235//224 234//223
f 234//223 254//243 255//244
f 256//245 236//225 235//224
f 235//224 255//244 256//245
f 257//246 237//226 236//225
f 236//225 256//245 257//246
f 258//247 238//227 237//226
f 237//226 257//246 258//247
f 259//248 239//228 238//227
f 238//227 258//247 259//248
f 260//249 240//229 239//228
f 239//228 259//248 260//249
f 261//250 241//230 240//229
f 240//229 260//249 261//250
f 262//251 242//231 241//230
f 241//230 261//250 262//251
f 263//252 243//232 242//231
f 242//231 262//251 263//252
f 245//234 225//214 243//232
f 243//232 263//252 245//234
f 264//253 244//233 245//234
f 245//234 265//254 264//253
f 266//255 246//235 244//233
f 244//233 264//253 266//255
f 267//256 247//236 246//235
f 246//235 266//255 267//256
f 268//257 248//237 247//236
f 247//236 267//256 268//257
f 269//258 249//238 248//237
f 248//237 268//257 269//258
f 270//259 250//239 249//238
f 249//238 269//258 270//259
f 271//260 251//240 250//239
f 250//239 270//259 271//260
f 272//261 252//241 251//240
f 251//240 271//260 272//261
f 273//262 253//242 252//241
f 252//241 272//261 273//262
f 274//263 254//243 253//242
f 253//242 273//262 274//263
f 275//264 255//244 254//243
f 254//243 274//263 275//264
f 276//265 256//245 255//244
f 255//244 275//264 276//265
f 277//266 257//246 256//245
f 256//245 276//265 277//266
f 278//267 258//247 257//246
f 257//246 277//266 278//267
f 279//268 259//248 258//247
f 258//247 278//267 279//268
f 280//269 260//249 259//248
f 259//248 279//268 280//269
f 281//270 261//250 260//249
f 260//249 280//269 281//270
f 282//271 262//251 261//250
f 261//250 281//270 282//271
f 283//272 263//252 262//251
f 262//251 282//271 283//272
f 265//254 245//234 263//252
f 263//252 283//272 265//254
f 284//273 264//253 265//254
f 265//254 285//274 284//273
f 286//275 266//255 264//253
f 264//253 284//273 286//275
f 287//276 267//256 266//255
f 266//255 286//275 287//276
f 288//277 268//257 267//256
f 267//256 287//276 288//277
f 289//278 269//258 268//257
f 268//257 288//277 289//278
f 290//279 270//259 269//258
f 269//258 289//278 290//279
f 291//280 271//260 270//259
f 270//259 290//279 291//280
f 292//281 272//261 271//260
f 271//260 291//280 292//281
f 293//282 273//262 272//261
f 272//261 292//281 293//282
f 294//283 274//263 273//262
f 273//262 293//282 294//283
f 295//284 275//264 274//263
f 274//263 294//283 295//284
f 296//285 276//265 275//264
f 275//264 295//284 296//285
f 297//286 277//266 276//265
f 276//265 296//285 297//286
f 298//287 278//267 277//266
f 277//266 297//286 298//287
f 299//288 279//268 278//267
f 278//267 298//287 299//288
f 300//289 280//269 279//268
f 279//268 299//288 300//289
f 301//290 281//270 280//269
f 280//269 300//289 301//290
f 302//291 282//271 281//270
f 281//270 301//290 302//291
f 303//292 283//272 282//271
f 282//271 302//291 303//292
f 285//274 265//254 283//272
f 283//272 303//292 285//274
f 304//293 305//294 306//274
f 306//274 307//295 304//293
f 308//296 309//297 305//294
f 305//294 304//293 308//296
f 310//298 311//276 309//297
f 309//297 308//296 310//298
f 312//299 313//300 311//276
f 311//276 310//298 312//299
f 314//301 315//302 313//300
f 313//300 312//299 314//301
f 316//303 317//304 315//302
f 315//302 314//301 316//303
f 318//305 319//306 317//304
f 317//304 316//303 318//305
f 320//307 321//308 319//306
f 319//306 318//305 320//307
f 322//309 323//310 321//308
f 321//308 320//307 322//309
f 324//311 325//312 323//310
f 323//310 322//309 324//311
f 326//313 327//314 325//312
f 325//312 324//311 326//313
f 328//315 329//316 327//314
f 327//314 326//313 328//315
f 330//317 331//318 329//316
f 329//316 328//315 330//317
f 332//319 333//287 331//318
f 331//318 330//317 332//319
f 334//320 335//288 333//287
f 333//287 332//319 334//320
f 336//321 337//289 335//288
f 335//288 334//320 336//321
f 338//322 339//323 337//289
f 337//289 336//321 338//322
f 340//324 341//325 339//323
f 339//323 338//322 340//324
f 342//326 343//327 341//325
f 341//325 340//324 342//326
f 307//295 306//274 343//327
f 343//327 342//326 307//295
f 344//328 304//293 307//295
f 307//295 345//329 344//328
f 346//330 308//296 304//293
f 304//293 344//328 346//330
f 347//331 310//298 308//296
f 308//296 346//330 347//331
f 348//332 312//299 310//298
f 310//298 347//331 348//332
f 349//333 314//301 312//299
f 312//299 348//332 349//333
f 350//334 316//303 314//301
f 314//301 349//333 350//334
f 351//335 318//305 316//303
f 316//303 350//334 351//335
f 352//336 320//307 318//305
f 318//305 351//335 352//336
f 353//337 322//309 320//307
f 320//307 352//336 353//337
f 354//338 324//311 322//309
f 322//309 353//337 354//338
f 355//339 326//313 324//311
f 324//311 354//338 355//339
f 356//340 328//315 326//313
f 326//313 355//339 356//340
f 357//341 330//317 328//315
f 328//315 356//340 357//341
f 358//342 332//319 330//317
f 330//317 357//341 358//342
f 359//343 334//320 332//319
f 332//319 358//342 359//343
f 360//344 336//321 334//320
f 334//320 359//343 360//344
f 361//345 338//322 336//321
f 336//321 360//344 361//345
f 362//346 340//324 338//322
f 338//322 361//345 362//346
f 363//347 342//326 340//324
f 340//324 362//346 363//347
f 345//329 307//295 342//326
f 342//326 363//347 345//329
f 364//348 344//328 345//329
f 345//329 365//349 364//348
f 366//350 346//330 344//328
f 344//328 364//348 366//350
f 367//351 347//331 346//330
f 346//330 366//350 367//351
f 368//352 348//332 347//331
f 347//331 367//351 368//352
f 369//353 349//333 348//332
f 348//332 368//352 369//353
f 370//354 350//334 349//333
f 349//333 369//353 370//354
f 371//355 351//335 350//334
f 350//334 370//354 371//355
f 372//356 352//336 351//335
f 351//335 371//355 372//356
f 373//357 353//337 352//336
f 352//336 372//356 373//357
f 374//358 354//338 353//337
f 353//337 373//357 374//358
f 375//359 355//339 354//338
f 354//338 374//358 375//359
f 376//360 356//340 355//339
f 355//339 375//359 376//360
f 377//361 357//341 356//340
f 356//340 376//360 377//361
f 378//362 358//342 357//341
f 357//341 377//361 378//362
f 379//363 359//343 358//342
f 358//342 378//362 379//363
f 380//364 360//344 359//343
f 359//343 379//363 380//364
f 381//365 361//345 360//344
f 360//344 380//364 381//365
f 382//366 362//346 361//345
f 361//345 381//365 382//366
f 383//367 363//347 362//346
f 362//346 382//366 383//367
f 365//349 345//329 363//347
f 363//347 383//367 365//349
f 384//368 364//348 365//349
f 365//349 385//369 384//368
f 386//370 366//350 364//348
f 364//348 384//368 386//370
f 387//371 367//351 366//350
f 366//350 386//370 387//371
f 388//372 368//352 367//351
f 367//351 387//371 388//372
f 389//373 369//353 368//352
f 368//352 388//372 389//373
f 390//374 370//354 369//353
f 369//353 389//373 390//374
f 391//375 371//355 370//354
f 370//354 390//374 391//375
f 392//376 372//356 371//355
f 371//355 391//375 392//376
f 393//377 373//357 372//356
f 372//356 392//376 393//377
f 394//378 374//358 373//357
f 373//357 393//377 394//378
f 395//379 375//359 374//358
f 374//358 394//378 395//379
f 396//380 376//360 375//359
f 375//359 395//379 396//380
f 397//381 377//361 376//360
f 376//360 396//380 397//381
f 398//382 378//362 377//361
f 377//361 397//381 398//382
f 399//383 379//363 378//362
f 378//362 398//382 399//383
f 400//384 380//364 379//363
f 379//363 399//383 400//384
f 401//385 381//365 380//364
f 380//364 400//384 401//385
f 402//386 382//366 381//365
f 381//365 401//385 402//386
f 403//387 383//367 382//366
f 382//366 402//386 403//387
f 385//369 365//349 383//367
f 383//367 403//387 385//369
f 404//388 384//368 385//369
f 404//388 386//370 384//368
f 404//388 387//371 386//370
f 404//388 388//372 387//371
f 404//388 389//373 388//372
f 404//388 390//374 389//373
f 404//388 391//375 390//374
f 404//388 392//376 391//375
f 404//388 393//377 392//376
f 404//388 394//378 393//377
f 404//388 395//379 394//378
f 404//388 396//380 395//379
f 404//388 397//381 396//380
f 404//388 398//382 397//381
f 404//388 399//383 398//382
f 404//388 400//384 399//383
f 404//388 401//385 400//384
f 404//388 402//386 401//385
f 404//388 403//387 402//386
f 404//388 385//369 403//387
f 405//389 406//390 407//391
f 407//391 408//392 405//389
f 409//393 410//394 411//395
f 411//395 412//396 409//393
f 409//393 412//396 413//397
f 413//397 414//398 409//393
f 415//399 416//400 414//398
f 414//398 413//397 415//399
f 417//401 418//402 419//403
f 419//403 420//404 417//401
f 421//405 420//404 419//403
f 419//403 422//406 421//405
f 422//406 423//407 424//408
f 424//408 421//405 422//406
f 423//407 425//409 426//410
f 426//410 424//408 423//407
f 427//411 426//410 425//409
f 425//409 428//412 427//411
f 429//413 430//414 431//415
f 431//415 432//416 429//413
f 430//414 433//417 434//418
f 434//418 431//415 430//414
f 433//417 435//419 436//420
f 436//420 434//418 433//417
f 435//419 427//411 428//412
f 428//412 436//420 435//419
f 406//390 405//389 411//395
f 411//395 410//394 406//390
f 415//399 418//402 417//401
f 417//401 416//400 415//399
f 437//421 438//422 439//423
f 439//423 440//424 437//421
f 441//425 439//423 438//422
f 438//422 442//426 441//425
f 442//426 443//427 444//428
f 444//428 441//425 442//426
f 445//429 446//430 442//426
f 442//426 438//422 445//429
f 447//431 444//428 443//427
f 443//427 448//432 447//431
f 443//427 449//433 450//434
f 450//434 448//432 443//427
f 442//426 446//430 449//433
f 449//433 443//427 442//426
f 450//434 449//433 451//435
f 451//435 452//436 450//434
f 453//437 454//438 455//439
f 455//439 456//440 453//437
f 455//439 452//436 451//435
f 451//435 456//440 455//439
f 456//440 451//435 457//441
f 457//441 458//442 456//440
f 459//443 453//437 456//440
f 456//440 458//442 459//443
f 460//444 461//445 454//438
f 454//438 453//437 460//444
f 458//442 462//446 463//447
f 463//447 459//443 458//442
f 464//448 465//449 459//443
f 459//443 463//447 464//448
f 465//449 460//444 453//437
f 453//437 459//443 465//449
f 445//429 466//450 457//441
f 457//441 446//430 445//429
f 467//451 466//450 445//429
f 445//429 468//452 467//451
f 469//453 467//451 468//452
f 468//452 470//454 469//453
f 471//455 472//456 467//451
f 467//451 469//453 471//455
f 473//457 469//453 470//454
f 470//454 474//458 473//457
f 437//421 475//459 470//454
f 470//454 468//452 437//421
f 438//422 437//421 468//452
f 468//452 445//429 438//422
f 474//458 470//454 475//459
f 475//459 476//460 474//458
f 440//424 477//461 475//459
f 475//459 437//421 440//424
f 477//461 478//462 476//460
f 476//460 475//459 477//461
f 472//456 462//446 466//450
f 466//450 467//451 472//456
f 479//463 463//447 462//446
f 462//446 472//456 479//463
f 458//442 457//441 466//450
f 466//450 462//446 458//442
f 457//441 451//435 449//433
f 449//433 446//430 457//441
f 480//464 476//460 478//462
f 478//462 481//465 480//464
f 482//466 480//464 481//465
f 481//465 483//467 482//466
f 484//468 485//469 480//464
f 480//464 482//466 484//468
f 482//466 483//467 486//470
f 486//470 487//471 482//466
f 487//471 488//472 484//468
f 484//468 482//466 487//471
f 476//460 480//464 485//469
f 485//469 474//458 476//460
f 489//473 473//457 474//458
f 474//458 485//469 489//473
f 490//474 491//475 492//476
f 492//476 493//477 490//474
f 493//477 492//476 461//445
f 461//445 460//444 493//477
f 494//478 495//479 491//475
f 491//475 490//474 494//478
f 496//480 471//455 469//453
f 469//453 473//457 496//480
f 497//481 496//480 473//457
f 473//457 489//473 497//481
f 498//482 499//483 496//480
f 496//480 497//481 498//482
f 489//473 500//484 501//485
f 501//485 497//481 489//473
f 502//486 498//482 497//481
f 497//481 501//485 502//486
f 499//483 498//482 503//487
f 503//487 504//488 499//483
f 505//489 503//487 498//482
f 498//482 502//486 505//489
f 471//455 496//480 499//483
f 499//483 506//490 471//455
f 472//456 471//455 506//490
f 506//490 479//463 472//456
f 507//491 464//448 463//447
f 463//447 479//463 507//491
f 508//492 507//491 479//463
f 479//463 506//490 508//492
f 509//493 510//494 464//448
f 464//448 507//491 509//493
f 511//495 509//493 507//491
f 507//491 508//492 511//495
f 504//488 508//492 506//490
f 506//490 499//483 504//488
f 512//496 513//497 509//493
f 509//493 511//495 512//496
f 514//498 511//495 508//492
f 508//492 504//488 514//498
f 465//449 464//448 510//494
f 510//494 515//499 465//449
f 516//500 517//501 515//499
f 515//499 510//494 516//500
f 513//497 516//500 510//494
f 510//494 509//493 513//497
f 487//471 486//470 518//502
f 518//502 519//503 487//471
f 488//472 520//504 500//484
f 500//484 484//468 488//472
f 521//505 501//485 500//484
f 500//484 520//504 521//505
f 485//469 484//468 500//484
f 500//484 489//473 485//469
f 522//506 502//486 501//485
f 501//485 521//505 522//506
f 523//507 524//508 520//504
f 520//504 488//472 523//507
f 488//472 487//471 519//503
f 519//503 523//507 488//472
f 525//509 526//510 524//508
f 524//508 523//507 525//509
f 527//511 525//509 523//507
f 523//507 519//503 527//511
f 528//512 527//511 519//503
f 519//503 518//502 528//512
f 521//505 520//504 524//508
f 524//508 529//513 521//505
f 529//513 524//508 526//510
f 526//510 530//514 529//513
f 531//515 522//506 521//505
f 521//505 529//513 531//515
f 530//514 532//516 531//515
f 531//515 529//513 530//514
f 533//517 534//518 526//510
f 526//510 525//509 533//517
f 534//518 535//519 530//514
f 530//514 526//510 534//518
f 535//519 536//520 532//516
f 532//516 530//514 535//519
f 537//521 538//522 539//523
f 539//523 512//496 537//521
f 513//497 512//496 539//523
f 539//523 540//524 513//497
f 516//500 513//497 540//524
f 540//524 541//525 516//500
f 511//495 514//498 537//521
f 537//521 512//496 511//495
f 542//526 543//527 538//522
f 538//522 537//521 542//526
f 514//498 544//528 542//526
f 542//526 537//521 514//498
f 545//529 546//530 543//527
f 543//527 542//526 545//529
f 541//525 547//531 517//501
f 517//501 516//500 541//525
f 547//531 494//478 490//474
f 490//474 517//501 547//531
f 493//477 515//499 517//501
f 517//501 490//474 493//477
f 515//499 493//477 460//444
f 460//444 465//449 515//499
f 548//532 505//489 502//486
f 502//486 522//506 548//532
f 549//533 550//534 505//489
f 505//489 548//532 549//533
f 550//534 544//528 503//487
f 503//487 505//489 550//534
f 504//488 503//487 544//528
f 544//528 514//498 504//488
f 545//529 542//526 544//528
f 544//528 550//534 545//529
f 551//535 548//532 522//506
f 522//506 531//515 551//535
f 548//532 551//535 552//536
f 552//536 549//533 548//532
f 553//537 554//538 549//533
f 549//533 552//536 553//537
f 554//538 545//529 550//534
f 550//534 549//533 554//538
f 527//511 528//512 555//539
f 555//539 556//540 527//511
f 525//509 527//511 556//540
f 556//540 533//517 525//509
f 557//541 558//542 533//517
f 533//517 556//540 557//541
f 534//518 533//517 558//542
f 558//542 559//543 534//518
f 559//543 560//544 535//519
f 535//519 534//518 559//543
f 561//545 562//546 558//542
f 558//542 557//541 561//545
f 563//547 561//545 557//541
f 557//541 564//548 563//547
f 565//549 566//550 562//546
f 562//546 561//545 565//549
f 567//551 565//549 561//545
f 561//545 563//547 567//551
f 564//548 557//541 556//540
f 556//540 555//539 564//548
f 566//550 568//552 569//553
f 569//553 562//546 566//550
f 559//543 558//542 562//546
f 562//546 569//553 559//543
f 546//530 545//529 554//538
f 554//538 570//554 546//530
f 571//555 570//554 554//538
f 554//538 553//537 571//555
f 572//556 573//557 571//555
f 571//555 553//537 572//556
f 574//558 573//557 572//556
f 572//556 575//559 574//558
f 553//537 552//536 576//560
f 576//560 572//556 553//537
f 577//561 578//562 579//563
f 579//563 580//564 577//561
f 579//563 581//565 580//564
f 582//566 583//567 578//562
f 578//562 577//561 582//566
f 575//559 583//567 582//566
f 582//566 574//558 575//559
f 584//568 578//562 583//567
f 583//567 585//569 584//568
f 575//559 586//570 585//569
f 585//569 583//567 575//559
f 567//551 581//565 565//549
f 586//570 575//559 572//556
f 572//556 576//560 586//570
f 552//536 551//535 587//571
f 587//571 576//560 552//536
f 588//572 586//570 576//560
f 576//560 587//571 588//572
f 589//573 585//569 586//570
f 586//570 588//572 589//573
f 590//574 589//573 588//572
f 588//572 536//520 590//574
f 536//520 588//572 587//571
f 587//571 532//516 536//520
f 551//535 531//515 532//516
f 532//516 587//571 551//535
f 581//565 566//550 565//549
f 591//575 581//565 592//576
f 592//576 581//565 593//577
f 581//565 591//575 594//578
f 581//565 594//578 568//552
f 595//579 569//553 568//552
f 568//552 594//578 595//579
f 596//580 595//579 594//578
f 594//578 591//575 596//580
f 591//575 592//576 597//581
f 597//581 596//580 591//575
f 590//574 560//544 595//579
f 595//579 596//580 590//574
f 560//544 559//543 569//553
f 569//553 595//579 560//544
f 566//550 581//565 568//552
f 536//520 535//519 560//544
f 560//544 590//574 536//520
f 589//573 590//574 596//580
f 596//580 597//581 589//573
f 597//581 584//568 585//569
f 585//569 589//573 597//581
f 592//576 593//577 584//568
f 584//568 597//581 592//576
f 593//577 579//563 578//562
f 578//562 584//568 593//577
f 593//577 581//565 579//563
f 598//582 599//583 600//584
f 600//584 601//585 598//582
f 599//583 602//586 603//587
f 603//587 600//584 599//583
f 598//582 604//588 605//589
f 605//589 606//590 598//582
f 607//591 608//592 609//593
f 609//593 610//594 607//591
f 611//595 612//596 613//597
f 613//597 614//598 611//595
f 615//599 616//600 612//596
f 612//596 611//595 615//599
f 617//601 618//602 610//594
f 610//594 609//593 617//601
f 602//586 619//603 620//604
f 620//604 603//587 602//586
f 621//605 622//606 619//603
f 619//603 602//586 621//605
f 622//606 623//607 624//608
f 624//608 619//603 622//606
f 625//609 620//604 619//603
f 619//603 624//608 625//609
f 626//610 621//605 602//586
f 602//586 599//583 626//610
f 627//611 610//594 618//602
f 618//602 628//612 627//611
f 599//583 598//582 606//590
f 606//590 626//610 599//583
f 629//613 630//614 631//615
f 631//615 632//616 629//613
f 633//617 634//618 635//619
f 636//620 637//621 638//622
f 629//613 632//616 639//623
f 639//623 640//624 629//613
f 641//625 640//624 639//623
f 639//623 642//626 641//625
f 643//627 644//628 645//629
f 645//629 646//630 643//627
f 647//631 648//632 646//630
f 646//630 645//629 647//631
f 649//633 647//631 645//629
f 645//629 650//634 649//633
f 622//606 621//605 651//635
f 651//635 652//636 622//606
f 653//637 643//627 646//630
f 646//630 654//638 653//637
f 652//636 655//639 623//607
f 623//607 622//606 652//636
f 656//640 657//641 623//607
f 623//607 658//642 656//640
f 624//608 659//643 660//644
f 660//644 625//609 624//608
f 624//608 623//607 657//641
f 657//641 659//643 624//608
f 661//645 660//644 659//643
f 659//643 662//646 661//645
f 662//646 659//643 657//641
f 657//641 663//647 662//646
f 662//646 664//648 665//649
f 665//649 661//645 662//646
f 663//647 666//650 664//648
f 664//648 662//646 663//647
f 667//651 664//648 666//650
f 666//650 668//652 667//651
f 669//653 665//649 664//648
f 664//648 667//651 669//653
f 670//654 671//655 672//656
f 672//656 673//657 670//654
f 674//658 672//656 671//655
f 671//655 675//659 674//658
f 406//390 676//660 407//391
f 632//616 631//615 410//394
f 410//394 409//393 632//616
f 414//398 639//623 632//616
f 632//616 409//393 414//398
f 677//661 678//662 675//659
f 675//659 671//655 677//661
f 417//401 420//404 649//633
f 649//633 679//663 417//401
f 647//631 649//633 420//404
f 420//404 421//405 647//631
f 680//664 648//632 424//408
f 424//408 426//410 680//664
f 648//632 647//631 421//405
f 421//405 424//408 648//632
f 679//663 649//633 650//634
f 650//634 681//665 679//663
f 414//398 416//400 642//626
f 642//626 639//623 414//398
f 677//661 682//666 683//667
f 683//667 684//668 677//661
f 678//662 677//661 684//668
f 684//668 685//669 678//662
f 686//670 687//671 688//672
f 688//672 689//673 686//670
f 690//674 666//650 691//675
f 691//675 692//676 690//674
f 656//640 693//677 663//647
f 663//647 657//641 656//640
f 682//666 677//661 671//655
f 671//655 670//654 682//666
f 694//678 695//679 430//414
f 430//414 429//413 694//678
f 687//671 686//670 696//680
f 696//680 697//681 687//671
f 698//682 696//680 686//670
f 686//670 699//683 698//682
f 696//680 698//682 700//684
f 700//684 695//679 696//680
f 701//685 702//686 703//687
f 703//687 704//688 701//685
f 697//681 696//680 695//679
f 695//679 694//678 697//681
f 433//417 430//414 695//679
f 695//679 700//684 433//417
f 435//419 433//417 700//684
f 700//684 705//689 435//419
f 426//410 427//411 706//690
f 706//690 680//664 426//410
f 701//685 654//638 680//664
f 680//664 706//690 701//685
f 648//632 680//664 654//638
f 654//638 646//630 648//632
f 610//594 627//611 707//691
f 707//691 607//591 610//594
f 652//636 651//635 644//628
f 644//628 643//627 652//636
f 655//639 652//636 643//627
f 643//627 653//637 655//639
f 654//638 701//685 708//692
f 708//692 709//693 654//638
f 655//639 710//694 658//642
f 658//642 623//607 655//639
f 653//637 711//695 710//694
f 710//694 655//639 653//637
f 653//637 654//638 709//693
f 709//693 711//695 653//637
f 705//689 700//684 698//682
f 698//682 702//686 705//689
f 704//688 712//696 708//692
f 708//692 701//685 704//688
f 699//683 686//670 689//673
f 689//673 713//697 699//683
f 714//698 690//674 704//688
f 704//688 703//687 714//698
f 692//676 712//696 704//688
f 704//688 690//674 692//676
f 690//674 714//698 668//652
f 668//652 666//650 690//674
f 693//677 691//675 666//650
f 666//650 663//647 693//677
f 715//699 651//635 621//605
f 621//605 626//610 715//699
f 716//700 715//699 626//610
f 626//610 606//590 716//700
f 606//590 605//589 717//701
f 717//701 716//700 606//590
f 718//702 719//703 628//612
f 628//612 618//602 718//702
f 618//602 617//601 720//704
f 720//704 718//702 618//602
f 616//600 615//599 721//705
f 722//706 644//628 651//635
f 651//635 715//699 722//706
f 715//699 716//700 723//707
f 723//707 722//706 715//699
f 717//701 719//703 724//708
f 724//708 725//709 717//701
f 719//703 718//702 726//710
f 726//710 724//708 719//703
f 727//711 726//710 718//702
f 718//702 720//704 727//711
f 650//634 645//629 644//628
f 644//628 722//706 650//634
f 722//706 723//707 681//665
f 681//665 650//634 722//706
f 725//709 724//708 640//624
f 640//624 641//625 725//709
f 629//613 640//624 724//708
f 724//708 726//710 629//613
f 630//614 629//613 726//710
f 726//710 727//711 630//614
f 634//618 633//617 728//712
f 702//686 698//682 699//683
f 699//683 703//687 702//686
f 705//689 706//690 427//411
f 427//411 435//419 705//689
f 702//686 701//685 706//690
f 706//690 705//689 702//686
f 713//697 714//698 703//687
f 703//687 699//683 713//697
f 683//667 714//698 713//697
f 667//651 670//654 673//657
f 673//657 669//653 667//651
f 668//652 682//666 670//654
f 670//654 667//651 668//652
f 729//713 708//692 712//696
f 712//696 730//714 729//713
f 731//715 709//693 708//692
f 708//692 729//713 731//715
f 711//695 709//693 731//715
f 731//715 732//716 711//695
f 733//717 710//694 711//695
f 711//695 732//716 733//717
f 734//718 735//719 656//640
f 656//640 658//642 734//718
f 734//718 658//642 710//694
f 710//694 733//717 734//718
f 691//675 693//677 736//720
f 736//720 737//721 691//675
f 735//719 736//720 693//677
f 693//677 656//640 735//719
f 692//676 691//675 737//721
f 737//721 738//722 692//676
f 738//722 730//714 712//696
f 712//696 692//676 738//722
f 612//596 609//593 608//592
f 608//592 613//597 612//596
f 616//600 617//601 609//593
f 609//593 612//596 616//600
f 720//704 617//601 616//600
f 616//600 739//723 720//704
f 727//711 720//704 739//723
f 739//723 634//618 727//711
f 630//614 727//711 634//618
f 634//618 740//724 630//614
f 631//615 630//614 740//724
f 740//724 636//620 631//615
f 410//394 631//615 741//725
f 635//619 634//618 739//723
f 739//723 742//726 635//619
f 740//724 634//618 728//712
f 728//712 743//727 740//724
f 616//600 721//705 739//723
f 739//723 721//705 742//726
f 637//621 740//724 743//727
f 740//724 637//621 636//620
f 744//728 636//620 638//622
f 676//660 406//390 741//725
f 741//725 745//729 676//660
f 741//725 631//615 636//620
f 744//728 745//729 741//725
f 741//725 636//620 744//728
f 410//394 741//725 406//390
f 679//663 642//626 416//400
f 416//400 417//401 679//663
f 681//665 641//625 642//626
f 642//626 679//663 681//665
f 723//707 725//709 641//625
f 641//625 681//665 723//707
f 716//700 717//701 725//709
f 725//709 723//707 716//700
f 604//588 598//582 601//585
f 601//585 746//730 604//588
f 627//611 604//588 746//730
f 746//730 707//691 627//611
f 628//612 605//589 604//588
f 604//588 627//611 628//612
f 719//703 717//701 605//589
f 605//589 628//612 719//703
f 713//697 689//673 684//668
f 684//668 683//667 713//697
f 689//673 688//672 685//669
f 685//669 684//668 689//673
f 714//698 683//667 668//652
f 668//652 683//667 682//666
f 747//731 748//732 749//733
f 749//733 750//734 747//731
f 751//735 752//736 748//732
f 748//732 747//731 751//735
f 753//737 754//738 755//739
f 755//739 756//740 753//737
f 757//741 758//742 756//740
f 756//740 755//739 757//741
f 758//742 757//741 759//743
f 759//743 760//744 758//742
f 761//745 762//746 763//747
f 763//747 764//748 761//745
f 750//734 765//749 766//750
f 766//750 747//731 750//734
f 767//751 765//749 768//752
f 768//752 769//753 767//751
f 770//754 771//755 772//756
f 772//756 773//757 770//754
f 774//758 775//759 754//738
f 754//738 753//737 774//758
f 776//760 777//761 771//755
f 771//755 778//762 776//760
f 776//760 779//763 780//764
f 780//764 777//761 776//760
f 780//764 781//765 782//766
f 782//766 777//761 780//764
f 783//767 781//765 780//764
f 780//764 784//768 783//767
f 776//760 785//769 786//770
f 786//770 779//763 776//760
f 787//771 779//763 786//770
f 786//770 788//772 787//771
f 784//768 780//764 779//763
f 779//763 787//771 784//768
f 778//762 789//773 785//769
f 785//769 776//760 778//762
f 770//754 790//774 778//762
f 778//762 771//755 770//754
f 791//775 792//776 793//777
f 793//777 794//778 791//775
f 795//779 796//780 797//781
f 797//781 798//782 795//779
f 795//779 798//782 799//783
f 799//783 800//784 795//779
f 800//784 801//785 802//786
f 802//786 795//779 800//784
f 803//787 797//781 796//780
f 796//780 794//778 803//787
f 804//788 805//789 797//781
f 797//781 803//787 804//788
f 767//751 803//787 794//778
f 794//778 793//777 767//751
f 790//774 806//790 789//773
f 789//773 778//762 790//774
f 807//791 808//792 809//793
f 809//793 810//794 807//791
f 811//795 785//769 789//773
f 789//773 810//794 811//795
f 804//788 803//787 767//751
f 767//751 769//753 804//788
f 769//753 812//796 813//797
f 813//797 804//788 769//753
f 814//798 805//789 804//788
f 804//788 813//797 814//798
f 815//799 814//798 813//797
f 813//797 816//800 815//799
f 812//796 817//801 816//800
f 816//800 813//797 812//796
f 788//772 815//799 816//800
f 816//800 787//771 788//772
f 817//801 784//768 787//771
f 787//771 816//800 817//801
f 812//796 818//802 819//803
f 819//803 817//801 812//796
f 818//802 768//752 820//804
f 820//804 762//746 818//802
f 821//805 822//806 815//799
f 815//799 788//772 821//805
f 823//807 821//805 788//772
f 788//772 786//770 823//807
f 814//798 815//799 822//806
f 822//806 824//808 814//798
f 824//808 825//809 805//789
f 805//789 814//798 824//808
f 805//789 825//809 798//782
f 798//782 797//781 805//789
f 826//810 798//782 825//809
f 825//809 827//811 826//810
f 762//746 820//804 828//812
f 828//812 763//747 762//746
f 783//767 819//803 761//745
f 761//745 759//743 783//767
f 823//807 786//770 785//769
f 785//769 811//795 823//807
f 811//795 829//813 830//814
f 830//814 823//807 811//795
f 831//815 832//816 821//805
f 821//805 823//807 831//815
f 833//817 834//818 832//816
f 832//816 831//815 833//817
f 835//819 836//820 837//821
f 837//821 838//822 835//819
f 832//816 834//818 838//822
f 838//822 837//821 832//816
f 839//823 833//817 831//815
f 831//815 840//824 839//823
f 830//814 840//824 831//815
f 831//815 823//807 830//814
f 821//805 832//816 837//821
f 837//821 822//806 821//805
f 841//825 842//826 829//813
f 829//813 811//795 841//825
f 843//827 842//826 841//825
f 841//825 844//828 843//827
f 799//783 798//782 826//810
f 826//810 845//829 799//783
f 810//794 809//793 841//825
f 841//825 811//795 810//794
f 836//820 824//808 822//806
f 822//806 837//821 836//820
f 825//809 824//808 836//820
f 836//820 846//830 825//809
f 847//831 848//832 849//833
f 849//833 846//830 847//831
f 827//811 825//809 846//830
f 846//830 849//833 827//811
f 850//834 851//835 801//785
f 801//785 800//784 850//834
f 852//836 853//837 809//793
f 809//793 808//792 852//836
f 844//828 841//825 809//793
f 809//793 853//837 844//828
f 854//838 799//783 845//829
f 845//829 855//839 854//838
f 846//830 836//820 835//819
f 835//819 847//831 846//830
f 800//784 799//783 854//838
f 854//838 850//834 800//784
f 806//790 807//791 810//794
f 810//794 789//773 806//790
f 795//779 802//786 856//840
f 856//840 796//780 795//779
f 794//778 796//780 856//840
f 856//840 791//775 794//778
f 820//804 750//734 749//733
f 749//733 828//812 820//804
f 792//776 857//841 766//750
f 766//750 793//777 792//776
f 755//739 754//738 772//756
f 772//756 782//766 755//739
f 764//748 760//744 759//743
f 759//743 761//745 764//748
f 858//842 859//843 860//844
f 860//844 861//845 858//842
f 862//846 863//847 864//848
f 864//848 865//849 862//846
f 866//850 867//851 868//852
f 868//852 869//853 866//850
f 859//843 858//842 863//847
f 863//847 862//846 859//843
f 870//854 871//855 872//856
f 872//856 873//857 870//854
f 874//858 875//859 876//860
f 876//860 877//861 874//858
f 878//862 879//863 880//864
f 880//864 881//865 878//862
f 875//859 882//866 883//867
f 883//867 880//864 875//859
f 884//868 885//869 882//866
f 882//866 886//870 884//868
f 828//812 749//733 885//869
f 885//869 884//868 828//812
f 874//858 887//871 888//872
f 888//872 886//870 874//858
f 748//732 889//873 885//869
f 885//869 749//733 748//732
f 884//868 890//874 763//747
f 763//747 828//812 884//868
f 752//736 891//875 889//873
f 889//873 748//732 752//736
f 889//873 891//875 892//876
f 892//876 883//867 889//873
f 753//737 893//877 894//878
f 894//878 774//758 753//737
f 870//854 895//879 896//880
f 896//880 871//855 870//854
f 871//855 896//880 868//852
f 868//852 865//849 871//855
f 758//742 866//850 869//853
f 869//853 756//740 758//742
f 893//877 753//737 756//740
f 756//740 869//853 893//877
f 897//881 866//850 758//742
f 758//742 760//744 897//881
f 861//845 860//844 887//871
f 887//871 898//882 861//845
f 887//871 860//844 899//883
f 899//883 888//872 887//871
f 859//843 900//884 899//883
f 899//883 860//844 859//843
f 897//881 900//884 867//851
f 867//851 866//850 897//881
f 897//881 760//744 764//748
f 764//748 901//885 897//881
f 764//748 763//747 890//874
f 890//874 901//885 764//748
f 863//847 902//886 903//887
f 903//887 864//848 863//847
f 858//842 904//888 902//886
f 902//886 863//847 858//842
f 905//889 906//890 907//891
f 907//891 904//888 905//889
f 908//892 909//893 906//890
f 906//890 905//889 908//892
f 871//855 865//849 864//848
f 864//848 872//856 871//855
f 875//859 880//864 879//863
f 879//863 876//860 875//859
f 910//894 911//895 912//896
f 912//896 913//897 910//894
f 903//887 914//898 912//896
f 912//896 911//895 903//887
f 914//898 903//887 902//886
f 902//886 915//899 914//898
f 902//886 904//888 907//891
f 907//891 915//899 902//886
f 905//889 861//845 898//882
f 898//882 908//892 905//889
f 904//888 858//842 861//845
f 861//845 905//889 904//888
f 911//895 910//894 873//857
f 873//857 872//856 911//895
f 903//887 911//895 872//856
f 872//856 864//848 903//887
f 906//890 916//900 917//901
f 917//901 907//891 906//890
f 909//893 918//902 916//900
f 916//900 906//890 909//893
f 913//897 912//896 919//903
f 919//903 920//904 913//897
f 921//905 919//903 922//906
f 923//907 924//908 925//909
f 915//899 926//910 922//906
f 922//906 914//898 915//899
f 927//911 926//910 917//901
f 917//901 928//912 927//911
f 929//913 930//914 877//861
f 877//861 876//860 929//913
f 931//915 932//916 930//914
f 930//914 929//913 931//915
f 933//917 934//918 935//919
f 935//919 936//920 933//917
f 877//861 898//882 887//871
f 887//871 874//858 877//861
f 930//914 908//892 898//882
f 898//882 877//861 930//914
f 932//916 909//893 908//892
f 908//892 930//914 932//916
f 934//918 937//921 918//902
f 918//902 935//919 934//918
f 938//922 929//913 876//860
f 876//860 879//863 938//922
f 939//923 931//915 929//913
f 929//913 938//922 939//923
f 940//924 933//917 936//920
f 936//920 941//925 940//924
f 942//926 938//922 879//863
f 879//863 878//862 942//926
f 943//927 939//923 938//922
f 938//922 942//926 943//927
f 944//928 940//924 941//925
f 941//925 945//929 944//928
f 946//930 947//931 921//932
f 921//932 948//933 946//930
f 946//930 948//933 927//911
f 927//911 949//934 946//930
f 928//912 950//935 949//934
f 949//934 927//911 928//912
f 928//912 951//936 952//937
f 952//937 950//935 928//912
f 953//938 954//939 937//921
f 937//921 934//918 953//938
f 954//939 952//937 951//936
f 951//936 937//921 954//939
f 933//917 940//924 955//940
f 955//940 956//941 933//917
f 956//941 953//938 934//918
f 934//918 933//917 956//941
f 940//924 944//928 957//942
f 957//942 955//940 940//924
f 958//943 921//932 947//931
f 947//931 959//944 958//943
f 960//945 961//946 962//947
f 962//947 963//948 960//945
f 964//949 965//950 960//945
f 960//945 963//948 964//949
f 965//950 966//951 967//952
f 961//946 960//945 968//953
f 968//953 969//954 961//946
f 970//955 971//956 969//954
f 969//954 968//953 970//955
f 972//957 963//948 962//947
f 962//947 973//958 972//957
f 974//959 975//960 976//961
f 976//961 977//962 974//959
f 976//961 844//828 853//837
f 853//837 977//962 976//961
f 978//963 979//964 975//960
f 975//960 980//965 978//963
f 979//964 981//966 976//961
f 976//961 975//960 979//964
f 975//960 974//959 982//967
f 982//967 980//965 975//960
f 983//968 854//838 855//839
f 855//839 984//969 983//968
f 985//970 983//968 984//969
f 984//969 986//971 985//970
f 987//972 970//955 968//953
f 968//953 967//952 987//972
f 970//955 987//972 988//973
f 988//973 989//974 970//955
f 989//974 990//975 971//956
f 971//956 970//955 989//974
f 990//975 847//831 835//819
f 835//819 971//956 990//975
f 991//976 990//975 989//974
f 989//974 992//957 991//976
f 988//973 993//977 992//957
f 992//957 989//974 988//973
f 994//978 966//951 964//949
f 995//979 996//980 997//981
f 997//981 998//982 995//979
f 999//983 996//980 985//970
f 985//970 1000//984 999//983
f 1000//984 985//970 986//971
f 986//971 1001//963 1000//984
f 985//970 996//980 995//979
f 995//979 983//968 985//970
f 850//834 854//838 983//968
f 983//968 995//979 850//834
f 1002//985 982//967 974//959
f 974//959 1003//986 1002//985
f 977//962 1004//982 1003//986
f 1003//986 974//959 977//962
f 999//983 1005//987 1006//988
f 966//951 965//950 964//949
f 965//950 967//952 968//953
f 968//953 960//945 965//950
f 966//951 987//972 967//952
f 966//951 988//973 987//972
f 966//951 993//977 988//973
f 994//978 964//949 963//948
f 963//948 972//957 994//978
f 1007//989 978//963 980//965
f 1007//989 980//965 982//967
f 1005//987 999//983 1000//984
f 1005//987 1000//984 1001//963
f 1007//989 982//967 1002//985
f 996//980 999//983 1006//988
f 1006//988 997//981 996//980
f 961//946 834//818 833//817
f 833//817 962//947 961//946
f 838//822 969//954 971//956
f 971//956 835//819 838//822
f 969//954 838//822 834//818
f 834//818 961//946 969//954
f 973//958 962//947 833//817
f 833//817 839//823 973//958
f 844//828 976//961 981//966
f 981//966 843//827 844//828
f 990//975 991//976 848//832
f 848//832 847//831 990//975
f 851//835 850//834 995//979
f 995//979 998//982 851//835
f 977//962 853//837 852//836
f 852//836 1004//982 977//962
f 765//749 767//751 793//777
f 793//777 766//750 765//749
f 765//749 750//734 820//804
f 820//804 768//752 765//749
f 772//756 754//738 775//759
f 775//759 773//757 772//756
f 781//765 757//741 755//739
f 755//739 782//766 781//765
f 757//741 781//765 783//767
f 783//767 759//743 757//741
f 762//746 761//745 819//803
f 819//803 818//802 762//746
f 818//802 812//796 769//753
f 769//753 768//752 818//802
f 783//767 784//768 817//801
f 817//801 819//803 783//767
f 857//841 751//735 747//731
f 747//731 766//750 857//841
f 771//755 777//761 782//766
f 782//766 772//756 771//755
f 867//851 862//846 865//849
f 865//849 868//852 867//851
f 882//866 885//869 889//873
f 889//873 883//867 882//866
f 875//859 874//858 886//870
f 886//870 882//866 875//859
f 890//874 884//868 886//870
f 886//870 888//872 890//874
f 881//865 880//864 883//867
f 883//867 892//876 881//865
f 894//878 893//877 896//880
f 896//880 895//879 894//878
f 893//877 869//853 868//852
f 868//852 896//880 893//877
f 901//885 890//874 888//872
f 888//872 899//883 901//885
f 900//884 897//881 901//885
f 901//885 899//883 900//884
f 900//884 859//843 862//846
f 862//846 867//851 900//884
f 1008//990 1009//991 1010//992
f 1010//992 1011//993 1008//990
f 1012//994 1013//995 1008//990
f 1008//990 1011//993 1012//994
f 1014//996 1015//997 1016//998
f 1016//998 1017//999 1014//996
f 1015//997 1018//1000 1019//1001
f 1019//1001 1016//998 1015//997
f 1019//1001 1018//1000 1013//995
f 1013//995 1012//994 1019//1001
f 1020//1002 1014//996 1017//999
f 1017//999 1021//1003 1020//1002
f 1022//1004 1023//1005 1024//1006
f 1024//1006 1025//1007 1022//1004
f 1025//1007 1024//1006 1009//991
f 1009//991 1008//990 1025//1007
f 1026//1008 1022//1004 1025//1007
f 1025//1007 1027//1009 1026//1008
f 1027//1009 1025//1007 1008//990
f 1008//990 1013//995 1027//1009
f 1028//1010 1029//1011 1030//1012
f 1030//1012 1031//1013 1028//1010
f 1031//1013 1030//1012 1015//997
f 1015//997 1014//996 1031//1013
f 1029//1011 1032//1014 1033//1015
f 1033//1015 1030//1012 1029//1011
f 1030//1012 1033//1015 1018//1000
f 1018//1000 1015//997 1030//1012
f 1032//1014 1026//1008 1027//1009
f 1027//1009 1033//1015 1032//1014
f 1033//1015 1027//1009 1013//995
f 1013//995 1018//1000 1033//1015
f 1034//1016 1028//1010 1031//1013
f 1031//1013 1035//1017 1034//1016
f 1035//1017 1031//1013 1014//996
f 1014//996 1020//1002 1035//1017
f 1034//1016 1035//1017 1036//1018
f 1037//1019 1035//1017 1020//1002
f 1020//1002 1021//1003 1038//1020
f 1038//1020 1037//1019 1020//1002
f 1037//1019 1036//1018 1035//1017
f 1039//1021 1040//1022 1041//1023
f 1041//1023 1042//1024 1039//1021
f 1043//1025 1039//1021 1042//1024
f 1042//1024 1044//1026 1043//1025
f 1045//1027 1043//1025 1044//1026
f 1044//1026 1046//1028 1045//1027
f 1047//1029 1048//1030 1045//1027
f 1045//1027 1046//1028 1047//1029
f 1049//1031 1050//1032 1051//1033
f 1051//1033 1052//1034 1049//1031
f 1050//1032 1048//1030 1047//1029
f 1047//1029 1051//1033 1050//1032
f 1040//1022 1010//992 1009//991
f 1009//991 1041//1023 1040//1022
f 1053//1035 1042//1024 1041//1023
f 1041//1023 1054//1036 1053//1035
f 1044//1026 1042//1024 1053//1035
f 1053//1035 1055//1037 1044//1026
f 1046//1028 1044//1026 1055//1037
f 1055//1037 1056//1038 1046//1028
f 1047//1029 1046//1028 1056//1038
f 1056//1038 1057//1039 1047//1029
f 1052//1034 1051//1033 1058//1040
f 1058//1040 1059//1041 1052//1034
f 1051//1033 1047//1029 1057//1039
f 1057//1039 1058//1040 1051//1033
f 1041//1023 1009//991 1024//1006
f 1024//1006 1054//1036 1041//1023
f 1053//1035 1054//1036 1060//1042
f 1060//1042 1061//1043 1053//1035
f 1055//1037 1053//1035 1061//1043
f 1061//1043 1062//1044 1055//1037
f 1055//1037 1062//1044 1063//1045
f 1063//1045 1056//1038 1055//1037
f 1056//1038 1063//1045 1064//1046
f 1064//1046 1057//1039 1056//1038
f 1058//1040 1065//1047 1066//1048
f 1066//1048 1059//1041 1058//1040
f 1057//1039 1064//1046 1065//1047
f 1065//1047 1058//1040 1057//1039
f 1054//1036 1024//1006 1067//1049
f 1067//1049 1060//1042 1054//1036
f 1023//1005 1068//1050 1067//1049
f 1067//1049 1024//1006 1023//1005
f 1069//1051 1070//1052 1061//1043
f 1061//1043 1060//1042 1069//1051
f 1070//1052 1071//1053 1062//1044
f 1062//1044 1061//1043 1070//1052
f 1062//1044 1071//1053 1072//1054
f 1072//1054 1063//1045 1062//1044
f 1063//1045 1072//1054 1073//1055
f 1073//1055 1064//1046 1063//1045
f 1065//1047 1074//1056 1075//1057
f 1075//1057 1066//1048 1065//1047
f 1064//1046 1073//1055 1074//1056
f 1074//1056 1065//1047 1064//1046
f 1076//1058 1069//1051 1060//1042
f 1060//1042 1067//1049 1076//1058
f 1068//1050 1077//1059 1076//1058
f 1076//1058 1067//1049 1068//1050
f 1078//1060 1079//1061 1080//1062
f 1080//1062 1081//1063 1078//1060
f 1082//1064 1083//1065 1079//1061
f 1079//1061 1078//1060 1082//1064
f 1084//1066 1085//1067 1083//1065
f 1083//1065 1082//1064 1084//1066
f 1086//1068 1087//1069 1085//1067
f 1085//1067 1084//1066 1086//1068
f 1086//1068 1088//1070 1089//1071
f 1089//1071 1087//1069 1086//1068
f 1079//1061 1090//1072 1091//1073
f 1091//1073 1080//1062 1079//1061
f 1092//1074 1093//1075 1094//1076
f 1094//1076 1095//1077 1092//1074
f 1083//1065 1096//1078 1090//1072
f 1090//1072 1079//1061 1083//1065
f 1095//1077 1094//1076 1097//1079
f 1097//1079 1098//1080 1095//1077
f 1083//1065 1085//1067 1099//1081
f 1099//1081 1096//1078 1083//1065
f 1098//1080 1097//1079 1100//1082
f 1100//1082 1101//1083 1098//1080
f 1085//1067 1087//1069 1102//1084
f 1102//1084 1099//1081 1085//1067
f 1101//1083 1100//1082 1103//1085
f 1103//1085 1104//1086 1101//1083
f 1105//1087 1102//1084 1087//1069
f 1087//1069 1089//1071 1105//1087
f 1104//1086 1103//1085 1106//1088
f 1106//1088 1107//1089 1104//1086
f 1095//1077 1078//1060 1081//1063
f 1081//1063 1092//1074 1095//1077
f 1098//1080 1082//1064 1078//1060
f 1078//1060 1095//1077 1098//1080
f 1101//1083 1084//1066 1082//1064
f 1082//1064 1098//1080 1101//1083
f 1104//1086 1086//1068 1084//1066
f 1084//1066 1101//1083 1104//1086
f 1107//1089 1088//1070 1086//1068
f 1086//1068 1104//1086 1107//1089
f 1107//1089 1108//1090 1109//1091
f 1109//1091 1088//1070 1107//1089
f 1089//1071 1110//1092 1111//1093
f 1111//1093 1105//1087 1089//1071
f 1088//1070 1109//1091 1110//1092
f 1110//1092 1089//1071 1088//1070
f 1107//1089 1106//1088 1112//1094
f 1112//1094 1108//1090 1107//1089
f 1108//1090 1112//1094 1049//1031
f 1049//1031 1052//1034 1108//1090
f 1108//1090 1052//1034 1059//1041
f 1059//1041 1109//1091 1108//1090
f 1113//1095 1066//1048 1075//1057
f 1075//1057 1114//1096 1113//1095
f 1115//1097 1059//1041 1066//1048
f 1066//1048 1113//1095 1115//1097
f 1109//1091 1059//1041 1115//1097
f 1115//1097 1110//1092 1109//1091
f 1116//1098 1113//1095 1114//1096
f 1114//1096 1117//1099 1116//1098
f 1118//1100 1115//1097 1113//1095
f 1113//1095 1116//1098 1118//1100
f 1111//1093 1110//1092 1115//1097
f 1115//1097 1118//1100 1111//1093
f 1119//1101 1120//1102 1121//1103
f 1121//1103 1122//1104 1119//1101
f 1119//1101 1122//1104 1123//1105
f 1124//1106 1125//1107 1126//1108
f 1126//1108 1127//1109 1124//1106
f 1126//1108 1125//1107 1128//1110
f 1128//1110 1129//1111 1126//1108
f 1130//1112 1131//1113 1132//1114
f 1132//1114 1133//1115 1130//1112
f 1127//1109 1126//1108 1131//1113
f 1131//1113 1130//1112 1127//1109
f 1134//1116 1135//1117 1125//1107
f 1125//1107 1124//1106 1134//1116
f 1131//1113 1136//1118 1137//1119
f 1137//1119 1132//1114 1131//1113
f 1126//1108 1129//1111 1136//1118
f 1136//1118 1131//1113 1126//1108
f 1138//1120 1128//1110 1125//1107
f 1125//1107 1135//1117 1138//1120
f 1139//1121 1140//1122 1135//1117
f 1135//1117 1134//1116 1139//1121
f 1092//1074 1122//1104 1121//1103
f 1121//1103 1093//1075 1092//1074
f 1140//1122 1141//1123 1138//1120
f 1138//1120 1135//1117 1140//1122
f 1081//1063 1123//1105 1122//1104
f 1122//1104 1092//1074 1081//1063
f 1140//1122 1119//1101 1141//1123
f 1139//1121 1120//1102 1119//1101
f 1119//1101 1140//1122 1139//1121
f 1123//1105 1141//1123 1119//1101
f 1142//1124 1136//1118 1129//1111
f 1129//1111 1128//1110 1142//1124
f 1143//1125 1137//1119 1136//1118
f 1136//1118 1142//1124 1143//1125
f 1081//1063 1080//1062 1144//1126
f 1144//1126 1123//1105 1081//1063
f 1080//1062 1091//1073 1145//1127
f 1145//1127 1144//1126 1080//1062
f 1123//1105 1144//1126 1146//1128
f 1146//1128 1141//1123 1123//1105
f 1144//1126 1145//1127 1147//1129
f 1147//1129 1146//1128 1144//1126
f 1146//1128 1148//1130 1138//1120
f 1138//1120 1141//1123 1146//1128
f 1146//1128 1147//1129 1149//1131
f 1149//1131 1148//1130 1146//1128
f 1148//1130 1142//1124 1128//1110
f 1128//1110 1138//1120 1148//1130
f 1142//1124 1148//1130 1149//1131
f 1149//1131 1143//1125 1142//1124
f 1150//1132 1151//1133 1152//1134
f 1152//1134 1153//1135 1150//1132
f 1153//1135 1152//1134 1154//1136
f 1154//1136 1155//1137 1153//1135
f 1155//1137 1154//1136 1156//1138
f 1156//1138 1157//1139 1155//1137
f 1158//1140 1159//1141 1151//1133
f 1151//1133 1150//1132 1158//1140
f 1160//1142 1161//1143 1159//1141
f 1159//1141 1158//1140 1160//1142
f 1157//1139 1156//1138 1162//1144
f 1162//1144 1163//1145 1157//1139
f 1070//1052 1069//1051 1150//1132
f 1151//1133 1164//1146 1165//1147
f 1165//1147 1152//1134 1151//1133
f 1153//1135 1071//1053 1070//1052
f 1070//1052 1150//1132 1153//1135
f 1072//1054 1071//1053 1153//1135
f 1152//1134 1165//1147 1166//1148
f 1166//1148 1154//1136 1152//1134
f 1155//1137 1073//1055 1072//1054
f 1072//1054 1153//1135 1155//1137
f 1154//1136 1166//1148 1167//1149
f 1167//1149 1156//1138 1154//1136
f 1157//1139 1075//1057 1074//1056
f 1074//1056 1155//1137 1157//1139
f 1074//1056 1073//1055 1155//1137
f 1159//1141 1168//1150 1164//1146
f 1164//1146 1151//1133 1159//1141
f 1158//1140 1150//1132 1069//1051
f 1069//1051 1076//1058 1158//1140
f 1161//1143 1169//1151 1168//1150
f 1168//1150 1159//1141 1161//1143
f 1158//1140 1076//1058 1077//1059
f 1077//1059 1160//1142 1158//1140
f 1114//1096 1075//1057 1157//1139
f 1156//1138 1167//1149 1170//1152
f 1170//1152 1162//1144 1156//1138
f 1163//1145 1117//1099 1114//1096
f 1114//1096 1157//1139 1163//1145
f 1171//1153 1172//1154 1173//1155
f 1171//1153 1174//1156 1172//1154
f 1171//1153 1175//1157 1174//1156
f 1171//1153 1173//1155 1176//1158
f 1171//1153 1176//1158 1177//1159
f 1171//1153 1178//1160 1175//1157
f 411//395 1179//1161 1180//1162
f 1180//1162 412//396 411//395
f 1181//1163 1182//1164 1183//1165
f 1179//1161 1184//1166 1185//1167
f 1185//1167 1180//1162 1179//1161
f 1186//1168 405//389 408//392
f 1187//1169 415//399 413//397
f 413//397 1188//1170 1187//1169
f 412//396 1180//1162 1188//1170
f 1188//1170 413//397 412//396
f 1189//1171 1188//1170 1180//1162
f 1180//1162 1185//1167 1189//1171
f 1188//1170 1189//1171 1190//1172
f 1190//1172 1187//1169 1188//1170
f 1191//1173 1192//1174 1193//1175
f 1193//1175 1194//1176 1191//1173
f 1195//1177 1196//1178 1197//1179
f 1197//1179 1198//1180 1195//1177
f 1198//1180 419//403 418//402
f 418//402 1195//1177 1198//1180
f 1199//1181 422//406 419//403
f 419//403 1198//1180 1199//1181
f 423//407 422//406 1199//1181
f 1199//1181 1200//1182 423//407
f 1193//1175 1201//1183 1202//1184
f 1202//1184 1194//1176 1193//1175
f 1201//1183 1203//1185 1204//1186
f 1204//1186 1202//1184 1201//1183
f 1205//1187 1206//1188 1207//1189
f 1207//1189 1208//1190 1205//1187
f 1209//1191 1210//1192 1211//1193
f 1211//1193 1212//1194 1209//1191
f 1211//1193 1213//1195 1214//1196
f 1214//1196 1212//1194 1211//1193
f 1215//1197 1216//1198 1217//1199
f 1217//1199 1218//1200 1215//1197
f 1219//1201 1220//1202 1221//1203
f 1221//1203 1222//1204 1219//1201
f 1222//1204 1221//1203 1223//1205
f 1223//1205 1224//1206 1222//1204
f 1225//1207 1226//1208 1218//1200
f 1218//1200 1217//1199 1225//1207
f 1227//1209 1207//1189 1206//1188
f 1206//1188 1228//1210 1227//1209
f 1217//1199 1216//1198 1229//1211
f 1230//1212 1231//1213 1232//1214
f 1233//1215 1234//1216 1235//1217
f 1235//1217 1236//1218 1233//1215
f 1237//1219 1238//1220 1239//1221
f 1239//1221 1240//1222 1237//1219
f 1236//1218 1241//1223 1242//1224
f 1242//1224 1233//1215 1236//1218
f 1197//1179 1243//1225 1199//1181
f 1199//1181 1198//1180 1197//1179
f 1243//1225 1244//1226 1200//1182
f 1200//1182 1199//1181 1243//1225
f 1245//1227 1246//1228 1243//1225
f 1243//1225 1197//1179 1245//1227
f 1247//1229 1245//1227 1197//1179
f 1197//1179 1196//1178 1247//1229
f 1248//1230 1249//1231 1250//1232
f 1250//1232 1251//1233 1248//1230
f 1252//1234 1253//1235 1246//1228
f 1246//1228 1245//1227 1252//1234
f 1254//1236 1252//1234 1245//1227
f 1245//1227 1247//1229 1254//1236
f 1255//1237 1256//1238 1253//1235
f 1253//1235 1252//1234 1255//1237
f 1253//1235 1257//1239 1258//1240
f 1258//1240 1246//1228 1253//1235
f 1259//1241 1260//1242 1261//1243
f 1261//1243 1262//1244 1259//1241
f 1259//1241 1263//1245 1200//1182
f 425//409 423//407 1200//1182
f 1200//1182 1263//1245 425//409
f 428//412 425//409 1263//1245
f 1263//1245 1264//1246 428//412
f 1265//1247 1219//1201 1222//1204
f 1222//1204 1266//1248 1265//1247
f 1267//1249 1268//1250 1269//1251
f 1269//1251 1270//1252 1267//1249
f 1270//1252 1271//1253 1272//1254
f 1272//1254 1267//1249 1270//1252
f 1273//1255 1274//1256 1269//1251
f 1269//1251 1275//1257 1273//1255
f 1274//1256 1276//1258 1270//1252
f 1270//1252 1269//1251 1274//1256
f 1240//1222 1275//1257 1277//1259
f 1277//1259 1237//1219 1240//1222
f 1276//1258 1278//1260 1271//1253
f 1271//1253 1270//1252 1276//1258
f 1266//1248 1222//1204 1224//1206
f 1224//1206 1279//1261 1266//1248
f 1280//1262 1281//1263 1282//1264
f 1282//1264 1283//1265 1280//1262
f 1283//1265 1284//1266 1285//1267
f 1285//1267 1280//1262 1283//1265
f 1283//1265 1286//1268 1284//1266
f 1287//1269 1288//1270 1289//1271
f 1289//1271 1290//1272 1287//1269
f 431//415 1291//1273 1292//1274
f 1293//1275 1294//1276 1295//1277
f 1295//1277 1292//1274 1293//1275
f 1296//1278 1297//1279 1291//1273
f 1291//1273 1298//1280 1296//1278
f 431//415 434//418 1298//1280
f 1298//1280 1291//1273 431//415
f 1299//1281 1300//1282 1234//1216
f 1234//1216 1233//1215 1299//1281
f 1240//1222 1239//1221 1301//1283
f 1301//1283 1302//1284 1240//1222
f 1302//1284 1301//1283 1303//1285
f 1303//1285 1304//1286 1302//1284
f 1276//1258 1274//1256 1305//1287
f 1305//1287 1306//1288 1276//1258
f 1307//1289 1304//1286 1308//1290
f 1308//1290 1309//1291 1307//1289
f 1308//1290 1304//1286 1303//1285
f 1303//1285 1310//1292 1308//1290
f 1310//1292 450//434 452//436
f 452//436 1308//1290 1310//1292
f 1311//1293 1310//1292 1312//1294
f 1312//1294 1313//1295 1311//1293
f 1300//1282 1299//1281 1313//1295
f 1313//1295 1312//1294 1300//1282
f 1314//1296 1313//1295 1299//1281
f 1299//1281 1315//1297 1314//1296
f 1233//1215 1242//1224 1315//1297
f 1315//1297 1299//1281 1233//1215
f 1316//1298 1311//1293 1313//1295
f 1313//1295 1314//1296 1316//1298
f 1251//1233 1250//1232 1317//1299
f 1317//1299 1254//1236 1251//1233
f 1254//1236 1317//1299 1318//1300
f 1318//1300 1319//1301 1254//1236
f 1320//1302 1321//1303 1319//1301
f 1319//1301 1318//1300 1320//1302
f 1255//1237 1319//1301 1321//1303
f 1321//1303 1322//1304 1255//1237
f 1322//1304 1323//1305 1256//1238
f 1256//1238 1255//1237 1322//1304
f 1252//1234 1254//1236 1319//1301
f 1319//1301 1255//1237 1252//1234
f 1324//1306 1325//1307 1322//1304
f 1322//1304 1321//1303 1324//1306
f 1323//1305 1322//1304 1325//1307
f 1325//1307 1326//1308 1323//1305
f 1327//1309 1324//1306 1321//1303
f 1321//1303 1320//1302 1327//1309
f 1328//1310 1320//1302 1318//1300
f 1318//1300 1329//1311 1328//1310
f 1317//1299 1330//1312 1329//1311
f 1329//1311 1318//1300 1317//1299
f 1331//1313 1329//1311 1330//1312
f 1330//1312 1286//1268 1331//1313
f 1328//1310 1329//1311 1331//1313
f 1331//1313 1332//1314 1328//1310
f 1333//1315 1327//1309 1320//1302
f 1320//1302 1328//1310 1333//1315
f 1289//1271 1330//1312 1290//1272
f 1294//1276 1293//1275 1334//1316
f 1334//1316 1335//1317 1294//1276
f 1297//1279 1296//1278 1336//1318
f 1336//1318 1337//1319 1297//1279
f 434//418 436//420 1338//1320
f 1338//1320 1298//1280 434//418
f 436//420 428//412 1264//1246
f 1264//1246 1338//1320 436//420
f 1298//1280 1338//1320 1339//1321
f 1339//1321 1296//1278 1298//1280
f 1338//1320 1264//1246 1262//1244
f 1262//1244 1339//1321 1338//1320
f 1340//1322 1341//1323 1342//1324
f 1342//1324 1343//1325 1340//1322
f 1344//1326 1345//1327 1346//1328
f 1347//1329 1348//1330 1336//1318
f 1336//1318 1296//1278 1347//1329
f 1296//1278 1339//1321 1349//1331
f 1349//1331 1347//1329 1296//1278
f 1350//1332 1351//1333 1352//1334
f 1352//1334 1353//1335 1350//1332
f 1354//1336 1355//1337 1356//1338
f 1356//1338 1357//1339 1354//1336
f 1341//1323 1340//1322 1358//1340
f 1358//1340 1359//1341 1341//1323
f 1360//1342 1361//1343 1362//1344
f 1362//1344 1363//1345 1360//1342
f 1361//1343 1364//1346 1365//1347
f 1365//1347 1362//1344 1361//1343
f 1358//1340 1366//1348 1367//1349
f 1367//1349 1359//1341 1358//1340
f 1368//1350 1369//1351 1370//1352
f 1370//1352 1371//1353 1368//1350
f 1372//1354 1373//1355 1374//1356
f 1374//1356 1375//1357 1372//1354
f 1376//1358 1282//1264 1281//1263
f 1281//1263 1377//1359 1376//1358
f 1377//1359 1378//1360 1379//1361
f 1379//1361 1376//1358 1377//1359
f 1380//1362 1282//1264 1376//1358
f 1376//1358 1381//1363 1380//1362
f 1381//1363 1382//1364 1383//1365
f 1383//1365 1380//1362 1381//1363
f 1331//1313 1286//1268 1380//1362
f 1380//1362 1383//1365 1331//1313
f 1383//1365 1384//1366 1332//1314
f 1332//1314 1331//1313 1383//1365
f 1384//1366 1385//1367 1386//1368
f 1386//1368 1332//1314 1384//1366
f 1333//1315 1328//1310 1332//1314
f 1332//1314 1386//1368 1333//1315
f 1283//1265 1282//1264 1380//1362
f 1380//1362 1286//1268 1283//1265
f 1387//1369 1388//1370 1389//1371
f 1389//1371 1382//1364 1387//1369
f 1390//1372 1387//1369 1382//1364
f 1382//1364 1381//1363 1390//1372
f 1390//1372 1381//1363 1379//1361
f 1387//1369 1390//1372 1391//1373
f 1391//1373 1392//1374 1387//1369
f 1393//1375 1394//1376 1392//1374
f 1392//1374 1391//1373 1393//1375
f 1392//1374 1395//1377 1388//1370
f 1388//1370 1387//1369 1392//1374
f 1384//1366 1383//1365 1382//1364
f 1382//1364 1389//1371 1384//1366
f 1388//1370 1396//1378 1397//1379
f 1397//1379 1389//1371 1388//1370
f 1396//1378 1388//1370 1395//1377
f 1395//1377 1398//1380 1396//1378
f 1389//1371 1397//1379 1385//1367
f 1385//1367 1384//1366 1389//1371
f 1399//1381 1379//1361 1378//1360
f 1378//1360 1366//1348 1399//1381
f 1391//1373 1390//1372 1379//1361
f 1379//1361 1399//1381 1391//1373
f 1358//1340 1400//1382 1399//1381
f 1399//1381 1366//1348 1358//1340
f 1370//1352 1369//1351 1272//1254
f 1272//1254 1271//1253 1370//1352
f 1340//1322 1401//1383 1400//1382
f 1400//1382 1358//1340 1340//1322
f 1399//1381 1400//1382 1393//1375
f 1393//1375 1391//1373 1399//1381
f 1402//1384 1403//1385 1394//1376
f 1394//1376 1393//1375 1402//1384
f 1401//1383 1402//1384 1393//1375
f 1393//1375 1400//1382 1401//1383
f 1339//1321 1262//1244 1261//1243
f 1261//1243 1349//1331 1339//1321
f 1349//1331 1261//1243 1404//1386
f 1404//1386 1405//1387 1349//1331
f 1405//1387 1404//1386 1406//1388
f 1406//1388 1407//1389 1405//1387
f 1405//1387 1408//1390 1347//1329
f 1347//1329 1349//1331 1405//1387
f 447//431 448//432 1311//1293
f 1311//1293 1316//1298 447//431
f 1310//1292 1311//1293 448//432
f 448//432 450//434 1310//1292
f 455//439 1309//1291 1308//1290
f 1308//1290 452//436 455//439
f 454//438 1409//1391 1309//1291
f 1309//1291 455//439 454//438
f 461//445 1410//1392 1409//1391
f 1409//1391 454//438 461//445
f 1305//1287 1309//1291 1409//1391
f 1409//1391 1306//1288 1305//1287
f 1410//1392 1411//1393 1306//1288
f 1306//1288 1409//1391 1410//1392
f 492//476 1412//1394 1410//1392
f 1410//1392 461//445 492//476
f 1278//1260 1276//1258 1306//1288
f 1306//1288 1411//1393 1278//1260
f 1271//1253 1278//1260 1413//1395
f 1413//1395 1370//1352 1271//1253
f 1414//1396 1370//1352 1413//1395
f 1413//1395 1415//1397 1414//1396
f 1416//1398 1417//1399 1418//1400
f 1418//1400 1419//1401 1416//1398
f 1415//1397 1413//1395 1420//1402
f 1420//1402 1421//1403 1415//1397
f 1422//1404 1423//1405 1424//1406
f 1424//1406 1425//1407 1422//1404
f 1411//1393 1420//1402 1413//1395
f 1413//1395 1278//1260 1411//1393
f 1256//1238 1426//1408 1257//1239
f 1257//1239 1253//1235 1256//1238
f 1323//1305 1427//1409 1426//1408
f 1426//1408 1256//1238 1323//1305
f 1427//1409 1323//1305 1326//1308
f 1326//1308 1428//1410 1427//1409
f 1429//1411 1427//1409 1428//1410
f 1428//1410 1430//1412 1429//1411
f 1427//1409 1429//1411 1431//1413
f 1431//1413 1426//1408 1427//1409
f 1426//1408 1431//1413 1432//1414
f 1432//1414 1257//1239 1426//1408
f 1404//1386 1433//1415 1434//1416
f 1434//1416 1406//1388 1404//1386
f 1429//1411 1435//1417 1434//1416
f 1434//1416 1431//1413 1429//1411
f 1435//1417 1429//1411 1430//1412
f 1430//1412 1436//1418 1435//1417
f 1437//1419 1438//1420 1407//1389
f 1407//1389 1406//1388 1437//1419
f 1257//1239 1432//1414 1439//1421
f 1439//1421 1258//1240 1257//1239
f 1433//1415 1404//1386 1261//1243
f 1261//1243 1260//1242 1433//1415
f 1412//1394 1420//1402 1411//1393
f 1411//1393 1410//1392 1412//1394
f 1421//1403 1420//1402 1412//1394
f 1412//1394 1440//1422 1421//1403
f 1440//1422 1423//1405 1421//1403
f 491//475 1440//1422 1412//1394
f 1412//1394 492//476 491//475
f 495//479 1441//1423 1440//1422
f 1440//1422 491//475 495//479
f 1348//1330 1347//1329 1408//1390
f 1408//1390 1442//1424 1348//1330
f 1443//1425 1444//1426 1445//1427
f 1445//1427 1446//1428 1443//1425
f 1444//1426 1443//1425 1343//1325
f 1343//1325 1344//1326 1444//1426
f 1401//1383 1340//1322 1343//1325
f 1343//1325 1443//1425 1401//1383
f 1402//1384 1401//1383 1443//1425
f 1443//1425 1446//1428 1402//1384
f 1446//1428 1447//1429 1403//1385
f 1403//1385 1402//1384 1446//1428
f 1448//1430 1449//1431 1442//1424
f 1442//1424 1408//1390 1448//1430
f 1450//1432 1451//1433 1449//1431
f 1449//1431 1448//1430 1450//1432
f 1452//1434 1453//1435 1451//1433
f 1451//1433 1450//1432 1452//1434
f 1454//1436 1455//1437 1447//1429
f 1447//1429 1456//1438 1454//1436
f 1456//1438 1447//1429 1446//1428
f 1446//1428 1445//1427 1456//1438
f 1457//1439 1458//1440 1455//1437
f 1455//1437 1454//1436 1457//1439
f 1448//1430 1407//1389 1438//1420
f 1438//1420 1450//1432 1448//1430
f 1459//1441 1460//1442 1438//1420
f 1438//1420 1437//1419 1459//1441
f 1447//1429 1455//1437 1461//1443
f 1461//1443 1403//1385 1447//1429
f 1462//1444 1394//1376 1403//1385
f 1403//1385 1461//1443 1462//1444
f 1463//1445 1462//1444 1461//1443
f 1461//1443 1464//1446 1463//1445
f 1395//1377 1392//1374 1394//1376
f 1394//1376 1462//1444 1395//1377
f 1398//1380 1395//1377 1462//1444
f 1462//1444 1463//1445 1398//1380
f 1455//1437 1458//1440 1464//1446
f 1464//1446 1461//1443 1455//1437
f 1407//1389 1448//1430 1408//1390
f 1408//1390 1405//1387 1407//1389
f 1460//1442 1452//1434 1450//1432
f 1450//1432 1438//1420 1460//1442
f 1179//1161 411//395 405//389
f 405//389 1182//1164 1179//1161
f 1465//1447 1184//1166 1179//1161
f 1179//1161 1182//1164 1465//1447
f 1203//1185 1230//1212 1466//1448
f 1466//1448 1204//1186 1203//1185
f 1209//1191 1205//1187 1208//1190
f 1208//1190 1210//1192 1209//1191
f 1425//1407 1418//1400 1417//1399
f 1417//1399 1422//1404 1425//1407
f 1363//1345 1356//1338 1355//1337
f 1355//1337 1360//1342 1363//1345
f 1374//1356 1373//1355 1416//1398
f 1416//1398 1419//1401 1374//1356
f 1345//1327 1343//1325 1467//1449
f 1351//1333 1350//1332 1354//1336
f 1354//1336 1357//1339 1351//1333
f 1343//1325 1345//1327 1344//1326
f 1297//1279 1293//1275 1292//1274
f 1292//1274 1291//1273 1297//1279
f 1337//1319 1334//1316 1293//1275
f 1293//1275 1297//1279 1337//1319
f 1350//1332 1353//1335 1346//1328
f 1346//1328 1345//1327 1350//1332
f 1467//1449 1354//1336 1350//1332
f 1350//1332 1345//1327 1467//1449
f 1355//1337 1354//1336 1467//1449
f 1467//1449 1342//1324 1355//1337
f 1360//1342 1355//1337 1342//1324
f 1342//1324 1341//1323 1360//1342
f 1359//1341 1361//1343 1360//1342
f 1360//1342 1341//1323 1359//1341
f 1367//1349 1364//1346 1361//1343
f 1361//1343 1359//1341 1367//1349
f 1368//1350 1373//1355 1372//1354
f 1372//1354 1468//1450 1368//1350
f 1371//1353 1416//1398 1373//1355
f 1373//1355 1368//1350 1371//1353
f 1417//1399 1416//1398 1371//1353
f 1371//1353 1414//1396 1417//1399
f 1417//1399 1414//1396 1415//1397
f 1415//1397 1422//1404 1417//1399
f 1421//1403 1423//1405 1422//1404
f 1422//1404 1415//1397 1421//1403
f 1370//1352 1414//1396 1371//1353
f 1369//1351 1368//1350 1468//1450
f 1343//1325 1342//1324 1467//1449
f 1441//1423 1424//1406 1423//1405
f 1423//1405 1440//1422 1441//1423
f 432//416 431//415 1292//1274
f 1292//1274 1295//1277 432//416
f 1220//1202 1215//1197 1218//1200
f 1218//1200 1221//1203 1220//1202
f 1226//1208 1223//1205 1221//1203
f 1221//1203 1218//1200 1226//1208
f 1234//1216 1239//1221 1238//1220
f 1238//1220 1235//1217 1234//1216
f 1300//1282 1301//1283 1239//1221
f 1239//1221 1234//1216 1300//1282
f 1312//1294 1303//1285 1301//1283
f 1301//1283 1300//1282 1312//1294
f 1310//1292 1303//1285 1312//1294
f 1251//1233 1254//1236 1247//1229
f 1196//1178 1248//1230 1251//1233
f 1251//1233 1247//1229 1196//1178
f 1192//1174 1190//1172 1189//1171
f 1189//1171 1193//1175 1192//1174
f 1185//1167 1201//1183 1193//1175
f 1193//1175 1189//1171 1185//1167
f 1203//1185 1201//1183 1185//1167
f 1185//1167 1184//1166 1203//1185
f 1230//1212 1203//1185 1184//1166
f 1184//1166 1465//1447 1230//1212
f 1231//1213 1230//1212 1465//1447
f 1465//1447 1469//1451 1231//1213
f 1250//1232 1290//1272 1330//1312
f 1330//1312 1317//1299 1250//1232
f 1249//1231 1287//1269 1290//1272
f 1290//1272 1250//1232 1249//1231
f 1214//1196 1191//1173 1194//1176
f 1194//1176 1212//1194 1214//1196
f 1202//1184 1209//1191 1212//1194
f 1212//1194 1194//1176 1202//1184
f 1205//1187 1209//1191 1202//1184
f 1202//1184 1204//1186 1205//1187
f 1206//1188 1205//1187 1204//1186
f 1204//1186 1466//1448 1206//1188
f 1470//1452 1228//1210 1206//1188
f 1206//1188 1466//1448 1470//1452
f 1330//1312 1289//1271 1284//1266
f 1284//1266 1286//1268 1330//1312
f 1288//1270 1285//1267 1284//1266
f 1284//1266 1289//1271 1288//1270
f 1219//1201 1265//1247 1213//1195
f 1213//1195 1211//1193 1219//1201
f 1220//1202 1219//1201 1211//1193
f 1211//1193 1210//1192 1220//1202
f 1215//1197 1220//1202 1210//1192
f 1210//1192 1208//1190 1215//1197
f 1216//1198 1215//1197 1208//1190
f 1208//1190 1207//1189 1216//1198
f 1207//1189 1471//1453 1216//1198
f 405//389 1186//1168 1182//1164
f 1182//1164 1186//1168 1183//1165
f 1182//1164 1181//1163 1465//1447
f 1465//1447 1181//1163 1469//1451
f 1466//1448 1232//1214 1470//1452
f 1230//1212 1232//1214 1466//1448
f 1471//1453 1207//1189 1227//1209
f 1216//1198 1471//1453 1472//1454
f 1229//1211 1216//1198 1472//1454
f 1217//1199 1229//1211 1473//1455
f 1474//1456 1217//1199 1473//1455
f 1225//1207 1217//1199 1474//1456
f 1474//1456 1475//1457 1225//1207
f 1236//1218 1476//1458 1241//1223
f 1268//1250 1277//1259 1275//1257
f 1275//1257 1269//1251 1268//1250
f 1280//1262 1266//1248 1279//1261
f 1279//1261 1281//1263 1280//1262
f 1285//1267 1265//1247 1266//1248
f 1266//1248 1280//1262 1285//1267
f 1288//1270 1213//1195 1265//1247
f 1265//1247 1285//1267 1288//1270
f 1214//1196 1213//1195 1288//1270
f 1288//1270 1287//1269 1214//1196
f 1191//1173 1214//1196 1287//1269
f 1287//1269 1249//1231 1191//1173
f 1192//1174 1191//1173 1249//1231
f 1249//1231 1248//1230 1192//1174
f 1190//1172 1192//1174 1248//1230
f 1248//1230 1196//1178 1190//1172
f 1195//1177 1187//1169 1190//1172
f 1190//1172 1196//1178 1195//1177
f 1195//1177 418//402 415//399
f 415//399 1187//1169 1195//1177
f 1302//1284 1273//1255 1275//1257
f 1275//1257 1240//1222 1302//1284
f 1304//1286 1307//1289 1273//1255
f 1273//1255 1302//1284 1304//1286
f 1307//1289 1309//1291 1305//1287
f 1274//1256 1273//1255 1307//1289
f 1307//1289 1305//1287 1274//1256
f 1477//1459 1478//1460 1479//1461
f 1479//1461 1480//1462 1477//1459
f 1481//1463 1482//1464 1480//1462
f 1480//1462 1483//1465 1481//1463
f 1482//1464 1484//1466 1477//1459
f 1477//1459 1480//1462 1482//1464
f 1478//1460 1485//1467 1486//1468
f 1486//1468 1479//1461 1478//1460
f 1487//1469 1488//1470 1489//1471
f 1489//1471 1490//1472 1487//1469
f 1491//1473 1492//1474 1487//1469
f 1487//1469 1490//1472 1491//1473
f 1493//1475 1494//1476 1492//1474
f 1492//1474 1491//1473 1493//1475
f 1494//1476 1493//1475 1495//1477
f 1495//1477 1496//1478 1494//1476
f 1497//1479 1496//1478 1495//1477
f 1495//1477 1498//1480 1497//1479
f 1499//1481 1500//1482 1495//1477
f 1495//1477 1493//1475 1499//1481
f 1501//1483 1502//1484 1500//1482
f 1500//1482 1503//1485 1501//1483
f 1504//1486 1505//1487 1506//1488
f 1506//1488 1507//1489 1504//1486
f 1497//1479 1498//1480 1508//1490
f 1508//1490 1509//1491 1497//1479
f 1510//1492 1511//1493 1509//1491
f 1509//1491 1508//1490 1510//1492
f 1512//1494 1513//1495 1514//1496
f 1515//1497 1516//1498 1517//1499
f 1518//1500 1519//1501 1511//1493
f 1511//1493 1505//1487 1518//1500
f 1510//1492 1506//1488 1505//1487
f 1505//1487 1511//1493 1510//1492
f 1520//1502 1518//1500 1505//1487
f 1505//1487 1504//1486 1520//1502
f 1521//1503 1522//1504 1518//1500
f 1518//1500 1520//1502 1521//1503
f 1522//1504 1523//1505 1519//1501
f 1519//1501 1518//1500 1522//1504
f 1524//1506 1525//1507 1526//1508
f 1526//1508 1527//1509 1524//1506
f 1528//1510 1529//1511 1527//1509
f 1527//1509 1526//1508 1528//1510
f 1530//1512 1526//1508 1525//1507
f 1525//1507 1531//1513 1530//1512
f 1532//1514 1533//1515 1529//1511
f 1529//1511 1528//1510 1532//1514
f 1534//1516 1535//1517 1536//1518
f 1536//1518 1532//1514 1534//1516
f 1537//1519 1533//1515 1532//1514
f 1532//1514 1536//1518 1537//1519
f 1484//1466 1482//1464 1538//1520
f 1538//1520 1539//1521 1484//1466
f 1482//1464 1481//1463 1540//1522
f 1540//1522 1538//1520 1482//1464
f 1541//1523 1542//1524 1514//1496
f 1514//1496 1543//1525 1541//1523
f 1481//1463 1536//1518 1535//1517
f 1535//1517 1540//1522 1481//1463
f 1536//1518 1481//1463 1483//1465
f 1483//1465 1537//1519 1536//1518
f 1526//1508 1530//1512 1544//1526
f 1544//1526 1528//1510 1526//1508
f 1545//1527 1546//1528 1499//1481
f 1499//1481 1493//1475 1545//1527
f 1491//1473 1547//1529 1545//1527
f 1545//1527 1493//1475 1491//1473
f 1548//1530 1547//1529 1491//1473
f 1491//1473 1490//1472 1548//1530
f 1546//1528 1549//1531 1550//1532
f 1550//1532 1499//1481 1546//1528
f 1545//1527 1551//1533 1552//1534
f 1552//1534 1546//1528 1545//1527
f 1553//1535 1549//1531 1546//1528
f 1546//1528 1552//1534 1553//1535
f 1554//1536 1555//1537 1553//1535
f 1553//1535 1552//1534 1554//1536
f 1556//1538 1513//1495 1512//1494
f 1512//1494 1557//1539 1556//1538
f 1513//1495 1556//1538 1548//1530
f 1548//1530 1490//1472 1513//1495
f 1556//1538 1558//1540 1559//1541
f 1559//1541 1548//1530 1556//1538
f 1558//1540 1560//1542 1561//1543
f 1561//1543 1559//1541 1558//1540
f 1562//1544 1563//1545 1560//1542
f 1560//1542 1558//1540 1562//1544
f 1563//1545 1564//1546 1565//1547
f 1565//1547 1560//1542 1563//1545
f 1566//1548 1561//1543 1560//1542
f 1560//1542 1565//1547 1566//1548
f 1567//1549 1568//1550 1569//1551
f 1557//1539 1562//1544 1558//1540
f 1558//1540 1556//1538 1557//1539
f 1559//1541 1561//1543 1570//1552
f 1570//1552 1571//1553 1559//1541
f 1548//1530 1559//1541 1571//1553
f 1571//1553 1547//1529 1548//1530
f 1547//1529 1571//1553 1551//1533
f 1551//1533 1545//1527 1547//1529
f 1572//1554 1573//1555 1574//1556
f 1574//1556 1570//1552 1572//1554
f 1573//1555 1575//1557 1554//1536
f 1554//1536 1574//1556 1573//1555
f 1552//1534 1551//1533 1574//1556
f 1574//1556 1554//1536 1552//1534
f 1570//1552 1574//1556 1551//1533
f 1551//1533 1571//1553 1570//1552
f 1576//1558 1577//1559 1569//1551
f 1566//1548 1577//1559 1576//1558
f 1576//1558 1572//1554 1566//1548
f 1575//1557 1578//1560 1555//1537
f 1555//1537 1554//1536 1575//1557
f 1569//1551 1579//1561 1580//1562
f 1569//1551 1580//1562 1581//1563
f 1576//1558 1569//1551 1581//1563
f 1573//1555 1572//1554 1576//1558
f 1576//1558 1581//1563 1573//1555
f 1577//1559 1567//1549 1569//1551
f 1564//1546 1568//1550 1567//1549
f 1567//1549 1565//1547 1564//1546
f 1565//1547 1567//1549 1577//1559
f 1577//1559 1566//1548 1565//1547
f 1572//1554 1570//1552 1561//1543
f 1561//1543 1566//1548 1572//1554
f 1581//1563 1580//1562 1575//1557
f 1575//1557 1573//1555 1581//1563
f 1580//1562 1579//1561 1578//1560
f 1578//1560 1575//1557 1580//1562
f 1582//1564 1583//1565 1543//1525
f 1543//1525 1485//1467 1582//1564
f 1541//1523 1543//1525 1583//1565
f 1583//1565 1584//1566 1541//1523
f 1585//1567 1586//1568 1587//1569
f 1587//1569 1588//1570 1585//1567
f 1539//1521 1588//1570 1587//1569
f 1587//1569 1484//1466 1539//1521
f 1587//1569 1589//1571 1477//1459
f 1477//1459 1484//1466 1587//1569
f 1590//1572 1591//1573 1584//1566
f 1584//1566 1583//1565 1590//1572
f 1478//1460 1592//1574 1582//1564
f 1582//1564 1485//1467 1478//1460
f 1593//1575 1592//1574 1589//1571
f 1589//1571 1594//1576 1593//1575
f 1582//1564 1592//1574 1593//1575
f 1593//1575 1595//1577 1582//1564
f 1595//1577 1590//1572 1583//1565
f 1583//1565 1582//1564 1595//1577
f 1590//1572 1596//1578 1597//1579
f 1597//1579 1591//1573 1590//1572
f 1598//1580 1597//1579 1596//1578
f 1596//1578 1599//1581 1598//1580
f 1590//1572 1595//1577 1600//1582
f 1600//1582 1596//1578 1590//1572
f 1589//1571 1587//1569 1586//1568
f 1586//1568 1594//1576 1589//1571
f 1586//1568 1601//1583 1602//1584
f 1602//1584 1594//1576 1586//1568
f 1603//1585 1601//1583 1586//1568
f 1586//1568 1585//1567 1603//1585
f 1604//1586 1605//1587 1601//1583
f 1601//1583 1603//1585 1604//1586
f 1602//1584 1601//1583 1605//1587
f 1605//1587 1606//1588 1602//1584
f 1604//1586 1607//1589 1608//1590
f 1608//1590 1605//1587 1604//1586
f 1607//1589 1609//1591 1608//1590
f 1609//1591 1610//1592 1608//1590
f 1608//1590 1610//1592 1606//1588
f 1606//1588 1605//1587 1608//1590
f 1594//1576 1602//1584 1611//1593
f 1611//1593 1593//1575 1594//1576
f 1606//1588 1612//1594 1611//1593
f 1611//1593 1602//1584 1606//1588
f 1613//1595 1614//1596 1615//1597
f 1615//1597 1612//1594 1613//1595
f 1600//1582 1611//1593 1612//1594
f 1612//1594 1615//1597 1600//1582
f 1596//1578 1600//1582 1615//1597
f 1615//1597 1599//1581 1596//1578
f 1598//1580 1599//1581 1616//1598
f 1616//1598 1617//1599 1598//1580
f 1599//1581 1615//1597 1614//1596
f 1614//1596 1616//1598 1599//1581
f 1593//1575 1611//1593 1600//1582
f 1600//1582 1595//1577 1593//1575
f 1614//1596 1613//1595 1609//1591
f 1606//1588 1610//1592 1613//1595
f 1613//1595 1612//1594 1606//1588
f 1613//1595 1610//1592 1609//1591
f 1616//1598 1614//1596 1609//1591
f 1609//1591 1617//1599 1616//1598
f 1589//1571 1592//1574 1478//1460
f 1478//1460 1477//1459 1589//1571
f 1618//1600 1498//1480 1502//1484
f 1502//1484 1619//1601 1618//1600
f 1619//1601 1502//1484 1501//1483
f 1501//1483 1620//1602 1619//1601
f 1621//1603 1622//1604 1619//1601
f 1619//1601 1620//1602 1621//1603
f 1623//1605 1618//1600 1619//1601
f 1619//1601 1622//1604 1623//1605
f 1624//1606 1625//1607 1507//1489
f 1507//1489 1506//1488 1624//1606
f 1618//1600 1626//1608 1508//1490
f 1508//1490 1498//1480 1618//1600
f 1627//1609 1510//1492 1508//1490
f 1508//1490 1626//1608 1627//1609
f 1628//1610 1627//1609 1626//1608
f 1626//1608 1629//1611 1628//1610
f 1510//1492 1627//1609 1624//1606
f 1624//1606 1506//1488 1510//1492
f 1627//1609 1628//1610 1630//1612
f 1630//1612 1624//1606 1627//1609
f 1625//1607 1624//1606 1630//1612
f 1630//1612 1631//1613 1625//1607
f 1618//1600 1623//1605 1629//1611
f 1629//1611 1626//1608 1618//1600
f 1623//1605 1632//1614 1633//1615
f 1633//1615 1629//1611 1623//1605
f 1634//1616 1635//1617 1633//1615
f 1633//1615 1632//1614 1634//1616
f 1633//1615 1636//1618 1628//1610
f 1628//1610 1629//1611 1633//1615
f 1635//1617 1637//1619 1636//1618
f 1636//1618 1633//1615 1635//1617
f 1638//1620 1639//1621 1637//1619
f 1637//1619 1635//1617 1638//1620
f 1636//1618 1640//1622 1630//1612
f 1630//1612 1628//1610 1636//1618
f 1638//1620 1635//1617 1634//1616
f 1634//1616 1641//1623 1638//1620
f 1642//1624 1643//1625 1641//1623
f 1641//1623 1634//1616 1642//1624
f 1644//1626 1645//1627 1643//1625
f 1643//1625 1642//1624 1644//1626
f 1643//1625 1645//1627 1646//1628
f 1641//1623 1643//1625 1646//1628
f 1634//1616 1632//1614 1647//1629
f 1647//1629 1642//1624 1634//1616
f 1632//1614 1623//1605 1622//1604
f 1622//1604 1647//1629 1632//1614
f 1642//1624 1647//1629 1648//1630
f 1648//1630 1644//1626 1642//1624
f 1641//1623 1646//1628 1638//1620
f 1638//1620 1646//1628 1639//1621
f 1622//1604 1621//1603 1648//1630
f 1648//1630 1647//1629 1622//1604
f 1640//1622 1649//1631 1631//1613
f 1631//1613 1630//1612 1640//1622
f 1650//1632 1651//1633 1649//1631
f 1649//1631 1640//1622 1650//1632
f 1652//1634 1653//1635 1651//1633
f 1651//1633 1650//1632 1652//1634
f 1646//1628 1653//1635 1652//1634
f 1650//1632 1637//1619 1639//1621
f 1639//1621 1652//1634 1650//1632
f 1646//1628 1652//1634 1639//1621
f 1640//1622 1636//1618 1637//1619
f 1637//1619 1650//1632 1640//1622
f 1500//1482 1502//1484 1498//1480
f 1498//1480 1495//1477 1500//1482
f 1500//1482 1499//1481 1550//1532
f 1654//1636 1655//1637 1656//1638
f 1513//1495 1490//1472 1489//1471
f 1489//1471 1514//1496 1513//1495
f 1543//1525 1514//1496 1489//1471
f 1489//1471 1485//1467 1543//1525
f 1489//1471 1488//1470 1486//1468
f 1486//1468 1485//1467 1489//1471
f 1532//1514 1528//1510 1544//1526
f 1544//1526 1534//1516 1532//1514
f 1657//1639 1658//1640 1659//1641
f 1659//1641 1660//1642 1657//1639
f 1658//1640 1496//1478 1497//1479
f 1497//1479 1659//1641 1658//1640
f 1509//1491 1661//1643 1659//1641
f 1659//1641 1497//1479 1509//1491
f 1662//1644 1663//1645 1664//1646
f 1664//1646 1665//1647 1662//1644
f 1480//1462 1479//1461 1666//1648
f 1666//1648 1665//1647 1480//1462
f 1483//1465 1480//1462 1665//1647
f 1665//1647 1664//1646 1483//1465
f 1486//1468 1488//1470 1667//1649
f 1667//1649 1668//1650 1486//1468
f 1669//1651 1662//1644 1665//1647
f 1665//1647 1666//1648 1669//1651
f 1663//1645 1670//1652 1671//1653
f 1671//1653 1664//1646 1663//1645
f 1671//1653 1672//1654 1533//1515
f 1533//1515 1537//1519 1671//1653
f 1664//1646 1671//1653 1537//1519
f 1537//1519 1483//1465 1664//1646
f 1670//1652 1673//1655 1672//1654
f 1672//1654 1671//1653 1670//1652
f 1674//1656 1675//1657 1668//1650
f 1668//1650 1667//1649 1674//1656
f 1674//1656 1667//1649 1676//1658
f 1676//1658 1677//1659 1674//1656
f 1667//1649 1488//1470 1487//1469
f 1487//1469 1676//1658 1667//1649
f 1492//1474 1678//1660 1676//1658
f 1676//1658 1487//1469 1492//1474
f 1494//1476 1679//1661 1678//1660
f 1678//1660 1492//1474 1494//1476
f 1678//1660 1679//1661 1680//1662
f 1680//1662 1681//1663 1678//1660
f 1677//1659 1676//1658 1678//1660
f 1678//1660 1681//1663 1677//1659
f 1657//1639 1680//1662 1679//1661
f 1679//1661 1658//1640 1657//1639
f 1658//1640 1679//1661 1494//1476
f 1494//1476 1496//1478 1658//1640
f 1509//1491 1511//1493 1682//1664
f 1682//1664 1661//1643 1509//1491
f 1683//1665 1684//1666 1685//1667
f 1685//1667 1682//1664 1683//1665
f 1682//1664 1511//1493 1519//1501
f 1519//1501 1683//1665 1682//1664
f 1686//1668 1661//1643 1682//1664
f 1682//1664 1685//1667 1686//1668
f 1523//1505 1687//1669 1683//1665
f 1683//1665 1519//1501 1523//1505
f 1527//1509 1688//1670 1689//1671
f 1689//1671 1524//1506 1527//1509
f 1529//1511 1690//1672 1688//1670
f 1688//1670 1527//1509 1529//1511
f 1691//1673 1692//1674 1689//1671
f 1689//1671 1688//1670 1691//1673
f 1684//1666 1683//1665 1687//1669
f 1687//1669 1693//1675 1684//1666
f 1688//1670 1690//1672 1694//1676
f 1694//1676 1691//1673 1688//1670
f 1533//1515 1672//1654 1690//1672
f 1690//1672 1529//1511 1533//1515
f 1666//1648 1668//1650 1675//1657
f 1675//1657 1669//1651 1666//1648
f 1661//1643 1686//1668 1660//1642
f 1660//1642 1659//1641 1661//1643
f 1668//1650 1666//1648 1479//1461
f 1479//1461 1486//1468 1668//1650
f 1398//1380 1695//1677 1696//1678
f 1696//1678 1396//1378 1398//1380
f 1697//1679 1397//1379 1396//1378
f 1396//1378 1696//1678 1697//1679
f 1397//1379 1697//1679 1698//1680
f 1698//1680 1385//1367 1397//1379
f 1699//1681 1700//1682 1701//1683
f 1701//1683 1702//1684 1699//1681
f 1700//1682 1703//1685 1704//1686
f 1704//1686 1701//1683 1700//1682
f 1703//1685 1705//1687 1706//1688
f 1706//1688 1704//1686 1703//1685
f 1707//1689 1708//1690 1709//1691
f 1709//1691 1710//1692 1707//1689
f 1708//1690 1711//1693 1712//1694
f 1712//1694 1709//1691 1708//1690
f 1713//1695 1714//1696 1453//1435
f 1453//1435 1452//1434 1713//1695
f 1715//1697 1716//1698 1717//1699
f 1717//1699 1718//1700 1715//1697
f 1705//1687 1719//1701 1720//1702
f 1720//1702 1706//1688 1705//1687
f 1721//1703 1722//1704 1723//1705
f 1723//1705 1724//1706 1721//1703
f 1722//1704 1725//1707 1726//1708
f 1726//1708 1723//1705 1722//1704
f 1727//1709 1728//1710 1333//1315
f 1333//1315 1386//1368 1727//1709
f 1729//1711 1726//1708 1725//1707
f 1725//1707 1730//1712 1729//1711
f 1706//1688 1720//1702 1721//1703
f 1721//1703 1711//1693 1706//1688
f 1731//1713 1732//1714 1710//1692
f 1710//1692 1709//1691 1731//1713
f 1733//1715 1734//1716 1735//1717
f 1735//1717 1736//1718 1733//1715
f 1695//1677 1398//1380 1463//1445
f 1463//1445 1734//1716 1695//1677
f 1736//1718 1735//1717 1718//1700
f 1718//1700 1717//1699 1736//1718
f 1699//1681 1737//1719 1436//1418
f 1436//1418 1430//1412 1699//1681
f 1738//1720 1739//1721 1460//1442
f 1460//1442 1459//1441 1738//1720
f 1740//1722 1741//1723 1742//1724
f 1742//1724 1743//1725 1740//1722
f 1744//1726 1745//1727 1746//1728
f 1746//1728 1747//1729 1744//1726
f 1748//1730 1740//1722 1743//1725
f 1743//1725 1702//1684 1748//1730
f 1749//1731 1746//1728 1745//1727
f 1745//1727 1750//1732 1749//1731
f 1751//1733 1752//1734 1753//1735
f 1753//1735 1754//1736 1751//1733
f 1707//1689 1748//1730 1702//1684
f 1702//1684 1701//1683 1707//1689
f 1732//1714 1749//1731 1750//1732
f 1750//1732 1710//1692 1732//1714
f 1755//1737 1756//1738 1746//1728
f 1746//1728 1749//1731 1755//1737
f 1757//1739 1755//1737 1749//1731
f 1749//1731 1732//1714 1757//1739
f 1756//1738 1758//1740 1747//1729
f 1747//1729 1746//1728 1756//1738
f 1758//1740 1756//1738 1759//1741
f 1759//1741 1760//1742 1758//1740
f 1761//1743 1759//1741 1756//1738
f 1756//1738 1755//1737 1761//1743
f 1727//1709 1386//1368 1385//1367
f 1385//1367 1698//1680 1727//1709
f 1762//1744 1763//1745 1729//1711
f 1729//1711 1730//1712 1762//1744
f 1764//1746 1765//1747 1766//1748
f 1766//1748 1767//1749 1764//1746
f 1768//1750 1769//1751 1763//1745
f 1763//1745 1762//1744 1768//1750
f 1697//1679 1770//1752 1771//1753
f 1771//1753 1698//1680 1697//1679
f 1772//1754 1773//1755 1774//1756
f 1774//1756 1769//1751 1772//1754
f 1773//1755 1772//1754 1775//1757
f 1775//1757 1776//1758 1773//1755
f 1695//1677 1777//1759 1778//1760
f 1778//1760 1696//1678 1695//1677
f 1770//1752 1697//1679 1696//1678
f 1696//1678 1778//1760 1770//1752
f 1734//1716 1733//1715 1777//1759
f 1777//1759 1695//1677 1734//1716
f 1776//1758 1775//1757 1779//1761
f 1779//1761 1780//1762 1776//1758
f 1781//1763 1782//1764 1783//1765
f 1783//1765 1784//1766 1781//1763
f 1782//1764 1781//1763 1764//1746
f 1764//1746 1767//1749 1782//1764
f 1785//1767 1782//1764 1767//1749
f 1767//1749 1786//1768 1785//1767
f 1787//1769 1788//1770 1786//1768
f 1786//1768 1789//1771 1787//1769
f 1786//1768 1788//1770 1790//1772
f 1790//1772 1785//1767 1786//1768
f 1789//1771 1786//1768 1767//1749
f 1767//1749 1766//1748 1789//1771
f 1782//1764 1785//1767 1791//1773
f 1791//1773 1783//1765 1782//1764
f 1792//1774 1791//1773 1785//1767
f 1785//1767 1790//1772 1792//1774
f 1793//1775 1794//1776 1766//1748
f 1766//1748 1765//1747 1793//1775
f 1795//1777 1789//1771 1766//1748
f 1766//1748 1794//1776 1795//1777
f 1796//1778 1797//1779 1784//1766
f 1784//1766 1783//1765 1796//1778
f 1798//1780 1796//1778 1783//1765
f 1783//1765 1791//1773 1798//1780
f 1799//1781 1798//1780 1791//1773
f 1791//1773 1792//1774 1799//1781
f 1798//1780 1799//1781 1800//1782
f 1800//1782 1801//1783 1798//1780
f 1801//1783 1802//1784 1796//1778
f 1796//1778 1798//1780 1801//1783
f 1796//1778 1802//1784 1803//1785
f 1803//1785 1797//1779 1796//1778
f 1801//1783 1804//1786 1805//1787
f 1805//1787 1802//1784 1801//1783
f 1806//1788 1803//1785 1802//1784
f 1802//1784 1805//1787 1806//1788
f 1807//1789 1797//1779 1803//1785
f 1803//1785 1808//1790 1807//1789
f 1731//1713 1808//1790 1803//1785
f 1803//1785 1806//1788 1731//1713
f 1806//1788 1757//1739 1732//1714
f 1732//1714 1731//1713 1806//1788
f 1757//1739 1806//1788 1805//1787
f 1805//1787 1809//1791 1757//1739
f 1804//1786 1810//1792 1809//1791
f 1809//1791 1805//1787 1804//1786
f 1810//1792 1804//1786 1811//1793
f 1811//1793 1812//1794 1810//1792
f 1810//1792 1813//1795 1761//1743
f 1761//1743 1809//1791 1810//1792
f 1755//1737 1757//1739 1809//1791
f 1809//1791 1761//1743 1755//1737
f 1759//1741 1761//1743 1813//1795
f 1813//1795 1814//1796 1759//1741
f 1812//1794 1815//1797 1813//1795
f 1813//1795 1810//1792 1812//1794
f 1815//1797 1816//1798 1814//1796
f 1814//1796 1813//1795 1815//1797
f 1817//1799 1818//1800 1819//1801
f 1819//1801 1820//1802 1817//1799
f 1760//1742 1821//1803 1817//1799
f 1817//1799 1758//1740 1760//1742
f 1822//1804 1818//1800 1817//1799
f 1817//1799 1821//1803 1822//1804
f 1823//1805 1824//1806 1821//1803
f 1821//1803 1760//1742 1823//1805
f 1760//1742 1759//1741 1814//1796
f 1814//1796 1823//1805 1760//1742
f 1816//1798 1825//1807 1823//1805
f 1823//1805 1814//1796 1816//1798
f 1826//1808 1824//1806 1827//1809
f 1827//1809 1828//1810 1826//1808
f 1822//1804 1821//1803 1824//1806
f 1824//1806 1826//1808 1822//1804
f 1829//1811 1830//1812 1831//1813
f 1831//1813 1832//1814 1829//1811
f 1833//1815 1831//1813 1830//1812
f 1830//1812 1834//1816 1833//1815
f 1834//1816 1835//1817 1836//1818
f 1836//1818 1833//1815 1834//1816
f 1837//1819 1838//1820 1835//1817
f 1835//1817 1834//1816 1837//1819
f 1839//1821 1840//1822 1820//1802
f 1820//1802 1819//1801 1839//1821
f 1816//1798 1815//1797 1841//1823
f 1841//1823 1842//1824 1816//1798
f 1842//1824 1843//1825 1825//1807
f 1825//1807 1816//1798 1842//1824
f 1842//1824 1841//1823 1844//1826
f 1844//1826 1845//1827 1842//1824
f 1846//1828 1844//1826 1841//1823
f 1841//1823 1847//1829 1846//1828
f 1843//1825 1842//1824 1845//1827
f 1845//1827 1848//1830 1843//1825
f 1849//1831 1850//1832 1845//1827
f 1845//1827 1844//1826 1849//1831
f 1848//1830 1845//1827 1850//1832
f 1850//1832 1851//1833 1848//1830
f 1852//1834 1849//1831 1844//1826
f 1844//1826 1846//1828 1852//1834
f 1847//1829 1841//1823 1815//1797
f 1815//1797 1812//1794 1847//1829
f 1853//1835 1847//1829 1812//1794
f 1812//1794 1811//1793 1853//1835
f 1854//1836 1855//1837 1828//1810
f 1828//1810 1827//1809 1854//1836
f 1855//1837 1854//1836 1856//1838
f 1856//1838 1857//1839 1855//1837
f 1858//1840 1856//1838 1854//1836
f 1854//1836 1843//1825 1858//1840
f 1859//1841 1860//1842 1857//1839
f 1857//1839 1856//1838 1859//1841
f 1861//1843 1862//1844 1863//1845
f 1863//1845 1864//1846 1861//1843
f 1856//1838 1858//1840 1865//1847
f 1865//1847 1859//1841 1856//1838
f 1866//1848 1867//1849 1868//1850
f 1868//1850 1869//1851 1866//1848
f 1858//1840 1848//1830 1851//1833
f 1851//1833 1865//1847 1858//1840
f 1868//1850 1867//1849 1870//1852
f 1870//1852 1871//1853 1868//1850
f 1843//1825 1848//1830 1858//1840
f 1872//1854 1873//1855 1874//1856
f 1874//1856 1875//1857 1872//1854
f 1876//1858 1877//1859 1874//1856
f 1874//1856 1873//1855 1876//1858
f 1862//1844 1861//1843 1873//1855
f 1873//1855 1872//1854 1862//1844
f 1864//1846 1878//1860 1879//1861
f 1879//1861 1861//1843 1864//1846
f 1861//1843 1879//1861 1876//1858
f 1876//1858 1873//1855 1861//1843
f 1829//1811 1874//1856 1877//1859
f 1877//1859 1880//1862 1829//1811
f 1881//1863 1882//1864 1877//1859
f 1877//1859 1876//1858 1881//1863
f 1882//1864 1883//1865 1880//1862
f 1880//1862 1877//1859 1882//1864
f 1884//1866 1881//1863 1876//1858
f 1876//1858 1879//1861 1884//1866
f 1832//1814 1875//1857 1874//1856
f 1874//1856 1829//1811 1832//1814
f 1880//1862 1885//1867 1830//1812
f 1830//1812 1829//1811 1880//1862
f 1885//1867 1837//1819 1834//1816
f 1834//1816 1830//1812 1885//1867
f 1883//1865 1886//1868 1885//1867
f 1885//1867 1880//1862 1883//1865
f 1780//1762 1779//1761 1887//1869
f 1887//1869 1838//1820 1780//1762
f 1888//1870 1780//1762 1838//1820
f 1838//1820 1837//1819 1888//1870
f 1837//1819 1885//1867 1886//1868
f 1886//1868 1888//1870 1837//1819
f 1889//1871 1776//1758 1780//1762
f 1780//1762 1888//1870 1889//1871
f 1889//1871 1890//1872 1891//1873
f 1891//1873 1892//1874 1889//1871
f 1890//1872 1889//1871 1888//1870
f 1888//1870 1886//1868 1890//1872
f 1893//1875 1894//1876 1882//1864
f 1882//1864 1881//1863 1893//1875
f 1894//1876 1893//1875 1895//1877
f 1895//1877 1896//1878 1894//1876
f 1897//1879 1898//1880 1896//1878
f 1896//1878 1895//1877 1897//1879
f 1896//1878 1898//1880 1795//1777
f 1795//1777 1899//1881 1896//1878
f 1896//1878 1899//1881 1900//1882
f 1900//1882 1894//1876 1896//1878
f 1883//1865 1882//1864 1894//1876
f 1894//1876 1900//1882 1883//1865
f 1900//1882 1890//1872 1886//1868
f 1886//1868 1883//1865 1900//1882
f 1789//1771 1795//1777 1898//1880
f 1898//1880 1787//1769 1789//1771
f 1794//1776 1891//1873 1899//1881
f 1899//1881 1795//1777 1794//1776
f 1794//1776 1793//1775 1892//1874
f 1892//1874 1891//1873 1794//1776
f 1901//1883 1897//1879 1895//1877
f 1895//1877 1902//1884 1901//1883
f 1903//1885 1901//1883 1902//1884
f 1902//1884 1904//1886 1903//1885
f 1893//1875 1905//1887 1902//1884
f 1902//1884 1895//1877 1893//1875
f 1906//1888 1904//1886 1902//1884
f 1902//1884 1905//1887 1906//1888
f 1907//1889 1908//1890 1897//1879
f 1897//1879 1901//1883 1907//1889
f 1909//1891 1910//1892 1908//1890
f 1908//1890 1907//1889 1909//1891
f 1787//1769 1908//1890 1910//1892
f 1910//1892 1788//1770 1787//1769
f 1898//1880 1897//1879 1908//1890
f 1908//1890 1787//1769 1898//1880
f 1909//1891 1907//1889 1911//1893
f 1911//1893 1912//1894 1909//1891
f 1881//1863 1884//1866 1905//1887
f 1905//1887 1893//1875 1881//1863
f 1913//1895 1906//1888 1905//1887
f 1905//1887 1884//1866 1913//1895
f 1890//1872 1900//1882 1899//1881
f 1899//1881 1891//1873 1890//1872
f 1847//1829 1853//1835 1914//1896
f 1914//1896 1846//1828 1847//1829
f 1915//1897 1916//1898 1914//1896
f 1914//1896 1917//1899 1915//1897
f 1918//1900 1919//1901 1915//1897
f 1915//1897 1917//1899 1918//1900
f 1918//1900 1920//1902 1921//1903
f 1921//1903 1919//1901 1918//1900
f 1918//1900 1922//1904 1923//1905
f 1923//1905 1920//1902 1918//1900
f 1924//1906 1925//1907 1920//1902
f 1920//1902 1923//1905 1924//1906
f 1926//1908 1921//1903 1920//1902
f 1920//1902 1925//1907 1926//1908
f 1917//1899 1927//1909 1922//1904
f 1922//1904 1918//1900 1917//1899
f 1799//1781 1922//1904 1927//1909
f 1927//1909 1800//1782 1799//1781
f 1927//1909 1917//1899 1914//1896
f 1914//1896 1853//1835 1927//1909
f 1853//1835 1811//1793 1800//1782
f 1800//1782 1927//1909 1853//1835
f 1928//1910 1929//1911 1915//1897
f 1915//1897 1919//1901 1928//1910
f 1928//1910 1930//1912 1931//1913
f 1931//1913 1932//1914 1928//1910
f 1933//1915 1929//1911 1934//1916
f 1934//1916 1935//1917 1933//1915
f 1846//1828 1914//1896 1916//1898
f 1916//1898 1852//1834 1846//1828
f 1936//1918 1933//1915 1935//1917
f 1935//1917 1937//1919 1936//1918
f 1936//1918 1938//1920 1849//1831
f 1849//1831 1852//1834 1936//1918
f 1801//1783 1800//1782 1811//1793
f 1811//1793 1804//1786 1801//1783
f 1792//1774 1923//1905 1922//1904
f 1922//1904 1799//1781 1792//1774
f 1790//1772 1924//1906 1923//1905
f 1923//1905 1792//1774 1790//1772
f 1870//1852 1851//1833 1850//1832
f 1850//1832 1939//1921 1870//1852
f 1939//1921 1938//1920 1940//1922
f 1940//1922 1941//1923 1939//1921
f 1878//1860 1913//1895 1884//1866
f 1884//1866 1879//1861 1878//1860
f 1942//1924 1943//1925 1944//1926
f 1944//1926 1945//1927 1942//1924
f 1943//1925 1878//1860 1864//1846
f 1864//1846 1946//1928 1943//1925
f 1946//1928 1864//1846 1863//1845
f 1863//1845 1947//1929 1946//1928
f 1948//1930 1860//1842 1859//1841
f 1859//1841 1866//1848 1948//1930
f 1942//1924 1949//1931 1906//1888
f 1906//1888 1913//1895 1942//1924
f 1950//1932 1951//1933 1903//1885
f 1903//1885 1904//1886 1950//1932
f 1949//1931 1950//1932 1904//1886
f 1904//1886 1906//1888 1949//1931
f 1788//1770 1910//1892 1924//1906
f 1924//1906 1790//1772 1788//1770
f 1910//1892 1909//1891 1925//1907
f 1925//1907 1924//1906 1910//1892
f 1925//1907 1909//1891 1912//1894
f 1912//1894 1926//1908 1925//1907
f 1952//1934 1953//1935 1954//1936
f 1954//1936 1955//1937 1952//1934
f 1952//1934 1930//1912 1921//1903
f 1921//1903 1926//1908 1952//1934
f 1903//1885 1911//1893 1907//1889
f 1907//1889 1901//1883 1903//1885
f 1951//1933 1956//1938 1957//1939
f 1957//1939 1958//1940 1951//1933
f 1958//1940 1953//1935 1912//1894
f 1912//1894 1911//1893 1958//1940
f 1937//1919 1935//1917 1959//1941
f 1959//1941 1960//1942 1937//1919
f 1941//1923 1940//1922 1961//1943
f 1961//1943 1962//1944 1941//1923
f 1940//1922 1937//1919 1960//1942
f 1960//1942 1961//1943 1940//1922
f 1871//1853 1963//1945 1964//1946
f 1964//1946 1868//1850 1871//1853
f 1941//1923 1962//1944 1963//1945
f 1963//1945 1871//1853 1941//1923
f 1931//1913 1955//1937 1965//1947
f 1965//1947 1966//1948 1931//1913
f 1955//1937 1954//1936 1967//1949
f 1967//1949 1965//1947 1955//1937
f 1968//1950 1969//1951 1934//1916
f 1934//1916 1932//1914 1968//1950
f 1970//1952 1945//1927 1944//1926
f 1944//1926 1971//1953 1970//1952
f 1972//1954 1691//1673 1973//1955
f 1973//1955 1970//1952 1972//1954
f 1974//1956 1975//1957 1976//1958
f 1976//1958 1977//1959 1974//1956
f 1954//1936 1957//1939 1978//1960
f 1978//1960 1967//1949 1954//1936
f 1957//1939 1956//1938 1979//1961
f 1979//1961 1978//1960 1957//1939
f 1956//1938 1980//1962 1981//1963
f 1981//1963 1979//1961 1956//1938
f 1973//1955 1945//1927 1970//1952
f 1869//1851 1982//1964 1983//1965
f 1983//1965 1984//1966 1869//1851
f 1868//1850 1964//1946 1982//1964
f 1982//1964 1869//1851 1868//1850
f 1974//1956 1977//1959 1985//1967
f 1985//1967 1986//1968 1974//1956
f 1977//1959 1976//1958 1987//1969
f 1987//1969 1971//1953 1977//1959
f 1971//1953 1987//1969 1972//1954
f 1972//1954 1970//1952 1971//1953
f 1694//1676 1988//1970 1973//1955
f 1973//1955 1691//1673 1694//1676
f 1983//1965 1982//1964 1684//1666
f 1684//1666 1693//1675 1983//1965
f 1684//1666 1982//1964 1964//1946
f 1964//1946 1685//1667 1684//1666
f 1971//1953 1944//1926 1985//1967
f 1985//1967 1977//1959 1971//1953
f 1935//1917 1934//1916 1969//1951
f 1969//1951 1959//1941 1935//1917
f 1966//1948 1968//1950 1932//1914
f 1932//1914 1931//1913 1966//1948
f 1670//1652 1979//1961 1981//1963
f 1981//1963 1673//1655 1670//1652
f 1978//1960 1979//1961 1670//1652
f 1670//1652 1663//1645 1978//1960
f 1967//1949 1978//1960 1663//1645
f 1663//1645 1662//1644 1967//1949
f 1965//1947 1967//1949 1662//1644
f 1662//1644 1669//1651 1965//1947
f 1966//1948 1965//1947 1669//1651
f 1669//1651 1675//1657 1966//1948
f 1968//1950 1966//1948 1675//1657
f 1675//1657 1674//1656 1968//1950
f 1969//1951 1968//1950 1674//1656
f 1674//1656 1677//1659 1969//1951
f 1969//1951 1677//1659 1681//1663
f 1681//1663 1959//1941 1969//1951
f 1960//1942 1959//1941 1681//1663
f 1681//1663 1680//1662 1960//1942
f 1961//1943 1960//1942 1680//1662
f 1680//1662 1657//1639 1961//1943
f 1660//1642 1962//1944 1961//1943
f 1961//1943 1657//1639 1660//1642
f 1962//1944 1660//1642 1686//1668
f 1686//1668 1963//1945 1962//1944
f 1685//1667 1964//1946 1963//1945
f 1963//1945 1686//1668 1685//1667
f 1988//1970 1989//1971 1973//1955
f 1981//1963 1980//1962 1989//1971
f 1989//1971 1988//1970 1981//1963
f 1988//1970 1694//1676 1673//1655
f 1673//1655 1981//1963 1988//1970
f 1694//1676 1690//1672 1672//1654
f 1672//1654 1673//1655 1694//1676
f 1945//1927 1973//1955 1989//1971
f 1739//1721 1713//1695 1452//1434
f 1452//1434 1460//1442 1739//1721
f 1753//1735 1741//1723 1744//1726
f 1744//1726 1840//1822 1753//1735
f 1747//1729 1820//1802 1840//1822
f 1840//1822 1744//1726 1747//1729
f 1758//1740 1817//1799 1820//1802
f 1820//1802 1747//1729 1758//1740
f 1825//1807 1827//1809 1824//1806
f 1824//1806 1823//1805 1825//1807
f 1843//1825 1854//1836 1827//1809
f 1827//1809 1825//1807 1843//1825
f 1990//1972 1763//1745 1769//1751
f 1769//1751 1774//1756 1990//1972
f 1991//1973 1729//1711 1763//1745
f 1763//1745 1990//1972 1991//1973
f 1992//1974 1726//1708 1729//1711
f 1729//1711 1991//1973 1992//1974
f 1723//1705 1726//1708 1992//1974
f 1992//1974 1993//1975 1723//1705
f 1724//1706 1723//1705 1993//1975
f 1993//1975 1807//1789 1724//1706
f 1808//1790 1712//1694 1724//1706
f 1724//1706 1807//1789 1808//1790
f 1808//1790 1731//1713 1709//1691
f 1709//1691 1712//1694 1808//1790
f 1994//1976 1720//1702 1719//1701
f 1719//1701 1995//1977 1994//1976
f 1996//1978 1994//1976 1995//1977
f 1995//1977 1728//1710 1996//1978
f 1997//1979 1996//1978 1728//1710
f 1728//1710 1727//1709 1997//1979
f 1771//1753 1997//1979 1727//1709
f 1727//1709 1698//1680 1771//1753
f 1998//1980 1772//1754 1769//1751
f 1769//1751 1768//1750 1998//1980
f 1999//1981 1775//1757 1772//1754
f 1772//1754 1998//1980 1999//1981
f 2000//1982 2001//1983 1887//1869
f 1887//1869 2002//1984 2000//1982
f 2003//1985 2004//1986 2001//1983
f 2001//1983 2000//1982 2003//1985
f 2005//1987 1733//1715 1736//1718
f 1736//1718 2002//1984 2005//1987
f 1999//1981 1777//1759 1733//1715
f 1733//1715 2005//1987 1999//1981
f 1892//1874 1773//1755 1776//1758
f 1776//1758 1889//1871 1892//1874
f 1793//1775 1774//1756 1773//1755
f 1773//1755 1892//1874 1793//1775
f 1765//1747 1990//1972 1774//1756
f 1774//1756 1793//1775 1765//1747
f 1764//1746 1991//1973 1990//1972
f 1990//1972 1765//1747 1764//1746
f 1781//1763 1992//1974 1991//1973
f 1991//1973 1764//1746 1781//1763
f 1784//1766 1993//1975 1992//1974
f 1992//1974 1781//1763 1784//1766
f 1797//1779 1807//1789 1993//1975
f 1993//1975 1784//1766 1797//1779
f 2001//1983 1835//1817 1838//1820
f 1838//1820 1887//1869 2001//1983
f 2004//1986 1836//1818 1835//1817
f 1835//1817 2001//1983 2004//1986
f 1700//1682 1699//1681 1430//1412
f 1430//1412 1428//1410 1700//1682
f 1703//1685 1700//1682 1428//1410
f 1428//1410 1326//1308 1703//1685
f 1705//1687 1703//1685 1326//1308
f 1326//1308 1325//1307 1705//1687
f 1719//1701 1705//1687 1325//1307
f 1325//1307 1324//1306 1719//1701
f 1995//1977 1719//1701 1324//1306
f 1324//1306 1327//1309 1995//1977
f 1327//1309 1333//1315 1728//1710
f 1728//1710 1995//1977 1327//1309
f 1737//1719 1699//1681 1702//1684
f 1702//1684 1743//1725 1737//1719
f 1739//1721 1738//1720 1743//1725
f 1743//1725 1742//1724 1739//1721
f 1713//1695 1739//1721 1742//1724
f 1742//1724 1752//1734 1713//1695
f 1714//1696 1713//1695 1752//1734
f 1752//1734 1751//1733 1714//1696
f 1734//1716 1463//1445 1464//1446
f 1464//1446 1735//1717 1734//1716
f 1458//1440 1718//1700 1735//1717
f 1735//1717 1464//1446 1458//1440
f 1457//1439 1715//1697 1718//1700
f 1718//1700 1458//1440 1457//1439
f 1708//1690 1707//1689 1701//1683
f 1701//1683 1704//1686 1708//1690
f 1711//1693 1708//1690 1704//1686
f 1704//1686 1706//1688 1711//1693
f 1722//1704 1721//1703 1720//1702
f 1720//1702 1994//1976 1722//1704
f 1996//1978 1725//1707 1722//1704
f 1722//1704 1994//1976 1996//1978
f 1997//1979 1730//1712 1725//1707
f 1725//1707 1996//1978 1997//1979
f 1711//1693 1721//1703 1724//1706
f 1724//1706 1712//1694 1711//1693
f 1741//1723 1740//1722 1745//1727
f 1745//1727 1744//1726 1741//1723
f 1740//1722 1748//1730 1750//1732
f 1750//1732 1745//1727 1740//1722
f 1754//1736 1753//1735 1840//1822
f 1840//1822 1839//1821 1754//1736
f 1748//1730 1707//1689 1710//1692
f 1710//1692 1750//1732 1748//1730
f 1771//1753 1762//1744 1730//1712
f 1730//1712 1997//1979 1771//1753
f 1770//1752 1768//1750 1762//1744
f 1762//1744 1771//1753 1770//1752
f 1741//1723 1753//1735 1752//1734
f 1752//1734 1742//1724 1741//1723
f 1778//1760 1998//1980 1768//1750
f 1768//1750 1770//1752 1778//1760
f 1777//1759 1999//1981 1998//1980
f 1998//1980 1778//1760 1777//1759
f 1717//1699 2000//1982 2002//1984
f 2002//1984 1736//1718 1717//1699
f 1716//1698 2003//1985 2000//1982
f 2000//1982 1717//1699 1716//1698
f 1779//1761 2005//1987 2002//1984
f 2002//1984 1887//1869 1779//1761
f 1775//1757 1999//1981 2005//1987
f 2005//1987 1779//1761 1775//1757
f 1865//1847 1867//1849 1866//1848
f 1866//1848 1859//1841 1865//1847
f 1851//1833 1870//1852 1867//1849
f 1867//1849 1865//1847 1851//1833
f 1932//1914 1934//1916 1929//1911
f 1929//1911 1928//1910 1932//1914
f 1930//1912 1928//1910 1919//1901
f 1919//1901 1921//1903 1930//1912
f 1929//1911 1933//1915 1916//1898
f 1916//1898 1915//1897 1929//1911
f 1933//1915 1936//1918 1852//1834
f 1852//1834 1916//1898 1933//1915
f 1938//1920 1936//1918 1937//1919
f 1937//1919 1940//1922 1938//1920
f 1871//1853 1870//1852 1939//1921
f 1939//1921 1941//1923 1871//1853
f 1938//1920 1939//1921 1850//1832
f 1850//1832 1849//1831 1938//1920
f 1943//1925 1942//1924 1913//1895
f 1913//1895 1878//1860 1943//1925
f 1946//1928 1985//1967 1944//1926
f 1944//1926 1943//1925 1946//1928
f 1946//1928 1947//1929 1986//1968
f 1986//1968 1985//1967 1946//1928
f 1984//1966 1948//1930 1866//1848
f 1866//1848 1869//1851 1984//1966
f 1949//1931 1942//1924 1945//1927
f 1945//1927 1989//1971 1949//1931
f 1980//1962 1956//1938 1951//1933
f 1951//1933 1950//1932 1980//1962
f 1980//1962 1950//1932 1949//1931
f 1949//1931 1989//1971 1980//1962
f 1953//1935 1952//1934 1926//1908
f 1926//1908 1912//1894 1953//1935
f 1930//1912 1952//1934 1955//1937
f 1955//1937 1931//1913 1930//1912
f 1951//1933 1958//1940 1911//1893
f 1911//1893 1903//1885 1951//1933
f 1953//1935 1958//1940 1957//1939
f 1957//1939 1954//1936 1953//1935
f 2006//1988 2007//1989 2008//1990
f 2008//1990 2009//1991 2006//1988
f 2010//1992 2006//1988 2009//1991
f 2009//1991 2011//1993 2010//1992
f 2008//1990 2012//1994 2013//1995
f 2013//1995 2014//1996 2008//1990
f 2015//1997 2014//1996 2013//1995
f 2013//1995 2016//1998 2015//1997
f 2011//1993 2009//1991 2017//1999
f 2017//1999 2018//2000 2011//1993
f 2019//2001 2020//2002 2021//2003
f 2021//2003 2022//2004 2019//2001
f 2022//2004 2021//2003 2015//1997
f 2015//1997 2023//2005 2022//2004
f 2024//2006 2014//1996 2025//2007
f 2025//2007 2026//2008 2024//2006
f 2026//2008 2027//2009 2028//2010
f 2028//2010 2024//2006 2026//2008
f 2027//2009 2029//2011 2030//2012
f 2030//2012 2028//2010 2027//2009
f 2027//2009 2026//2008 2031//2013
f 2031//2013 2029//2011 2027//2009
f 2032//2014 2031//2013 2026//2008
f 2026//2008 2025//2007 2032//2014
f 2018//2000 2017//1999 2033//2015
f 2033//2015 2034//2016 2018//2000
f 2033//2015 2024//2006 2028//2010
f 2028//2010 2035//2017 2033//2015
f 2035//2017 2028//2010 2030//2012
f 2030//2012 2036//2018 2035//2017
f 2035//2017 2036//2018 2034//2016
f 2034//2016 2033//2015 2035//2017
f 2037//1535 2038//2019 2039//2020
f 2039//2020 2040//2021 2037//1535
f 2038//2019 2041//2022 2042//2023
f 2042//2023 2043//1544 2038//2019
f 2043//1544 2044//2024 2039//2020
f 2039//2020 2038//2019 2043//1544
f 2045//2025 2041//2022 2038//2019
f 2038//2019 2037//1535 2045//2025
f 2040//2021 2039//2020 2013//1995
f 2013//1995 2012//1994 2040//2021
f 2039//2020 2044//2024 2016//1998
f 2016//1998 2013//1995 2039//2020
f 2041//2022 2046//2026 2047//1546
f 2047//1546 2042//2023 2041//2022
f 2048//2027 2046//2026 2041//2022
f 2041//2022 2045//2025 2048//2027
f 2049//2028 2050//2029 2051//1561
f 2049//2028 2052//2030 2050//2029
f 2046//2026 2048//2027 2051//1561
f 2051//1561 2050//2029 2046//2026
f 2052//2030 2047//1546 2046//2026
f 2046//2026 2050//2029 2052//2030
f 2053//2031 2022//2004 2023//2005
f 2023//2005 2054//2032 2053//2031
f 2022//2004 2053//2031 2055//2033
f 2055//2033 2019//2001 2022//2004
f 2053//2031 2056//2034 2057//2035
f 2057//2035 2055//2033 2053//2031
f 2058//2036 2059//2037 2060//2038
f 2060//2038 2061//2039 2058//2036
f 2061//2039 2060//2038 2062//2040
f 2062//2040 2063//2041 2061//2039
f 2064//2042 2062//2040 2060//2038
f 2060//2038 2065//2043 2064//2042
f 2065//2043 2066//1591 2064//2042
f 2059//2037 2067//2044 2065//2043
f 2065//2043 2060//2038 2059//2037
f 2065//2043 2067//2044 2066//1591
f 2056//2034 2053//2031 2054//2032
f 2054//2032 2068//2045 2056//2034
f 2063//2041 2057//2035 2056//2034
f 2056//2034 2061//2039 2063//2041
f 2068//2045 2058//2036 2061//2039
f 2061//2039 2056//2034 2068//2045
f 2069//2046 2070//2047 2071//2048
f 2071//2048 2072//2049 2069//2046
f 2070//2047 2069//2046 2007//1989
f 2007//1989 2006//1988 2070//2047
f 2073//2050 2074//2051 2075//2052
f 2075//2052 2076//2053 2073//2050
f 2077//1628 2073//2050 2076//2053
f 2074//2051 2078//2054 2079//2055
f 2079//2055 2075//2052 2074//2051
f 2071//2048 2080//2056 2081//2057
f 2081//2057 2079//2055 2071//2048
f 2077//1628 2076//2053 2082//2058
f 2082//2058 2076//2053 2075//2052
f 2075//2052 2083//2059 2082//2058
f 2083//2059 2075//2052 2079//2055
f 2079//2055 2081//2057 2083//2059
f 2072//2049 2071//2048 2079//2055
f 2079//2055 2078//2054 2072//2049
f 2071//2048 2070//2047 2084//2060
f 2084//2060 2080//2056 2071//2048
f 2084//2060 2070//2047 2006//1988
f 2006//1988 2010//1992 2084//2060
f 2014//1996 2015//1997 2021//2003
f 2021//2003 2025//2007 2014//1996
f 2020//2002 2032//2014 2025//2007
f 2025//2007 2021//2003 2020//2002
f 2017//1999 2014//1996 2024//2006
f 2024//2006 2033//2015 2017//1999
f 2014//1996 2017//1999 2009//1991
f 2009//1991 2008//1990 2014//1996
f 1976//1958 2085//2061 2086//2062
f 2086//2062 1987//1969 1976//1958
f 2087//2063 1972//1954 1987//1969
f 1987//1969 2086//2062 2087//2063
f 2088//2064 1691//1673 1972//1954
f 1972//1954 2087//2063 2088//2064
f 2088//2064 2089//2065 1692//1674
f 1692//1674 1691//1673 2088//2064
f 1976//1958 1975//1957 2090//2065
f 2090//2065 2085//2061 1976//1958
f 2086//2062 2085//2061 2091//2066
f 2087//2063 2086//2062 2091//2066
f 2088//2064 2087//2063 2091//2066
f 2089//2065 2088//2064 2091//2066
f 2085//2061 2090//2065 2091//2066
f 1200//1182 1244//1226 1259//1241
f 1244//1226 1258//1240 1439//1421
f 1433//1415 1432//1414 1431//1413
f 1431//1413 1434//1416 1433//1415
f 1743//1725 1738//1720 1737//1719
f 1737//1719 1738//1720 1459//1441
f 1459//1441 1436//1418 1737//1719
f 1436//1418 1459//1441 1437//1419
f 1437//1419 1435//1417 1436//1418
f 1435//1417 1437//1419 1406//1388
f 1406//1388 1434//1416 1435//1417
f 1243//1225 1246//1228 1258//1240
f 1258//1240 1244//1226 1243//1225
f 1259//1241 1262//1244 1264//1246
f 1264//1246 1263//1245 1259//1241
f 1432//1414 1433//1415 1260//1242
f 1260//1242 1439//1421 1432//1414
f 1439//1421 1260//1242 1259//1241
f 1439//1421 1259//1241 1244//1226
f 1381//1363 1376//1358 1379//1361
f 2092//2067 2093//2068 2094//2069
f 2094//2069 2095//2070 2092//2067
f 2095//2070 2094//2069 2096//2071
f 2096//2071 2097//2072 2095//2070
f 2098//2073 2097//2072 2096//2071
f 2096//2071 2099//2074 2098//2073
f 2098//2073 2099//2074 2100//2075
f 2100//2075 2101//2076 2098//2073
f 2102//2077 2101//2076 2100//2075
f 2100//2075 2103//2078 2102//2077
f 2102//2077 2103//2078 2104//2079
f 2104//2079 2105//2080 2102//2077
f 2105//2080 2104//2079 2106//2081
f 2106//2081 2107//2082 2105//2080
f 2107//2082 2106//2081 2108//2083
f 2108//2083 2109//2084 2107//2082
f 2094//2069 2093//2068 2110//2085
f 2096//2071 2094//2069 2110//2085
f 2099//2074 2096//2071 2110//2085
f 2100//2075 2099//2074 2110//2085
f 2103//2078 2100//2075 2110//2085
f 2104//2079 2103//2078 2110//2085
f 2106//2081 2104//2079 2110//2085
f 2108//2083 2106//2081 2110//2085
f 2111//2086 2112//2087 2113//2088
f 2114//2089 2111//2086 2113//2088
f 2115//2090 2114//2089 2113//2088
f 2116//2091 2115//2090 2113//2088
f 2117//2092 2116//2091 2113//2088
f 2118//2093 2117//2092 2113//2088
f 2119//2094 2118//2093 2113//2088
f 2120//2095 2119//2094 2113//2088
f 2121//2096 2122//2097 2123//2098
f 2124//2099 2121//2096 2123//2098
f 2125//2100 2124//2099 2123//2098
f 2126//2101 2125//2100 2123//2098
f 2127//2102 2126//2101 2123//2098
f 2128//2103 2127//2102 2123//2098
f 2129//2104 2128//2103 2123//2098
f 2130//2097 2129//2104 2123//2098
f 2131//2105 2132//2106 2133//2107
f 2133//2107 2134//2108 2131//2105
f 2135//2109 2131//2105 2134//2108
f 2134//2108 2136//2110 2135//2109
f 2137//2111 2135//2109 2136//2110
f 2136//2110 2138//2112 2137//2111
f 2137//2111 2138//2112 2139//2113
f 2139//2113 2140//2114 2137//2111
f 2140//2114 2139//2113 2141//2115
f 2141//2115 2142//2116 2140//2114
f 2142//2116 2141//2115 2143//2117
f 2143//2117 2144//2118 2142//2116
f 2144//2118 2143//2117 2145//2119
f 2145//2119 2146//2120 2144//2118
f 2146//2120 2145//2119 2147//2121
f 2147//2121 2148//2106 2146//2120
f 2133//2107 2149//2122 2150//2123
f 2150//2123 2134//2108 2133//2107
f 2136//2110 2134//2108 2150//2123
f 2150//2123 2151//2124 2136//2110
f 2138//2112 2136//2110 2151//2124
f 2151//2124 2152//2125 2138//2112
f 2138//2112 2152//2125 2153//2126
f 2153//2126 2139//2113 2138//2112
f 2141//2115 2139//2113 2153//2126
f 2153//2126 2154//2127 2141//2115
f 2141//2115 2154//2127 2155//2128
f 2155//2128 2143//2117 2141//2115
f 2143//2117 2155//2128 2156//2129
f 2156//2129 2145//2119 2143//2117
f 2145//2119 2156//2129 2157//2130
f 2157//2130 2147//2121 2145//2119
f 2150//2123 2149//2122 2158//2131
f 2151//2124 2150//2123 2158//2131
f 2152//2125 2151//2124 2158//2131
f 2153//2126 2152//2125 2158//2131
f 2154//2127 2153//2126 2158//2131
f 2155//2128 2154//2127 2158//2131
f 2156//2129 2155//2128 2158//2131
f 2157//2130 2156//2129 2158//2131
f 2159//2132 2160//2133 2161//2134
f 2161//2134 2162//2135 2159//2132
f 2163//2136 2162//2135 2161//2134
f 2161//2134 2164//2137 2163//2136
f 2165//2138 2163//2136 2164//2137
f 2164//2137 2166//2139 2165//2138
f 2165//2138 2166//2139 2167//2140
f 2167//2140 2168//2141 2165//2138
f 2169//2142 2168//2141 2167//2140
f 2167//2140 2170//2143 2169//2142
f 2169//2142 2170//2143 2171//2144
f 2171//2144 2172//2145 2169//2142
f 2172//2145 2171//2144 2173//2146
f 2173//2146 2174//2147 2172//2145
f 2174//2147 2173//2146 2175//2148
f 2175//2148 2176//2132 2174//2147
f 2161//2134 2160//2133 2177//2149
f 2164//2137 2161//2134 2177//2149
f 2166//2139 2164//2137 2177//2149
f 2167//2140 2166//2139 2177//2149
f 2170//2143 2167//2140 2177//2149
f 2171//2144 2170//2143 2177//2149
f 2173//2146 2171//2144 2177//2149
f 2175//2148 2173//2146 2177//2149
f 2178//2150 2179//2151 2180//2152
f 2180//2152 2181//2153 2178//2150
f 2182//2154 2178//2150 2181//2153
f 2181//2153 2183//2155 2182//2154
f 2184//2156 2182//2154 2183//2155
f 2183//2155 2185//2157 2184//2156
f 2186//2158 2184//2156 2185//2157
f 2185//2157 2187//2159 2186//2158
f 2186//2158 2187//2159 2188//2160
f 2188//2160 2189//2161 2186//2158
f 2189//2161 2188//2160 2190//2162
f 2190//2162 2191//2163 2189//2161
f 2191//2163 2190//2162 2192//2164
f 2192//2164 2193//2165 2191//2163
f 2194//2165 2195//2164 2180//2152
f 2180//2152 2179//2151 2194//2165
f 2181//2153 2180//2152 2196//2166
f 2196//2166 2197//2167 2181//2153
f 2183//2155 2181//2153 2197//2167
f 2197//2167 2198//2168 2183//2155
f 2185//2157 2183//2155 2198//2168
f 2198//2168 2199//2169 2185//2157
f 2187//2159 2185//2157 2199//2169
f 2199//2169 2200//2170 2187//2159
f 2187//2159 2200//2170 2201//2171
f 2201//2171 2188//2160 2187//2159
f 2188//2160 2201//2171 2202//2172
f 2202//2172 2190//2162 2188//2160
f 2190//2162 2202//2172 2203//2173
f 2203//2173 2192//2164 2190//2162
f 2195//2164 2204//2173 2196//2166
f 2196//2166 2180//2152 2195//2164
f 2196//2166 2205//2174 2206//2175
f 2206//2175 2197//2167 2196//2166
f 2198//2168 2197//2167 2206//2175
f 2206//2175 2207//2176 2198//2168
f 2199//2169 2198//2168 2207//2176
f 2207//2176 2208//2177 2199//2169
f 2199//2169 2208//2177 2209//2178
f 2209//2178 2200//2170 2199//2169
f 2200//2170 2209//2178 2210//2179
f 2210//2179 2201//2171 2200//2170
f 2201//2171 2210//2179 2211//2180
f 2211//2180 2202//2172 2201//2171
f 2202//2172 2211//2180 2212//2181
f 2212//2181 2203//2173 2202//2172
f 2204//2173 2213//2182 2205//2174
f 2205//2174 2196//2166 2204//2173
f 2206//2175 2205//2174 2214//2183
f 2207//2176 2206//2175 2214//2183
f 2208//2177 2207//2176 2214//2183
f 2209//2178 2208//2177 2214//2183
f 2210//2179 2209//2178 2214//2183
f 2211//2180 2210//2179 2214//2183
f 2212//2181 2211//2180 2214//2183
f 2205//2174 2213//2182 2214//2183
f 2215//2184 2216//2185 2217//2186
f 2217//2186 2218//2187 2215//2184
f 2219//2188 2215//2184 2218//2187
f 2218//2187 2220//2189 2219//2188
f 2221//2190 2219//2188 2220//2189
f 2220//2189 2222//2191 2221//2190
f 2221//2190 2222//2191 2223//2192
f 2223//2192 2224//2193 2221//2190
f 2224//2193 2223//2192 2225//2194
f 2225//2194 2226//2195 2224//2193
f 2226//2195 2225//2194 2227//2196
f 2227//2196 2228//2197 2226//2195
f 2228//2197 2227//2196 2229//2198
f 2229//2198 2230//2199 2228//2197
f 2231//2199 2232//2200 2217//2186
f 2217//2186 2216//2185 2231//2199
f 2233//2201 2234//2202 2218//2187
f 2218//2187 2217//2186 2233//2201
f 2220//2189 2218//2187 2234//2202
f 2234//2202 2235//2203 2220//2189
f 2222//2191 2220//2189 2235//2203
f 2235//2203 2236//2204 2222//2191
f 2222//2191 2236//2204 2237//2205
f 2237//2205 2223//2192 2222//2191
f 2225//2194 2223//2192 2237//2205
f 2237//2205 2238//2206 2225//2194
f 2225//2194 2238//2206 2239//2207
f 2239//2207 2227//2196 2225//2194
f 2227//2196 2239//2207 2240//2208
f 2240//2208 2229//2198 2227//2196
f 2232//2200 2241//2209 2233//2201
f 2233//2201 2217//2186 2232//2200
f 2234//2202 2233//2201 2242//2210
f 2235//2203 2234//2202 2242//2210
f 2236//2204 2235//2203 2242//2210
f 2237//2205 2236//2204 2242//2210
f 2238//2206 2237//2205 2242//2210
f 2239//2207 2238//2206 2242//2210
f 2240//2208 2239//2207 2242//2210
f 2233//2201 2241//2209 2242//2210
f 2243//2211 2244//2212 2245//2213
f 2245//2213 2246//2214 2243//2211
f 2247//2215 2243//2211 2246//2214
f 2246//2214 2248//2216 2247//2215
f 2249//2217 2247//2215 2248//2216
f 2248//2216 2250//2218 2249//2217
f 2249//2217 2250//2218 2251//2219
f 2251//2219 2252//2220 2249//2217
f 2252//2220 2251//2219 2253//2221
f 2253//2221 2254//2222 2252//2220
f 2254//2222 2253//2221 2255//2223
f 2255//2223 2256//2224 2254//2222
f 2256//2224 2255//2223 2257//2225
f 2257//2225 2258//2226 2256//2224
f 2259//2227 2260//2225 2245//2213
f 2245//2213 2244//2212 2259//2227
f 2245//2213 2261//2228 2262//2229
f 2262//2229 2246//2214 2245//2213
f 2248//2216 2246//2214 2262//2229
f 2262//2229 2263//2230 2248//2216
f 2250//2218 2248//2216 2263//2230
f 2263//2230 2264//2231 2250//2218
f 2250//2218 2264//2231 2265//2232
f 2265//2232 2251//2219 2250//2218
f 2253//2221 2251//2219 2265//2232
f 2265//2232 2266//2233 2253//2221
f 2253//2221 2266//2233 2267//2234
f 2267//2234 2255//2223 2253//2221
f 2255//2223 2267//2234 2268//2235
f 2268//2235 2257//2225 2255//2223
f 2260//2225 2269//2236 2261//2228
f 2261//2228 2245//2213 2260//2225
f 2262//2229 2261//2228 2270//2237
f 2263//2230 2262//2229 2270//2237
f 2264//2231 2263//2230 2270//2237
f 2265//2232 2264//2231 2270//2237
f 2266//2233 2265//2232 2270//2237
f 2267//2234 2266//2233 2270//2237
f 2268//2235 2267//2234 2270//2237
f 2261//2228 2269//2236 2270//2237
f 2271//2238 2272//2239 2273//2240
f 2273//2240 2274//2241 2271//2238
f 2275//2242 2271//2238 2274//2241
f 2274//2241 2276//2243 2275//2242
f 2277//2244 2275//2242 2276//2243
f 2276//2243 2278//2245 2277//2244
f 2279//2246 2277//2244 2278//2245
f 2278//2245 2280//2247 2279//2246
f 2279//2246 2280//2247 2281//2248
f 2281//2248 2282//2249 2279//2246
f 2282//2249 2281//2248 2283//2250
f 2283//2250 2284//2251 2282//2249
f 2284//2251 2283//2250 2285//2252
f 2285//2252 2286//2253 2284//2251
f 2287//2239 2286//2253 2285//2252
f 2285//2252 2288//2254 2287//2239
f 2274//2241 2273//2240 2289//2255
f 2289//2255 2290//2256 2274//2241
f 2276//2243 2274//2241 2290//2256
f 2290//2256 2291//2257 2276//2243
f 2278//2245 2276//2243 2291//2257
f 2291//2257 2292//2258 2278//2245
f 2278//2245 2292//2258 2293//2259
f 2293//2259 2280//2247 2278//2245
f 2280//2247 2293//2259 2294//2260
f 2294//2260 2281//2248 2280//2247
f 2281//2248 2294//2260 2295//2261
f 2295//2261 2283//2250 2281//2248
f 2283//2250 2295//2261 2296//2262
f 2296//2262 2285//2252 2283//2250
f 2285//2252 2296//2262 2297//2255
f 2297//2255 2288//2254 2285//2252
f 2289//2255 2298//2263 2299//2264
f 2299//2264 2290//2256 2289//2255
f 2290//2256 2299//2264 2300//2265
f 2300//2265 2291//2257 2290//2256
f 2292//2258 2291//2257 2300//2265
f 2300//2265 2301//2266 2292//2258
f 2292//2258 2301//2266 2302//2267
f 2302//2267 2293//2259 2292//2258
f 2294//2260 2293//2259 2302//2267
f 2302//2267 2303//2268 2294//2260
f 2294//2260 2303//2268 2304//2269
f 2304//2269 2295//2261 2294//2260
f 2295//2261 2304//2269 2305//2270
f 2305//2270 2296//2262 2295//2261
f 2296//2262 2305//2270 2306//2271
f 2306//2271 2297//2255 2296//2262
f 2299//2264 2298//2263 2307//2272
f 2300//2265 2299//2264 2307//2272
f 2301//2266 2300//2265 2307//2272
f 2302//2267 2301//2266 2307//2272
f 2303//2268 2302//2267 2307//2272
f 2304//2269 2303//2268 2307//2272
f 2305//2270 2304//2269 2307//2272
f 2306//2271 2305//2270 2307//2272
f 2308//2273 2309//2274 2310//2275
f 2309//2274 2308//2273 2311//2276
f 2311//2276 2312//2277 2309//2274
f 2312//2277 2311//2276 2313//2278
f 2313//2278 2314//2279 2312//2277
f 2315//2280 2314//2279 2313//2278
f 2316//2281 2317//2282 2318//2283
f 2318//2283 2319//2284 2316//2281
f 2319//2284 2318//2283 2320//2285
f 2320//2285 2321//2286 2319//2284
f 2321//2286 2320//2285 2322//2287
f 2322//2287 2323//2288 2321//2286
f 2323//2288 2322//2287 2324//2289
f 2324//2289 2310//2275 2323//2288
f 2308//2273 2310//2275 2324//2289
f 2324//2289 2325//2290 2308//2273
f 2308//2273 2325//2290 2326//2291
f 2326//2291 2311//2276 2308//2273
f 2313//2278 2311//2276 2326//2291
f 2326//2291 2327//2292 2313//2278
f 2315//2280 2313//2278 2327//2292
f 2327//2292 2328//2282 2315//2280
f 2318//2283 2317//2282 2329//2293
f 2320//2285 2318//2283 2329//2293
f 2322//2287 2320//2285 2329//2293
f 2324//2289 2322//2287 2329//2293
f 2325//2290 2324//2289 2329//2293
f 2326//2291 2325//2290 2329//2293
f 2327//2292 2326//2291 2329//2293
f 2328//2282 2327//2292 2329//2293
f 2231//2199 2216//2185 2330//2294
f 2230//2199 2331//2294 2228//2197
f 2332//2295 2333//2296 2334//2297
f 2334//2297 2335//2298 2332//2295
f 2333//2296 2336//2299 2337//2300
f 2337//2300 2334//2297 2333//2296
f 2337//2300 2336//2299 2338//2301
f 2338//2301 2339//2302 2337//2300
f 2338//2301 2340//2303 2341//2304
f 2341//2304 2339//2302 2338//2301
f 2340//2303 2342//2305 2343//2306
f 2343//2306 2341//2304 2340//2303
f 2343//2306 2342//2305 2344//2307
f 2344//2307 2345//2308 2343//2306
f 2345//2308 2344//2307 2346//2309
f 2346//2309 2347//2310 2345//2308
f 2347//2310 2346//2309 2348//2295
f 2348//2295 2349//2298 2347//2310
f 2335//2298 2334//2297 2350//2311
f 2350//2311 2351//2312 2335//2298
f 2334//2297 2337//2300 2352//2313
f 2352//2313 2350//2311 2334//2297
f 2352//2313 2337//2300 2339//2302
f 2339//2302 2353//2314 2352//2313
f 2339//2302 2341//2304 2354//2315
f 2354//2315 2353//2314 2339//2302
f 2354//2315 2341//2304 2343//2306
f 2343//2306 2355//2316 2354//2315
f 2355//2316 2343//2306 2345//2308
f 2345//2308 2356//2317 2355//2316
f 2345//2308 2347//2310 2357//2318
f 2357//2318 2356//2317 2345//2308
f 2349//2298 2358//2319 2357//2318
f 2357//2318 2347//2310 2349//2298
f 2359//2320 2351//2312 2350//2311
f 2359//2320 2350//2311 2352//2313
f 2359//2320 2352//2313 2353//2314
f 2359//2320 2353//2314 2354//2315
f 2359//2320 2354//2315 2355//2316
f 2359//2320 2355//2316 2356//2317
f 2359//2320 2356//2317 2357//2318
f 2359//2320 2357//2318 2358//2319
f 2360//2321 2361//2322 2362//2323
f 2362//2323 2363//2324 2360//2321
f 2362//2323 2361//2322 2364//2325
f 2364//2325 2365//2326 2362//2323
f 2365//2326 2364//2325 2366//2327
f 2366//2327 2367//2328 2365//2326
f 2367//2328 2366//2327 2368//2329
f 2368//2329 2369//2330 2367//2328
f 2368//2329 2370//2331 2371//2332
f 2371//2332 2369//2330 2368//2329
f 2371//2332 2370//2331 2372//2333
f 2372//2333 2373//2334 2371//2332
f 2372//2333 2374//2335 2375//2336
f 2375//2336 2373//2334 2372//2333
f 2374//2335 2376//2337 2377//2324
f 2377//2324 2375//2336 2374//2335
f 2363//2324 2362//2323 2378//2338
f 2378//2338 2379//2339 2363//2324
f 2362//2323 2365//2326 2380//2340
f 2380//2340 2378//2338 2362//2323
f 2365//2326 2367//2328 2381//2341
f 2381//2341 2380//2340 2365//2326
f 2367//2328 2369//2330 2382//2342
f 2382//2342 2381//2341 2367//2328
f 2382//2342 2369//2330 2371//2332
f 2371//2332 2383//2343 2382//2342
f 2383//2343 2371//2332 2373//2334
f 2373//2334 2384//2344 2383//2343
f 2384//2344 2373//2334 2375//2336
f 2375//2336 2385//2345 2384//2344
f 2385//2345 2375//2336 2377//2324
f 2377//2324 2386//2346 2385//2345
f 2387//2347 2379//2339 2378//2338
f 2387//2347 2378//2338 2380//2340
f 2387//2347 2380//2340 2381//2341
f 2387//2347 2381//2341 2382//2342
f 2387//2347 2382//2342 2383//2343
f 2387//2347 2383//2343 2384//2344
f 2387//2347 2384//2344 2385//2345
f 2387//2347 2385//2345 2386//2346
f 2388//2348 2389//2349 2390//2350
f 2390//2350 2391//2351 2388//2348
f 2390//2350 2389//2349 2392//2352
f 2392//2352 2393//2353 2390//2350
f 2393//2353 2392//2352 2394//2354
f 2394//2354 2395//2355 2393//2353
f 2395//2355 2394//2354 2396//2356
f 2396//2356 2397//2357 2395//2355
f 2396//2356 2398//2358 2399//2359
f 2399//2359 2397//2357 2396//2356
f 2398//2358 2400//2360 2401//2361
f 2401//2361 2399//2359 2398//2358
f 2400//2360 2402//2362 2403//2363
f 2403//2363 2401//2361 2400//2360
f 2402//2362 2404//2364 2405//2351
f 2405//2351 2403//2363 2402//2362
f 2391//2351 2390//2350 2406//2365
f 2406//2365 2407//2366 2391//2351
f 2406//2365 2390//2350 2393//2353
f 2393//2353 2408//2367 2406//2365
f 2408//2367 2393//2353 2395//2355
f 2395//2355 2409//2368 2408//2367
f 2395//2355 2397//2357 2410//2369
f 2410//2369 2409//2368 2395//2355
f 2397//2357 2399//2359 2411//2370
f 2411//2370 2410//2369 2397//2357
f 2399//2359 2401//2361 2412//2371
f 2412//2371 2411//2370 2399//2359
f 2401//2361 2403//2363 2413//2372
f 2413//2372 2412//2371 2401//2361
f 2403//2363 2405//2351 2414//2366
f 2414//2366 2413//2372 2403//2363
f 2415//2373 2407//2366 2406//2365
f 2415//2373 2406//2365 2408//2367
f 2415//2373 2408//2367 2409//2368
f 2415//2373 2409//2368 2410//2369
f 2415//2373 2410//2369 2411//2370
f 2415//2373 2411//2370 2412//2371
f 2415//2373 2412//2371 2413//2372
f 2415//2373 2413//2372 2414//2366
f 2416//2374 2417//2375 2418//2376
f 2418//2376 2419//2377 2416//2374
f 2419//2377 2418//2376 2420//2378
f 2420//2378 2421//2379 2419//2377
f 2421//2379 2420//2378 2422//2380
f 2422//2380 2423//2381 2421//2379
f 2423//2381 2422//2380 2424//2382
f 2424//2382 2425//2383 2423//2381
f 2424//2382 2426//2384 2427//2385
f 2427//2385 2425//2383 2424//2382
f 2426//2384 2428//2386 2429//2387
f 2429//2387 2427//2385 2426//2384
f 2428//2386 2430//2388 2431//2389
f 2431//2389 2429//2387 2428//2386
f 2431//2389 2430//2388 2432//2390
f 2432//2390 2433//2374 2431//2389
f 2416//2374 2419//2377 2434//2391
f 2434//2391 2435//2392 2416//2374
f 2434//2391 2419//2377 2421//2379
f 2421//2379 2436//2393 2434//2391
f 2436//2393 2421//2379 2423//2381
f 2423//2381 2437//2394 2436//2393
f 2423//2381 2425//2383 2438//2395
f 2438//2395 2437//2394 2423//2381
f 2438//2395 2425//2383 2427//2385
f 2427//2385 2439//2396 2438//2395
f 2427//2385 2429//2387 2440//2397
f 2440//2397 2439//2396 2427//2385
f 2429//2387 2431//2389 2441//2398
f 2441//2398 2440//2397 2429//2387
f 2431//2389 2433//2374 2442//2392
f 2442//2392 2441//2398 2431//2389
f 2443//2399 2435//2392 2434//2391
f 2443//2399 2434//2391 2436//2393
f 2443//2399 2436//2393 2437//2394
f 2443//2399 2437//2394 2438//2395
f 2443//2399 2438//2395 2439//2396
f 2443//2399 2439//2396 2440//2397
f 2443//2399 2440//2397 2441//2398
f 2443//2399 2441//2398 2442//2392
f 2444//2400 2445//2401 2446//2402
f 2446//2402 2447//2403 2444//2400
f 2447//2403 2446//2402 2448//2404
f 2448//2404 2449//2405 2447//2403
f 2449//2405 2448//2404 2450//2406
f 2450//2406 2451//2407 2449//2405
f 2451//2407 2450//2406 2452//2408
f 2452//2408 2453//2409 2451//2407
f 2452//2408 2454//2410 2455//2411
f 2455//2411 2453//2409 2452//2408
f 2454//2410 2456//2412 2457//2413
f 2457//2413 2455//2411 2454//2410
f 2456//2412 2458//2414 2459//2415
f 2459//2415 2457//2413 2456//2412
f 2459//2415 2458//2414 2460//2416
f 2460//2416 2461//2417 2459//2415
f 2444//2400 2447//2403 2462//2418
f 2462//2418 2463//2419 2444//2400
f 2462//2418 2447//2403 2449//2405
f 2449//2405 2464//2420 2462//2418
f 2464//2420 2449//2405 2451//2407
f 2451//2407 2465//2421 2464//2420
f 2451//2407 2453//2409 2466//2422
f 2466//2422 2465//2421 2451//2407
f 2453//2409 2455//2411 2467//2423
f 2467//2423 2466//2422 2453//2409
f 2455//2411 2457//2413 2468//2424
f 2468//2424 2467//2423 2455//2411
f 2457//2413 2459//2415 2469//2425
f 2469//2425 2468//2424 2457//2413
f 2459//2415 2461//2417 2470//2419
f 2470//2419 2469//2425 2459//2415
f 2471//2426 2463//2419 2462//2418
f 2471//2426 2462//2418 2464//2420
f 2471//2426 2464//2420 2465//2421
f 2471//2426 2465//2421 2466//2422
f 2471//2426 2466//2422 2467//2423
f 2471//2426 2467//2423 2468//2424
f 2471//2426 2468//2424 2469//2425
f 2471//2426 2469//2425 2470//2419
f 2472//2427 2473//2428 2474//2429
f 2474//2429 2475//2430 2472//2427
f 2476//2431 2477//2429 2478//2432
f 2478//2432 2479//2433 2476//2431
f 2479//2433 2478//2432 2480//2434
f 2480//2434 2481//2435 2479//2433
f 2480//2434 2482//2436 2483//2437
f 2483//2437 2481//2435 2480//2434
f 2482//2436 2484//2438 2485//2439
f 2485//2439 2483//2437 2482//2436
f 2484//2438 2486//2440 2487//2441
f 2487//2441 2485//2439 2484//2438
f 2486//2440 2488//2442 2489//2443
f 2489//2443 2487//2441 2486//2440
f 2489//2443 2488//2442 2473//2428
f 2473//2428 2472//2427 2489//2443
f 2490//2444 2472//2427 2475//2430
f 2475//2430 2491//2445 2490//2444
f 2476//2431 2479//2433 2492//2446
f 2492//2446 2493//2447 2476//2431
f 2479//2433 2481//2435 2494//2448
f 2494//2448 2492//2446 2479//2433
f 2481//2435 2483//2437 2495//2449
f 2495//2449 2494//2448 2481//2435
f 2483//2437 2485//2439 2496//2450
f 2496//2450 2495//2449 2483//2437
f 2496//2450 2485//2439 2487//2441
f 2487//2441 2497//2451 2496//2450
f 2497//2451 2487//2441 2489//2443
f 2489//2443 2498//2452 2497//2451
f 2498//2452 2489//2443 2472//2427
f 2472//2427 2490//2444 2498//2452
f 2499//2453 2490//2444 2491//2445
f 2499//2453 2493//2447 2492//2446
f 2499//2453 2492//2446 2494//2448
f 2499//2453 2494//2448 2495//2449
f 2499//2453 2495//2449 2496//2450
f 2499//2453 2496//2450 2497//2451
f 2499//2453 2497//2451 2498//2452
f 2499//2453 2498//2452 2490//2444
f 2500//2454 2501//2455 2502//2456
f 2502//2456 2503//2457 2500//2454
f 2504//2457 2505//2458 2506//2459
f 2506//2459 2507//2460 2504//2457
f 2507//2460 2506//2459 2508//2461
f 2508//2461 2509//2462 2507//2460
f 2508//2461 2510//2463 2511//2464
f 2511//2464 2509//2462 2508//2461
f 2510//2463 2512//2465 2513//2466
f 2513//2466 2511//2464 2510//2463
f 2512//2465 2514//2467 2515//2468
f 2515//2468 2513//2466 2512//2465
f 2516//2469 2517//2470 2518//2471
f 2518//2471 2515//2468 2519//2467
f 2518//2471 2517//2470 2501//2455
f 2501//2455 2500//2454 2518//2471
f 2500//2454 2503//2457 2520//2472
f 2520//2472 2521//2473 2500//2454
f 2504//2457 2507//2460 2522//2474
f 2522//2474 2523//2475 2504//2457
f 2507//2460 2509//2462 2524//2476
f 2524//2476 2522//2474 2507//2460
f 2509//2462 2511//2464 2525//2477
f 2525//2477 2524//2476 2509//2462
f 2511//2464 2513//2466 2526//2478
f 2526//2478 2525//2477 2511//2464
f 2526//2478 2513//2466 2515//2468
f 2515//2468 2527//2479 2526//2478
f 2527//2479 2515//2468 2518//2471
f 2518//2471 2528//2480 2527//2479
f 2528//2480 2518//2471 2500//2454
f 2500//2454 2521//2473 2528//2480
f 2529//2481 2521//2473 2520//2472
f 2529//2481 2523//2475 2522//2474
f 2529//2481 2522//2474 2524//2476
f 2529//2481 2524//2476 2525//2477
f 2529//2481 2525//2477 2526//2478
f 2529//2481 2526//2478 2527//2479
f 2529//2481 2527//2479 2528//2480
f 2529//2481 2528//2480 2521//2473
f 2530//2482 2531//2483 2532//2484
f 2532//2484 2533//2485 2530//2482
f 2531//2483 2534//2486 2535//2487
f 2535//2487 2532//2484 2531//2483
f 2534//2486 2536//2488 2537//2489
f 2537//2489 2535//2487 2534//2486
f 2536//2488 2538//2490 2539//2491
f 2539//2491 2537//2489 2536//2488
f 2539//2491 2538//2490 2540//2492
f 2540//2492 2541//2493 2539//2491
f 2541//2493 2540//2492 2542//2494
f 2542//2494 2543//2495 2541//2493
f 2543//2495 2542//2494 2544//2496
f 2544//2496 2545//2497 2543//2495
f 2545//2497 2544//2496 2546//2498
f 2546//2498 2547//2499 2545//2497
f 2548//2500 2533//2485 2532//2484
f 2548//2500 2532//2484 2535//2487
f 2548//2500 2535//2487 2537//2489
f 2548//2500 2537//2489 2539//2491
f 2548//2500 2539//2491 2541//2493
f 2548//2500 2541//2493 2543//2495
f 2548//2500 2543//2495 2545//2497
f 2548//2500 2545//2497 2547//2499
f 2549//2501 2550//2502 2551//2503
f 2551//2503 2552//2504 2553//2505
f 2550//2502 2554//2506 2555//2507
f 2555//2507 2551//2503 2550//2502
f 2554//2506 2556//2508 2557//2509
f 2557//2509 2555//2507 2554//2506
f 2556//2508 2558//2510 2559//2511
f 2559//2511 2557//2509 2556//2508
f 2559//2511 2558//2510 2560//2512
f 2560//2512 2561//2513 2559//2511
f 2561//2513 2560//2512 2562//2514
f 2562//2514 2563//2515 2561//2513
f 2563//2515 2562//2514 2564//2516
f 2564//2516 2565//2517 2563//2515
f 2565//2517 2564//2516 2566//2518
f 2567//2501 2568//2504 2565//2517
f 2569//2519 2552//2504 2551//2503
f 2569//2519 2551//2503 2555//2507
f 2569//2519 2555//2507 2557//2509
f 2569//2519 2557//2509 2559//2511
f 2569//2519 2559//2511 2561//2513
f 2569//2519 2561//2513 2563//2515
f 2569//2519 2563//2515 2565//2517
f 2569//2519 2565//2517 2568//2504
f 2570//2520 2571//2521 2572//2522
f 2572//2522 2573//2523 2570//2520
f 2571//2521 2574//2524 2575//2525
f 2575//2525 2572//2522 2571//2521
f 2574//2524 2576//2526 2577//2527
f 2577//2527 2575//2525 2574//2524
f 2576//2526 2578//2528 2579//2529
f 2579//2529 2577//2527 2576//2526
f 2579//2529 2578//2528 2580//2530
f 2581//2530 2582//2531 2579//2529
f 2582//2531 2583//2532 2584//2533
f 2584//2533 2585//2534 2582//2531
f 2585//2534 2584//2533 2586//2535
f 2586//2535 2587//2536 2585//2534
f 2587//2536 2586//2535 2588//2537
f 2588//2537 2589//2538 2587//2536
f 2590//2539 2573//2523 2572//2522
f 2590//2539 2572//2522 2575//2525
f 2590//2539 2575//2525 2577//2527
f 2590//2539 2577//2527 2579//2529
f 2590//2539 2579//2529 2582//2531
f 2590//2539 2582//2531 2585//2534
f 2590//2539 2585//2534 2587//2536
f 2590//2539 2587//2536 2589//2538
f 2591//2540 2592//2541 2593//2542
f 2593//2542 2594//2543 2591//2540
f 2592//2541 2595//2544 2596//2545
f 2596//2545 2593//2542 2592//2541
f 2595//2544 2597//2546 2598//2547
f 2598//2547 2596//2545 2595//2544
f 2597//2546 2599//2548 2600//2549
f 2600//2549 2598//2547 2597//2546
f 2600//2549 2599//2548 2601//2550
f 2601//2550 2602//2551 2600//2549
f 2602//2551 2601//2550 2603//2552
f 2603//2552 2604//2553 2602//2551
f 2604//2553 2603//2552 2605//2554
f 2605//2554 2606//2555 2604//2553
f 2606//2555 2605//2554 2607//2556
f 2607//2556 2608//2543 2606//2555
f 2609//2557 2594//2543 2593//2542
f 2609//2557 2593//2542 2596//2545
f 2609//2557 2596//2545 2598//2547
f 2609//2557 2598//2547 2600//2549
f 2609//2557 2600//2549 2602//2551
f 2609//2557 2602//2551 2604//2553
f 2609//2557 2604//2553 2606//2555
f 2609//2557 2606//2555 2608//2543
f 2610//2558 2611//2559 2612//2560
f 2610//2558 2612//2560 2613//2561
f 2610//2558 2613//2561 2614//2562
f 2610//2558 2614//2562 2615//2563
f 2610//2558 2615//2563 2616//2564
f 2610//2558 2616//2564 2617//2565
f 2610//2558 2617//2565 2618//2566
f 2619//2567 2620//2568 2621//2569
f 2619//2567 2621//2569 2622//2570
f 2619//2567 2622//2570 2623//2571
f 2619//2567 2623//2571 2624//2572
f 2619//2567 2624//2572 2625//2573
f 2619//2567 2625//2573 2626//2574
f 2627//2575 2628//2576 2629//2577
f 2629//2577 2630//2578 2627//2575
f 2628//2576 2631//2579 2632//2580
f 2632//2580 2629//2577 2628//2576
f 2631//2579 2633//2581 2634//2582
f 2634//2582 2632//2580 2631//2579
f 2633//2581 2635//2583 2636//2584
f 2636//2584 2634//2582 2633//2581
f 2636//2584 2635//2583 2637//2585
f 2637//2585 2638//2586 2636//2584
f 2638//2586 2637//2585 2639//2587
f 2639//2587 2640//2588 2638//2586
f 2640//2588 2639//2587 2641//2589
f 2641//2589 2642//2590 2640//2588
f 2642//2590 2641//2589 2643//2591
f 2643//2591 2644//2592 2642//2590
f 2645//2593 2630//2578 2629//2577
f 2645//2593 2629//2577 2632//2580
f 2645//2593 2632//2580 2634//2582
f 2645//2593 2634//2582 2636//2584
f 2645//2593 2636//2584 2638//2586
f 2645//2593 2638//2586 2640//2588
f 2645//2593 2640//2588 2642//2590
f 2645//2593 2642//2590 2644//2592
f 916//900 951//936 928//912
f 928//912 917//901 916//900
f 918//902 937//921 951//936
f 951//936 916//900 918//902
f 2646//2594 925//2595 2647//2596
f 958//2597 920//904 919//903
f 919//903 912//896 914//898
f 914//898 922//906 919//903
f 926//910 927//911 948//933
f 948//933 922//906 926//910
f 926//910 915//899 907//891
f 907//891 917//901 926//910
f 935//919 932//916 931//915
f 931//915 936//920 935//919
f 918//902 909//893 932//916
f 932//916 935//919 918//902
f 936//920 931//915 939//923
f 939//923 941//925 936//920
f 941//925 939//923 943//927
f 943//927 945//929 941//925
f 2648//2598 2649//2599 2650//2600
f 2650//2600 2651//2601 2648//2598
f 2652//2602 2653//2603 2654//2604
f 2654//2604 2655//2605 2652//2602
f 2652//2602 2656//2606 2657//2607
f 2657//2607 2653//2603 2652//2602
f 2658//2608 2657//2607 2656//2606
f 2656//2606 2659//2609 2658//2608
f 2660//2610 2661//2611 2662//2612
f 2662//2612 2663//2613 2660//2610
f 2664//2614 2665//2615 2662//2612
f 2662//2612 2661//2611 2664//2614
f 2665//2615 2664//2614 2666//2616
f 2666//2616 2667//2617 2665//2615
f 2667//2617 2666//2616 2668//2618
f 2668//2618 2669//2619 2667//2617
f 2670//2620 2671//2621 2669//2619
f 2669//2619 2668//2618 2670//2620
f 2672//2622 2673//2623 2674//2624
f 2674//2624 2675//2625 2672//2622
f 2675//2625 2674//2624 2676//2626
f 2676//2626 2677//2627 2675//2625
f 2677//2627 2676//2626 2678//2628
f 2678//2628 2679//2629 2677//2627
f 2679//2629 2678//2628 2671//2621
f 2671//2621 2670//2620 2679//2629
f 2651//2601 2655//2605 2654//2604
f 2654//2604 2648//2598 2651//2601
f 2658//2608 2659//2609 2660//2610
f 2660//2610 2663//2613 2658//2608
f 2680//2630 2681//2631 2682//2632
f 2682//2632 2683//2633 2680//2630
f 2684//2634 2685//2635 2683//2633
f 2683//2633 2682//2632 2684//2634
f 2685//2635 2684//2634 2686//2636
f 2686//2636 2687//2637 2685//2635
f 2688//2638 2683//2633 2685//2635
f 2685//2635 2689//2639 2688//2638
f 2690//2640 2691//2641 2687//2637
f 2687//2637 2686//2636 2690//2640
f 2687//2637 2691//2641 2692//2642
f 2692//2642 2693//2643 2687//2637
f 2685//2635 2687//2637 2693//2643
f 2693//2643 2689//2639 2685//2635
f 2692//2642 2694//2644 2695//2645
f 2695//2645 2693//2643 2692//2642
f 2696//2646 2697//2647 2698//2648
f 2698//2648 2699//2649 2696//2646
f 2698//2648 2697//2647 2695//2645
f 2695//2645 2694//2644 2698//2648
f 2697//2647 2700//2650 2701//2651
f 2701//2651 2695//2645 2697//2647
f 2702//2652 2700//2650 2697//2647
f 2697//2647 2696//2646 2702//2652
f 2703//2653 2696//2646 2699//2649
f 2699//2649 2704//2654 2703//2653
f 2700//2650 2702//2652 2705//2655
f 2705//2655 2706//2656 2700//2650
f 2707//2657 2705//2655 2702//2652
f 2702//2652 2708//2658 2707//2657
f 2708//2658 2702//2652 2696//2646
f 2696//2646 2703//2653 2708//2658
f 2688//2638 2689//2639 2701//2651
f 2701//2651 2709//2659 2688//2638
f 2710//2660 2711//2661 2688//2638
f 2688//2638 2709//2659 2710//2660
f 2712//2662 2713//2663 2711//2661
f 2711//2661 2710//2660 2712//2662
f 2714//2664 2712//2662 2710//2660
f 2710//2660 2715//2665 2714//2664
f 2716//2666 2717//2667 2713//2663
f 2713//2663 2712//2662 2716//2666
f 2680//2630 2711//2661 2713//2663
f 2713//2663 2718//2668 2680//2630
f 2683//2633 2688//2638 2711//2661
f 2711//2661 2680//2630 2683//2633
f 2717//2667 2719//2669 2718//2668
f 2718//2668 2713//2663 2717//2667
f 2681//2631 2680//2630 2718//2668
f 2718//2668 2720//2670 2681//2631
f 2720//2670 2718//2668 2719//2669
f 2719//2669 2721//2671 2720//2670
f 2715//2665 2710//2660 2709//2659
f 2709//2659 2706//2656 2715//2665
f 2722//2672 2715//2665 2706//2656
f 2706//2656 2705//2655 2722//2672
f 2700//2650 2706//2656 2709//2659
f 2709//2659 2701//2651 2700//2650
f 2701//2651 2689//2639 2693//2643
f 2693//2643 2695//2645 2701//2651
f 2723//2673 2724//2674 2721//2671
f 2721//2671 2719//2669 2723//2673
f 2725//2675 2726//2676 2724//2674
f 2724//2674 2723//2673 2725//2675
f 2727//2677 2725//2675 2723//2673
f 2723//2673 2728//2678 2727//2677
f 2725//2675 2729//2679 2730//2680
f 2730//2680 2726//2676 2725//2675
f 2729//2679 2725//2675 2727//2677
f 2727//2677 2731//2681 2729//2679
f 2719//2669 2717//2667 2728//2678
f 2728//2678 2723//2673 2719//2669
f 2732//2682 2728//2678 2717//2667
f 2717//2667 2716//2666 2732//2682
f 2733//2683 2734//2684 2735//2685
f 2735//2685 2736//2686 2733//2683
f 2734//2684 2703//2653 2704//2654
f 2704//2654 2735//2685 2734//2684
f 2737//2687 2733//2683 2736//2686
f 2736//2686 2738//2688 2737//2687
f 2739//2689 2716//2666 2712//2662
f 2712//2662 2714//2664 2739//2689
f 2740//2690 2732//2682 2716//2666
f 2716//2666 2739//2689 2740//2690
f 2741//2691 2740//2690 2739//2689
f 2739//2689 2742//2692 2741//2691
f 2732//2682 2740//2690 2743//2693
f 2743//2693 2744//2694 2732//2682
f 2745//2695 2743//2693 2740//2690
f 2740//2690 2741//2691 2745//2695
f 2742//2692 2746//2696 2747//2697
f 2747//2697 2741//2691 2742//2692
f 2748//2698 2745//2695 2741//2691
f 2741//2691 2747//2697 2748//2698
f 2714//2664 2749//2699 2742//2692
f 2742//2692 2739//2689 2714//2664
f 2715//2665 2722//2672 2749//2699
f 2749//2699 2714//2664 2715//2665
f 2750//2700 2722//2672 2705//2655
f 2705//2655 2707//2657 2750//2700
f 2751//2701 2749//2699 2722//2672
f 2722//2672 2750//2700 2751//2701
f 2752//2702 2750//2700 2707//2657
f 2707//2657 2753//2703 2752//2702
f 2754//2704 2751//2701 2750//2700
f 2750//2700 2752//2702 2754//2704
f 2746//2696 2742//2692 2749//2699
f 2749//2699 2751//2701 2746//2696
f 2755//2705 2754//2704 2752//2702
f 2752//2702 2756//2706 2755//2705
f 2757//2707 2746//2696 2751//2701
f 2751//2701 2754//2704 2757//2707
f 2708//2658 2758//2708 2753//2703
f 2753//2703 2707//2657 2708//2658
f 2759//2709 2753//2703 2758//2708
f 2758//2708 2760//2710 2759//2709
f 2756//2706 2752//2702 2753//2703
f 2753//2703 2759//2709 2756//2706
f 2729//2679 2761//2711 2762//2712
f 2762//2712 2730//2680 2729//2679
f 2731//2681 2727//2677 2744//2694
f 2744//2694 2763//2713 2731//2681
f 2764//2714 2763//2713 2744//2694
f 2744//2694 2743//2693 2764//2714
f 2728//2678 2732//2682 2744//2694
f 2744//2694 2727//2677 2728//2678
f 2765//2715 2764//2714 2743//2693
f 2743//2693 2745//2695 2765//2715
f 2766//2716 2731//2681 2763//2713
f 2763//2713 2767//2717 2766//2716
f 2731//2681 2766//2716 2761//2711
f 2761//2711 2729//2679 2731//2681
f 2768//2718 2766//2716 2767//2717
f 2767//2717 2769//2719 2768//2718
f 2770//2720 2761//2711 2766//2716
f 2766//2716 2768//2718 2770//2720
f 2771//2721 2762//2712 2761//2711
f 2761//2711 2770//2720 2771//2721
f 2764//2714 2772//2722 2767//2717
f 2767//2717 2763//2713 2764//2714
f 2772//2722 2773//2723 2769//2719
f 2769//2719 2767//2717 2772//2722
f 2774//2724 2772//2722 2764//2714
f 2764//2714 2765//2715 2774//2724
f 2773//2723 2772//2722 2774//2724
f 2774//2724 2775//2725 2773//2723
f 2776//2726 2768//2718 2769//2719
f 2769//2719 2777//2727 2776//2726
f 2777//2727 2769//2719 2773//2723
f 2773//2723 2778//2728 2777//2727
f 2778//2728 2773//2723 2775//2725
f 2775//2725 2779//2729 2778//2728
f 2780//2730 2755//2705 2781//2731
f 2781//2731 2782//2732 2780//2730
f 2756//2706 2783//2733 2781//2731
f 2781//2731 2755//2705 2756//2706
f 2759//2709 2784//2734 2783//2733
f 2783//2733 2756//2706 2759//2709
f 2754//2704 2755//2705 2780//2730
f 2780//2730 2757//2707 2754//2704
f 2785//2735 2780//2730 2782//2732
f 2782//2732 2786//2736 2785//2735
f 2757//2707 2780//2730 2785//2735
f 2785//2735 2787//2737 2757//2707
f 2788//2738 2785//2735 2786//2736
f 2786//2736 2789//2739 2788//2738
f 2784//2734 2759//2709 2760//2710
f 2760//2710 2790//2740 2784//2734
f 2790//2740 2760//2710 2733//2683
f 2733//2683 2737//2687 2790//2740
f 2734//2684 2733//2683 2760//2710
f 2760//2710 2758//2708 2734//2684
f 2758//2708 2708//2658 2703//2653
f 2703//2653 2734//2684 2758//2708
f 2791//2741 2765//2715 2745//2695
f 2745//2695 2748//2698 2791//2741
f 2792//2742 2791//2741 2748//2698
f 2748//2698 2793//2743 2792//2742
f 2793//2743 2748//2698 2747//2697
f 2747//2697 2787//2737 2793//2743
f 2746//2696 2757//2707 2787//2737
f 2787//2737 2747//2697 2746//2696
f 2788//2738 2793//2743 2787//2737
f 2787//2737 2785//2735 2788//2738
f 2794//2744 2774//2724 2765//2715
f 2765//2715 2791//2741 2794//2744
f 2791//2741 2792//2742 2795//2745
f 2795//2745 2794//2744 2791//2741
f 2796//2746 2795//2745 2792//2742
f 2792//2742 2797//2747 2796//2746
f 2797//2747 2792//2742 2793//2743
f 2793//2743 2788//2738 2797//2747
f 2770//2720 2798//2748 2799//2749
f 2799//2749 2771//2721 2770//2720
f 2768//2718 2776//2726 2798//2748
f 2798//2748 2770//2720 2768//2718
f 2800//2750 2798//2748 2776//2726
f 2776//2726 2801//2751 2800//2750
f 2777//2727 2802//2752 2801//2751
f 2801//2751 2776//2726 2777//2727
f 2802//2752 2777//2727 2778//2728
f 2778//2728 2803//2753 2802//2752
f 2804//2754 2800//2750 2801//2751
f 2801//2751 2805//2755 2804//2754
f 2806//2756 2807//2757 2800//2750
f 2800//2750 2804//2754 2806//2756
f 2808//2758 2804//2754 2805//2755
f 2805//2755 2809//2759 2808//2758
f 2810//2760 2806//2756 2804//2754
f 2804//2754 2808//2758 2810//2760
f 2807//2757 2799//2749 2798//2748
f 2798//2748 2800//2750 2807//2757
f 2809//2759 2805//2755 2811//2761
f 2811//2761 2812//2762 2809//2759
f 2802//2752 2811//2761 2805//2755
f 2805//2755 2801//2751 2802//2752
f 2789//2739 2813//2763 2797//2747
f 2797//2747 2788//2738 2789//2739
f 2814//2764 2796//2746 2797//2747
f 2797//2747 2813//2763 2814//2764
f 2815//2765 2796//2746 2814//2764
f 2814//2764 2816//2766 2815//2765
f 2817//2767 2818//2768 2815//2765
f 2815//2765 2816//2766 2817//2767
f 2796//2746 2815//2765 2819//2769
f 2819//2769 2795//2745 2796//2746
f 2820//2770 2821//2771 2822//2772
f 2822//2772 2823//2773 2820//2770
f 2822//2772 2821//2771 2824//2774
f 2825//2775 2820//2770 2823//2773
f 2823//2773 2826//2776 2825//2775
f 2818//2768 2817//2767 2825//2775
f 2825//2775 2826//2776 2818//2768
f 2827//2777 2828//2778 2826//2776
f 2826//2776 2823//2773 2827//2777
f 2818//2768 2826//2776 2828//2778
f 2828//2778 2829//2779 2818//2768
f 2810//2760 2808//2758 2824//2774
f 2829//2779 2819//2769 2815//2765
f 2815//2765 2818//2768 2829//2779
f 2795//2745 2819//2769 2830//2780
f 2830//2780 2794//2744 2795//2745
f 2831//2781 2830//2780 2819//2769
f 2819//2769 2829//2779 2831//2781
f 2832//2782 2831//2781 2829//2779
f 2829//2779 2828//2778 2832//2782
f 2833//2783 2779//2729 2831//2781
f 2831//2781 2832//2782 2833//2783
f 2779//2729 2775//2725 2830//2780
f 2830//2780 2831//2781 2779//2729
f 2794//2744 2830//2780 2775//2725
f 2775//2725 2774//2724 2794//2744
f 2824//2774 2808//2758 2809//2759
f 2834//2784 2835//2785 2824//2774
f 2835//2785 2836//2786 2824//2774
f 2824//2774 2837//2787 2834//2784
f 2824//2774 2812//2762 2837//2787
f 2838//2788 2837//2787 2812//2762
f 2812//2762 2811//2761 2838//2788
f 2839//2789 2834//2784 2837//2787
f 2837//2787 2838//2788 2839//2789
f 2834//2784 2839//2789 2840//2790
f 2840//2790 2835//2785 2834//2784
f 2833//2783 2839//2789 2838//2788
f 2838//2788 2803//2753 2833//2783
f 2803//2753 2838//2788 2811//2761
f 2811//2761 2802//2752 2803//2753
f 2809//2759 2812//2762 2824//2774
f 2779//2729 2833//2783 2803//2753
f 2803//2753 2778//2728 2779//2729
f 2832//2782 2840//2790 2839//2789
f 2839//2789 2833//2783 2832//2782
f 2840//2790 2832//2782 2828//2778
f 2828//2778 2827//2777 2840//2790
f 2835//2785 2840//2790 2827//2777
f 2827//2777 2836//2786 2835//2785
f 2836//2786 2827//2777 2823//2773
f 2823//2773 2822//2772 2836//2786
f 2836//2786 2822//2772 2824//2774
f 2841//2791 2842//2792 2843//2793
f 2843//2793 2844//2794 2841//2791
f 2844//2794 2843//2793 2845//2795
f 2845//2795 2846//2796 2844//2794
f 2841//2791 2847//2797 2848//2798
f 2848//2798 2849//2799 2841//2791
f 2850//2800 2851//2801 2852//2802
f 2852//2802 2853//2803 2850//2800
f 2854//2804 2855//2805 2856//2806
f 2856//2806 2857//2807 2854//2804
f 2858//2808 2854//2804 2857//2807
f 2857//2807 2859//2809 2858//2808
f 2860//2810 2852//2802 2851//2801
f 2851//2801 2861//2811 2860//2810
f 2846//2796 2845//2795 2862//2812
f 2862//2812 2863//2813 2846//2796
f 2864//2814 2846//2796 2863//2813
f 2863//2813 2865//2815 2864//2814
f 2865//2815 2863//2813 2866//2816
f 2866//2816 2867//2817 2865//2815
f 2868//2818 2866//2816 2863//2813
f 2863//2813 2862//2812 2868//2818
f 2869//2819 2844//2794 2846//2796
f 2846//2796 2864//2814 2869//2819
f 2870//2820 2871//2821 2861//2811
f 2861//2811 2851//2801 2870//2820
f 2844//2794 2869//2819 2847//2797
f 2847//2797 2841//2791 2844//2794
f 2872//2822 2873//2823 2874//2824
f 2874//2824 2875//2825 2872//2822
f 2876//2826 2877//2827 2878//2828
f 2879//2829 2880//2830 2881//2831
f 2872//2822 2882//2832 2883//2833
f 2883//2833 2873//2823 2872//2822
f 2884//2834 2885//2835 2883//2833
f 2883//2833 2882//2832 2884//2834
f 2886//2836 2887//2837 2888//2838
f 2888//2838 2889//2839 2886//2836
f 2890//2840 2888//2838 2887//2837
f 2887//2837 2891//2841 2890//2840
f 2892//2842 2893//2843 2888//2838
f 2888//2838 2890//2840 2892//2842
f 2865//2815 2894//2844 2895//2845
f 2895//2845 2864//2814 2865//2815
f 2896//2846 2897//2847 2887//2837
f 2887//2837 2886//2836 2896//2846
f 2894//2844 2865//2815 2867//2817
f 2867//2817 2898//2848 2894//2844
f 2899//2849 2900//2850 2867//2817
f 2867//2817 2901//2851 2899//2849
f 2866//2816 2868//2818 2902//2852
f 2902//2852 2903//2853 2866//2816
f 2866//2816 2903//2853 2901//2851
f 2901//2851 2867//2817 2866//2816
f 2904//2854 2905//2855 2903//2853
f 2903//2853 2902//2852 2904//2854
f 2905//2855 2906//2856 2901//2851
f 2901//2851 2903//2853 2905//2855
f 2905//2855 2904//2854 2907//2857
f 2907//2857 2908//2858 2905//2855
f 2906//2856 2905//2855 2908//2858
f 2908//2858 2909//2859 2906//2856
f 2910//2860 2911//2861 2909//2859
f 2909//2859 2908//2858 2910//2860
f 2912//2862 2910//2860 2908//2858
f 2908//2858 2907//2857 2912//2862
f 2913//2863 2914//2864 2915//2865
f 2915//2865 2916//2866 2913//2863
f 2917//2867 2918//2868 2916//2866
f 2916//2866 2915//2865 2917//2867
f 2651//2601 2650//2600 2919//2869
f 2873//2823 2652//2602 2655//2605
f 2655//2605 2874//2824 2873//2823
f 2656//2606 2652//2602 2873//2823
f 2873//2823 2883//2833 2656//2606
f 2920//2870 2916//2866 2918//2868
f 2918//2868 2921//2871 2920//2870
f 2660//2610 2922//2872 2892//2842
f 2892//2842 2661//2611 2660//2610
f 2890//2840 2664//2614 2661//2611
f 2661//2611 2892//2842 2890//2840
f 2923//2873 2668//2618 2666//2616
f 2666//2616 2891//2841 2923//2873
f 2891//2841 2666//2616 2664//2614
f 2664//2614 2890//2840 2891//2841
f 2922//2872 2924//2874 2893//2843
f 2893//2843 2892//2842 2922//2872
f 2656//2606 2883//2833 2885//2835
f 2885//2835 2659//2609 2656//2606
f 2920//2870 2925//2875 2926//2876
f 2926//2876 2927//2877 2920//2870
f 2921//2871 2928//2878 2925//2875
f 2925//2875 2920//2870 2921//2871
f 2929//2879 2930//2880 2931//2881
f 2931//2881 2932//2882 2929//2879
f 2933//2883 2934//2884 2935//2885
f 2935//2885 2909//2859 2933//2883
f 2899//2849 2901//2851 2906//2856
f 2906//2856 2936//2886 2899//2849
f 2927//2877 2913//2863 2916//2866
f 2916//2866 2920//2870 2927//2877
f 2937//2887 2672//2622 2675//2625
f 2675//2625 2938//2888 2937//2887
f 2932//2882 2939//2889 2940//2890
f 2940//2890 2929//2879 2932//2882
f 2941//2891 2942//2892 2929//2879
f 2929//2879 2940//2890 2941//2891
f 2940//2890 2938//2888 2943//2893
f 2943//2893 2941//2891 2940//2890
f 2944//2894 2945//2895 2946//2896
f 2946//2896 2947//2897 2944//2894
f 2939//2889 2937//2887 2938//2888
f 2938//2888 2940//2890 2939//2889
f 2677//2627 2943//2893 2938//2888
f 2938//2888 2675//2625 2677//2627
f 2679//2629 2948//2898 2943//2893
f 2943//2893 2677//2627 2679//2629
f 2668//2618 2923//2873 2949//2899
f 2949//2899 2670//2620 2668//2618
f 2944//2894 2949//2899 2923//2873
f 2923//2873 2897//2847 2944//2894
f 2891//2841 2887//2837 2897//2847
f 2897//2847 2923//2873 2891//2841
f 2851//2801 2850//2800 2950//2900
f 2950//2900 2870//2820 2851//2801
f 2894//2844 2886//2836 2889//2839
f 2889//2839 2895//2845 2894//2844
f 2898//2848 2896//2846 2886//2836
f 2886//2836 2894//2844 2898//2848
f 2897//2847 2951//2901 2952//2902
f 2952//2902 2944//2894 2897//2847
f 2898//2848 2867//2817 2900//2850
f 2900//2850 2953//2903 2898//2848
f 2896//2846 2898//2848 2953//2903
f 2953//2903 2954//2904 2896//2846
f 2896//2846 2954//2904 2951//2901
f 2951//2901 2897//2847 2896//2846
f 2948//2898 2947//2897 2941//2891
f 2941//2891 2943//2893 2948//2898
f 2945//2895 2944//2894 2952//2902
f 2952//2902 2955//2905 2945//2895
f 2942//2892 2956//2906 2930//2880
f 2930//2880 2929//2879 2942//2892
f 2957//2907 2946//2896 2945//2895
f 2945//2895 2933//2883 2957//2907
f 2934//2884 2933//2883 2945//2895
f 2945//2895 2955//2905 2934//2884
f 2933//2883 2909//2859 2911//2861
f 2911//2861 2957//2907 2933//2883
f 2936//2886 2906//2856 2909//2859
f 2909//2859 2935//2885 2936//2886
f 2958//2908 2869//2819 2864//2814
f 2864//2814 2895//2845 2958//2908
f 2959//2909 2847//2797 2869//2819
f 2869//2819 2958//2908 2959//2909
f 2847//2797 2959//2909 2960//2910
f 2960//2910 2848//2798 2847//2797
f 2961//2911 2861//2811 2871//2821
f 2871//2821 2962//2912 2961//2911
f 2861//2811 2961//2911 2963//2913
f 2963//2913 2860//2810 2861//2811
f 2859//2809 2964//2914 2858//2808
f 2965//2915 2958//2908 2895//2845
f 2895//2845 2889//2839 2965//2915
f 2958//2908 2965//2915 2966//2916
f 2966//2916 2959//2909 2958//2908
f 2960//2910 2967//2917 2968//2918
f 2968//2918 2962//2912 2960//2910
f 2962//2912 2968//2918 2969//2919
f 2969//2919 2961//2911 2962//2912
f 2970//2920 2963//2913 2961//2911
f 2961//2911 2969//2919 2970//2920
f 2893//2843 2965//2915 2889//2839
f 2889//2839 2888//2838 2893//2843
f 2965//2915 2893//2843 2924//2874
f 2924//2874 2966//2916 2965//2915
f 2967//2917 2884//2834 2882//2832
f 2882//2832 2968//2918 2967//2917
f 2872//2822 2969//2919 2968//2918
f 2968//2918 2882//2832 2872//2822
f 2875//2825 2970//2920 2969//2919
f 2969//2919 2872//2822 2875//2825
f 2878//2828 2971//2921 2876//2826
f 2947//2897 2946//2896 2942//2892
f 2942//2892 2941//2891 2947//2897
f 2948//2898 2679//2629 2670//2620
f 2670//2620 2949//2899 2948//2898
f 2947//2897 2948//2898 2949//2899
f 2949//2899 2944//2894 2947//2897
f 2956//2906 2942//2892 2946//2896
f 2946//2896 2957//2907 2956//2906
f 2926//2876 2956//2906 2957//2907
f 2910//2860 2912//2862 2914//2864
f 2914//2864 2913//2863 2910//2860
f 2911//2861 2910//2860 2913//2863
f 2913//2863 2927//2877 2911//2861
f 2972//2922 2973//2923 2955//2905
f 2955//2905 2952//2902 2972//2922
f 2974//2924 2972//2922 2952//2902
f 2952//2902 2951//2901 2974//2924
f 2954//2904 2975//2925 2974//2924
f 2974//2924 2951//2901 2954//2904
f 2976//2926 2975//2925 2954//2904
f 2954//2904 2953//2903 2976//2926
f 2977//2927 2900//2850 2899//2849
f 2899//2849 2978//2928 2977//2927
f 2977//2927 2976//2926 2953//2903
f 2953//2903 2900//2850 2977//2927
f 2935//2885 2979//2929 2980//2930
f 2980//2930 2936//2886 2935//2885
f 2978//2928 2899//2849 2936//2886
f 2936//2886 2980//2930 2978//2928
f 2934//2884 2981//2931 2979//2929
f 2979//2929 2935//2885 2934//2884
f 2981//2931 2934//2884 2955//2905
f 2955//2905 2973//2923 2981//2931
f 2857//2807 2856//2806 2853//2803
f 2853//2803 2852//2802 2857//2807
f 2859//2809 2857//2807 2852//2802
f 2852//2802 2860//2810 2859//2809
f 2963//2913 2982//2932 2859//2809
f 2859//2809 2860//2810 2963//2913
f 2970//2920 2878//2828 2982//2932
f 2982//2932 2963//2913 2970//2920
f 2875//2825 2983//2933 2878//2828
f 2878//2828 2970//2920 2875//2825
f 2874//2824 2879//2829 2983//2933
f 2983//2933 2875//2825 2874//2824
f 2655//2605 2984//2934 2874//2824
f 2877//2827 2985//2935 2982//2932
f 2982//2932 2878//2828 2877//2827
f 2983//2933 2986//2936 2971//2921
f 2971//2921 2878//2828 2983//2933
f 2859//2809 2982//2932 2964//2914
f 2982//2932 2985//2935 2964//2914
f 2881//2831 2986//2936 2983//2933
f 2983//2933 2879//2829 2881//2831
f 2987//2937 2880//2830 2879//2829
f 2919//2869 2988//2938 2984//2934
f 2984//2934 2651//2601 2919//2869
f 2984//2934 2879//2829 2874//2824
f 2987//2937 2879//2829 2984//2934
f 2984//2934 2988//2938 2987//2937
f 2655//2605 2651//2601 2984//2934
f 2922//2872 2660//2610 2659//2609
f 2659//2609 2885//2835 2922//2872
f 2924//2874 2922//2872 2885//2835
f 2885//2835 2884//2834 2924//2874
f 2966//2916 2924//2874 2884//2834
f 2884//2834 2967//2917 2966//2916
f 2959//2909 2966//2916 2967//2917
f 2967//2917 2960//2910 2959//2909
f 2849//2799 2989//2939 2842//2792
f 2842//2792 2841//2791 2849//2799
f 2870//2820 2950//2900 2989//2939
f 2989//2939 2849//2799 2870//2820
f 2871//2821 2870//2820 2849//2799
f 2849//2799 2848//2798 2871//2821
f 2962//2912 2871//2821 2848//2798
f 2848//2798 2960//2910 2962//2912
f 2956//2906 2926//2876 2925//2875
f 2925//2875 2930//2880 2956//2906
f 2930//2880 2925//2875 2928//2878
f 2928//2878 2931//2881 2930//2880
f 2957//2907 2911//2861 2926//2876
f 2911//2861 2927//2877 2926//2876
f 2990//2940 2991//2941 2992//2942
f 2992//2942 2993//2943 2990//2940
f 2994//2944 2990//2940 2993//2943
f 2993//2943 2995//2945 2994//2944
f 2996//2946 2997//2947 2998//2948
f 2998//2948 2999//2949 2996//2946
f 3000//2950 2998//2948 2997//2947
f 2997//2947 3001//2951 3000//2950
f 3001//2951 3002//2952 3003//2953
f 3003//2953 3000//2950 3001//2951
f 3004//2954 3005//2955 3006//2956
f 3006//2956 3007//2957 3004//2954
f 2991//2941 2990//2940 3008//2958
f 3008//2958 3009//2959 2991//2941
f 3010//2960 3011//2961 3012//2962
f 3012//2962 3009//2959 3010//2960
f 3013//2963 3014//2964 3015//2965
f 3015//2965 3016//2966 3013//2963
f 3017//2967 2996//2946 2999//2949
f 2999//2949 3018//2968 3017//2967
f 3019//2969 3020//2970 3016//2966
f 3016//2966 3021//2971 3019//2969
f 3019//2969 3021//2971 3022//2972
f 3022//2972 3023//2973 3019//2969
f 3022//2972 3021//2971 3024//2974
f 3024//2974 3025//2975 3022//2972
f 3026//2976 3027//2977 3022//2972
f 3022//2972 3025//2975 3026//2976
f 3019//2969 3023//2973 3028//2978
f 3028//2978 3029//2979 3019//2969
f 3030//2980 3031//2981 3028//2978
f 3028//2978 3023//2973 3030//2980
f 3027//2977 3030//2980 3023//2973
f 3023//2973 3022//2972 3027//2977
f 3020//2970 3019//2969 3029//2979
f 3029//2979 3032//2982 3020//2970
f 3013//2963 3016//2966 3020//2970
f 3020//2970 3033//2983 3013//2963
f 3034//2984 3035//2985 3036//2986
f 3036//2986 3037//2987 3034//2984
f 3038//2988 3039//2989 3040//2990
f 3040//2990 3041//2991 3038//2988
f 3038//2988 3042//2992 3043//2993
f 3043//2993 3039//2989 3038//2988
f 3042//2992 3038//2988 3044//2994
f 3044//2994 3045//2995 3042//2992
f 3046//2996 3035//2985 3041//2991
f 3041//2991 3040//2990 3046//2996
f 3047//2997 3046//2996 3040//2990
f 3040//2990 3048//2998 3047//2997
f 3010//2960 3036//2986 3035//2985
f 3035//2985 3046//2996 3010//2960
f 3033//2983 3020//2970 3032//2982
f 3032//2982 3049//2999 3033//2983
f 3050//3000 3051//3001 3052//3002
f 3052//3002 3053//3003 3050//3000
f 3054//3004 3051//3001 3032//2982
f 3032//2982 3029//2979 3054//3004
f 3047//2997 3011//2961 3010//2960
f 3010//2960 3046//2996 3047//2997
f 3011//2961 3047//2997 3055//3005
f 3055//3005 3056//3006 3011//2961
f 3057//3007 3055//3005 3047//2997
f 3047//2997 3048//2998 3057//3007
f 3058//3008 3059//3009 3055//3005
f 3055//3005 3057//3007 3058//3008
f 3056//3006 3055//3005 3059//3009
f 3059//3009 3060//3010 3056//3006
f 3031//2981 3030//2980 3059//3009
f 3059//3009 3058//3008 3031//2981
f 3060//3010 3059//3009 3030//2980
f 3030//2980 3027//2977 3060//3010
f 3056//3006 3060//3010 3061//3011
f 3061//3011 3062//3012 3056//3006
f 3062//3012 3007//2957 3063//3013
f 3063//3013 3012//2962 3062//3012
f 3064//3014 3031//2981 3058//3008
f 3058//3008 3065//3015 3064//3014
f 3066//3016 3028//2978 3031//2981
f 3031//2981 3064//3014 3066//3016
f 3057//3007 3067//3017 3065//3015
f 3065//3015 3058//3008 3057//3007
f 3067//3017 3057//3007 3048//2998
f 3048//2998 3068//3018 3067//3017
f 3048//2998 3040//2990 3039//2989
f 3039//2989 3068//3018 3048//2998
f 3069//3019 3070//3020 3068//3018
f 3068//3018 3039//2989 3069//3019
f 3007//2957 3006//2956 3071//3021
f 3071//3021 3063//3013 3007//2957
f 3026//2976 3003//2953 3004//2954
f 3004//2954 3061//3011 3026//2976
f 3066//3016 3054//3004 3029//2979
f 3029//2979 3028//2978 3066//3016
f 3054//3004 3066//3016 3072//3022
f 3072//3022 3073//3023 3054//3004
f 3074//3024 3066//3016 3064//3014
f 3064//3014 3075//3025 3074//3024
f 3076//3026 3074//3024 3075//3025
f 3075//3025 3077//3027 3076//3026
f 3078//3028 3079//3029 3080//3030
f 3080//3030 3081//3031 3078//3028
f 3075//3025 3080//3030 3079//3029
f 3079//3029 3077//3027 3075//3025
f 3082//3032 3083//3033 3074//3024
f 3074//3024 3076//3026 3082//3032
f 3072//3022 3066//3016 3074//3024
f 3074//3024 3083//3033 3072//3022
f 3064//3014 3065//3015 3080//3030
f 3080//3030 3075//3025 3064//3014
f 3084//3034 3054//3004 3073//3023
f 3073//3023 3085//3035 3084//3034
f 3086//3036 3087//3037 3084//3034
f 3084//3034 3085//3035 3086//3036
f 3043//2993 3088//3035 3069//3019
f 3069//3019 3039//2989 3043//2993
f 3051//3001 3054//3004 3084//3034
f 3084//3034 3052//3002 3051//3001
f 3081//3031 3080//3030 3065//3015
f 3065//3015 3067//3017 3081//3031
f 3068//3018 3089//3038 3081//3031
f 3081//3031 3067//3017 3068//3018
f 3090//3039 3089//3038 3091//3033
f 3091//3033 3092//3040 3090//3039
f 3070//3020 3091//3033 3089//3038
f 3089//3038 3068//3018 3070//3020
f 3093//3041 3042//2992 3045//2995
f 3045//2995 3094//3042 3093//3041
f 3095//3042 3053//3003 3052//3002
f 3052//3002 3096//3043 3095//3042
f 3087//3037 3096//3043 3052//3002
f 3052//3002 3084//3034 3087//3037
f 3097//3044 3098//3045 3088//3035
f 3088//3035 3043//2993 3097//3044
f 3089//3038 3090//3039 3078//3028
f 3078//3028 3081//3031 3089//3038
f 3042//2992 3093//3041 3097//3044
f 3097//3044 3043//2993 3042//2992
f 3049//2999 3032//2982 3051//3001
f 3051//3001 3050//3000 3049//2999
f 3038//2988 3041//2991 3099//3046
f 3099//3046 3044//2994 3038//2988
f 3035//2985 3034//2984 3099//3046
f 3099//3046 3041//2991 3035//2985
f 3063//3013 3071//3021 2992//2942
f 2992//2942 2991//2941 3063//3013
f 3037//2987 3036//2986 3008//2958
f 3008//2958 3100//3047 3037//2987
f 2998//2948 3024//2974 3015//2965
f 3015//2965 2999//2949 2998//2948
f 3005//2955 3004//2954 3003//2953
f 3003//2953 3002//2952 3005//2955
f 3101//3048 3102//3049 3103//3050
f 3103//3050 3104//3051 3101//3048
f 3105//3052 3106//3053 3107//3054
f 3107//3054 3108//3055 3105//3052
f 3109//3056 3110//3057 3111//3058
f 3111//3058 3112//3059 3109//3056
f 3104//3051 3105//3052 3108//3055
f 3108//3055 3101//3048 3104//3051
f 3113//3060 3114//3061 3115//3062
f 3115//3062 3116//3063 3113//3060
f 3117//3064 3118//3065 3119//3066
f 3119//3066 3120//3067 3117//3064
f 3121//3068 3122//3069 3123//3070
f 3123//3070 3124//3071 3121//3068
f 3120//3067 3123//3070 3125//3072
f 3125//3072 3126//3073 3120//3067
f 3127//3074 3128//3075 3126//3073
f 3126//3073 3129//3076 3127//3074
f 3071//3021 3127//3074 3129//3076
f 3129//3076 2992//2942 3071//3021
f 3117//3064 3128//3075 3130//3077
f 3130//3077 3131//3078 3117//3064
f 2993//2943 2992//2942 3129//3076
f 3129//3076 3132//3079 2993//2943
f 3127//3074 3071//3021 3006//2956
f 3006//2956 3133//3080 3127//3074
f 2995//2945 2993//2943 3132//3079
f 3132//3079 3134//3081 2995//2945
f 3132//3079 3125//3072 3135//3082
f 3135//3082 3134//3081 3132//3079
f 2996//2946 3017//2967 3136//3083
f 3136//3083 3137//3084 2996//2946
f 3113//3060 3116//3063 3138//3085
f 3138//3085 3139//3086 3113//3060
f 3116//3063 3106//3053 3111//3058
f 3111//3058 3138//3085 3116//3063
f 3001//2951 2997//2947 3110//3057
f 3110//3057 3109//3056 3001//2951
f 3137//3084 3110//3057 2997//2947
f 2997//2947 2996//2946 3137//3084
f 3140//3087 3002//2952 3001//2951
f 3001//2951 3109//3056 3140//3087
f 3102//3049 3141//3088 3131//3078
f 3131//3078 3103//3050 3102//3049
f 3131//3078 3130//3077 3142//3089
f 3142//3089 3103//3050 3131//3078
f 3104//3051 3103//3050 3142//3089
f 3142//3089 3143//3090 3104//3051
f 3140//3087 3109//3056 3112//3059
f 3112//3059 3143//3090 3140//3087
f 3140//3087 3144//3091 3005//2955
f 3005//2955 3002//2952 3140//3087
f 3005//2955 3144//3091 3133//3080
f 3133//3080 3006//2956 3005//2955
f 3108//3055 3107//3054 3145//3092
f 3145//3092 3146//3093 3108//3055
f 3101//3048 3108//3055 3146//3093
f 3146//3093 3147//3094 3101//3048
f 3148//3095 3147//3094 3149//3096
f 3149//3096 3150//3097 3148//3095
f 3151//3098 3148//3095 3150//3097
f 3150//3097 3152//3099 3151//3098
f 3116//3063 3115//3062 3107//3054
f 3107//3054 3106//3053 3116//3063
f 3120//3067 3119//3066 3124//3071
f 3124//3071 3123//3070 3120//3067
f 3153//3100 3154//3101 3155//3102
f 3155//3102 3156//3103 3153//3100
f 3145//3092 3156//3103 3155//3102
f 3155//3102 3157//3104 3145//3092
f 3157//3104 3158//3105 3146//3093
f 3146//3093 3145//3092 3157//3104
f 3146//3093 3158//3105 3149//3096
f 3149//3096 3147//3094 3146//3093
f 3148//3095 3151//3098 3141//3088
f 3141//3088 3102//3049 3148//3095
f 3147//3094 3148//3095 3102//3049
f 3102//3049 3101//3048 3147//3094
f 3156//3103 3115//3062 3114//3061
f 3114//3061 3153//3100 3156//3103
f 3145//3092 3107//3054 3115//3062
f 3115//3062 3156//3103 3145//3092
f 3150//3097 3149//3096 3159//3106
f 3159//3106 3160//3107 3150//3097
f 3152//3099 3150//3097 3160//3107
f 3160//3107 3161//3108 3152//3099
f 3154//3101 3162//3109 3163//3110
f 3163//3110 3155//3102 3154//3101
f 3164//3111 3165//3112 3166//3113
f 3167//3114 3163//3110 3168//3115
f 3158//3105 3157//3104 3167//3114
f 3167//3114 3169//3116 3158//3105
f 3170//3117 3171//3118 3159//3106
f 3159//3106 3169//3116 3170//3117
f 3172//3119 3119//3066 3118//3065
f 3118//3065 3173//3120 3172//3119
f 3174//3121 3172//3119 3173//3120
f 3173//3120 3175//3122 3174//3121
f 3176//3123 3177//3124 3178//3125
f 3178//3125 3179//3126 3176//3123
f 3118//3065 3117//3064 3131//3078
f 3131//3078 3141//3088 3118//3065
f 3173//3120 3118//3065 3141//3088
f 3141//3088 3151//3098 3173//3120
f 3175//3122 3173//3120 3151//3098
f 3151//3098 3152//3099 3175//3122
f 3179//3126 3178//3125 3161//3108
f 3161//3108 3180//3127 3179//3126
f 3181//3128 3124//3071 3119//3066
f 3119//3066 3172//3119 3181//3128
f 3182//3129 3181//3128 3172//3119
f 3172//3119 3174//3121 3182//3129
f 3183//3130 3184//3131 3177//3124
f 3177//3124 3176//3123 3183//3130
f 3185//3132 3121//3068 3124//3071
f 3124//3071 3181//3128 3185//3132
f 3186//3133 3185//3132 3181//3128
f 3181//3128 3182//3129 3186//3133
f 3187//3134 3188//3135 3184//3131
f 3184//3131 3183//3130 3187//3134
f 3189//3136 3190//3137 3168//3138
f 3168//3138 3191//3139 3189//3136
f 3189//3136 3192//3140 3170//3117
f 3170//3117 3190//3137 3189//3136
f 3171//3118 3170//3117 3192//3140
f 3192//3140 3193//3141 3171//3118
f 3171//3118 3193//3141 3194//3142
f 3194//3142 3195//3143 3171//3118
f 3196//3144 3179//3126 3180//3127
f 3180//3127 3197//3145 3196//3144
f 3197//3145 3180//3127 3195//3143
f 3195//3143 3194//3142 3197//3145
f 3176//3123 3198//3146 3199//3147
f 3199//3147 3183//3130 3176//3123
f 3198//3146 3176//3123 3179//3126
f 3179//3126 3196//3144 3198//3146
f 3183//3130 3199//3147 3200//3148
f 3200//3148 3187//3134 3183//3130
f 3201//3149 3202//3150 3191//3139
f 3191//3139 3168//3138 3201//3149
f 3203//3151 3204//3152 3205//3153
f 3205//3153 3206//3154 3203//3151
f 3207//3155 3204//3152 3203//3151
f 3203//3151 3208//3156 3207//3155
f 3208//3156 3209//3157 3210//3158
f 3206//3154 3211//3159 3212//3160
f 3212//3160 3203//3151 3206//3154
f 3213//3161 3212//3160 3211//3159
f 3211//3159 3214//3162 3213//3161
f 3215//3163 3216//3164 3205//3153
f 3205//3153 3204//3152 3215//3163
f 3217//3165 3218//3166 3219//3167
f 3219//3167 3220//3168 3217//3165
f 3219//3167 3218//3166 3096//3043
f 3096//3043 3087//3037 3219//3167
f 3221//3169 3222//3170 3220//3168
f 3220//3168 3223//3171 3221//3169
f 3223//3171 3220//3168 3219//3167
f 3219//3167 3224//3172 3223//3171
f 3220//3168 3222//3170 3225//3173
f 3225//3173 3217//3165 3220//3168
f 3226//3174 3227//3172 3098//3045
f 3098//3045 3097//3044 3226//3174
f 3228//3175 3229//3176 3227//3172
f 3227//3172 3226//3174 3228//3175
f 3230//3177 3209//3157 3212//3160
f 3212//3160 3213//3161 3230//3177
f 3213//3161 3231//3178 3232//3179
f 3232//3179 3230//3177 3213//3161
f 3231//3178 3213//3161 3214//3162
f 3214//3162 3233//3180 3231//3178
f 3233//3180 3214//3162 3078//3028
f 3078//3028 3090//3039 3233//3180
f 3234//3181 3235//3182 3231//3178
f 3231//3178 3233//3180 3234//3181
f 3232//3179 3231//3178 3235//3182
f 3235//3182 3236//3183 3232//3179
f 3237//3184 3207//3155 3210//3158
f 3238//3185 3239//3186 3240//3187
f 3240//3187 3241//3188 3238//3185
f 3242//3189 3243//3190 3228//3175
f 3228//3175 3241//3188 3242//3189
f 3243//3190 3244//3169 3229//3176
f 3229//3176 3228//3175 3243//3190
f 3228//3175 3226//3174 3238//3185
f 3238//3185 3241//3188 3228//3175
f 3093//3041 3238//3185 3226//3174
f 3226//3174 3097//3044 3093//3041
f 3245//3191 3246//3187 3217//3165
f 3217//3165 3225//3173 3245//3191
f 3218//3166 3217//3165 3246//3187
f 3246//3187 3247//3186 3218//3166
f 3242//3189 3248//3191 3249//3192
f 3210//3158 3207//3155 3208//3156
f 3208//3156 3203//3151 3212//3160
f 3212//3160 3209//3157 3208//3156
f 3210//3158 3209//3157 3230//3177
f 3210//3158 3230//3177 3232//3179
f 3210//3158 3232//3179 3236//3183
f 3237//3184 3215//3163 3204//3152
f 3204//3152 3207//3155 3237//3184
f 3250//3193 3222//3170 3221//3169
f 3250//3193 3225//3173 3222//3170
f 3249//3192 3243//3190 3242//3189
f 3249//3192 3244//3169 3243//3190
f 3250//3193 3245//3191 3225//3173
f 3241//3188 3240//3187 3248//3191
f 3248//3191 3242//3189 3241//3188
f 3206//3154 3205//3153 3076//3026
f 3076//3026 3077//3027 3206//3154
f 3079//3029 3078//3028 3214//3162
f 3214//3162 3211//3159 3079//3029
f 3211//3159 3206//3154 3077//3027
f 3077//3027 3079//3029 3211//3159
f 3216//3164 3082//3032 3076//3026
f 3076//3026 3205//3153 3216//3164
f 3087//3037 3086//3036 3224//3172
f 3224//3172 3219//3167 3087//3037
f 3233//3180 3090//3039 3092//3040
f 3092//3040 3234//3181 3233//3180
f 3094//3042 3239//3186 3238//3185
f 3238//3185 3093//3041 3094//3042
f 3218//3166 3247//3186 3095//3042
f 3095//3042 3096//3043 3218//3166
f 3009//2959 3008//2958 3036//2986
f 3036//2986 3010//2960 3009//2959
f 3009//2959 3012//2962 3063//3013
f 3063//3013 2991//2941 3009//2959
f 3015//2965 3014//2964 3018//2968
f 3018//2968 2999//2949 3015//2965
f 3025//2975 3024//2974 2998//2948
f 2998//2948 3000//2950 3025//2975
f 3000//2950 3003//2953 3026//2976
f 3026//2976 3025//2975 3000//2950
f 3007//2957 3062//3012 3061//3011
f 3061//3011 3004//2954 3007//2957
f 3062//3012 3012//2962 3011//2961
f 3011//2961 3056//3006 3062//3012
f 3026//2976 3061//3011 3060//3010
f 3060//3010 3027//2977 3026//2976
f 3100//3047 3008//2958 2990//2940
f 2990//2940 2994//2944 3100//3047
f 3016//2966 3015//2965 3024//2974
f 3024//2974 3021//2971 3016//2966
f 3112//3059 3111//3058 3106//3053
f 3106//3053 3105//3052 3112//3059
f 3126//3073 3125//3072 3132//3079
f 3132//3079 3129//3076 3126//3073
f 3120//3067 3126//3073 3128//3075
f 3128//3075 3117//3064 3120//3067
f 3133//3080 3130//3077 3128//3075
f 3128//3075 3127//3074 3133//3080
f 3122//3069 3135//3082 3125//3072
f 3125//3072 3123//3070 3122//3069
f 3136//3083 3139//3086 3138//3085
f 3138//3085 3137//3084 3136//3083
f 3137//3084 3138//3085 3111//3058
f 3111//3058 3110//3057 3137//3084
f 3144//3091 3142//3089 3130//3077
f 3130//3077 3133//3080 3144//3091
f 3143//3090 3142//3089 3144//3091
f 3144//3091 3140//3087 3143//3090
f 3143//3090 3112//3059 3105//3052
f 3105//3052 3104//3051 3143//3090
f 3251//3194 3252//3195 3253//3196
f 3253//3196 3254//3197 3251//3194
f 3255//3198 3252//3195 3251//3194
f 3251//3194 3256//3199 3255//3198
f 3257//3200 3258//3201 3259//3202
f 3259//3202 3260//3203 3257//3200
f 3260//3203 3259//3202 3261//3204
f 3261//3204 3262//3205 3260//3203
f 3261//3204 3255//3198 3256//3199
f 3256//3199 3262//3205 3261//3204
f 3263//3206 3264//3207 3258//3201
f 3258//3201 3257//3200 3263//3206
f 3265//3208 3266//3209 3267//3210
f 3267//3210 3268//3211 3265//3208
f 3266//3209 3251//3194 3254//3197
f 3254//3197 3267//3210 3266//3209
f 3269//3212 3270//3213 3266//3209
f 3266//3209 3265//3208 3269//3212
f 3270//3213 3256//3199 3251//3194
f 3251//3194 3266//3209 3270//3213
f 3271//1010 3272//3214 3273//3215
f 3273//3215 3274//1011 3271//1010
f 3272//3214 3257//3200 3260//3203
f 3260//3203 3273//3215 3272//3214
f 3274//1011 3273//3215 3275//3216
f 3275//3216 3276//3217 3274//1011
f 3273//3215 3260//3203 3262//3205
f 3262//3205 3275//3216 3273//3215
f 3276//3217 3275//3216 3270//3213
f 3270//3213 3269//3212 3276//3217
f 3275//3216 3262//3205 3256//3199
f 3256//3199 3270//3213 3275//3216
f 3277//3218 3278//3219 3272//3214
f 3272//3214 3271//1010 3277//3218
f 3278//3219 3263//3206 3257//3200
f 3257//3200 3272//3214 3278//3219
f 3277//3218 3279//3220 3278//3219
f 3280//3221 3263//3206 3278//3219
f 3263//3206 3280//3221 3281//3222
f 3281//3222 3264//3207 3263//3206
f 3280//3221 3278//3219 3279//3220
f 3282//3223 3283//3224 3284//3225
f 3284//3225 3285//3226 3282//3223
f 3286//3227 3287//3228 3283//3224
f 3283//3224 3282//3223 3286//3227
f 3288//3229 3289//3230 3287//3228
f 3287//3228 3286//3227 3288//3229
f 3290//3231 3289//3230 3288//3229
f 3288//3229 3291//3232 3290//3231
f 3292//3233 3293//3234 3294//3235
f 3294//3235 3295//3236 3292//3233
f 3295//3236 3294//3235 3290//3231
f 3290//3231 3291//3232 3295//3236
f 3285//3226 3284//3225 3254//3197
f 3254//3197 3253//3196 3285//3226
f 3296//3237 3297//3238 3284//3225
f 3284//3225 3283//3224 3296//3237
f 3287//3228 3298//3239 3296//3237
f 3296//3237 3283//3224 3287//3228
f 3289//3230 3299//3240 3298//3239
f 3298//3239 3287//3228 3289//3230
f 3290//3231 3300//3241 3299//3240
f 3299//3240 3289//3230 3290//3231
f 3293//3234 3301//3242 3302//3243
f 3302//3243 3294//3235 3293//3234
f 3294//3235 3302//3243 3300//3241
f 3300//3241 3290//3231 3294//3235
f 3284//3225 3297//3238 3267//3210
f 3267//3210 3254//3197 3284//3225
f 3296//3237 3303//3244 3304//3245
f 3304//3245 3297//3238 3296//3237
f 3298//3239 3305//3246 3303//3244
f 3303//3244 3296//3237 3298//3239
f 3298//3239 3299//3240 3306//3247
f 3306//3247 3305//3246 3298//3239
f 3299//3240 3300//3241 3307//3248
f 3307//3248 3306//3247 3299//3240
f 3302//3243 3301//3242 3308//3249
f 3308//3249 3309//3250 3302//3243
f 3300//3241 3302//3243 3309//3250
f 3309//3250 3307//3248 3300//3241
f 3297//3238 3304//3245 3310//3251
f 3310//3251 3267//3210 3297//3238
f 3268//3211 3267//3210 3310//3251
f 3310//3251 3311//3252 3268//3211
f 3312//3253 3304//3245 3303//3244
f 3303//3244 3313//3254 3312//3253
f 3313//3254 3303//3244 3305//3246
f 3305//3246 3314//3255 3313//3254
f 3305//3246 3306//3247 3315//3256
f 3315//3256 3314//3255 3305//3246
f 3306//3247 3307//3248 3316//3257
f 3316//3257 3315//3256 3306//3247
f 3309//3250 3308//3249 3317//3258
f 3317//3258 3318//3259 3309//3250
f 3307//3248 3309//3250 3318//3259
f 3318//3259 3316//3257 3307//3248
f 3319//3260 3310//3251 3304//3245
f 3304//3245 3312//3253 3319//3260
f 3311//3252 3310//3251 3319//3260
f 3319//3260 3320//3261 3311//3252
f 3321//3262 3322//3263 3323//3264
f 3323//3264 3324//3265 3321//3262
f 3325//3266 3321//3262 3324//3265
f 3324//3265 3326//3267 3325//3266
f 3327//3268 3325//3266 3326//3267
f 3326//3267 3328//3269 3327//3268
f 3329//3270 3327//3268 3328//3269
f 3328//3269 3330//3271 3329//3270
f 3329//3270 3330//3271 3331//3272
f 3331//3272 3332//3273 3329//3270
f 3324//3265 3323//3264 3333//1073
f 3333//1073 3334//1072 3324//3265
f 3335//3274 3336//3275 3337//3276
f 3337//3276 3338//3277 3335//3274
f 3326//3267 3324//3265 3334//1072
f 3334//1072 3339//3278 3326//3267
f 3336//3275 3340//3279 3341//3280
f 3341//3280 3337//3276 3336//3275
f 3326//3267 3339//3278 3342//1081
f 3342//1081 3328//3269 3326//3267
f 3340//3279 3343//3281 3344//3282
f 3344//3282 3341//3280 3340//3279
f 3328//3269 3342//1081 3345//3283
f 3345//3283 3330//3271 3328//3269
f 3343//3281 3346//3284 3347//3285
f 3347//3285 3344//3282 3343//3281
f 3348//1087 3331//3272 3330//3271
f 3330//3271 3345//3283 3348//1087
f 3346//3284 3349//3286 3350//3287
f 3350//3287 3347//3285 3346//3284
f 3336//3275 3335//3274 3322//3263
f 3322//3263 3321//3262 3336//3275
f 3340//3279 3336//3275 3321//3262
f 3321//3262 3325//3266 3340//3279
f 3343//3281 3340//3279 3325//3266
f 3325//3266 3327//3268 3343//3281
f 3346//3284 3343//3281 3327//3268
f 3327//3268 3329//3270 3346//3284
f 3349//3286 3346//3284 3329//3270
f 3329//3270 3332//3273 3349//3286
f 3349//3286 3332//3273 3351//3288
f 3351//3288 3352//3289 3349//3286
f 3331//3272 3348//1087 3353//3290
f 3353//3290 3354//3291 3331//3272
f 3332//3273 3331//3272 3354//3291
f 3354//3291 3351//3288 3332//3273
f 3349//3286 3352//3289 3355//3292
f 3355//3292 3350//3287 3349//3286
f 3352//3289 3293//3234 3292//3233
f 3292//3233 3355//3292 3352//3289
f 3352//3289 3351//3288 3301//3242
f 3301//3242 3293//3234 3352//3289
f 3356//3293 3357//3294 3317//3258
f 3317//3258 3308//3249 3356//3293
f 3358//3295 3356//3293 3308//3249
f 3308//3249 3301//3242 3358//3295
f 3351//3288 3354//3291 3358//3295
f 3358//3295 3301//3242 3351//3288
f 3359//3296 3360//3297 3357//3294
f 3357//3294 3356//3293 3359//3296
f 3361//1100 3359//3296 3356//3293
f 3356//3293 3358//3295 3361//1100
f 3353//3290 3361//1100 3358//3295
f 3358//3295 3354//3291 3353//3290
f 3362//3298 3363//3299 3364//3300
f 3364//3300 3365//3301 3362//3298
f 3362//3298 3366//3302 3363//3299
f 3367//3303 3368//3304 3369//3305
f 3369//3305 3370//3306 3367//3303
f 3369//3305 3371//3307 3372//3308
f 3372//3308 3370//3306 3369//3305
f 3373//3309 3374//1115 3375//3310
f 3375//3310 3376//3311 3373//3309
f 3368//3304 3373//3309 3376//3311
f 3376//3311 3369//3305 3368//3304
f 3377//3312 3367//3303 3370//3306
f 3370//3306 3378//3313 3377//3312
f 3376//3311 3375//3310 3379//3314
f 3379//3314 3380//3315 3376//3311
f 3369//3305 3376//3311 3380//3315
f 3380//3315 3371//3307 3369//3305
f 3381//3316 3378//3313 3370//3306
f 3370//3306 3372//3308 3381//3316
f 3382//3317 3377//3312 3378//3313
f 3378//3313 3383//3318 3382//3317
f 3335//3274 3338//3277 3364//3300
f 3364//3300 3363//3299 3335//3274
f 3383//3318 3378//3313 3381//3316
f 3381//3316 3384//3319 3383//3318
f 3322//3263 3335//3274 3363//3299
f 3363//3299 3366//3302 3322//3263
f 3383//3318 3384//3319 3362//3298
f 3382//3317 3383//3318 3362//3298
f 3362//3298 3365//3301 3382//3317
f 3366//3302 3362//3298 3384//3319
f 3385//3320 3372//3308 3371//3307
f 3371//3307 3380//3315 3385//3320
f 3386//1125 3385//3320 3380//3315
f 3380//3315 3379//3314 3386//1125
f 3322//3263 3366//3302 3387//3321
f 3387//3321 3323//3264 3322//3263
f 3323//3264 3387//3321 3388//3322
f 3388//3322 3333//1073 3323//3264
f 3366//3302 3384//3319 3389//3323
f 3389//3323 3387//3321 3366//3302
f 3387//3321 3389//3323 3390//1129
f 3390//1129 3388//3322 3387//3321
f 3389//3323 3384//3319 3381//3316
f 3381//3316 3391//3324 3389//3323
f 3389//3323 3391//3324 3392//1131
f 3392//1131 3390//1129 3389//3323
f 3391//3324 3381//3316 3372//3308
f 3372//3308 3385//3320 3391//3324
f 3385//3320 3386//1125 3392//1131
f 3392//1131 3391//3324 3385//3320
f 3393//3325 3394//3326 3395//3327
f 3395//3327 3396//3328 3393//3325
f 3394//3326 3397//3329 3398//3330
f 3398//3330 3395//3327 3394//3326
f 3397//3329 3399//3331 3400//3332
f 3400//3332 3398//3330 3397//3329
f 3401//3333 3393//3325 3396//3328
f 3396//3328 3402//3334 3401//3333
f 3403//3335 3401//3333 3402//3334
f 3402//3334 3404//3336 3403//3335
f 3399//3331 3405//3337 3406//3338
f 3406//3338 3400//3332 3399//3331
f 3313//3254 3393//3325 3312//3253
f 3396//3328 3395//3327 3407//3339
f 3407//3339 3408//3340 3396//3328
f 3394//3326 3393//3325 3313//3254
f 3313//3254 3314//3255 3394//3326
f 3315//3256 3394//3326 3314//3255
f 3395//3327 3398//3330 3409//3341
f 3409//3341 3407//3339 3395//3327
f 3397//3329 3394//3326 3315//3256
f 3315//3256 3316//3257 3397//3329
f 3398//3330 3400//3332 3410//3342
f 3410//3342 3409//3341 3398//3330
f 3399//3331 3397//3329 3318//3259
f 3318//3259 3317//3258 3399//3331
f 3318//3259 3397//3329 3316//3257
f 3402//3334 3396//3328 3408//3340
f 3408//3340 3411//3343 3402//3334
f 3401//3333 3319//3260 3312//3253
f 3312//3253 3393//3325 3401//3333
f 3404//3336 3402//3334 3411//3343
f 3411//3343 3412//3344 3404//3336
f 3401//3333 3403//3335 3320//3261
f 3320//3261 3319//3260 3401//3333
f 3357//3294 3399//3331 3317//3258
f 3400//3332 3406//3338 3413//3345
f 3413//3345 3410//3342 3400//3332
f 3405//3337 3399//3331 3357//3294
f 3357//3294 3360//3297 3405//3337
f 3414//3346 3415//3347 3416//3348
f 3414//3346 3416//3348 3417//3349
f 3414//3346 3417//3349 3418//3350
f 3414//3346 3419//3351 3415//3347
f 3414//3346 3420//3352 3419//3351
f 3414//3346 3418//3350 3421//3353
f 2654//2604 2653//2603 3422//3354
f 3422//3354 3423//3355 2654//2604
f 3424//3356 3425//3357 3426//3358
f 3423//3355 3422//3354 3427//3359
f 3427//3359 3428//3360 3423//3355
f 3429//3361 2649//2599 2648//2598
f 3430//3362 3431//3363 2657//2607
f 2657//2607 2658//2608 3430//3362
f 2653//2603 2657//2607 3431//3363
f 3431//3363 3422//3354 2653//2603
f 3432//3364 3427//3359 3422//3354
f 3422//3354 3431//3363 3432//3364
f 3431//3363 3430//3362 3433//3365
f 3433//3365 3432//3364 3431//3363
f 3434//3366 3435//3367 3436//3368
f 3436//3368 3437//3369 3434//3366
f 3438//3370 3439//3371 3440//3372
f 3440//3372 3441//3373 3438//3370
f 3439//3371 3438//3370 2663//2613
f 2663//2613 2662//2612 3439//3371
f 3442//3374 3439//3371 2662//2612
f 2662//2612 2665//2615 3442//3374
f 2667//2617 3443//3375 3442//3374
f 3442//3374 2665//2615 2667//2617
f 3436//3368 3435//3367 3444//3376
f 3444//3376 3445//3377 3436//3368
f 3445//3377 3444//3376 3446//3378
f 3446//3378 3447//3379 3445//3377
f 3448//3380 3449//3381 3450//3382
f 3450//3382 3451//3383 3448//3380
f 3452//3384 3453//3385 3454//3386
f 3454//3386 3455//3387 3452//3384
f 3454//3386 3453//3385 3456//3388
f 3456//3388 3457//3389 3454//3386
f 3458//3390 3459//3391 3460//3392
f 3460//3392 3461//3393 3458//3390
f 3462//3394 3463//3395 3464//3396
f 3464//3396 3465//3397 3462//3394
f 3463//3395 3466//3398 3467//3399
f 3467//3399 3464//3396 3463//3395
f 3468//3400 3460//3392 3459//3391
f 3459//3391 3469//3401 3468//3400
f 3470//3402 3471//1210 3451//3383
f 3451//3383 3450//3382 3470//3402
f 3460//3392 3472//3403 3461//3393
f 3473//3404 3474//3405 3475//3406
f 3476//3407 3477//3408 3478//3409
f 3478//3409 3479//3410 3476//3407
f 3480//3411 3481//3412 3482//3413
f 3482//3413 3483//3414 3480//3411
f 3477//3408 3476//3407 3484//3415
f 3484//3415 3485//3416 3477//3408
f 3440//3372 3439//3371 3442//3374
f 3442//3374 3486//3417 3440//3372
f 3486//3417 3442//3374 3443//3375
f 3443//3375 3487//3418 3486//3417
f 3488//3419 3440//3372 3486//3417
f 3486//3417 3489//3420 3488//3419
f 3490//3421 3441//3373 3440//3372
f 3440//3372 3488//3419 3490//3421
f 3491//3422 3492//3423 3493//3424
f 3493//3424 3494//3425 3491//3422
f 3495//3426 3488//3419 3489//3420
f 3489//3420 3496//3427 3495//3426
f 3497//3428 3490//3421 3488//3419
f 3488//3419 3495//3426 3497//3428
f 3498//3429 3495//3426 3496//3427
f 3496//3427 3499//3430 3498//3429
f 3496//3427 3489//3420 3500//3431
f 3500//3431 3501//3432 3496//3427
f 3502//3433 3503//3434 3504//3435
f 3504//3435 3505//3436 3502//3433
f 3502//3433 3443//3375 3506//3437
f 2669//2619 3506//3437 3443//3375
f 3443//3375 2667//2617 2669//2619
f 2671//2621 3507//3438 3506//3437
f 3506//3437 2669//2619 2671//2621
f 3508//3439 3509//3440 3463//3395
f 3463//3395 3462//3394 3508//3439
f 3510//3441 3511//3442 3512//3443
f 3512//3443 3513//3444 3510//3441
f 3511//3442 3510//3441 3514//3445
f 3514//3445 3515//3446 3511//3442
f 3516//3447 3517//3448 3512//3443
f 3512//3443 3518//3449 3516//3447
f 3518//3449 3512//3443 3511//3442
f 3511//3442 3519//3450 3518//3449
f 3481//3412 3480//3411 3520//3451
f 3520//3451 3517//3448 3481//3412
f 3519//3450 3511//3442 3515//3446
f 3515//3446 3521//3452 3519//3450
f 3509//3440 3522//3453 3466//3398
f 3466//3398 3463//3395 3509//3440
f 3523//3454 3524//3455 3525//3456
f 3525//3456 3526//3457 3523//3454
f 3524//3455 3523//3454 3527//3458
f 3527//3458 3528//3459 3524//3455
f 3524//3455 3528//3459 3529//3460
f 3530//3461 3531//3462 3532//3463
f 3532//3463 3533//3464 3530//3461
f 2674//2624 3534//3465 3535//3466
f 3536//3467 3534//3465 3537//3468
f 3537//3468 3538//3469 3536//3467
f 3539//3470 3540//3471 3535//3466
f 3535//3466 3541//3472 3539//3470
f 2674//2624 3535//3466 3540//3471
f 3540//3471 2676//2626 2674//2624
f 3542//3473 3476//3407 3479//3410
f 3479//3410 3543//3474 3542//3473
f 3481//3412 3544//3475 3545//3476
f 3545//3476 3482//3413 3481//3412
f 3544//3475 3546//3477 3547//3478
f 3547//3478 3545//3476 3544//3475
f 3519//3450 3548//3479 3549//3480
f 3549//3480 3518//3449 3519//3450
f 3550//3481 3551//3482 3552//3483
f 3552//3483 3546//3477 3550//3481
f 3552//3483 3553//3484 3547//3478
f 3547//3478 3546//3477 3552//3483
f 3553//3484 3552//3483 2694//2644
f 2694//2644 2692//2642 3553//3484
f 3554//3485 3555//3486 3556//3487
f 3556//3487 3553//3484 3554//3485
f 3543//3474 3556//3487 3555//3486
f 3555//3486 3542//3473 3543//3474
f 3557//3488 3558//3489 3542//3473
f 3542//3473 3555//3486 3557//3488
f 3476//3407 3542//3473 3558//3489
f 3558//3489 3484//3415 3476//3407
f 3559//3490 3557//3488 3555//3486
f 3555//3486 3554//3485 3559//3490
f 3492//3423 3497//3428 3560//3491
f 3560//3491 3493//3424 3492//3423
f 3497//3428 3561//3492 3562//3493
f 3562//3493 3560//3491 3497//3428
f 3563//3494 3562//3493 3561//3492
f 3561//3492 3564//3495 3563//3494
f 3498//3429 3565//3496 3564//3495
f 3564//3495 3561//3492 3498//3429
f 3565//3496 3498//3429 3499//3430
f 3499//3430 3566//3497 3565//3496
f 3495//3426 3498//3429 3561//3492
f 3561//3492 3497//3428 3495//3426
f 3567//3498 3564//3495 3565//3496
f 3565//3496 3568//3499 3567//3498
f 3566//3497 3569//3500 3568//3499
f 3568//3499 3565//3496 3566//3497
f 3570//3501 3563//3494 3564//3495
f 3564//3495 3567//3498 3570//3501
f 3571//3502 3572//3503 3562//3493
f 3562//3493 3563//3494 3571//3502
f 3560//3491 3562//3493 3572//3503
f 3572//3503 3573//3504 3560//3491
f 3574//3505 3529//3460 3573//3504
f 3573//3504 3572//3503 3574//3505
f 3571//3502 3575//3506 3574//3505
f 3574//3505 3572//3503 3571//3502
f 3576//3507 3571//3502 3563//3494
f 3563//3494 3570//3501 3576//3507
f 3532//3463 3531//3462 3573//3504
f 3538//3469 3577//3508 3578//3509
f 3578//3509 3536//3467 3538//3469
f 3541//3472 3579//3510 3580//3511
f 3580//3511 3539//3470 3541//3472
f 2676//2626 3540//3471 3581//3512
f 3581//3512 2678//2628 2676//2626
f 2678//2628 3581//3512 3507//3438
f 3507//3438 2671//2621 2678//2628
f 3540//3471 3539//3470 3582//3513
f 3582//3513 3581//3512 3540//3471
f 3581//3512 3582//3513 3503//3434
f 3503//3434 3507//3438 3581//3512
f 3583//3514 3584//3515 3585//3516
f 3585//3516 3586//3517 3583//3514
f 3587//3518 3588//3519 3589//3520
f 3590//3521 3539//3470 3580//3511
f 3580//3511 3591//3522 3590//3521
f 3539//3470 3590//3521 3592//3523
f 3592//3523 3582//3513 3539//3470
f 3593//3524 3594//3525 3595//3526
f 3595//3526 3596//3527 3593//3524
f 3597//3528 3598//3529 3599//3530
f 3599//3530 3600//3531 3597//3528
f 3586//3517 3601//3532 3602//3533
f 3602//3533 3583//3514 3586//3517
f 3603//3534 3604//3535 3605//3536
f 3605//3536 3606//3537 3603//3534
f 3606//3537 3605//3536 3607//3538
f 3607//3538 3608//3539 3606//3537
f 3602//3533 3601//3532 3609//3540
f 3609//3540 3610//3541 3602//3533
f 3611//3542 3612//3543 3613//3544
f 3613//3544 3614//3545 3611//3542
f 3615//3546 3616//3547 3617//3548
f 3617//3548 3618//3549 3615//3546
f 3619//3550 3620//3551 3526//3457
f 3526//3457 3525//3456 3619//3550
f 3620//3551 3619//3550 3621//3552
f 3621//3552 3622//3553 3620//3551
f 3623//3554 3624//3555 3619//3550
f 3619//3550 3525//3456 3623//3554
f 3624//3555 3623//3554 3625//3556
f 3625//3556 3626//3557 3624//3555
f 3574//3505 3625//3556 3623//3554
f 3623//3554 3529//3460 3574//3505
f 3625//3556 3574//3505 3575//3506
f 3575//3506 3627//3558 3625//3556
f 3627//3558 3575//3506 3628//3559
f 3628//3559 3629//3560 3627//3558
f 3576//3507 3628//3559 3575//3506
f 3575//3506 3571//3502 3576//3507
f 3524//3455 3529//3460 3623//3554
f 3623//3554 3525//3456 3524//3455
f 3630//3561 3626//3557 3631//3562
f 3631//3562 3632//3563 3630//3561
f 3633//3564 3624//3555 3626//3557
f 3626//3557 3630//3561 3633//3564
f 3633//3564 3621//3552 3624//3555
f 3630//3561 3634//3565 3635//3566
f 3635//3566 3633//3564 3630//3561
f 3636//3567 3635//3566 3634//3565
f 3634//3565 3637//3568 3636//3567
f 3634//3565 3630//3561 3632//3563
f 3632//3563 3638//3569 3634//3565
f 3627//3558 3631//3562 3626//3557
f 3626//3557 3625//3556 3627//3558
f 3632//3563 3631//3562 3639//3570
f 3639//3570 3640//3571 3632//3563
f 3640//3571 3641//3572 3638//3569
f 3638//3569 3632//3563 3640//3571
f 3631//3562 3627//3558 3629//3560
f 3629//3560 3639//3570 3631//3562
f 3642//3573 3610//3541 3622//3553
f 3622//3553 3621//3552 3642//3573
f 3635//3566 3642//3573 3621//3552
f 3621//3552 3633//3564 3635//3566
f 3602//3533 3610//3541 3642//3573
f 3642//3573 3643//3574 3602//3533
f 3613//3544 3515//3446 3514//3445
f 3514//3445 3614//3545 3613//3544
f 3583//3514 3602//3533 3643//3574
f 3643//3574 3644//3575 3583//3514
f 3642//3573 3635//3566 3636//3567
f 3636//3567 3643//3574 3642//3573
f 3645//3576 3636//3567 3637//3568
f 3637//3568 3646//3577 3645//3576
f 3644//3575 3643//3574 3636//3567
f 3636//3567 3645//3576 3644//3575
f 3582//3513 3592//3523 3504//3435
f 3504//3435 3503//3434 3582//3513
f 3592//3523 3647//3578 3648//3579
f 3648//3579 3504//3435 3592//3523
f 3647//3578 3649//3580 3650//3581
f 3650//3581 3648//3579 3647//3578
f 3647//3578 3592//3523 3590//3521
f 3590//3521 3651//3582 3647//3578
f 2690//2640 3559//3490 3554//3485
f 3554//3485 2691//2641 2690//2640
f 3553//3484 2692//2642 2691//2641
f 2691//2641 3554//3485 3553//3484
f 2698//2648 2694//2644 3552//3483
f 3552//3483 3551//3482 2698//2648
f 2699//2649 2698//2648 3551//3482
f 3551//3482 3652//3583 2699//2649
f 2704//2654 2699//2649 3652//3583
f 3652//3583 3653//3584 2704//2654
f 3549//3480 3548//3479 3652//3583
f 3652//3583 3551//3482 3549//3480
f 3653//3584 3652//3583 3548//3479
f 3548//3479 3654//3585 3653//3584
f 2735//2685 2704//2654 3653//3584
f 3653//3584 3655//3586 2735//2685
f 3521//3452 3654//3585 3548//3479
f 3548//3479 3519//3450 3521//3452
f 3515//3446 3613//3544 3656//3587
f 3656//3587 3521//3452 3515//3446
f 3657//3588 3658//3589 3656//3587
f 3656//3587 3613//3544 3657//3588
f 3659//3590 3660//3591 3661//3592
f 3661//3592 3662//3593 3659//3590
f 3658//3589 3663//3594 3664//3595
f 3664//3595 3656//3587 3658//3589
f 3665//3596 3666//3597 3667//3598
f 3667//3598 3668//3599 3665//3596
f 3654//3585 3521//3452 3656//3587
f 3656//3587 3664//3595 3654//3585
f 3499//3430 3496//3427 3501//3432
f 3501//3432 3669//3600 3499//3430
f 3566//3497 3499//3430 3669//3600
f 3669//3600 3670//3601 3566//3497
f 3670//3601 3671//3602 3569//3500
f 3569//3500 3566//3497 3670//3601
f 3672//3603 3673//3604 3671//3602
f 3671//3602 3670//3601 3672//3603
f 3670//3601 3669//3600 3674//3605
f 3674//3605 3672//3603 3670//3601
f 3669//3600 3501//3432 3675//3606
f 3675//3606 3674//3605 3669//3600
f 3648//3579 3650//3581 3676//3607
f 3676//3607 3677//3608 3648//3579
f 3672//3603 3674//3605 3676//3607
f 3676//3607 3678//3609 3672//3603
f 3678//3609 3679//3610 3673//3604
f 3673//3604 3672//3603 3678//3609
f 3680//3611 3650//3581 3649//3580
f 3649//3580 3681//3612 3680//3611
f 3501//3432 3500//3431 3682//3613
f 3682//3613 3675//3606 3501//3432
f 3677//3608 3505//3436 3504//3435
f 3504//3435 3648//3579 3677//3608
f 3655//3586 3653//3584 3654//3585
f 3654//3585 3664//3595 3655//3586
f 3663//3594 3683//3614 3655//3586
f 3655//3586 3664//3595 3663//3594
f 3683//3614 3663//3594 3668//3599
f 2736//2686 2735//2685 3655//3586
f 3655//3586 3683//3614 2736//2686
f 2738//2688 2736//2686 3683//3614
f 3683//3614 3684//3615 2738//2688
f 3591//3522 3685//3616 3651//3582
f 3651//3582 3590//3521 3591//3522
f 3686//3617 3687//3618 3688//3619
f 3688//3619 3689//3620 3686//3617
f 3689//3620 3587//3518 3584//3515
f 3584//3515 3686//3617 3689//3620
f 3644//3575 3686//3617 3584//3515
f 3584//3515 3583//3514 3644//3575
f 3645//3576 3687//3618 3686//3617
f 3686//3617 3644//3575 3645//3576
f 3687//3618 3645//3576 3646//3577
f 3646//3577 3690//3621 3687//3618
f 3691//3622 3651//3582 3685//3616
f 3685//3616 3692//3623 3691//3622
f 3693//3624 3691//3622 3692//3623
f 3692//3623 3694//3625 3693//3624
f 3695//3626 3693//3624 3694//3625
f 3694//3625 3696//3627 3695//3626
f 3697//3628 3698//3629 3690//3621
f 3690//3621 3699//3630 3697//3628
f 3698//3629 3688//3619 3687//3618
f 3687//3618 3690//3621 3698//3629
f 3700//3631 3697//3628 3699//3630
f 3699//3630 3701//3632 3700//3631
f 3691//3622 3693//3624 3681//3612
f 3681//3612 3649//3580 3691//3622
f 3702//3633 3680//3611 3681//3612
f 3681//3612 3703//3634 3702//3633
f 3690//3621 3646//3577 3704//3635
f 3704//3635 3699//3630 3690//3621
f 3705//3636 3704//3635 3646//3577
f 3646//3577 3637//3568 3705//3636
f 3706//3637 3707//3638 3704//3635
f 3704//3635 3705//3636 3706//3637
f 3638//3569 3705//3636 3637//3568
f 3637//3568 3634//3565 3638//3569
f 3641//3572 3706//3637 3705//3636
f 3705//3636 3638//3569 3641//3572
f 3699//3630 3704//3635 3707//3638
f 3707//3638 3701//3632 3699//3630
f 3649//3580 3647//3578 3651//3582
f 3651//3582 3691//3622 3649//3580
f 3703//3634 3681//3612 3693//3624
f 3693//3624 3695//3626 3703//3634
f 3423//3355 3426//3358 2648//2598
f 2648//2598 2654//2604 3423//3355
f 3708//3639 3426//3358 3423//3355
f 3423//3355 3428//3360 3708//3639
f 3447//3379 3446//3378 3709//3640
f 3709//3640 3473//3404 3447//3379
f 3452//3384 3455//3387 3449//3381
f 3449//3381 3448//3380 3452//3384
f 3666//3597 3665//3596 3662//3593
f 3662//3593 3661//3592 3666//3597
f 3604//3535 3603//3534 3600//3531
f 3600//3531 3599//3530 3604//3535
f 3617//3548 3660//3591 3659//3590
f 3659//3590 3618//3549 3617//3548
f 3589//3520 3710//3641 3584//3515
f 3596//3527 3598//3529 3597//3528
f 3597//3528 3593//3524 3596//3527
f 3584//3515 3587//3518 3589//3520
f 3541//3472 3535//3466 3534//3465
f 3534//3465 3536//3467 3541//3472
f 3579//3510 3541//3472 3536//3467
f 3536//3467 3578//3509 3579//3510
f 3593//3524 3589//3520 3588//3519
f 3588//3519 3594//3525 3593//3524
f 3710//3641 3589//3520 3593//3524
f 3593//3524 3597//3528 3710//3641
f 3600//3531 3585//3516 3710//3641
f 3710//3641 3597//3528 3600//3531
f 3603//3534 3586//3517 3585//3516
f 3585//3516 3600//3531 3603//3534
f 3601//3532 3586//3517 3603//3534
f 3603//3534 3606//3537 3601//3532
f 3609//3540 3601//3532 3606//3537
f 3606//3537 3608//3539 3609//3540
f 3611//3542 3711//3642 3615//3546
f 3615//3546 3618//3549 3611//3542
f 3612//3543 3611//3542 3618//3549
f 3618//3549 3659//3590 3612//3543
f 3662//3593 3657//3588 3612//3543
f 3612//3543 3659//3590 3662//3593
f 3662//3593 3665//3596 3658//3589
f 3658//3589 3657//3588 3662//3593
f 3663//3594 3658//3589 3665//3596
f 3665//3596 3668//3599 3663//3594
f 3613//3544 3612//3543 3657//3588
f 3614//3545 3711//3642 3611//3542
f 3584//3515 3710//3641 3585//3516
f 3684//3615 3683//3614 3668//3599
f 3668//3599 3667//3598 3684//3615
f 2673//2623 3537//3468 3534//3465
f 3534//3465 2674//2624 2673//2623
f 3465//3397 3464//3396 3459//3391
f 3459//3391 3458//3390 3465//3397
f 3469//3401 3459//3391 3464//3396
f 3464//3396 3467//3399 3469//3401
f 3479//3410 3478//3409 3483//3414
f 3483//3414 3482//3413 3479//3410
f 3543//3474 3479//3410 3482//3413
f 3482//3413 3545//3476 3543//3474
f 3556//3487 3543//3474 3545//3476
f 3545//3476 3547//3478 3556//3487
f 3553//3484 3556//3487 3547//3478
f 3492//3423 3490//3421 3497//3428
f 3441//3373 3490//3421 3492//3423
f 3492//3423 3491//3422 3441//3373
f 3437//3369 3436//3368 3432//3364
f 3432//3364 3433//3365 3437//3369
f 3427//3359 3432//3364 3436//3368
f 3436//3368 3445//3377 3427//3359
f 3447//3379 3428//3360 3427//3359
f 3427//3359 3445//3377 3447//3379
f 3473//3404 3708//3639 3428//3360
f 3428//3360 3447//3379 3473//3404
f 3475//3406 3712//3643 3708//3639
f 3708//3639 3473//3404 3475//3406
f 3493//3424 3560//3491 3573//3504
f 3573//3504 3531//3462 3493//3424
f 3494//3425 3493//3424 3531//3462
f 3531//3462 3530//3461 3494//3425
f 3456//3388 3453//3385 3435//3367
f 3435//3367 3434//3366 3456//3388
f 3444//3376 3435//3367 3453//3385
f 3453//3385 3452//3384 3444//3376
f 3448//3380 3446//3378 3444//3376
f 3444//3376 3452//3384 3448//3380
f 3451//3383 3709//3640 3446//3378
f 3446//3378 3448//3380 3451//3383
f 3713//3644 3709//3640 3451//3383
f 3451//3383 3471//1210 3713//3644
f 3573//3504 3529//3460 3528//3459
f 3528//3459 3532//3463 3573//3504
f 3533//3464 3532//3463 3528//3459
f 3528//3459 3527//3458 3533//3464
f 3462//3394 3454//3386 3457//3389
f 3457//3389 3508//3439 3462//3394
f 3465//3397 3455//3387 3454//3386
f 3454//3386 3462//3394 3465//3397
f 3458//3390 3449//3381 3455//3387
f 3455//3387 3465//3397 3458//3390
f 3461//3393 3450//3382 3449//3381
f 3449//3381 3458//3390 3461//3393
f 3450//3382 3461//3393 3714//3645
f 2648//2598 3426//3358 3429//3361
f 3426//3358 3425//3357 3429//3361
f 3426//3358 3708//3639 3424//3356
f 3708//3639 3712//3643 3424//3356
f 3709//3640 3713//3644 3474//3405
f 3473//3404 3709//3640 3474//3405
f 3714//3645 3470//3402 3450//3382
f 3461//3393 3715//3646 3714//3645
f 3472//3403 3715//3646 3461//3393
f 3460//3392 3716//3647 3472//3403
f 3717//3648 3716//3647 3460//3392
f 3468//3400 3718//3649 3717//3648
f 3717//3648 3460//3392 3468//3400
f 3477//3408 3485//3416 3719//3650
f 3513//3444 3512//3443 3517//3448
f 3517//3448 3520//3451 3513//3444
f 3523//3454 3526//3457 3522//3453
f 3522//3453 3509//3440 3523//3454
f 3527//3458 3523//3454 3509//3440
f 3509//3440 3508//3439 3527//3458
f 3533//3464 3527//3458 3508//3439
f 3508//3439 3457//3389 3533//3464
f 3456//3388 3530//3461 3533//3464
f 3533//3464 3457//3389 3456//3388
f 3434//3366 3494//3425 3530//3461
f 3530//3461 3456//3388 3434//3366
f 3437//3369 3491//3422 3494//3425
f 3494//3425 3434//3366 3437//3369
f 3433//3365 3441//3373 3491//3422
f 3491//3422 3437//3369 3433//3365
f 3438//3370 3441//3373 3433//3365
f 3433//3365 3430//3362 3438//3370
f 3438//3370 3430//3362 2658//2608
f 2658//2608 2663//2613 3438//3370
f 3544//3475 3481//3412 3517//3448
f 3517//3448 3516//3447 3544//3475
f 3546//3477 3544//3475 3516//3447
f 3516//3447 3550//3481 3546//3477
f 3550//3481 3549//3480 3551//3482
f 3518//3449 3549//3480 3550//3481
f 3550//3481 3516//3447 3518//3449
f 3720//3651 3721//3652 3722//3653
f 3722//3653 3723//3654 3720//3651
f 3724//3655 3725//3656 3721//3652
f 3721//3652 3726//3657 3724//3655
f 3726//3657 3721//3652 3720//3651
f 3720//3651 3727//3658 3726//3657
f 3723//3654 3722//3653 3728//3659
f 3728//3659 3729//3660 3723//3654
f 3730//3661 3731//3662 3732//3663
f 3732//3663 3733//3664 3730//3661
f 3734//3665 3731//3662 3730//3661
f 3730//3661 3735//3666 3734//3665
f 3736//3667 3734//3665 3735//3666
f 3735//3666 3737//3668 3736//3667
f 3737//3668 3738//3669 3739//3670
f 3739//3670 3736//3667 3737//3668
f 3740//3671 3741//3672 3739//3670
f 3739//3670 3738//3669 3740//3671
f 3742//3673 3736//3667 3739//3670
f 3739//3670 3743//3674 3742//3673
f 3744//3675 3745//3676 3743//3674
f 3743//3674 3746//3677 3744//3675
f 3747//3678 3748//3679 3749//3680
f 3749//3680 3750//3681 3747//3678
f 3740//3671 3751//3682 3752//3683
f 3752//3683 3741//3672 3740//3671
f 3753//3684 3752//3683 3751//3682
f 3751//3682 3754//3685 3753//3684
f 3755//3686 3756//3687 3757//3688
f 3758//3689 3759//3690 3760//3691
f 3761//3692 3750//3681 3754//3685
f 3754//3685 3762//3693 3761//3692
f 3753//3684 3754//3685 3750//3681
f 3750//3681 3749//3680 3753//3684
f 3763//3694 3747//3678 3750//3681
f 3750//3681 3761//3692 3763//3694
f 3764//3695 3763//3694 3761//3692
f 3761//3692 3765//3696 3764//3695
f 3765//3696 3761//3692 3762//3693
f 3762//3693 3766//3697 3765//3696
f 3767//3698 3768//3699 3769//3700
f 3769//3700 3770//3701 3767//3698
f 3771//3702 3769//3700 3768//3699
f 3768//3699 3772//3703 3771//3702
f 3773//3704 3774//3705 3770//3701
f 3770//3701 3769//3700 3773//3704
f 3775//3706 3771//3702 3772//3703
f 3772//3703 3776//3707 3775//3706
f 3777//3708 3775//3706 3778//3709
f 3778//3709 3779//3710 3777//3708
f 3780//3711 3778//3709 3775//3706
f 3775//3706 3776//3707 3780//3711
f 3727//3658 3781//3712 3782//3713
f 3782//3713 3726//3657 3727//3658
f 3726//3657 3782//3713 3783//3714
f 3783//3714 3724//3655 3726//3657
f 3784//3715 3785//3716 3758//3689
f 3758//3689 3786//3717 3784//3715
f 3724//3655 3783//3714 3779//3710
f 3779//3710 3778//3709 3724//3655
f 3778//3709 3780//3711 3725//3656
f 3725//3656 3724//3655 3778//3709
f 3769//3700 3771//3702 3787//3718
f 3787//3718 3773//3704 3769//3700
f 3788//3719 3736//3667 3742//3673
f 3742//3673 3789//3720 3788//3719
f 3734//3665 3736//3667 3788//3719
f 3788//3719 3790//3721 3734//3665
f 3791//3722 3731//3662 3734//3665
f 3734//3665 3790//3721 3791//3722
f 3789//3720 3742//3673 3792//3723
f 3792//3723 3793//3724 3789//3720
f 3788//3719 3789//3720 3794//3725
f 3794//3725 3795//3726 3788//3719
f 3796//3727 3794//3725 3789//3720
f 3789//3720 3793//3724 3796//3727
f 3797//3728 3794//3725 3796//3727
f 3796//3727 3798//3729 3797//3728
f 3799//3730 3800//3731 3760//3691
f 3760//3691 3759//3690 3799//3730
f 3759//3690 3731//3662 3791//3722
f 3791//3722 3799//3730 3759//3690
f 3799//3730 3791//3722 3801//3732
f 3801//3732 3802//3733 3799//3730
f 3802//3733 3801//3732 3803//3734
f 3803//3734 3804//3735 3802//3733
f 3805//3736 3802//3733 3804//3735
f 3804//3735 3806//3737 3805//3736
f 3806//3737 3804//3735 3807//3738
f 3807//3738 3808//3739 3806//3737
f 3809//3740 3807//3738 3804//3735
f 3804//3735 3803//3734 3809//3740
f 3810//3741 3811//3742 3812//3743
f 3800//3731 3799//3730 3802//3733
f 3802//3733 3805//3736 3800//3731
f 3801//3732 3813//3744 3814//3745
f 3814//3745 3803//3734 3801//3732
f 3791//3722 3790//3721 3813//3744
f 3813//3744 3801//3732 3791//3722
f 3790//3721 3788//3719 3795//3726
f 3795//3726 3813//3744 3790//3721
f 3815//3746 3814//3745 3816//3747
f 3816//3747 3817//3748 3815//3746
f 3817//3748 3816//3747 3797//3728
f 3797//3728 3818//3749 3817//3748
f 3794//3725 3797//3728 3816//3747
f 3816//3747 3795//3726 3794//3725
f 3814//3745 3813//3744 3795//3726
f 3795//3726 3816//3747 3814//3745
f 3819//3750 3811//3742 3820//3751
f 3809//3740 3815//3746 3819//3750
f 3819//3750 3820//3751 3809//3740
f 3818//3749 3797//3728 3798//3729
f 3798//3729 3821//3752 3818//3749
f 3811//3742 3822//3753 3823//3754
f 3811//3742 3824//3755 3822//3753
f 3819//3750 3824//3755 3811//3742
f 3817//3748 3824//3755 3819//3750
f 3819//3750 3815//3746 3817//3748
f 3820//3751 3811//3742 3810//3741
f 3808//3739 3807//3738 3810//3741
f 3810//3741 3812//3743 3808//3739
f 3807//3738 3809//3740 3820//3751
f 3820//3751 3810//3741 3807//3738
f 3815//3746 3809//3740 3803//3734
f 3803//3734 3814//3745 3815//3746
f 3824//3755 3817//3748 3818//3749
f 3818//3749 3822//3753 3824//3755
f 3822//3753 3818//3749 3821//3752
f 3821//3752 3823//3754 3822//3753
f 3825//3756 3729//3660 3785//3716
f 3785//3716 3826//3757 3825//3756
f 3784//3715 3827//3758 3826//3757
f 3826//3757 3785//3716 3784//3715
f 3828//3759 3829//3760 3830//3761
f 3830//3761 3831//3762 3828//3759
f 3781//3712 3727//3658 3830//3761
f 3830//3761 3829//3760 3781//3712
f 3830//3761 3727//3658 3720//3651
f 3720//3651 3832//3763 3830//3761
f 3833//3764 3826//3757 3827//3758
f 3827//3758 3834//3765 3833//3764
f 3723//3654 3729//3660 3825//3756
f 3825//3756 3835//3766 3723//3654
f 3836//3767 3837//3768 3832//3763
f 3832//3763 3835//3766 3836//3767
f 3825//3756 3838//3769 3836//3767
f 3836//3767 3835//3766 3825//3756
f 3838//3769 3825//3756 3826//3757
f 3826//3757 3833//3764 3838//3769
f 3833//3764 3834//3765 3839//3770
f 3839//3770 3840//3771 3833//3764
f 3841//3772 3842//3773 3840//3771
f 3840//3771 3839//3770 3841//3772
f 3833//3764 3840//3771 3843//3774
f 3843//3774 3838//3769 3833//3764
f 3832//3763 3837//3768 3831//3762
f 3831//3762 3830//3761 3832//3763
f 3831//3762 3837//3768 3844//3775
f 3844//3775 3845//3776 3831//3762
f 3846//3777 3828//3759 3831//3762
f 3831//3762 3845//3776 3846//3777
f 3847//3778 3846//3777 3845//3776
f 3845//3776 3848//3779 3847//3778
f 3844//3775 3849//3780 3848//3779
f 3848//3779 3845//3776 3844//3775
f 3847//3778 3848//3779 3850//3781
f 3850//3781 3851//3782 3847//3778
f 3851//3782 3850//3781 3852//3783
f 3852//3783 3850//3781 3853//3784
f 3850//3781 3848//3779 3849//3780
f 3849//3780 3853//3784 3850//3781
f 3837//3768 3836//3767 3854//3785
f 3854//3785 3844//3775 3837//3768
f 3849//3780 3844//3775 3854//3785
f 3854//3785 3855//3786 3849//3780
f 3856//3787 3855//3786 3857//3788
f 3857//3788 3858//3789 3856//3787
f 3843//3774 3857//3788 3855//3786
f 3855//3786 3854//3785 3843//3774
f 3840//3771 3842//3773 3857//3788
f 3857//3788 3843//3774 3840//3771
f 3841//3772 3859//3790 3860//3791
f 3860//3791 3842//3773 3841//3772
f 3842//3773 3860//3791 3858//3789
f 3858//3789 3857//3788 3842//3773
f 3836//3767 3838//3769 3843//3774
f 3843//3774 3854//3785 3836//3767
f 3858//3789 3852//3783 3856//3787
f 3849//3780 3855//3786 3856//3787
f 3856//3787 3853//3784 3849//3780
f 3856//3787 3852//3783 3853//3784
f 3860//3791 3852//3783 3858//3789
f 3852//3783 3860//3791 3859//3790
f 3832//3763 3720//3651 3723//3654
f 3723//3654 3835//3766 3832//3763
f 3861//3792 3862//3793 3746//3677
f 3746//3677 3741//3672 3861//3792
f 3862//3793 3863//3794 3744//3675
f 3744//3675 3746//3677 3862//3793
f 3864//3795 3863//3794 3862//3793
f 3862//3793 3865//3796 3864//3795
f 3866//3797 3865//3796 3862//3793
f 3862//3793 3861//3792 3866//3797
f 3867//3798 3749//3680 3748//3679
f 3748//3679 3868//3799 3867//3798
f 3861//3792 3741//3672 3752//3683
f 3752//3683 3869//3800 3861//3792
f 3870//3801 3869//3800 3752//3683
f 3752//3683 3753//3684 3870//3801
f 3871//3802 3872//3803 3869//3800
f 3869//3800 3870//3801 3871//3802
f 3753//3684 3749//3680 3867//3798
f 3867//3798 3870//3801 3753//3684
f 3870//3801 3867//3798 3873//3804
f 3873//3804 3871//3802 3870//3801
f 3868//3799 3874//3805 3873//3804
f 3873//3804 3867//3798 3868//3799
f 3861//3792 3869//3800 3872//3803
f 3872//3803 3866//3797 3861//3792
f 3866//3797 3872//3803 3875//3806
f 3875//3806 3876//3807 3866//3797
f 3877//3808 3876//3807 3875//3806
f 3875//3806 3878//3809 3877//3808
f 3875//3806 3872//3803 3871//3802
f 3871//3802 3879//3810 3875//3806
f 3878//3809 3875//3806 3879//3810
f 3879//3810 3880//3811 3878//3809
f 3881//3812 3878//3809 3880//3811
f 3880//3811 3882//3813 3881//3812
f 3879//3810 3871//3802 3873//3804
f 3873//3804 3883//3814 3879//3810
f 3881//3812 3884//3815 3877//3808
f 3877//3808 3878//3809 3881//3812
f 3885//3816 3877//3808 3884//3815
f 3884//3815 3886//3817 3885//3816
f 3887//3818 3885//3816 3886//3817
f 3886//3817 3888//3819 3887//3818
f 3886//3817 3889//3820 3888//3819
f 3884//3815 3889//3820 3886//3817
f 3877//3808 3885//3816 3890//3821
f 3890//3821 3876//3807 3877//3808
f 3876//3807 3890//3821 3865//3796
f 3865//3796 3866//3797 3876//3807
f 3885//3816 3887//3818 3891//3822
f 3891//3822 3890//3821 3885//3816
f 3884//3815 3881//3812 3889//3820
f 3881//3812 3882//3813 3889//3820
f 3865//3796 3890//3821 3891//3822
f 3891//3822 3864//3795 3865//3796
f 3883//3814 3873//3804 3874//3805
f 3874//3805 3892//3823 3883//3814
f 3893//3824 3883//3814 3892//3823
f 3892//3823 3894//3825 3893//3824
f 3895//3826 3893//3824 3894//3825
f 3894//3825 3896//3827 3895//3826
f 3889//3820 3895//3826 3896//3827
f 3893//3824 3895//3826 3882//3813
f 3882//3813 3880//3811 3893//3824
f 3889//3820 3882//3813 3895//3826
f 3883//3814 3893//3824 3880//3811
f 3880//3811 3879//3810 3883//3814
f 3743//3674 3739//3670 3741//3672
f 3741//3672 3746//3677 3743//3674
f 3897//3828 3898//3829 3899//3830
f 3792//3723 3742//3673 3743//3674
f 3759//3690 3758//3689 3732//3663
f 3732//3663 3731//3662 3759//3690
f 3785//3716 3729//3660 3732//3663
f 3732//3663 3758//3689 3785//3716
f 3732//3663 3729//3660 3728//3659
f 3728//3659 3733//3664 3732//3663
f 3775//3706 3777//3708 3787//3718
f 3787//3718 3771//3702 3775//3706
f 3900//3831 3901//3832 3902//3833
f 3902//3833 3903//3834 3900//3831
f 3903//3834 3902//3833 3740//3671
f 3740//3671 3738//3669 3903//3834
f 3751//3682 3740//3671 3902//3833
f 3902//3833 3904//3835 3751//3682
f 3905//3836 3906//3837 3907//3838
f 3907//3838 3908//3839 3905//3836
f 3721//3652 3906//3837 3909//3840
f 3909//3840 3722//3653 3721//3652
f 3725//3656 3907//3838 3906//3837
f 3906//3837 3721//3652 3725//3656
f 3728//3659 3910//3841 3911//3842
f 3911//3842 3733//3664 3728//3659
f 3912//3843 3909//3840 3906//3837
f 3906//3837 3905//3836 3912//3843
f 3908//3839 3907//3838 3913//3844
f 3913//3844 3914//3845 3908//3839
f 3913//3844 3780//3711 3776//3707
f 3776//3707 3915//3846 3913//3844
f 3907//3838 3725//3656 3780//3711
f 3780//3711 3913//3844 3907//3838
f 3914//3845 3913//3844 3915//3846
f 3915//3846 3916//3847 3914//3845
f 3917//3848 3911//3842 3910//3841
f 3910//3841 3918//3849 3917//3848
f 3917//3848 3919//3850 3920//3851
f 3920//3851 3911//3842 3917//3848
f 3911//3842 3920//3851 3730//3661
f 3730//3661 3733//3664 3911//3842
f 3735//3666 3730//3661 3920//3851
f 3920//3851 3921//3852 3735//3666
f 3737//3668 3735//3666 3921//3852
f 3921//3852 3922//3853 3737//3668
f 3921//3852 3923//3854 3924//3855
f 3924//3855 3922//3853 3921//3852
f 3919//3850 3923//3854 3921//3852
f 3921//3852 3920//3851 3919//3850
f 3900//3831 3903//3834 3922//3853
f 3922//3853 3924//3855 3900//3831
f 3903//3834 3738//3669 3737//3668
f 3737//3668 3922//3853 3903//3834
f 3751//3682 3904//3835 3925//3856
f 3925//3856 3754//3685 3751//3682
f 3926//3857 3925//3856 3927//3858
f 3927//3858 3928//3859 3926//3857
f 3925//3856 3926//3857 3762//3693
f 3762//3693 3754//3685 3925//3856
f 3929//3860 3927//3858 3925//3856
f 3925//3856 3904//3835 3929//3860
f 3766//3697 3762//3693 3926//3857
f 3926//3857 3930//3861 3766//3697
f 3768//3699 3767//3698 3931//3862
f 3931//3862 3932//3863 3768//3699
f 3772//3703 3768//3699 3932//3863
f 3932//3863 3933//3864 3772//3703
f 3934//3865 3932//3863 3931//3862
f 3931//3862 3935//3866 3934//3865
f 3928//3859 3936//3867 3930//3861
f 3930//3861 3926//3857 3928//3859
f 3932//3863 3934//3865 3937//3868
f 3937//3868 3933//3864 3932//3863
f 3776//3707 3772//3703 3933//3864
f 3933//3864 3915//3846 3776//3707
f 3909//3840 3912//3843 3918//3849
f 3918//3849 3910//3841 3909//3840
f 3904//3835 3902//3833 3901//3832
f 3901//3832 3929//3860 3904//3835
f 3910//3841 3728//3659 3722//3653
f 3722//3653 3909//3840 3910//3841
f 3641//3572 3640//3571 3938//3869
f 3938//3869 3939//3870 3641//3572
f 3940//3871 3938//3869 3640//3571
f 3640//3571 3639//3570 3940//3871
f 3639//3570 3629//3560 3941//3872
f 3941//3872 3940//3871 3639//3570
f 3942//3873 3943//3874 3944//3875
f 3944//3875 3945//3876 3942//3873
f 3945//3876 3944//3875 3946//3877
f 3946//3877 3947//3878 3945//3876
f 3947//3878 3946//3877 3948//3879
f 3948//3879 3949//3880 3947//3878
f 3950//3881 3951//3882 3952//3883
f 3952//3883 3953//3884 3950//3881
f 3953//3884 3952//3883 3954//3885
f 3954//3885 3955//3886 3953//3884
f 3956//3887 3695//3626 3696//3627
f 3696//3627 3957//3888 3956//3887
f 3958//3889 3959//3890 3960//3891
f 3960//3891 3961//3892 3958//3889
f 3949//3880 3948//3879 3962//3893
f 3962//3893 3963//3894 3949//3880
f 3964//3895 3965//3896 3966//3897
f 3966//3897 3967//3898 3964//3895
f 3967//3898 3966//3897 3968//3899
f 3968//3899 3969//3900 3967//3898
f 3970//3901 3628//3559 3576//3507
f 3576//3507 3971//3902 3970//3901
f 3972//3903 3973//3904 3969//3900
f 3969//3900 3968//3899 3972//3903
f 3948//3879 3955//3886 3964//3895
f 3964//3895 3962//3893 3948//3879
f 3974//3905 3952//3883 3951//3882
f 3951//3882 3975//3906 3974//3905
f 3976//3907 3977//3908 3978//3909
f 3978//3909 3979//3910 3976//3907
f 3939//3870 3979//3910 3706//3637
f 3706//3637 3641//3572 3939//3870
f 3977//3908 3960//3891 3959//3890
f 3959//3890 3978//3909 3977//3908
f 3942//3873 3673//3604 3679//3610
f 3679//3610 3980//3911 3942//3873
f 3981//3912 3702//3633 3703//3634
f 3703//3634 3982//3913 3981//3912
f 3983//3914 3984//3915 3985//3916
f 3985//3916 3986//3917 3983//3914
f 3987//3918 3988//3919 3989//3920
f 3989//3920 3990//3921 3987//3918
f 3991//3922 3943//3874 3984//3915
f 3984//3915 3983//3914 3991//3922
f 3992//3923 3993//3924 3990//3921
f 3990//3921 3989//3920 3992//3923
f 3994//3925 3995//3926 3996//3927
f 3996//3927 3997//3928 3994//3925
f 3950//3881 3944//3875 3943//3874
f 3943//3874 3991//3922 3950//3881
f 3975//3906 3951//3882 3993//3924
f 3993//3924 3992//3923 3975//3906
f 3998//3929 3992//3923 3989//3920
f 3989//3920 3999//3930 3998//3929
f 4000//3931 3975//3906 3992//3923
f 3992//3923 3998//3929 4000//3931
f 3999//3930 3989//3920 3988//3919
f 3988//3919 4001//3932 3999//3930
f 4001//3932 4002//3933 4003//3934
f 4003//3934 3999//3930 4001//3932
f 4004//3935 3998//3929 3999//3930
f 3999//3930 4003//3934 4004//3935
f 3970//3901 3941//3872 3629//3560
f 3629//3560 3628//3559 3970//3901
f 4005//3936 3973//3904 3972//3903
f 3972//3903 4006//3937 4005//3936
f 4007//3938 4008//3939 4009//3940
f 4009//3940 4010//3941 4007//3938
f 4011//3942 4005//3936 4006//3937
f 4006//3937 4012//3943 4011//3942
f 3940//3871 3941//3872 4013//3944
f 4013//3944 4014//3945 3940//3871
f 4015//3946 4012//3943 4016//3947
f 4016//3947 4017//3948 4015//3946
f 4017//3948 4018//3949 4019//3950
f 4019//3950 4015//3946 4017//3948
f 3939//3870 3938//3869 4020//3951
f 4020//3951 4021//3952 3939//3870
f 4014//3945 4020//3951 3938//3869
f 3938//3869 3940//3871 4014//3945
f 3979//3910 3939//3870 4021//3952
f 4021//3952 3976//3907 3979//3910
f 4018//3949 4022//3953 4023//3954
f 4023//3954 4019//3950 4018//3949
f 4024//3955 4025//3956 4026//3957
f 4026//3957 4027//3958 4024//3955
f 4027//3958 4008//3939 4007//3938
f 4007//3938 4024//3955 4027//3958
f 4028//3959 4029//3960 4008//3939
f 4008//3939 4027//3958 4028//3959
f 4030//3961 4031//3962 4029//3960
f 4029//3960 4032//3963 4030//3961
f 4029//3960 4028//3959 4033//3964
f 4033//3964 4032//3963 4029//3960
f 4031//3962 4009//3940 4008//3939
f 4008//3939 4029//3960 4031//3962
f 4027//3958 4026//3957 4034//3965
f 4034//3965 4028//3959 4027//3958
f 4035//3966 4033//3964 4028//3959
f 4028//3959 4034//3965 4035//3966
f 4036//3967 4010//3941 4009//3940
f 4009//3940 4037//3968 4036//3967
f 4038//3969 4037//3968 4009//3940
f 4009//3940 4031//3962 4038//3969
f 4039//3970 4026//3957 4025//3956
f 4025//3956 4040//3971 4039//3970
f 4041//3972 4034//3965 4026//3957
f 4026//3957 4039//3970 4041//3972
f 4042//3973 4035//3966 4034//3965
f 4034//3965 4041//3972 4042//3973
f 4041//3972 4043//3974 4044//3975
f 4044//3975 4042//3973 4041//3972
f 4043//3974 4041//3972 4039//3970
f 4039//3970 4045//3976 4043//3974
f 4039//3970 4040//3971 4046//3977
f 4046//3977 4045//3976 4039//3970
f 4043//3974 4045//3976 4047//3978
f 4047//3978 4048//3979 4043//3974
f 4049//3980 4047//3978 4045//3976
f 4045//3976 4046//3977 4049//3980
f 4050//3981 4051//3982 4046//3977
f 4046//3977 4040//3971 4050//3981
f 3974//3905 4049//3980 4046//3977
f 4046//3977 4051//3982 3974//3905
f 4049//3980 3974//3905 3975//3906
f 3975//3906 4000//3931 4049//3980
f 4000//3931 4052//3983 4047//3978
f 4047//3978 4049//3980 4000//3931
f 4048//3979 4047//3978 4052//3983
f 4052//3983 4053//3984 4048//3979
f 4053//3984 4054//3985 4055//3986
f 4055//3986 4048//3979 4053//3984
f 4053//3984 4052//3983 4004//3935
f 4004//3935 4056//3987 4053//3984
f 3998//3929 4004//3935 4052//3983
f 4052//3983 4000//3931 3998//3929
f 4003//3934 4057//3988 4056//3987
f 4056//3987 4004//3935 4003//3934
f 4054//3985 4053//3984 4056//3987
f 4056//3987 4058//3989 4054//3985
f 4058//3989 4056//3987 4057//3988
f 4057//3988 4059//3990 4058//3989
f 4060//3991 4061//3992 4062//3993
f 4062//3993 4063//3994 4060//3991
f 4002//3933 4001//3932 4060//3991
f 4060//3991 4064//3995 4002//3933
f 4065//3996 4064//3995 4060//3991
f 4060//3991 4063//3994 4065//3996
f 4066//3997 4002//3933 4064//3995
f 4064//3995 4067//3998 4066//3997
f 4002//3933 4066//3997 4057//3988
f 4057//3988 4003//3934 4002//3933
f 4059//3990 4057//3988 4066//3997
f 4066//3997 4068//3999 4059//3990
f 4069//4000 4070//4001 4071//4002
f 4071//4002 4067//3998 4069//4000
f 4065//3996 4069//4000 4067//3998
f 4067//3998 4064//3995 4065//3996
f 4072//4003 4073//4004 4074//4005
f 4074//4005 4075//4006 4072//4003
f 4076//4007 4077//4008 4075//4006
f 4075//4006 4074//4005 4076//4007
f 4077//4008 4076//4007 4078//4009
f 4078//4009 4079//4010 4077//4008
f 4080//4011 4077//4008 4079//4010
f 4079//4010 4081//4012 4080//4011
f 4082//4013 4062//3993 4061//3992
f 4061//3992 4083//4014 4082//4013
f 4059//3990 4084//4015 4085//4016
f 4085//4016 4058//3989 4059//3990
f 4084//4015 4059//3990 4068//3999
f 4068//3999 4086//4017 4084//4015
f 4084//4015 4087//4018 4088//4019
f 4088//4019 4085//4016 4084//4015
f 4089//4020 4090//4021 4085//4016
f 4085//4016 4088//4019 4089//4020
f 4086//4017 4091//4022 4087//4018
f 4087//4018 4084//4015 4086//4017
f 4092//4023 4088//4019 4087//4018
f 4087//4018 4093//4024 4092//4023
f 4091//4022 4094//4025 4093//4024
f 4093//4024 4087//4018 4091//4022
f 4095//4026 4089//4020 4088//4019
f 4088//4019 4092//4023 4095//4026
f 4090//4021 4054//3985 4058//3989
f 4058//3989 4085//4016 4090//4021
f 4096//4027 4055//3986 4054//3985
f 4054//3985 4090//4021 4096//4027
f 4097//4028 4071//4002 4070//4001
f 4070//4001 4098//4029 4097//4028
f 4098//4029 4099//4030 4100//4031
f 4100//4031 4097//4028 4098//4029
f 4101//4032 4086//4017 4097//4028
f 4097//4028 4100//4031 4101//4032
f 4102//4033 4100//4031 4099//4030
f 4099//4030 4103//4034 4102//4033
f 4104//4035 4105//4036 4106//4037
f 4106//4037 4107//4038 4104//4035
f 4100//4031 4102//4033 4108//4039
f 4108//4039 4101//4032 4100//4031
f 4109//4040 4110//4041 4111//4042
f 4111//4042 4112//4043 4109//4040
f 4101//4032 4108//4039 4094//4025
f 4094//4025 4091//4022 4101//4032
f 4111//4042 4113//4044 4114//4045
f 4114//4045 4112//4043 4111//4042
f 4086//4017 4101//4032 4091//4022
f 4115//4046 4116//4047 4117//4048
f 4117//4048 4118//4049 4115//4046
f 4119//4050 4118//4049 4117//4048
f 4117//4048 4120//4051 4119//4050
f 4107//4038 4115//4046 4118//4049
f 4118//4049 4104//4035 4107//4038
f 4105//4036 4104//4035 4121//4052
f 4121//4052 4122//4053 4105//4036
f 4104//4035 4118//4049 4119//4050
f 4119//4050 4121//4052 4104//4035
f 4072//4003 4123//4054 4120//4051
f 4120//4051 4117//4048 4072//4003
f 4124//4055 4119//4050 4120//4051
f 4120//4051 4125//4056 4124//4055
f 4125//4056 4120//4051 4123//4054
f 4123//4054 4126//4057 4125//4056
f 4127//4058 4121//4052 4119//4050
f 4119//4050 4124//4055 4127//4058
f 4073//4004 4072//4003 4117//4048
f 4117//4048 4116//4047 4073//4004
f 4123//4054 4072//4003 4075//4006
f 4075//4006 4128//4059 4123//4054
f 4128//4059 4075//4006 4077//4008
f 4077//4008 4080//4011 4128//4059
f 4126//4057 4123//4054 4128//4059
f 4128//4059 4129//4060 4126//4057
f 4022//3953 4081//4012 4130//4061
f 4130//4061 4023//3954 4022//3953
f 4131//4062 4080//4011 4081//4012
f 4081//4012 4022//3953 4131//4062
f 4080//4011 4131//4062 4129//4060
f 4129//4060 4128//4059 4080//4011
f 4132//4063 4131//4062 4022//3953
f 4022//3953 4018//3949 4132//4063
f 4132//4063 4133//4064 4134//4065
f 4134//4065 4135//4066 4132//4063
f 4135//4066 4129//4060 4131//4062
f 4131//4062 4132//4063 4135//4066
f 4136//4067 4124//4055 4125//4056
f 4125//4056 4137//4068 4136//4067
f 4137//4068 4138//4069 4139//4070
f 4139//4070 4136//4067 4137//4068
f 4140//4071 4139//4070 4138//4069
f 4138//4069 4141//4072 4140//4071
f 4138//4069 4142//4073 4038//3969
f 4038//3969 4141//4072 4138//4069
f 4138//4069 4137//4068 4143//4074
f 4143//4074 4142//4073 4138//4069
f 4126//4057 4143//4074 4137//4068
f 4137//4068 4125//4056 4126//4057
f 4143//4074 4126//4057 4129//4060
f 4129//4060 4135//4066 4143//4074
f 4031//3962 4030//3961 4141//4072
f 4141//4072 4038//3969 4031//3962
f 4037//3968 4038//3969 4142//4073
f 4142//4073 4134//4065 4037//3968
f 4037//3968 4134//4065 4133//4064
f 4133//4064 4036//3967 4037//3968
f 4144//4075 4145//4076 4139//4070
f 4139//4070 4140//4071 4144//4075
f 4146//4077 4147//4078 4145//4076
f 4145//4076 4144//4075 4146//4077
f 4136//4067 4139//4070 4145//4076
f 4145//4076 4148//4079 4136//4067
f 4149//4080 4148//4079 4145//4076
f 4145//4076 4147//4078 4149//4080
f 4150//4081 4144//4075 4140//4071
f 4140//4071 4151//4082 4150//4081
f 4152//4083 4150//4081 4151//4082
f 4151//4082 4153//4084 4152//4083
f 4030//3961 4032//3963 4153//4084
f 4153//4084 4151//4082 4030//3961
f 4141//4072 4030//3961 4151//4082
f 4151//4082 4140//4071 4141//4072
f 4152//4083 4154//4085 4155//4086
f 4155//4086 4150//4081 4152//4083
f 4124//4055 4136//4067 4148//4079
f 4148//4079 4127//4058 4124//4055
f 4156//4087 4127//4058 4148//4079
f 4148//4079 4149//4080 4156//4087
f 4135//4066 4134//4065 4142//4073
f 4142//4073 4143//4074 4135//4066
f 4090//4021 4089//4020 4157//4088
f 4157//4088 4096//4027 4090//4021
f 4158//4089 4159//4090 4157//4088
f 4157//4088 4160//4091 4158//4089
f 4161//4092 4159//4090 4158//4089
f 4158//4089 4162//4093 4161//4092
f 4161//4092 4162//4093 4163//4094
f 4163//4094 4164//4095 4161//4092
f 4161//4092 4164//4095 4165//4096
f 4165//4096 4166//4097 4161//4092
f 4167//4098 4165//4096 4164//4095
f 4164//4095 4168//4099 4167//4098
f 4169//4100 4168//4099 4164//4095
f 4164//4095 4163//4094 4169//4100
f 4159//4090 4161//4092 4166//4097
f 4166//4097 4170//4101 4159//4090
f 4042//3973 4044//3975 4170//4101
f 4170//4101 4166//4097 4042//3973
f 4170//4101 4096//4027 4157//4088
f 4157//4088 4159//4090 4170//4101
f 4096//4027 4170//4101 4044//3975
f 4044//3975 4055//3986 4096//4027
f 4171//4102 4162//4093 4158//4089
f 4158//4089 4172//4103 4171//4102
f 4171//4102 4173//4104 4174//4105
f 4174//4105 4175//4106 4171//4102
f 4176//4107 4177//4108 4178//4109
f 4178//4109 4172//4103 4176//4107
f 4089//4020 4095//4026 4160//4091
f 4160//4091 4157//4088 4089//4020
f 4179//4110 4180//4111 4177//4108
f 4177//4108 4176//4107 4179//4110
f 4179//4110 4095//4026 4092//4023
f 4092//4023 4181//4112 4179//4110
f 4043//3974 4048//3979 4055//3986
f 4055//3986 4044//3975 4043//3974
f 4035//3966 4042//3973 4166//4097
f 4166//4097 4165//4096 4035//3966
f 4033//3964 4035//3966 4165//4096
f 4165//4096 4167//4098 4033//3964
f 4114//4045 4182//4113 4093//4024
f 4093//4024 4094//4025 4114//4045
f 4182//4113 4183//4114 4184//4115
f 4184//4115 4181//4112 4182//4113
f 4122//4053 4121//4052 4127//4058
f 4127//4058 4156//4087 4122//4053
f 4185//4116 4186//4117 4187//4118
f 4187//4118 4188//4119 4185//4116
f 4188//4119 4189//4120 4105//4036
f 4105//4036 4122//4053 4188//4119
f 4189//4120 4190//4121 4106//4037
f 4106//4037 4105//4036 4189//4120
f 4191//4122 4109//4040 4102//4033
f 4102//4033 4103//4034 4191//4122
f 4185//4116 4156//4087 4149//4080
f 4149//4080 4192//4123 4185//4116
f 4193//4124 4147//4078 4146//4077
f 4146//4077 4194//4125 4193//4124
f 4192//4123 4149//4080 4147//4078
f 4147//4078 4193//4124 4192//4123
f 4032//3963 4033//3964 4167//4098
f 4167//4098 4153//4084 4032//3963
f 4153//4084 4167//4098 4168//4099
f 4168//4099 4152//4083 4153//4084
f 4168//4099 4169//4100 4154//4085
f 4154//4085 4152//4083 4168//4099
f 4195//4126 4196//4127 4197//4128
f 4197//4128 4198//4129 4195//4126
f 4195//4126 4169//4100 4163//4094
f 4163//4094 4175//4106 4195//4126
f 4146//4077 4144//4075 4150//4081
f 4150//4081 4155//4086 4146//4077
f 4194//4125 4199//4130 4200//4131
f 4200//4131 4201//4132 4194//4125
f 4199//4130 4155//4086 4154//4085
f 4154//4085 4198//4129 4199//4130
f 4180//4111 4202//4133 4203//4134
f 4203//4134 4177//4108 4180//4111
f 4183//4114 4204//4135 4205//4136
f 4205//4136 4184//4115 4183//4114
f 4184//4115 4205//4136 4202//4133
f 4202//4133 4180//4111 4184//4115
f 4113//4044 4111//4042 4206//4137
f 4206//4137 4207//4138 4113//4044
f 4183//4114 4113//4044 4207//4138
f 4207//4138 4204//4135 4183//4114
f 4174//4105 4208//4139 4209//4140
f 4209//4140 4196//4127 4174//4105
f 4196//4127 4209//4140 4210//4141
f 4210//4141 4197//4128 4196//4127
f 4211//4142 4173//4104 4178//4109
f 4178//4109 4212//4143 4211//4142
f 4213//4144 4214//4145 4187//4118
f 4187//4118 4186//4117 4213//4144
f 4215//4146 4213//4144 4216//4147
f 4216//4147 3934//3865 4215//4146
f 4217//4148 4218//4149 4219//4150
f 4219//4150 4220//4151 4217//4148
f 4197//4128 4210//4141 4221//4152
f 4221//4152 4200//4131 4197//4128
f 4200//4131 4221//4152 4222//4153
f 4222//4153 4201//4132 4200//4131
f 4201//4132 4222//4153 4223//4154
f 4223//4154 4224//4155 4201//4132
f 4216//4147 4213//4144 4186//4117
f 4110//4041 4225//4156 4226//4157
f 4226//4157 4227//4158 4110//4041
f 4111//4042 4110//4041 4227//4158
f 4227//4158 4206//4137 4111//4042
f 4217//4148 4228//4159 4229//4160
f 4229//4160 4218//4149 4217//4148
f 4218//4149 4214//4145 4230//4161
f 4230//4161 4219//4150 4218//4149
f 4214//4145 4213//4144 4215//4146
f 4215//4146 4230//4161 4214//4145
f 3937//3868 3934//3865 4216//4147
f 4216//4147 4231//4162 3937//3868
f 4226//4157 3936//3867 3928//3859
f 3928//3859 4227//4158 4226//4157
f 3928//3859 3927//3858 4206//4137
f 4206//4137 4227//4158 3928//3859
f 4214//4145 4218//4149 4229//4160
f 4229//4160 4187//4118 4214//4145
f 4177//4108 4203//4134 4212//4143
f 4212//4143 4178//4109 4177//4108
f 4208//4139 4174//4105 4173//4104
f 4173//4104 4211//4142 4208//4139
f 3914//3845 3916//3847 4223//4154
f 4223//4154 4222//4153 3914//3845
f 4221//4152 3908//3839 3914//3845
f 3914//3845 4222//4153 4221//4152
f 4210//4141 3905//3836 3908//3839
f 3908//3839 4221//4152 4210//4141
f 4209//4140 3912//3843 3905//3836
f 3905//3836 4210//4141 4209//4140
f 4208//4139 3918//3849 3912//3843
f 3912//3843 4209//4140 4208//4139
f 4211//4142 3917//3848 3918//3849
f 3918//3849 4208//4139 4211//4142
f 4212//4143 3919//3850 3917//3848
f 3917//3848 4211//4142 4212//4143
f 4212//4143 4203//4134 3923//3854
f 3923//3854 3919//3850 4212//4143
f 4202//4133 3924//3855 3923//3854
f 3923//3854 4203//4134 4202//4133
f 4205//4136 3900//3831 3924//3855
f 3924//3855 4202//4133 4205//4136
f 3901//3832 3900//3831 4205//4136
f 4205//4136 4204//4135 3901//3832
f 4204//4135 4207//4138 3929//3860
f 3929//3860 3901//3832 4204//4135
f 3927//3858 3929//3860 4207//4138
f 4207//4138 4206//4137 3927//3858
f 4231//4162 4216//4147 4232//4163
f 4223//4154 4231//4162 4232//4163
f 4232//4163 4224//4155 4223//4154
f 4231//4162 4223//4154 3916//3847
f 3916//3847 3937//3868 4231//4162
f 3937//3868 3916//3847 3915//3846
f 3915//3846 3933//3864 3937//3868
f 4186//4117 4232//4163 4216//4147
f 3982//3913 3703//3634 3695//3626
f 3695//3626 3956//3887 3982//3913
f 3996//3927 4083//4014 3987//3918
f 3987//3918 3986//3917 3996//3927
f 3988//3919 3987//3918 4083//4014
f 4083//4014 4061//3992 3988//3919
f 4001//3932 3988//3919 4061//3992
f 4061//3992 4060//3991 4001//3932
f 4068//3999 4066//3997 4067//3998
f 4067//3998 4071//4002 4068//3999
f 4086//4017 4068//3999 4071//4002
f 4071//4002 4097//4028 4086//4017
f 4233//4164 4016//3947 4012//3943
f 4012//3943 4006//3937 4233//4164
f 4234//4165 4233//4164 4006//3937
f 4006//3937 3972//3903 4234//4165
f 4235//4166 4234//4165 3972//3903
f 3972//3903 3968//3899 4235//4166
f 3966//3897 4236//4167 4235//4166
f 4235//4166 3968//3899 3966//3897
f 3965//3896 4050//3981 4236//4167
f 4236//4167 3966//3897 3965//3896
f 4051//3982 4050//3981 3965//3896
f 3965//3896 3954//3885 4051//3982
f 4051//3982 3954//3885 3952//3883
f 3952//3883 3974//3905 4051//3982
f 4237//4168 4238//4169 3963//3894
f 3963//3894 3962//3893 4237//4168
f 4239//4170 3971//3902 4238//4169
f 4238//4169 4237//4168 4239//4170
f 4240//4171 3970//3901 3971//3902
f 3971//3902 4239//4170 4240//4171
f 4013//3944 3941//3872 3970//3901
f 3970//3901 4240//4171 4013//3944
f 4241//4172 4011//3942 4012//3943
f 4012//3943 4015//3946 4241//4172
f 4242//4173 4241//4172 4015//3946
f 4015//3946 4019//3950 4242//4173
f 4243//4174 4244//4175 4130//4061
f 4130//4061 4245//4176 4243//4174
f 4246//4177 4243//4174 4245//4176
f 4245//4176 4247//4178 4246//4177
f 4248//4179 4244//4175 3977//3908
f 3977//3908 3976//3907 4248//4179
f 4242//4173 4248//4179 3976//3907
f 3976//3907 4021//3952 4242//4173
f 4133//4064 4132//4063 4018//3949
f 4018//3949 4017//3948 4133//4064
f 4036//3967 4133//4064 4017//3948
f 4017//3948 4016//3947 4036//3967
f 4010//3941 4036//3967 4016//3947
f 4016//3947 4233//4164 4010//3941
f 4007//3938 4010//3941 4233//4164
f 4233//4164 4234//4165 4007//3938
f 4024//3955 4007//3938 4234//4165
f 4234//4165 4235//4166 4024//3955
f 4025//3956 4024//3955 4235//4166
f 4235//4166 4236//4167 4025//3956
f 4040//3971 4025//3956 4236//4167
f 4236//4167 4050//3981 4040//3971
f 4245//4176 4130//4061 4081//4012
f 4081//4012 4079//4010 4245//4176
f 4247//4178 4245//4176 4079//4010
f 4079//4010 4078//4009 4247//4178
f 3945//3876 3671//3602 3673//3604
f 3673//3604 3942//3873 3945//3876
f 3947//3878 3569//3500 3671//3602
f 3671//3602 3945//3876 3947//3878
f 3949//3880 3568//3499 3569//3500
f 3569//3500 3947//3878 3949//3880
f 3963//3894 3567//3498 3568//3499
f 3568//3499 3949//3880 3963//3894
f 4238//4169 3570//3501 3567//3498
f 3567//3498 3963//3894 4238//4169
f 3570//3501 4238//4169 3971//3902
f 3971//3902 3576//3507 3570//3501
f 3980//3911 3984//3915 3943//3874
f 3943//3874 3942//3873 3980//3911
f 3982//3913 3985//3916 3984//3915
f 3984//3915 3981//3912 3982//3913
f 3956//3887 3997//3928 3985//3916
f 3985//3916 3982//3913 3956//3887
f 3957//3888 3994//3925 3997//3928
f 3997//3928 3956//3887 3957//3888
f 3979//3910 3978//3909 3707//3638
f 3707//3638 3706//3637 3979//3910
f 3701//3632 3707//3638 3978//3909
f 3978//3909 3959//3890 3701//3632
f 3700//3631 3701//3632 3959//3890
f 3959//3890 3958//3889 3700//3631
f 3953//3884 3946//3877 3944//3875
f 3944//3875 3950//3881 3953//3884
f 3955//3886 3948//3879 3946//3877
f 3946//3877 3953//3884 3955//3886
f 3967//3898 4237//4168 3962//3893
f 3962//3893 3964//3895 3967//3898
f 4239//4170 4237//4168 3967//3898
f 3967//3898 3969//3900 4239//4170
f 4240//4171 4239//4170 3969//3900
f 3969//3900 3973//3904 4240//4171
f 3955//3886 3954//3885 3965//3896
f 3965//3896 3964//3895 3955//3886
f 3986//3917 3987//3918 3990//3921
f 3990//3921 3983//3914 3986//3917
f 3983//3914 3990//3921 3993//3924
f 3993//3924 3991//3922 3983//3914
f 3995//3926 4082//4013 4083//4014
f 4083//4014 3996//3927 3995//3926
f 3991//3922 3993//3924 3951//3882
f 3951//3882 3950//3881 3991//3922
f 4013//3944 4240//4171 3973//3904
f 3973//3904 4005//3936 4013//3944
f 4014//3945 4013//3944 4005//3936
f 4005//3936 4011//3942 4014//3945
f 3986//3917 3985//3916 3997//3928
f 3997//3928 3996//3927 3986//3917
f 4020//3951 4014//3945 4011//3942
f 4011//3942 4241//4172 4020//3951
f 4021//3952 4020//3951 4241//4172
f 4241//4172 4242//4173 4021//3952
f 3960//3891 3977//3908 4244//4175
f 4244//4175 4243//4174 3960//3891
f 3961//3892 3960//3891 4243//4174
f 4243//4174 4246//4177 3961//3892
f 4023//3954 4130//4061 4244//4175
f 4244//4175 4248//4179 4023//3954
f 4019//3950 4023//3954 4248//4179
f 4248//4179 4242//4173 4019//3950
f 4108//4039 4102//4033 4109//4040
f 4109//4040 4112//4043 4108//4039
f 4094//4025 4108//4039 4112//4043
f 4112//4043 4114//4045 4094//4025
f 4173//4104 4171//4102 4172//4103
f 4172//4103 4178//4109 4173//4104
f 4175//4106 4163//4094 4162//4093
f 4162//4093 4171//4102 4175//4106
f 4172//4103 4158//4089 4160//4091
f 4160//4091 4176//4107 4172//4103
f 4176//4107 4160//4091 4095//4026
f 4095//4026 4179//4110 4176//4107
f 4181//4112 4184//4115 4180//4111
f 4180//4111 4179//4110 4181//4112
f 4113//4044 4183//4114 4182//4113
f 4182//4113 4114//4045 4113//4044
f 4181//4112 4092//4023 4093//4024
f 4093//4024 4182//4113 4181//4112
f 4188//4119 4122//4053 4156//4087
f 4156//4087 4185//4116 4188//4119
f 4189//4120 4188//4119 4187//4118
f 4187//4118 4229//4160 4189//4120
f 4189//4120 4229//4160 4228//4159
f 4228//4159 4190//4121 4189//4120
f 4225//4156 4110//4041 4109//4040
f 4109//4040 4191//4122 4225//4156
f 4192//4123 4232//4163 4186//4117
f 4186//4117 4185//4116 4192//4123
f 4224//4155 4193//4124 4194//4125
f 4194//4125 4201//4132 4224//4155
f 4224//4155 4232//4163 4192//4123
f 4192//4123 4193//4124 4224//4155
f 4198//4129 4154//4085 4169//4100
f 4169//4100 4195//4126 4198//4129
f 4175//4106 4174//4105 4196//4127
f 4196//4127 4195//4126 4175//4106
f 4194//4125 4146//4077 4155//4086
f 4155//4086 4199//4130 4194//4125
f 4198//4129 4197//4128 4200//4131
f 4200//4131 4199//4130 4198//4129
f 4249//4180 4250//4181 4251//4182
f 4251//4182 4252//4183 4249//4180
f 4253//4184 4254//4185 4250//4181
f 4250//4181 4249//4180 4253//4184
f 4251//4182 4255//4186 4256//4187
f 4256//4187 4257//4188 4251//4182
f 4258//4189 4259//4190 4256//4187
f 4256//4187 4255//4186 4258//4189
f 4254//4185 4260//4191 4261//4192
f 4261//4192 4250//4181 4254//4185
f 4262//4193 4263//4194 4264//4195
f 4264//4195 4265//4196 4262//4193
f 4263//4194 4266//4197 4258//4189
f 4258//4189 4264//4195 4263//4194
f 4267//4198 4268//4199 4269//4200
f 4269//4200 4255//4186 4267//4198
f 4268//4199 4267//4198 4270//4201
f 4270//4201 4271//4202 4268//4199
f 4271//4202 4270//4201 4272//4203
f 4272//4203 4273//4204 4271//4202
f 4271//4202 4273//4204 4274//4205
f 4274//4205 4268//4199 4271//4202
f 4275//4206 4269//4200 4268//4199
f 4268//4199 4274//4205 4275//4206
f 4260//4191 4276//4207 4277//4208
f 4277//4208 4261//4192 4260//4191
f 4277//4208 4278//4209 4270//4201
f 4270//4201 4267//4198 4277//4208
f 4278//4209 4279//4210 4272//4203
f 4272//4203 4270//4201 4278//4209
f 4278//4209 4277//4208 4276//4207
f 4276//4207 4279//4210 4278//4209
f 4280//4211 4281//4212 4282//4213
f 4282//4213 4283//4214 4280//4211
f 4283//4214 4284//4215 4285//4216
f 4285//4216 4286//4217 4283//4214
f 4284//4215 4283//4214 4282//4213
f 4282//4213 4287//4218 4284//4215
f 4288//4219 4280//4211 4283//4214
f 4283//4214 4286//4217 4288//4219
f 4281//4212 4257//4188 4256//4187
f 4256//4187 4282//4213 4281//4212
f 4282//4213 4256//4187 4259//4190
f 4259//4190 4287//4218 4282//4213
f 4286//4217 4285//4216 4289//4220
f 4289//4220 4290//4221 4286//4217
f 4291//4222 4288//4219 4286//4217
f 4286//4217 4290//4221 4291//4222
f 4292//4223 4293//3754 4294//4224
f 4292//4223 4294//4224 4295//4225
f 4290//4221 4294//4224 4293//3754
f 4293//3754 4291//4222 4290//4221
f 4295//4225 4294//4224 4290//4221
f 4290//4221 4289//4220 4295//4225
f 4296//4226 4297//4227 4266//4197
f 4266//4197 4263//4194 4296//4226
f 4263//4194 4262//4193 4298//4228
f 4298//4228 4296//4226 4263//4194
f 4296//4226 4298//4228 4299//4229
f 4299//4229 4300//4230 4296//4226
f 4301//4231 4302//4232 4303//4233
f 4303//4233 4304//4234 4301//4231
f 4302//4232 4305//4235 4306//4236
f 4306//4236 4303//4233 4302//4232
f 4307//4237 4308//4238 4303//4233
f 4303//4233 4306//4236 4307//4237
f 4308//4238 4307//4237 4309//4239
f 4304//4234 4303//4233 4308//4238
f 4308//4238 4310//4240 4304//4234
f 4308//4238 4309//4239 4310//4240
f 4300//4230 4311//4241 4297//4227
f 4297//4227 4296//4226 4300//4230
f 4305//4235 4302//4232 4300//4230
f 4300//4230 4299//4229 4305//4235
f 4311//4241 4300//4230 4302//4232
f 4302//4232 4301//4231 4311//4241
f 4312//4242 4313//4243 4314//4244
f 4314//4244 4315//4245 4312//4242
f 4315//4245 4249//4180 4252//4183
f 4252//4183 4312//4242 4315//4245
f 4316//4246 4317//4247 4318//4248
f 4318//4248 4319//4249 4316//4246
f 4320//4250 4317//4247 4316//4246
f 4319//4249 4318//4248 4321//4251
f 4321//4251 4322//4252 4319//4249
f 4314//4244 4321//4251 4323//4253
f 4323//4253 4324//4254 4314//4244
f 4320//4250 4325//4255 4317//4247
f 4325//4255 4326//4256 4318//4248
f 4318//4248 4317//4247 4325//4255
f 4326//4256 4323//4253 4321//4251
f 4321//4251 4318//4248 4326//4256
f 4313//4243 4322//4252 4321//4251
f 4321//4251 4314//4244 4313//4243
f 4314//4244 4324//4254 4327//4257
f 4327//4257 4315//4245 4314//4244
f 4327//4257 4253//4184 4249//4180
f 4249//4180 4315//4245 4327//4257
f 4255//4186 4269//4200 4264//4195
f 4264//4195 4258//4189 4255//4186
f 4265//4196 4264//4195 4269//4200
f 4269//4200 4275//4206 4265//4196
f 4261//4192 4277//4208 4267//4198
f 4267//4198 4255//4186 4261//4192
f 4255//4186 4251//4182 4250//4181
f 4250//4181 4261//4192 4255//4186
f 4219//4150 4230//4161 4328//4258
f 4328//4258 4329//4259 4219//4150
f 4330//4260 4328//4258 4230//4161
f 4230//4161 4215//4146 4330//4260
f 4331//4261 4330//4260 4215//4146
f 4215//4146 3934//3865 4331//4261
f 4331//4261 3934//3865 3935//3866
f 3935//3866 4332//4262 4331//4261
f 4219//4150 4329//4259 4333//4262
f 4333//4262 4220//4151 4219//4150
f 4328//4258 4334//4263 4329//4259
f 4330//4260 4334//4263 4328//4258
f 4331//4261 4334//4263 4330//4260
f 4332//4262 4334//4263 4331//4261
f 4329//4259 4334//4263 4333//4262
f 3443//3375 3502//3433 3487//3418
f 3487//3418 3682//3613 3500//3431
f 3677//3608 3676//3607 3674//3605
f 3674//3605 3675//3606 3677//3608
f 3984//3915 3980//3911 3981//3912
f 3980//3911 3679//3610 3702//3633
f 3702//3633 3981//3912 3980//3911
f 3679//3610 3678//3609 3680//3611
f 3680//3611 3702//3633 3679//3610
f 3678//3609 3676//3607 3650//3581
f 3650//3581 3680//3611 3678//3609
f 3486//3417 3487//3418 3500//3431
f 3500//3431 3489//3420 3486//3417
f 3502//3433 3506//3437 3507//3438
f 3507//3438 3503//3434 3502//3433
f 3675//3606 3682//3613 3505//3436
f 3505//3436 3677//3608 3675//3606
f 3682//3613 3502//3433 3505//3436
f 3682//3613 3487//3418 3502//3433
f 3624//3555 3621//3552 3619//3550
f 4335//4264 4336//4265 4337//4266
f 4337//4266 4338//4267 4335//4264
f 4336//4265 4339//4268 4340//4269
f 4340//4269 4337//4266 4336//4265
f 4341//4270 4342//4271 4340//4269
f 4340//4269 4339//4268 4341//4270
f 4341//4270 4343//4272 4344//4273
f 4344//4273 4342//4271 4341//4270
f 4345//4274 4346//4275 4344//4273
f 4344//4273 4343//4272 4345//4274
f 4345//4274 4347//4276 4348//4277
f 4348//4277 4346//4275 4345//4274
f 4347//4276 4349//4278 4350//4279
f 4350//4279 4348//4277 4347//4276
f 4349//4278 4351//4264 4352//4267
f 4352//4267 4350//4279 4349//4278
f 4337//4266 4353//4280 4338//4267
f 4340//4269 4353//4280 4337//4266
f 4342//4271 4353//4280 4340//4269
f 4344//4273 4353//4280 4342//4271
f 4346//4275 4353//4280 4344//4273
f 4348//4277 4353//4280 4346//4275
f 4350//4279 4353//4280 4348//4277
f 4352//4267 4353//4280 4350//4279
f 4354//4281 4355//4282 4356//4283
f 4357//4284 4355//4282 4354//4281
f 4358//4285 4355//4282 4357//4284
f 4359//4286 4355//4282 4358//4285
f 4360//4287 4355//4282 4359//4286
f 4361//4288 4355//4282 4360//4287
f 4362//4289 4355//4282 4361//4288
f 4363//4290 4355//4282 4362//4289
f 4364//4291 4365//4292 4366//4293
f 4367//4294 4365//4292 4364//4291
f 4368//4295 4365//4292 4367//4294
f 4369//4296 4365//4292 4368//4295
f 4370//4297 4365//4292 4369//4296
f 4371//4298 4365//4292 4370//4297
f 4372//4299 4365//4292 4371//4298
f 4373//4300 4365//4292 4372//4299
f 4374//4301 4375//4302 4376//4303
f 4376//4303 4377//4304 4374//4301
f 4378//4305 4379//4306 4375//4302
f 4375//4302 4374//4301 4378//4305
f 4380//4307 4381//4308 4379//4306
f 4379//4306 4378//4305 4380//4307
f 4380//4307 4382//4309 4383//4310
f 4383//4310 4381//4308 4380//4307
f 4382//4309 4384//4311 4385//4312
f 4385//4312 4383//4310 4382//4309
f 4384//4311 4386//4313 4387//4314
f 4387//4314 4385//4312 4384//4311
f 4386//4313 4388//4315 4389//4316
f 4389//4316 4387//4314 4386//4313
f 4388//4315 4390//4304 4391//4303
f 4391//4303 4389//4316 4388//4315
f 4376//4303 4375//4302 4392//4317
f 4392//4317 4393//4318 4376//4303
f 4379//4306 4394//4319 4392//4317
f 4392//4317 4375//4302 4379//4306
f 4381//4308 4395//4320 4394//4319
f 4394//4319 4379//4306 4381//4308
f 4381//4308 4383//4310 4396//4321
f 4396//4321 4395//4320 4381//4308
f 4385//4312 4397//4322 4396//4321
f 4396//4321 4383//4310 4385//4312
f 4385//4312 4387//4314 4398//4323
f 4398//4323 4397//4322 4385//4312
f 4387//4314 4389//4316 4399//4324
f 4399//4324 4398//4323 4387//4314
f 4389//4316 4391//4303 4400//4325
f 4400//4325 4399//4324 4389//4316
f 4392//4317 4401//4326 4393//4318
f 4394//4319 4401//4326 4392//4317
f 4395//4320 4401//4326 4394//4319
f 4396//4321 4401//4326 4395//4320
f 4397//4322 4401//4326 4396//4321
f 4398//4323 4401//4326 4397//4322
f 4399//4324 4401//4326 4398//4323
f 4400//4325 4401//4326 4399//4324
f 4402//4327 4403//4328 4404//4329
f 4404//4329 4405//4330 4402//4327
f 4406//4331 4407//4332 4404//4329
f 4404//4329 4403//4328 4406//4331
f 4408//4333 4409//4334 4407//4332
f 4407//4332 4406//4331 4408//4333
f 4408//4333 4410//4335 4411//4336
f 4411//4336 4409//4334 4408//4333
f 4412//4337 4413//4338 4411//4336
f 4411//4336 4410//4335 4412//4337
f 4412//4337 4414//4339 4415//4340
f 4415//4340 4413//4338 4412//4337
f 4414//4339 4416//4341 4417//4342
f 4417//4342 4415//4340 4414//4339
f 4416//4341 4418//4327 4419//4343
f 4419//4343 4417//4342 4416//4341
f 4404//4329 4420//4344 4405//4330
f 4407//4332 4420//4344 4404//4329
f 4409//4334 4420//4344 4407//4332
f 4411//4336 4420//4344 4409//4334
f 4413//4338 4420//4344 4411//4336
f 4415//4340 4420//4344 4413//4338
f 4417//4342 4420//4344 4415//4340
f 4419//4343 4420//4344 4417//4342
f 4421//4345 4422//4346 4423//4347
f 4423//4347 4424//4348 4421//4345
f 4425//4349 4426//4350 4422//4346
f 4422//4346 4421//4345 4425//4349
f 4427//4351 4428//4352 4426//4350
f 4426//4350 4425//4349 4427//4351
f 4429//4353 4430//4354 4428//4352
f 4428//4352 4427//4351 4429//4353
f 4429//4353 4431//4355 4432//4356
f 4432//4356 4430//4354 4429//4353
f 4431//4355 4433//4357 4434//4358
f 4434//4358 4432//4356 4431//4355
f 4433//4357 4435//4359 4436//4360
f 4436//4360 4434//4358 4433//4357
f 4437//4359 4424//4348 4423//4347
f 4423//4347 4438//4361 4437//4359
f 4422//4346 4439//4362 4440//4363
f 4440//4363 4423//4347 4422//4346
f 4426//4350 4441//4364 4439//4362
f 4439//4362 4422//4346 4426//4350
f 4428//4352 4442//4365 4441//4364
f 4441//4364 4426//4350 4428//4352
f 4430//4354 4443//4366 4442//4365
f 4442//4365 4428//4352 4430//4354
f 4430//4354 4432//4356 4444//4367
f 4444//4367 4443//4366 4430//4354
f 4432//4356 4434//4358 4445//4368
f 4445//4368 4444//4367 4432//4356
f 4434//4358 4436//4360 4446//4369
f 4446//4369 4445//4368 4434//4358
f 4438//4361 4423//4347 4440//4363
f 4440//4363 4447//4370 4438//4361
f 4440//4363 4439//4362 4448//4371
f 4448//4371 4449//4372 4440//4363
f 4441//4364 4450//4373 4448//4371
f 4448//4371 4439//4362 4441//4364
f 4442//4365 4451//4374 4450//4373
f 4450//4373 4441//4364 4442//4365
f 4442//4365 4443//4366 4452//4375
f 4452//4375 4451//4374 4442//4365
f 4443//4366 4444//4367 4453//4376
f 4453//4376 4452//4375 4443//4366
f 4444//4367 4445//4368 4454//4377
f 4454//4377 4453//4376 4444//4367
f 4445//4368 4446//4369 4455//4378
f 4455//4378 4454//4377 4445//4368
f 4447//4370 4440//4363 4449//4372
f 4449//4372 4456//4378 4447//4370
f 4448//4371 4457//4379 4449//4372
f 4450//4373 4457//4379 4448//4371
f 4451//4374 4457//4379 4450//4373
f 4452//4375 4457//4379 4451//4374
f 4453//4376 4457//4379 4452//4375
f 4454//4377 4457//4379 4453//4376
f 4455//4378 4457//4379 4454//4377
f 4449//4372 4457//4379 4456//4378
f 4458//4380 4459//4381 4460//4382
f 4460//4382 4461//4383 4458//4380
f 4462//4384 4463//4385 4459//4381
f 4459//4381 4458//4380 4462//4384
f 4464//4386 4465//4387 4463//4385
f 4463//4385 4462//4384 4464//4386
f 4464//4386 4466//4388 4467//4389
f 4467//4389 4465//4387 4464//4386
f 4466//4388 4468//4390 4469//4391
f 4469//4391 4467//4389 4466//4388
f 4468//4390 4470//4392 4471//4393
f 4471//4393 4469//4391 4468//4390
f 4470//4392 4472//4394 4473//4395
f 4473//4395 4471//4393 4470//4392
f 4474//4396 4461//4383 4460//4382
f 4460//4382 4475//4397 4474//4396
f 4476//4398 4460//4382 4459//4381
f 4459//4381 4477//4399 4476//4398
f 4463//4385 4478//4400 4477//4399
f 4477//4399 4459//4381 4463//4385
f 4465//4387 4479//4401 4478//4400
f 4478//4400 4463//4385 4465//4387
f 4465//4387 4467//4389 4480//4402
f 4480//4402 4479//4401 4465//4387
f 4469//4391 4481//4403 4480//4402
f 4480//4402 4467//4389 4469//4391
f 4469//4391 4471//4393 4482//4404
f 4482//4404 4481//4403 4469//4391
f 4471//4393 4473//4395 4483//4405
f 4483//4405 4482//4404 4471//4393
f 4475//4397 4460//4382 4476//4398
f 4476//4398 4484//4406 4475//4397
f 4477//4399 4485//4407 4476//4398
f 4478//4400 4485//4407 4477//4399
f 4479//4401 4485//4407 4478//4400
f 4480//4402 4485//4407 4479//4401
f 4481//4403 4485//4407 4480//4402
f 4482//4404 4485//4407 4481//4403
f 4483//4405 4485//4407 4482//4404
f 4476//4398 4485//4407 4484//4406
f 4486//4408 4487//4409 4488//4410
f 4488//4410 4489//4411 4486//4408
f 4490//4412 4491//4413 4487//4409
f 4487//4409 4486//4408 4490//4412
f 4492//4414 4493//4415 4491//4413
f 4491//4413 4490//4412 4492//4414
f 4492//4414 4494//4416 4495//4417
f 4495//4417 4493//4415 4492//4414
f 4494//4416 4496//4418 4497//4419
f 4497//4419 4495//4417 4494//4416
f 4496//4418 4498//4420 4499//4421
f 4499//4421 4497//4419 4496//4418
f 4498//4420 4500//4422 4501//4423
f 4501//4423 4499//4421 4498//4420
f 4502//4422 4489//4411 4488//4410
f 4488//4410 4503//4424 4502//4422
f 4488//4410 4487//4409 4504//4425
f 4504//4425 4505//4426 4488//4410
f 4491//4413 4506//4427 4504//4425
f 4504//4425 4487//4409 4491//4413
f 4493//4415 4507//4428 4506//4427
f 4506//4427 4491//4413 4493//4415
f 4493//4415 4495//4417 4508//4429
f 4508//4429 4507//4428 4493//4415
f 4497//4419 4509//4430 4508//4429
f 4508//4429 4495//4417 4497//4419
f 4497//4419 4499//4421 4510//4431
f 4510//4431 4509//4430 4497//4419
f 4499//4421 4501//4423 4511//4432
f 4511//4432 4510//4431 4499//4421
f 4503//4424 4488//4410 4505//4426
f 4505//4426 4512//4433 4503//4424
f 4504//4425 4513//4434 4505//4426
f 4506//4427 4513//4434 4504//4425
f 4507//4428 4513//4434 4506//4427
f 4508//4429 4513//4434 4507//4428
f 4509//4430 4513//4434 4508//4429
f 4510//4431 4513//4434 4509//4430
f 4511//4432 4513//4434 4510//4431
f 4505//4426 4513//4434 4512//4433
f 4514//4435 4515//4436 4516//4437
f 4516//4437 4517//4438 4514//4435
f 4518//4439 4519//4440 4515//4436
f 4515//4436 4514//4435 4518//4439
f 4520//4441 4521//4442 4519//4440
f 4519//4440 4518//4439 4520//4441
f 4522//4443 4523//4444 4521//4442
f 4521//4442 4520//4441 4522//4443
f 4522//4443 4524//4445 4525//4446
f 4525//4446 4523//4444 4522//4443
f 4524//4445 4526//4447 4527//4448
f 4527//4448 4525//4446 4524//4445
f 4526//4447 4528//4449 4529//4450
f 4529//4450 4527//4448 4526//4447
f 4530//4438 4531//4437 4529//4450
f 4529//4450 4528//4449 4530//4438
f 4515//4436 4532//4451 4533//4452
f 4533//4452 4516//4437 4515//4436
f 4519//4440 4534//4453 4532//4451
f 4532//4451 4515//4436 4519//4440
f 4521//4442 4535//4454 4534//4453
f 4534//4453 4519//4440 4521//4442
f 4521//4442 4523//4444 4536//4455
f 4536//4455 4535//4454 4521//4442
f 4523//4444 4525//4446 4537//4456
f 4537//4456 4536//4455 4523//4444
f 4525//4446 4527//4448 4538//4457
f 4538//4457 4537//4456 4525//4446
f 4527//4448 4529//4450 4539//4458
f 4539//4458 4538//4457 4527//4448
f 4529//4450 4531//4437 4540//4452
f 4540//4452 4539//4458 4529//4450
f 4533//4452 4532//4451 4541//4459
f 4541//4459 4542//4460 4533//4452
f 4532//4451 4534//4453 4543//4461
f 4543//4461 4541//4459 4532//4451
f 4535//4454 4544//4462 4543//4461
f 4543//4461 4534//4453 4535//4454
f 4535//4454 4536//4455 4545//4463
f 4545//4463 4544//4462 4535//4454
f 4537//4456 4546//4464 4545//4463
f 4545//4463 4536//4455 4537//4456
f 4537//4456 4538//4457 4547//4465
f 4547//4465 4546//4464 4537//4456
f 4538//4457 4539//4458 4548//4466
f 4548//4466 4547//4465 4538//4457
f 4539//4458 4540//4452 4549//4460
f 4549//4460 4548//4466 4539//4458
f 4541//4459 4550//4467 4542//4460
f 4543//4461 4550//4467 4541//4459
f 4544//4462 4550//4467 4543//4461
f 4545//4463 4550//4467 4544//4462
f 4546//4464 4550//4467 4545//4463
f 4547//4465 4550//4467 4546//4464
f 4548//4466 4550//4467 4547//4465
f 4549//4460 4550//4467 4548//4466
f 4551//4468 4552//4469 4553//4470
f 4553//4470 4554//4471 4555//4472
f 4555//4472 4551//4468 4553//4470
f 4554//4471 4556//4473 4557//4474
f 4557//4474 4555//4472 4554//4471
f 4558//4475 4557//4474 4556//4473
f 4559//4475 4560//4476 4561//4477
f 4561//4477 4562//4478 4559//4475
f 4560//4476 4563//4479 4564//4480
f 4564//4480 4561//4477 4560//4476
f 4563//4479 4565//4481 4566//4482
f 4566//4482 4564//4480 4563//4479
f 4565//4481 4552//4469 4567//4483
f 4567//4483 4566//4482 4565//4481
f 4551//4468 4568//4484 4567//4483
f 4567//4483 4552//4469 4551//4468
f 4551//4468 4555//4472 4569//4485
f 4569//4485 4568//4484 4551//4468
f 4557//4474 4570//4486 4569//4485
f 4569//4485 4555//4472 4557//4474
f 4558//4475 4571//4487 4570//4486
f 4570//4486 4557//4474 4558//4475
f 4561//4477 4572//4488 4562//4478
f 4564//4480 4572//4488 4561//4477
f 4566//4482 4572//4488 4564//4480
f 4567//4483 4572//4488 4566//4482
f 4568//4484 4572//4488 4567//4483
f 4569//4485 4572//4488 4568//4484
f 4570//4486 4572//4488 4569//4485
f 4571//4487 4572//4488 4570//4486
f 4474//4396 4573//4489 4461//4383
f 4472//4394 4470//4392 4574//4490
f 4575//4491 4576//4492 4577//4493
f 4577//4493 4578//4494 4575//4491
f 4578//4494 4577//4493 4579//4495
f 4579//4495 4580//4496 4578//4494
f 4579//4495 4581//4497 4582//4498
f 4582//4498 4580//4496 4579//4495
f 4582//4498 4581//4497 4583//4499
f 4583//4499 4584//4500 4582//4498
f 4584//4500 4583//4499 4585//4501
f 4585//4501 4586//4502 4584//4500
f 4585//4501 4587//4503 4588//4504
f 4588//4504 4586//4502 4585//4501
f 4587//4503 4589//4505 4590//4506
f 4590//4506 4588//4504 4587//4503
f 4589//4505 4591//4507 4592//4508
f 4592//4508 4590//4506 4589//4505
f 4576//4492 4593//4509 4594//4510
f 4594//4510 4577//4493 4576//4492
f 4577//4493 4594//4510 4595//4511
f 4595//4511 4579//4495 4577//4493
f 4595//4511 4596//4512 4581//4497
f 4581//4497 4579//4495 4595//4511
f 4581//4497 4596//4512 4597//4513
f 4597//4513 4583//4499 4581//4497
f 4597//4513 4598//4514 4585//4501
f 4585//4501 4583//4499 4597//4513
f 4598//4514 4599//4515 4587//4503
f 4587//4503 4585//4501 4598//4514
f 4587//4503 4599//4515 4600//4516
f 4600//4516 4589//4505 4587//4503
f 4591//4507 4589//4505 4600//4516
f 4600//4516 4601//4517 4591//4507
f 4602//4518 4594//4510 4593//4509
f 4602//4518 4595//4511 4594//4510
f 4602//4518 4596//4512 4595//4511
f 4602//4518 4597//4513 4596//4512
f 4602//4518 4598//4514 4597//4513
f 4602//4518 4599//4515 4598//4514
f 4602//4518 4600//4516 4599//4515
f 4602//4518 4601//4517 4600//4516
f 4603//4519 4604//4520 4605//4521
f 4605//4521 4606//4522 4603//4519
f 4605//4521 4607//4523 4608//4524
f 4608//4524 4606//4522 4605//4521
f 4607//4523 4609//4525 4610//4526
f 4610//4526 4608//4524 4607//4523
f 4609//4525 4611//4527 4612//4528
f 4612//4528 4610//4526 4609//4525
f 4612//4528 4611//4527 4613//4529
f 4613//4529 4614//4530 4612//4528
f 4613//4529 4615//4531 4616//4532
f 4616//4532 4614//4530 4613//4529
f 4616//4532 4615//4531 4617//4533
f 4617//4533 4618//4534 4616//4532
f 4618//4534 4617//4533 4619//4535
f 4619//4535 4620//4519 4618//4534
f 4604//4520 4621//4536 4622//4537
f 4622//4537 4605//4521 4604//4520
f 4605//4521 4622//4537 4623//4538
f 4623//4538 4607//4523 4605//4521
f 4607//4523 4623//4538 4624//4539
f 4624//4539 4609//4525 4607//4523
f 4609//4525 4624//4539 4625//4540
f 4625//4540 4611//4527 4609//4525
f 4625//4540 4626//4541 4613//4529
f 4613//4529 4611//4527 4625//4540
f 4626//4541 4627//4542 4615//4531
f 4615//4531 4613//4529 4626//4541
f 4627//4542 4628//4543 4617//4533
f 4617//4533 4615//4531 4627//4542
f 4628//4543 4629//4544 4619//4535
f 4619//4535 4617//4533 4628//4543
f 4630//4545 4622//4537 4621//4536
f 4630//4545 4623//4538 4622//4537
f 4630//4545 4624//4539 4623//4538
f 4630//4545 4625//4540 4624//4539
f 4630//4545 4626//4541 4625//4540
f 4630//4545 4627//4542 4626//4541
f 4630//4545 4628//4543 4627//4542
f 4630//4545 4629//4544 4628//4543
f 4631//4546 4632//4547 4633//4548
f 4633//4548 4634//4549 4631//4546
f 4633//4548 4635//4550 4636//4551
f 4636//4551 4634//4549 4633//4548
f 4635//4550 4637//4552 4638//4553
f 4638//4553 4636//4551 4635//4550
f 4637//4552 4639//4554 4640//4555
f 4640//4555 4638//4553 4637//4552
f 4640//4555 4639//4554 4641//4556
f 4641//4556 4642//4557 4640//4555
f 4642//4557 4641//4556 4643//4558
f 4643//4558 4644//4559 4642//4557
f 4644//4559 4643//4558 4645//4560
f 4645//4560 4646//4561 4644//4559
f 4646//4561 4645//4560 4647//4562
f 4647//4562 4648//4546 4646//4561
f 4632//4547 4649//4563 4650//4564
f 4650//4564 4633//4548 4632//4547
f 4650//4564 4651//4565 4635//4550
f 4635//4550 4633//4548 4650//4564
f 4651//4565 4652//4566 4637//4552
f 4637//4552 4635//4550 4651//4565
f 4637//4552 4652//4566 4653//4567
f 4653//4567 4639//4554 4637//4552
f 4639//4554 4653//4567 4654//4568
f 4654//4568 4641//4556 4639//4554
f 4641//4556 4654//4568 4655//4569
f 4655//4569 4643//4558 4641//4556
f 4643//4558 4655//4569 4656//4570
f 4656//4570 4645//4560 4643//4558
f 4645//4560 4656//4570 4657//4571
f 4657//4571 4647//4562 4645//4560
f 4658//4572 4650//4564 4649//4563
f 4658//4572 4651//4565 4650//4564
f 4658//4572 4652//4566 4651//4565
f 4658//4572 4653//4567 4652//4566
f 4658//4572 4654//4568 4653//4567
f 4658//4572 4655//4569 4654//4568
f 4658//4572 4656//4570 4655//4569
f 4658//4572 4657//4571 4656//4570
f 4659//4573 4660//4574 4661//4575
f 4661//4575 4662//4576 4659//4573
f 4660//4574 4663//4577 4664//4578
f 4664//4578 4661//4575 4660//4574
f 4663//4577 4665//4579 4666//4580
f 4666//4580 4664//4578 4663//4577
f 4665//4579 4667//4581 4668//4582
f 4668//4582 4666//4580 4665//4579
f 4668//4582 4667//4581 4669//4583
f 4669//4583 4670//4584 4668//4582
f 4670//4584 4669//4583 4671//4585
f 4671//4585 4672//4586 4670//4584
f 4672//4586 4671//4585 4673//4587
f 4673//4587 4674//4588 4672//4586
f 4673//4587 4675//4589 4676//4590
f 4676//4590 4674//4588 4673//4587
f 4659//4573 4677//4591 4678//4592
f 4678//4592 4660//4574 4659//4573
f 4678//4592 4679//4593 4663//4577
f 4663//4577 4660//4574 4678//4592
f 4679//4593 4680//4594 4665//4579
f 4665//4579 4663//4577 4679//4593
f 4665//4579 4680//4594 4681//4595
f 4681//4595 4667//4581 4665//4579
f 4681//4595 4682//4596 4669//4583
f 4669//4583 4667//4581 4681//4595
f 4669//4583 4682//4596 4683//4597
f 4683//4597 4671//4585 4669//4583
f 4671//4585 4683//4597 4684//4598
f 4684//4598 4673//4587 4671//4585
f 4673//4587 4684//4598 4685//4591
f 4685//4591 4675//4589 4673//4587
f 4686//4599 4678//4592 4677//4591
f 4686//4599 4679//4593 4678//4592
f 4686//4599 4680//4594 4679//4593
f 4686//4599 4681//4595 4680//4594
f 4686//4599 4682//4596 4681//4595
f 4686//4599 4683//4597 4682//4596
f 4686//4599 4684//4598 4683//4597
f 4686//4599 4685//4591 4684//4598
f 4687//4600 4688//4601 4689//4602
f 4689//4602 4690//4603 4687//4600
f 4688//4601 4691//4604 4692//4605
f 4692//4605 4689//4602 4688//4601
f 4691//4604 4693//4606 4694//4607
f 4694//4607 4692//4605 4691//4604
f 4693//4606 4695//4608 4696//4609
f 4696//4609 4694//4607 4693//4606
f 4696//4609 4695//4608 4697//4610
f 4697//4610 4698//4611 4696//4609
f 4698//4611 4697//4610 4699//4612
f 4699//4612 4700//4613 4698//4611
f 4700//4613 4699//4612 4701//4614
f 4701//4614 4702//4615 4700//4613
f 4701//4614 4703//4616 4704//4617
f 4704//4617 4702//4615 4701//4614
f 4687//4600 4705//4618 4706//4619
f 4706//4619 4688//4601 4687//4600
f 4706//4619 4707//4620 4691//4604
f 4691//4604 4688//4601 4706//4619
f 4707//4620 4708//4621 4693//4606
f 4693//4606 4691//4604 4707//4620
f 4693//4606 4708//4621 4709//4622
f 4709//4622 4695//4608 4693//4606
f 4695//4608 4709//4622 4710//4623
f 4710//4623 4697//4610 4695//4608
f 4697//4610 4710//4623 4711//4624
f 4711//4624 4699//4612 4697//4610
f 4699//4612 4711//4624 4712//4625
f 4712//4625 4701//4614 4699//4612
f 4701//4614 4712//4625 4713//4618
f 4713//4618 4703//4616 4701//4614
f 4714//4626 4706//4619 4705//4618
f 4714//4626 4707//4620 4706//4619
f 4714//4626 4708//4621 4707//4620
f 4714//4626 4709//4622 4708//4621
f 4714//4626 4710//4623 4709//4622
f 4714//4626 4711//4624 4710//4623
f 4714//4626 4712//4625 4711//4624
f 4714//4626 4713//4618 4712//4625
f 4715//4627 4716//4628 4717//4629
f 4717//4629 4718//4630 4715//4627
f 4719//4628 4720//4631 4721//4632
f 4721//4632 4722//4633 4719//4628
f 4720//4631 4723//4634 4724//4635
f 4724//4635 4721//4632 4720//4631
f 4724//4635 4723//4634 4725//4636
f 4725//4636 4726//4637 4724//4635
f 4726//4637 4725//4636 4727//4638
f 4727//4638 4728//4639 4726//4637
f 4728//4639 4727//4638 4729//4640
f 4729//4640 4730//4641 4728//4639
f 4730//4641 4729//4640 4731//4642
f 4731//4642 4732//4643 4730//4641
f 4731//4642 4715//4627 4718//4630
f 4718//4630 4732//4643 4731//4642
f 4733//4644 4734//4645 4716//4628
f 4716//4628 4715//4627 4733//4644
f 4719//4628 4735//4645 4736//4646
f 4736//4646 4720//4631 4719//4628
f 4720//4631 4736//4646 4737//4647
f 4737//4647 4723//4634 4720//4631
f 4723//4634 4737//4647 4738//4648
f 4738//4648 4725//4636 4723//4634
f 4725//4636 4738//4648 4739//4649
f 4739//4649 4727//4638 4725//4636
f 4739//4649 4740//4650 4729//4640
f 4729//4640 4727//4638 4739//4649
f 4740//4650 4741//4651 4731//4642
f 4731//4642 4729//4640 4740//4650
f 4741//4651 4733//4644 4715//4627
f 4715//4627 4731//4642 4741//4651
f 4742//4652 4734//4645 4733//4644
f 4742//4652 4736//4646 4735//4645
f 4742//4652 4737//4647 4736//4646
f 4742//4652 4738//4648 4737//4647
f 4742//4652 4739//4649 4738//4648
f 4742//4652 4740//4650 4739//4649
f 4742//4652 4741//4651 4740//4650
f 4742//4652 4733//4644 4741//4651
f 4743//4653 4744//4654 4745//4655
f 4745//4655 4746//4656 4743//4653
f 4747//4654 4748//4657 4749//4658
f 4749//4658 4750//4655 4747//4654
f 4748//4657 4751//4659 4752//4660
f 4752//4660 4749//4658 4748//4657
f 4752//4660 4751//4659 4753//4661
f 4753//4661 4754//4662 4752//4660
f 4754//4662 4753//4661 4755//4663
f 4755//4663 4756//4664 4754//4662
f 4757//4665 4755//4663 4758//4666
f 4758//4666 4759//4667 4760//4668
f 4759//4667 4758//4666 4761//4669
f 4761//4669 4762//4670 4759//4667
f 4761//4669 4743//4653 4746//4656
f 4746//4656 4763//4670 4761//4669
f 4743//4653 4764//4671 4765//4672
f 4765//4672 4744//4654 4743//4653
f 4747//4654 4766//4672 4767//4673
f 4767//4673 4748//4657 4747//4654
f 4748//4657 4767//4673 4768//4674
f 4768//4674 4751//4659 4748//4657
f 4751//4659 4768//4674 4769//4675
f 4769//4675 4753//4661 4751//4659
f 4753//4661 4769//4675 4770//4676
f 4770//4676 4755//4663 4753//4661
f 4770//4676 4771//4677 4758//4666
f 4758//4666 4755//4663 4770//4676
f 4771//4677 4772//4678 4761//4669
f 4761//4669 4758//4666 4771//4677
f 4772//4678 4764//4671 4743//4653
f 4743//4653 4761//4669 4772//4678
f 4773//4679 4765//4672 4764//4671
f 4773//4679 4767//4673 4766//4672
f 4773//4679 4768//4674 4767//4673
f 4773//4679 4769//4675 4768//4674
f 4773//4679 4770//4676 4769//4675
f 4773//4679 4771//4677 4770//4676
f 4773//4679 4772//4678 4771//4677
f 4773//4679 4764//4671 4772//4678
f 4774//4680 4775//4681 4776//4682
f 4776//4682 4777//4683 4774//4680
f 4777//4683 4776//4682 4778//4684
f 4778//4684 4779//4685 4777//4683
f 4779//4685 4778//4684 4780//4686
f 4780//4686 4781//4687 4779//4685
f 4781//4687 4780//4686 4782//4688
f 4782//4688 4783//4689 4781//4687
f 4782//4688 4784//4690 4785//4691
f 4785//4691 4783//4689 4782//4688
f 4784//4690 4786//4692 4787//4693
f 4787//4693 4785//4691 4784//4690
f 4786//4692 4788//4694 4789//4695
f 4789//4695 4787//4693 4786//4692
f 4788//4694 4790//4696 4791//4697
f 4791//4697 4789//4695 4788//4694
f 4792//4698 4776//4682 4775//4681
f 4792//4698 4778//4684 4776//4682
f 4792//4698 4780//4686 4778//4684
f 4792//4698 4782//4688 4780//4686
f 4792//4698 4784//4690 4782//4688
f 4792//4698 4786//4692 4784//4690
f 4792//4698 4788//4694 4786//4692
f 4792//4698 4790//4696 4788//4694
f 4793//4699 4794//4700 4795//4701
f 4795//4701 4796//4702 4797//4699
f 4796//4702 4795//4701 4798//4703
f 4798//4703 4799//4704 4796//4702
f 4799//4704 4798//4703 4800//4705
f 4800//4705 4801//4706 4799//4704
f 4801//4706 4800//4705 4802//4707
f 4802//4707 4803//4708 4801//4706
f 4802//4707 4804//4709 4805//4710
f 4805//4710 4803//4708 4802//4707
f 4804//4709 4806//4711 4807//4712
f 4807//4712 4805//4710 4804//4709
f 4806//4711 4808//4713 4809//4714
f 4809//4714 4807//4712 4806//4711
f 4808//4713 4810//4715 4811//4716
f 4812//4699 4809//4714 4808//4713
f 4813//4717 4795//4701 4794//4700
f 4813//4717 4798//4703 4795//4701
f 4813//4717 4800//4705 4798//4703
f 4813//4717 4802//4707 4800//4705
f 4813//4717 4804//4709 4802//4707
f 4813//4717 4806//4711 4804//4709
f 4813//4717 4808//4713 4806//4711
f 4813//4717 4810//4715 4808//4713
f 4814//4718 4815//4719 4816//4720
f 4816//4720 4817//4721 4814//4718
f 4817//4721 4816//4720 4818//4722
f 4818//4722 4819//4723 4817//4721
f 4819//4723 4818//4722 4820//4724
f 4820//4724 4821//4725 4819//4723
f 4821//4725 4820//4724 4822//4726
f 4822//4726 4823//4727 4821//4725
f 4822//4726 4824//4728 4825//4729
f 4826//4730 4823//4727 4822//4726
f 4824//4728 4827//4731 4828//4732
f 4828//4732 4829//4729 4824//4728
f 4827//4731 4830//4733 4831//4734
f 4831//4734 4828//4732 4827//4731
f 4830//4733 4832//4719 4833//4735
f 4833//4735 4831//4734 4830//4733
f 4834//4736 4816//4720 4815//4719
f 4834//4736 4818//4722 4816//4720
f 4834//4736 4820//4724 4818//4722
f 4834//4736 4822//4726 4820//4724
f 4834//4736 4824//4728 4822//4726
f 4834//4736 4827//4731 4824//4728
f 4834//4736 4830//4733 4827//4731
f 4834//4736 4832//4719 4830//4733
f 4835//4737 4836//4738 4837//4739
f 4837//4739 4838//4740 4835//4737
f 4838//4740 4837//4739 4839//4741
f 4839//4741 4840//4742 4838//4740
f 4840//4742 4839//4741 4841//4743
f 4841//4743 4842//4744 4840//4742
f 4842//4744 4841//4743 4843//4745
f 4843//4745 4844//4746 4842//4744
f 4843//4745 4845//4747 4846//4748
f 4846//4748 4844//4746 4843//4745
f 4845//4747 4847//4749 4848//4750
f 4848//4750 4846//4748 4845//4747
f 4847//4749 4849//4751 4850//4752
f 4850//4752 4848//4750 4847//4749
f 4849//4751 4851//4738 4852//4753
f 4852//4753 4850//4752 4849//4751
f 4853//4754 4837//4739 4836//4738
f 4853//4754 4839//4741 4837//4739
f 4853//4754 4841//4743 4839//4741
f 4853//4754 4843//4745 4841//4743
f 4853//4754 4845//4747 4843//4745
f 4853//4754 4847//4749 4845//4747
f 4853//4754 4849//4751 4847//4749
f 4853//4754 4851//4738 4849//4751
f 4854//4755 4855//4756 4856//4757
f 4854//4755 4857//4758 4855//4756
f 4854//4755 4858//4759 4857//4758
f 4854//4755 4859//4760 4858//4759
f 4854//4755 4860//4761 4859//4760
f 4854//4755 4861//4762 4860//4761
f 4854//4755 4862//4763 4861//4762
f 4863//4764 4864//4765 4865//4766
f 4863//4764 4866//4767 4864//4765
f 4863//4764 4867//4768 4866//4767
f 4863//4764 4868//4769 4867//4768
f 4863//4764 4869//4770 4868//4769
f 4863//4764 4870//4771 4869//4770
f 4871//4772 4872//4773 4873//4774
f 4873//4774 4874//4775 4871//4772
f 4874//4775 4873//4774 4875//4776
f 4875//4776 4876//4777 4874//4775
f 4876//4777 4875//4776 4877//4778
f 4877//4778 4878//4779 4876//4777
f 4878//4779 4877//4778 4879//4780
f 4879//4780 4880//4781 4878//4779
f 4879//4780 4881//4782 4882//4783
f 4882//4783 4880//4781 4879//4780
f 4881//4782 4883//4784 4884//4785
f 4884//4785 4882//4783 4881//4782
f 4883//4784 4885//4786 4886//4787
f 4886//4787 4884//4785 4883//4784
f 4885//4786 4887//4788 4888//4772
f 4888//4772 4886//4787 4885//4786
f 4889//4789 4873//4774 4872//4773
f 4889//4789 4875//4776 4873//4774
f 4889//4789 4877//4778 4875//4776
f 4889//4789 4879//4780 4877//4778
f 4889//4789 4881//4782 4879//4780
f 4889//4789 4883//4784 4881//4782
f 4889//4789 4885//4786 4883//4784
f 4889//4789 4887//4788 4885//4786
f 3160//3107 3159//3106 3171//3118
f 3171//3118 3195//3143 3160//3107
f 3161//3108 3160//3107 3195//3143
f 3195//3143 3180//3127 3161//3108
f 3163//3110 3162//3109 3201//4790
f 4890//4791 3164//4792 4891//4793
f 3163//3110 3167//3114 3157//3104
f 3157//3104 3155//3102 3163//3110
f 3169//3116 3167//3114 3190//3137
f 3190//3137 3170//3117 3169//3116
f 3169//3116 3159//3106 3149//3096
f 3149//3096 3158//3105 3169//3116
f 3178//3125 3177//3124 3174//3121
f 3174//3121 3175//3122 3178//3125
f 3161//3108 3178//3125 3175//3122
f 3175//3122 3152//3099 3161//3108
f 3177//3124 3184//3131 3182//3129
f 3182//3129 3174//3121 3177//3124
f 3184//3131 3188//3135 3186//3133
f 3186//3133 3182//3129 3184//3131
f 4892//4794 4893//4795 4894//4796
f 4894//4796 4895//4797 4892//4794
f 4896//4798 4897//4799 4893//4795
f 4893//4795 4892//4794 4896//4798
f 4898//4800 4899//4801 4897//4799
f 4897//4799 4896//4798 4898//4800
f 4900//4802 4899//4801 4898//4800
f 4898//4800 4901//4803 4900//4802
f 4901//4803 4902//4804 4903//4805
f 4903//4805 4900//4802 4901//4803
f 4902//4804 4904//4806 4905//4807
f 4905//4807 4903//4805 4902//4804
f 4904//4806 4906//4808 4907//4809
f 4907//4809 4905//4807 4904//4806
f 4906//4808 4908//4797 4909//4796
f 4909//4796 4907//4809 4906//4808
f 4894//4796 4893//4795 4910//4810
f 4910//4810 4911//4811 4894//4796
f 4897//4799 4912//4812 4910//4810
f 4910//4810 4893//4795 4897//4799
f 4897//4799 4899//4801 4913//4813
f 4913//4813 4912//4812 4897//4799
f 4899//4801 4900//4802 4914//4814
f 4914//4814 4913//4813 4899//4801
f 4900//4802 4903//4805 4915//4815
f 4915//4815 4914//4814 4900//4802
f 4903//4805 4905//4807 4916//4816
f 4916//4816 4915//4815 4903//4805
f 4905//4807 4907//4809 4917//4817
f 4917//4817 4916//4816 4905//4807
f 4907//4809 4909//4796 4918//4818
f 4918//4818 4917//4817 4907//4809
f 4910//4810 4919//4819 4911//4811
f 4912//4812 4919//4819 4910//4810
f 4913//4813 4919//4819 4912//4812
f 4914//4814 4919//4819 4913//4813
f 4915//4815 4919//4819 4914//4814
f 4916//4816 4919//4819 4915//4815
f 4917//4817 4919//4819 4916//4816
f 4918//4818 4919//4819 4917//4817
f 4920//4820 4921//4821 4922//4822
f 4922//4822 4923//4823 4924//4824
f 4925//4825 4926//4820 4923//4823
f 4923//4823 4927//4826 4928//4825
f 4929//4827 4930//4828 4927//4826
f 4927//4826 4931//4829 4929//4827
f 4929//4827 4931//4829 4932//4830
f 4932//4830 4933//4831 4929//4827
f 4933//4831 4932//4830 4934//4832
f 4934//4832 4935//4833 4933//4831
f 4935//4833 4934//4832 4936//4834
f 4936//4834 4937//4835 4935//4833
f 4938//4835 4936//4834 4939//4836
f 4939//4836 4940//4837 4941//4835
f 4942//4821 4940//4837 4939//4836
f 4939//4836 4943//4838 4942//4821
f 4944//4839 4923//4823 4922//4822
f 4922//4822 4945//4840 4944//4839
f 4923//4823 4944//4839 4946//4841
f 4946//4841 4927//4826 4923//4823
f 4927//4826 4946//4841 4947//4842
f 4947//4842 4931//4829 4927//4826
f 4931//4829 4947//4842 4948//4843
f 4948//4843 4932//4830 4931//4829
f 4932//4830 4948//4843 4949//4844
f 4949//4844 4934//4832 4932//4830
f 4936//4834 4934//4832 4949//4844
f 4949//4844 4950//4845 4936//4834
f 4939//4836 4936//4834 4950//4845
f 4950//4845 4951//4846 4939//4836
f 4943//4838 4939//4836 4951//4846
f 4951//4846 4952//4847 4943//4838
f 4944//4839 4945//4840 4953//4848
f 4946//4841 4944//4839 4953//4848
f 4947//4842 4946//4841 4953//4848
f 4948//4843 4947//4842 4953//4848
f 4949//4844 4948//4843 4953//4848
f 4950//4845 4949//4844 4953//4848
f 4951//4846 4950//4845 4953//4848
f 4952//4847 4951//4846 4953//4848
f 4954//4849 4955//4850 4956//4851
f 4956//4851 4957//4852 4954//4849
f 4958//4853 4959//4854 4960//4855
f 4960//4855 4961//4856 4958//4853
f 4962//4857 4963//4858 4964//4859
f 4964//4859 4965//4860 4962//4857
f 4963//4858 4966//4861 4967//4862
f 4967//4862 4964//4859 4963//4858
f 4964//4859 4967//4862 4968//4863
f 4968//4863 4969//4864 4964//4859
f 4962//4857 4970//4865 4971//4866
f 4971//4866 4972//4867 4962//4857
f 4973//4868 4965//4860 4961//4856
f 4961//4856 4960//4855 4973//4868
f 4961//4856 4969//4864 4974//4869
f 4974//4869 4958//4853 4961//4856
f 4969//4864 4968//4863 4975//4870
f 4975//4870 4974//4869 4969//4864
f 4974//4869 4975//4870 4976//4871
f 4976//4871 4977//4872 4974//4869
f 4977//4872 4978//4873 4958//4853
f 4958//4853 4974//4869 4977//4872
f 4968//4863 4967//4862 4979//4874
f 4979//4874 4975//4870 4968//4863
f 4959//4854 4958//4853 4978//4873
f 4978//4873 4980//4875 4959//4854
f 4955//4850 4981//4875 4982//4876
f 4982//4876 4956//4851 4955//4850
f 4983//4877 4980//4875 4978//4873
f 4978//4873 4984//4878 4983//4877
f 4957//4852 4985//4879 4986//4868
f 4986//4868 4954//4849 4957//4852
f 4957//4852 4956//4851 4987//4880
f 4987//4880 4985//4879 4957//4852
f 4956//4851 4982//4876 4988//4881
f 4988//4881 4987//4880 4956//4851
f 4981//4875 4989//4882 4990//4883
f 4990//4883 4982//4876 4981//4875
f 4991//4884 4988//4881 4982//4876
f 4982//4876 4990//4883 4991//4884
f 4992//4885 4993//4886 4994//4865
f 4994//4865 4995//4887 4992//4885
f 4995//4887 4996//4888 4997//4889
f 4997//4889 4992//4885 4995//4887
f 4998//4890 4990//4883 4989//4882
f 4989//4882 4999//4891 4998//4890
f 4990//4883 4998//4890 5000//4892
f 5000//4892 4991//4884 4990//4883
f 5001//4893 5002//4894 5003//4895
f 5003//4895 5004//4896 5001//4893
f 5003//4895 5005//4897 4988//4881
f 4988//4881 4991//4884 5003//4895
f 4984//4878 5006//4898 5007//4899
f 5007//4899 5008//4900 4984//4878
f 5009//4901 5007//4899 5006//4898
f 5006//4898 5010//4902 5009//4901
f 5010//4902 5006//4898 4977//4872
f 4977//4872 4976//4871 5010//4902
f 4978//4873 4977//4872 5006//4898
f 5006//4898 4984//4878 4978//4873
f 5008//4900 5011//4903 4983//4877
f 4983//4877 4984//4878 5008//4900
f 4975//4870 4979//4874 5012//4904
f 5012//4904 4976//4871 4975//4870
f 5013//4905 5014//4906 5015//4907
f 5015//4907 5012//4904 5013//4905
f 5009//4901 5010//4902 5015//4907
f 5015//4907 5016//4908 5009//4901
f 5017//4909 5018//4910 5019//4911
f 5019//4911 5020//4912 5017//4909
f 5020//4912 5021//4913 5022//4914
f 5022//4914 5017//4909 5020//4912
f 5023//4915 5024//4916 5017//4909
f 5017//4909 5022//4914 5023//4915
f 5025//4917 5026//4918 5027//4919
f 5027//4919 5018//4910 5025//4917
f 5018//4910 5017//4909 5024//4916
f 5024//4916 5025//4917 5018//4910
f 5018//4910 5027//4919 5028//4920
f 5028//4920 5019//4911 5018//4910
f 5029//4921 5030//4922 5031//4923
f 5031//4923 5032//4924 5029//4921
f 5033//4925 5029//4921 5032//4924
f 5032//4924 5034//4926 5033//4925
f 5035//4927 5036//4928 5034//4926
f 5034//4926 5032//4924 5035//4927
f 5034//4926 5037//4929 5038//4930
f 5038//4930 5033//4925 5034//4926
f 5036//4928 5039//4931 5037//4929
f 5037//4929 5034//4926 5036//4928
f 4972//4867 5035//4927 5032//4924
f 5032//4924 5031//4923 4972//4867
f 5022//4914 5029//4921 5033//4925
f 5033//4925 5023//4915 5022//4914
f 5038//4930 5040//4932 5023//4915
f 5023//4915 5033//4925 5038//4930
f 5029//4921 5022//4914 5021//4913
f 5021//4913 5030//4922 5029//4921
f 4996//4888 5005//4897 5041//4933
f 5041//4933 4997//4889 4996//4888
f 5041//4933 5002//4894 5042//4934
f 5042//4934 5043//4935 5041//4933
f 5043//4935 5042//4934 5044//4936
f 5044//4936 5045//4937 5043//4935
f 5042//4934 5046//4938 5047//4939
f 5047//4939 5044//4936 5042//4934
f 5048//4940 5049//4941 5045//4937
f 5045//4937 5044//4936 5048//4940
f 5050//4942 5051//4943 5049//4941
f 5049//4941 5048//4940 5050//4942
f 5045//4937 5052//4944 5053//4945
f 5053//4945 5043//4935 5045//4937
f 5049//4941 5054//4946 5052//4944
f 5052//4944 5045//4937 5049//4941
f 5051//4943 5050//4942 5055//4947
f 5055//4947 5056//4948 5051//4943
f 5048//4940 5057//4949 5058//4950
f 5058//4950 5050//4942 5048//4940
f 5050//4942 5058//4950 5059//4951
f 5059//4951 5055//4947 5050//4942
f 5057//4949 5048//4940 5044//4936
f 5044//4936 5047//4939 5057//4949
f 5046//4938 5042//4934 5002//4894
f 5002//4894 5001//4893 5046//4938
f 5043//4935 5053//4945 4997//4889
f 4997//4889 5041//4933 5043//4935
f 5052//4944 5060//4952 5061//4953
f 5061//4953 5053//4945 5052//4944
f 5060//4952 5052//4944 5054//4946
f 5054//4946 5062//4954 5060//4952
f 5062//4954 5054//4946 5063//4955
f 5063//4955 5064//4956 5062//4954
f 5065//4957 5066//4958 5064//4956
f 5064//4956 5063//4955 5065//4957
f 5060//4952 5062//4954 5067//4959
f 5067//4959 5068//4960 5060//4952
f 5064//4956 5069//4961 5067//4959
f 5067//4959 5062//4954 5064//4956
f 5061//4953 5060//4952 5068//4960
f 5068//4960 5070//4962 5061//4953
f 4993//4886 4992//4885 5061//4953
f 5061//4953 5070//4962 4993//4886
f 5071//4963 5035//4927 4972//4867
f 4972//4867 4971//4866 5071//4963
f 5071//4963 5072//4960 5036//4928
f 5036//4928 5035//4927 5071//4963
f 5053//4945 5061//4953 4992//4885
f 4992//4885 4997//4889 5053//4945
f 5054//4946 5049//4941 5051//4943
f 5051//4943 5063//4955 5054//4946
f 5063//4955 5051//4943 5056//4948
f 5056//4948 5065//4957 5063//4955
f 5065//4957 5056//4948 5073//4964
f 5073//4964 5074//4965 5065//4957
f 5074//4965 5073//4964 5075//4966
f 5075//4966 5076//4967 5074//4965
f 5056//4948 5055//4947 5077//4968
f 5077//4968 5073//4964 5056//4948
f 5073//4964 5077//4968 5078//4969
f 5078//4969 5075//4966 5073//4964
f 5079//4970 5080//4971 5075//4966
f 5075//4966 5078//4969 5079//4970
f 5076//4967 5075//4966 5080//4971
f 5080//4971 5081//4972 5076//4967
f 5076//4967 5082//4973 5083//4974
f 5083//4974 5074//4965 5076//4967
f 5081//4972 5084//4975 5082//4973
f 5082//4973 5076//4967 5081//4972
f 5079//4970 5078//4969 5085//4976
f 5085//4976 5086//4977 5079//4970
f 5087//4978 5085//4976 5078//4969
f 5078//4969 5077//4968 5087//4978
f 5074//4965 5083//4974 5066//4958
f 5066//4958 5065//4957 5074//4965
f 5039//4931 5088//4979 5089//4961
f 5089//4961 5090//4980 5039//4931
f 5090//4980 5089//4961 5091//4981
f 5091//4981 5092//4982 5090//4980
f 5093//4983 5094//4984 5092//4982
f 5092//4982 5091//4981 5093//4983
f 5093//4983 5095//4985 5096//4986
f 5096//4986 5094//4984 5093//4983
f 5095//4985 5097//4987 5098//4988
f 5098//4988 5096//4986 5095//4985
f 5099//4989 5100//4990 5096//4986
f 5096//4986 5098//4988 5099//4989
f 5094//4984 5096//4986 5100//4990
f 5100//4990 5101//4991 5094//4984
f 5083//4974 5082//4973 5102//4992
f 5102//4992 5103//4983 5083//4974
f 5104//4993 5066//4958 5083//4974
f 5083//4974 5103//4983 5104//4993
f 5092//4982 5105//4994 5106//4995
f 5106//4995 5090//4980 5092//4982
f 5105//4994 5092//4982 5094//4984
f 5094//4984 5101//4991 5105//4994
f 5106//4995 5107//4996 5038//4930
f 5038//4930 5037//4929 5106//4995
f 5105//4994 5108//4997 5107//4996
f 5107//4996 5106//4995 5105//4994
f 5037//4929 5039//4931 5090//4980
f 5090//4980 5106//4995 5037//4929
f 5069//4961 5064//4956 5066//4958
f 5066//4958 5104//4993 5069//4961
f 5039//4931 5036//4928 5072//4960
f 5072//4960 5088//4979 5039//4931
f 5109//4998 5102//4992 5082//4973
f 5082//4973 5084//4975 5109//4998
f 5110//4999 5111//5000 5112//5001
f 5112//5001 5113//5002 5110//4999
f 5112//5001 5114//5003 5115//5004
f 5115//5004 5116//5005 5112//5001
f 5117//5006 5116//5005 5115//5004
f 5115//5004 5118//5007 5117//5006
f 5119//5008 5118//5007 5115//5004
f 5115//5004 5120//5009 5119//5008
f 5114//5003 5121//5010 5120//5009
f 5120//5009 5115//5004 5114//5003
f 5122//5011 5111//5000 5084//4975
f 5084//4975 5081//4972 5122//5011
f 5122//5011 5123//5012 5121//5010
f 5121//5010 5114//5003 5122//5011
f 5124//5013 5125//5014 5126//5015
f 5126//5015 5127//5016 5124//5013
f 5125//5014 5124//5013 5128//5017
f 5128//5017 5129//5018 5125//5014
f 5129//5018 5099//4989 5098//4988
f 5098//4988 5125//5014 5129//5018
f 5130//5019 5131//5020 5132//5021
f 5132//5021 5133//5022 5130//5019
f 5134//5023 5135//5024 5116//5005
f 5116//5005 5117//5006 5134//5023
f 5026//4918 5025//4917 5136//5025
f 5136//5025 5137//5026 5026//4918
f 5137//5026 5136//5025 5138//5027
f 5138//5027 5139//5028 5137//5026
f 5139//5028 5138//5027 5140//5029
f 5140//5029 5141//5030 5139//5028
f 5141//5030 5140//5029 5142//5031
f 5142//5031 5143//5032 5141//5030
f 5144//5033 5145//5034 5140//5029
f 5140//5029 5138//5027 5144//5033
f 5146//5035 5144//5033 5138//5027
f 5138//5027 5136//5025 5146//5035
f 5147//5036 5148//5037 5149//5038
f 5149//5038 5150//5039 5147//5036
f 5151//5040 5152//5041 5148//5037
f 5148//5037 5147//5036 5151//5040
f 5153//1008 5154//5042 5155//5043
f 5155//5043 5156//5044 5153//1008
f 5157//5045 5158//5046 5101//4991
f 5101//4991 5100//4990 5157//5045
f 5100//4990 5099//4989 5159//5047
f 5159//5047 5157//5045 5100//4990
f 5099//4989 5129//5018 5160//5048
f 5160//5048 5159//5047 5099//4989
f 5108//4997 5105//4994 5101//4991
f 5101//4991 5158//5046 5108//4997
f 5158//5046 5161//5049 5162//5050
f 5162//5050 5108//4997 5158//5046
f 5162//5050 5163//5051 5107//4996
f 5107//4996 5108//4997 5162//5050
f 5145//5034 5144//5033 5163//5051
f 5163//5051 5162//5050 5145//5034
f 5164//5052 5145//5034 5162//5050
f 5162//5050 5161//5049 5164//5052
f 5161//5049 5158//5046 5157//5045
f 5157//5045 5165//5053 5161//5049
f 5157//5045 5159//5047 5166//5054
f 5166//5054 5165//5053 5157//5045
f 5107//4996 5163//5051 5040//4932
f 5040//4932 5038//4930 5107//4996
f 5159//5047 5160//5048 5167//5055
f 5167//5055 5166//5054 5159//5047
f 5160//5048 5168//5056 5169//5057
f 5169//5057 5167//5055 5160//5048
f 5165//5053 5166//5054 5170//5058
f 5170//5058 5171//5059 5165//5053
f 5172//5060 5173//5061 5167//5055
f 5167//5055 5169//5057 5172//5060
f 5129//5018 5128//5017 5168//5056
f 5168//5056 5160//5048 5129//5018
f 5174//5062 5175//5063 5176//5064
f 5176//5064 5177//5065 5174//5062
f 5040//4932 5146//5035 5024//4916
f 5024//4916 5023//4915 5040//4932
f 5144//5033 5146//5035 5040//4932
f 5040//4932 5163//5051 5144//5033
f 5146//5035 5136//5025 5025//4917
f 5025//4917 5024//4916 5146//5035
f 5154//5042 5142//5031 5164//5052
f 5164//5052 5171//5059 5154//5042
f 5170//5058 5155//5043 5154//5042
f 5154//5042 5171//5059 5170//5058
f 5173//5061 5172//5060 5148//5037
f 5148//5037 5152//5041 5173//5061
f 5172//5060 5178//5066 5149//5038
f 5149//5038 5148//5037 5172//5060
f 5142//5031 5140//5029 5145//5034
f 5145//5034 5164//5052 5142//5031
f 5161//5049 5165//5053 5171//5059
f 5171//5059 5164//5052 5161//5049
f 5179//5067 5180//5068 5175//5063
f 5175//5063 5174//5062 5179//5067
f 5133//5022 5132//5021 5180//5068
f 5180//5068 5179//5067 5133//5022
f 5132//5021 5181//5069 5182//5070
f 5182//5070 5180//5068 5132//5021
f 5183//5071 5175//5063 5180//5068
f 5180//5068 5182//5070 5183//5071
f 5175//5063 5183//5071 5184//5072
f 5184//5072 5176//5064 5175//5063
f 5185//5073 5176//5064 5184//5072
f 5184//5072 5186//5074 5185//5073
f 5055//4947 5059//4951 5087//4978
f 5087//4978 5077//4968 5055//4947
f 5187//5075 5121//5010 5123//5012
f 5123//5012 5188//5076 5187//5075
f 5189//5077 5190//5078 5187//5075
f 5187//5075 5188//5076 5189//5077
f 5191//5079 5192//5080 5119//5008
f 5119//5008 5120//5009 5191//5079
f 5193//5081 5194//5082 5192//5080
f 5192//5080 5191//5079 5193//5081
f 5191//5079 5187//5075 5190//5078
f 5190//5078 5193//5081 5191//5079
f 5195//5083 5196//5084 5118//5007
f 5118//5007 5119//5008 5195//5083
f 5197//5085 5134//5023 5117//5006
f 5117//5006 5198//5086 5197//5085
f 5198//5086 5117//5006 5118//5007
f 5118//5007 5196//5084 5198//5086
f 5199//5087 5192//5080 5194//5082
f 5194//5082 5200//5088 5199//5087
f 5154//5042 5153//1008 5143//5032
f 5143//5032 5142//5031 5154//5042
f 5201//5089 5202//5090 5150//5039
f 5150//5039 5149//5038 5201//5089
f 5185//5073 5186//5074 5203//5091
f 5203//5091 5201//5089 5185//5073
f 5123//5012 5122//5011 5081//4972
f 5081//4972 5080//4971 5123//5012
f 5188//5076 5123//5012 5080//4971
f 5080//4971 5079//4970 5188//5076
f 5188//5076 5079//4970 5086//4977
f 5086//4977 5189//5077 5188//5076
f 5097//4987 5126//5015 5125//5014
f 5125//5014 5098//4988 5097//4987
f 5111//5000 5110//4999 5109//4998
f 5109//4998 5084//4975 5111//5000
f 5152//5041 5151//5040 5156//5044
f 5156//5044 5155//5043 5152//5041
f 5166//5054 5167//5055 5173//5061
f 5173//5061 5170//5058 5166//5054
f 5152//5041 5155//5043 5170//5058
f 5170//5058 5173//5061 5152//5041
f 5135//5024 5113//5002 5112//5001
f 5112//5001 5116//5005 5135//5024
f 5111//5000 5122//5011 5114//5003
f 5114//5003 5112//5001 5111//5000
f 5179//5067 5128//5017 5124//5013
f 5124//5013 5133//5022 5179//5067
f 5133//5022 5124//5013 5127//5016
f 5127//5016 5130//5019 5133//5022
f 5168//5056 5174//5062 5177//5065
f 5177//5065 5169//5057 5168//5056
f 5128//5017 5179//5067 5174//5062
f 5174//5062 5168//5056 5128//5017
f 5169//5057 5177//5065 5178//5066
f 5178//5066 5172//5060 5169//5057
f 5187//5075 5191//5079 5120//5009
f 5120//5009 5121//5010 5187//5075
f 5131//5020 5204//5092 5181//5069
f 5181//5069 5132//5021 5131//5020
f 5178//5066 5177//5065 5176//5064
f 5176//5064 5185//5073 5178//5066
f 5192//5080 5199//5087 5195//5083
f 5195//5083 5119//5008 5192//5080
f 5203//5091 5205//5093 5202//5090
f 5202//5090 5201//5089 5203//5091
f 5149//5038 5178//5066 5185//5073
f 5185//5073 5201//5089 5149//5038
f 4972//4867 5031//4923 4963//4858
f 4963//4858 4962//4857 4972//4867
f 5031//4923 5030//4922 4966//4861
f 4966//4861 4963//4858 5031//4923
f 4965//4860 4973//4868 4970//4865
f 4970//4865 4962//4857 4965//4860
f 4986//4868 4985//4879 4995//4887
f 4995//4887 4994//4865 4986//4868
f 5002//4894 5041//4933 5005//4897
f 5005//4897 5003//4895 5002//4894
f 5021//4913 5020//4912 5013//4905
f 5013//4905 5206//5094 5021//4913
f 5019//4911 5028//4920 5207//5095
f 5207//5095 5014//4906 5019//4911
f 5020//4912 5019//4911 5014//4906
f 5014//4906 5013//4905 5020//4912
f 5030//4922 5021//4913 5206//5094
f 5206//5094 4966//4861 5030//4922
f 4969//4864 4961//4856 4965//4860
f 4965//4860 4964//4859 4969//4864
f 4996//4888 4995//4887 4985//4879
f 4985//4879 4987//4880 4996//4888
f 5004//4896 5003//4895 4991//4884
f 4991//4884 5000//4892 5004//4896
f 5012//4904 5015//4907 5010//4902
f 5010//4902 4976//4871 5012//4904
f 5014//4906 5207//5095 5016//4908
f 5016//4908 5015//4907 5014//4906
f 4966//4861 5206//5094 4979//4874
f 4979//4874 4967//4862 4966//4861
f 5005//4897 4996//4888 4987//4880
f 4987//4880 4988//4881 5005//4897
f 5206//5094 5013//4905 5012//4904
f 5012//4904 4979//4874 5206//5094
f 5208//5096 5209//5097 5210//5098
f 5210//5098 5211//5099 5208//5096
f 5212//5100 5213//5101 5214//5102
f 5214//5102 5215//5099 5212//5100
f 5216//5103 5217//5104 5218//5105
f 5218//5105 5219//5106 5216//5103
f 5219//5106 5218//5105 5220//5107
f 5220//5107 5221//5108 5219//5106
f 5218//5105 5222//5109 5223//5110
f 5223//5110 5220//5107 5218//5105
f 5216//5103 5224//5111 5225//5112
f 5225//5112 5226//5113 5216//5103
f 5227//5114 5214//5102 5213//5101
f 5213//5101 5217//5104 5227//5114
f 5213//5101 5212//5100 5228//5115
f 5228//5115 5222//5109 5213//5101
f 5222//5109 5228//5115 5229//5116
f 5229//5116 5223//5110 5222//5109
f 5228//5115 5230//5117 5231//5118
f 5231//5118 5229//5116 5228//5115
f 5230//5117 5228//5115 5212//5100
f 5212//5100 5232//5119 5230//5117
f 5223//5110 5229//5116 5233//5120
f 5233//5120 5220//5107 5223//5110
f 5215//5099 5234//5121 5232//5119
f 5232//5119 5212//5100 5215//5099
f 5211//5099 5210//5098 5235//5122
f 5235//5122 5236//5123 5211//5099
f 5237//5124 5238//5125 5232//5119
f 5232//5119 5234//5121 5237//5124
f 5209//5097 5208//5096 5239//5126
f 5239//5126 5240//5127 5209//5097
f 5209//5097 5240//5127 5241//5128
f 5241//5128 5210//5098 5209//5097
f 5210//5098 5241//5128 5242//5129
f 5242//5129 5235//5122 5210//5098
f 5236//5123 5235//5122 5243//5130
f 5243//5130 5244//5131 5236//5123
f 5245//5132 5243//5130 5235//5122
f 5235//5122 5242//5129 5245//5132
f 5246//5133 5247//5134 5248//5135
f 5248//5135 5249//5136 5246//5133
f 5247//5134 5246//5133 5250//5137
f 5250//5137 5251//5138 5247//5134
f 4998//4890 4999//4891 5244//5131
f 5244//5131 5243//5130 4998//4890
f 5243//5130 5245//5132 5000//4892
f 5000//4892 4998//4890 5243//5130
f 5001//4893 5004//4896 5252//5139
f 5252//5139 5253//5140 5001//4893
f 5252//5139 5245//5132 5242//5129
f 5242//5129 5254//5141 5252//5139
f 5238//5125 5008//4900 5007//4899
f 5007//4899 5255//5142 5238//5125
f 5009//4901 5256//5143 5255//5142
f 5255//5142 5007//4899 5009//4901
f 5256//5143 5231//5118 5230//5117
f 5230//5117 5255//5142 5256//5143
f 5232//5119 5238//5125 5255//5142
f 5255//5142 5230//5117 5232//5119
f 5008//4900 5238//5125 5237//5124
f 5237//5124 5011//4903 5008//4900
f 5229//5116 5231//5118 5257//5144
f 5257//5144 5233//5120 5229//5116
f 5258//5145 5257//5144 5259//5146
f 5259//5146 5260//5147 5258//5145
f 5009//4901 5016//4908 5259//5146
f 5259//5146 5256//5143 5009//4901
f 5261//5148 5262//5149 5263//5150
f 5263//5150 5264//5151 5261//5148
f 5262//5149 5261//5148 5265//5152
f 5265//5152 5266//5153 5262//5149
f 5267//5154 5265//5152 5261//5148
f 5261//5148 5268//5155 5267//5154
f 5269//5156 5264//5151 5027//4919
f 5027//4919 5026//4918 5269//5156
f 5264//5151 5269//5156 5268//5155
f 5268//5155 5261//5148 5264//5151
f 5264//5151 5263//5150 5028//4920
f 5028//4920 5027//4919 5264//5151
f 5270//5157 5271//5158 5272//5159
f 5272//5159 5273//5160 5270//5157
f 5274//5161 5275//5162 5271//5158
f 5271//5158 5270//5157 5274//5161
f 5276//5163 5271//5158 5275//5162
f 5275//5162 5277//5164 5276//5163
f 5275//5162 5274//5161 5278//5165
f 5278//5165 5279//5166 5275//5162
f 5277//5164 5275//5162 5279//5166
f 5279//5166 5280//5167 5277//5164
f 5224//5111 5272//5159 5271//5158
f 5271//5158 5276//5163 5224//5111
f 5265//5152 5267//5154 5274//5161
f 5274//5161 5270//5157 5265//5152
f 5278//5165 5274//5161 5267//5154
f 5267//5154 5281//5168 5278//5165
f 5270//5157 5273//5160 5266//5153
f 5266//5153 5265//5152 5270//5157
f 5251//5138 5250//5137 5282//5169
f 5282//5169 5254//5141 5251//5138
f 5282//5169 5283//5170 5284//5171
f 5284//5171 5253//5140 5282//5169
f 5283//5170 5285//5172 5286//5173
f 5286//5173 5284//5171 5283//5170
f 5284//5171 5286//5173 5047//4939
f 5047//4939 5046//4938 5284//5171
f 5287//5174 5286//5173 5285//5172
f 5285//5172 5288//5175 5287//5174
f 5289//5176 5287//5174 5288//5175
f 5288//5175 5290//5177 5289//5176
f 5285//5172 5283//5170 5291//5178
f 5291//5178 5292//5179 5285//5172
f 5288//5175 5285//5172 5292//5179
f 5292//5179 5293//5180 5288//5175
f 5290//5177 5294//5181 5295//5182
f 5295//5182 5289//5176 5290//5177
f 5287//5174 5289//5176 5058//4950
f 5058//4950 5057//4949 5287//5174
f 5289//5176 5295//5182 5059//4951
f 5059//4951 5058//4950 5289//5176
f 5057//4949 5047//4939 5286//5173
f 5286//5173 5287//5174 5057//4949
f 5046//4938 5001//4893 5253//5140
f 5253//5140 5284//5171 5046//4938
f 5283//5170 5282//5169 5250//5137
f 5250//5137 5291//5178 5283//5170
f 5292//5179 5291//5178 5296//5183
f 5296//5183 5297//5184 5292//5179
f 5297//5184 5298//5185 5293//5180
f 5293//5180 5292//5179 5297//5184
f 5298//5185 5299//5186 5300//5187
f 5300//5187 5293//5180 5298//5185
f 5301//5188 5300//5187 5299//5186
f 5299//5186 5302//5189 5301//5188
f 5297//5184 5303//5190 5304//5191
f 5304//5191 5298//5185 5297//5184
f 5299//5186 5298//5185 5304//5191
f 5304//5191 5305//5192 5299//5186
f 5296//5183 5306//5193 5303//5190
f 5303//5190 5297//5184 5296//5183
f 5249//5136 5306//5193 5296//5183
f 5296//5183 5246//5133 5249//5136
f 5307//5194 5225//5112 5224//5111
f 5224//5111 5276//5163 5307//5194
f 5307//5194 5276//5163 5277//5164
f 5277//5164 5308//5195 5307//5194
f 5291//5178 5250//5137 5246//5133
f 5246//5133 5296//5183 5291//5178
f 5293//5180 5300//5187 5290//5177
f 5290//5177 5288//5175 5293//5180
f 5300//5187 5301//5188 5294//5181
f 5294//5181 5290//5177 5300//5187
f 5301//5188 5309//5196 5310//5197
f 5310//5197 5294//5181 5301//5188
f 5309//5196 5311//5198 5312//5199
f 5312//5199 5310//5197 5309//5196
f 5294//5181 5310//5197 5313//5200
f 5313//5200 5295//5182 5294//5181
f 5310//5197 5312//5199 5314//5201
f 5314//5201 5313//5200 5310//5197
f 5315//5202 5314//5201 5312//5199
f 5312//5199 5316//5203 5315//5202
f 5311//5198 5317//5204 5316//5203
f 5316//5203 5312//5199 5311//5198
f 5311//5198 5309//5196 5318//5205
f 5318//5205 5319//5206 5311//5198
f 5317//5204 5311//5198 5319//5206
f 5319//5206 5320//5207 5317//5204
f 5315//5202 5086//4977 5085//4976
f 5085//4976 5314//5201 5315//5202
f 5087//4978 5313//5200 5314//5201
f 5314//5201 5085//4976 5087//4978
f 5309//5196 5301//5188 5302//5189
f 5302//5189 5318//5205 5309//5196
f 5280//5167 5321//5208 5322//5192
f 5322//5192 5323//5209 5280//5167
f 5321//5208 5324//5210 5325//5211
f 5325//5211 5322//5192 5321//5208
f 5326//5212 5325//5211 5324//5210
f 5324//5210 5327//5213 5326//5212
f 5326//5212 5327//5213 5328//5214
f 5328//5214 5329//5215 5326//5212
f 5329//5215 5328//5214 5330//5216
f 5330//5216 5331//5217 5329//5215
f 5332//5218 5330//5216 5328//5214
f 5328//5214 5333//5219 5332//5218
f 5327//5213 5334//5220 5333//5219
f 5333//5219 5328//5214 5327//5213
f 5318//5205 5335//5221 5336//5222
f 5336//5222 5319//5206 5318//5205
f 5337//5223 5335//5221 5318//5205
f 5318//5205 5302//5189 5337//5223
f 5324//5210 5321//5208 5338//5224
f 5338//5224 5339//5225 5324//5210
f 5339//5225 5334//5220 5327//5213
f 5327//5213 5324//5210 5339//5225
f 5338//5224 5279//5166 5278//5165
f 5278//5165 5340//5226 5338//5224
f 5339//5225 5338//5224 5340//5226
f 5340//5226 5341//5227 5339//5225
f 5279//5166 5338//5224 5321//5208
f 5321//5208 5280//5167 5279//5166
f 5305//5192 5337//5223 5302//5189
f 5302//5189 5299//5186 5305//5192
f 5280//5167 5323//5209 5308//5195
f 5308//5195 5277//5164 5280//5167
f 5342//5228 5320//5207 5319//5206
f 5319//5206 5336//5222 5342//5228
f 5343//5229 5344//5230 5345//5231
f 5345//5231 5346//5232 5343//5229
f 5345//5231 5347//5233 5348//5234
f 5348//5234 5349//5235 5345//5231
f 5350//5236 5351//5237 5348//5234
f 5348//5234 5347//5233 5350//5236
f 5352//5238 5353//5239 5348//5234
f 5348//5234 5351//5237 5352//5238
f 5349//5235 5348//5234 5353//5239
f 5353//5239 5354//5240 5349//5235
f 5355//5241 5317//5204 5320//5207
f 5320//5207 5346//5232 5355//5241
f 5355//5241 5349//5235 5354//5240
f 5354//5240 5356//5242 5355//5241
f 5357//5243 5358//5244 5359//5245
f 5359//5245 5360//5246 5357//5243
f 5360//5246 5361//5247 5362//5248
f 5362//5248 5357//5243 5360//5246
f 5361//5247 5360//5246 5330//5216
f 5330//5216 5332//5218 5361//5247
f 5363//5249 5364//5250 5365//5251
f 5365//5251 5366//5252 5363//5249
f 5367//5253 5350//5236 5347//5233
f 5347//5233 5368//5254 5367//5253
f 5026//4918 5137//5026 5369//5255
f 5369//5255 5269//5156 5026//4918
f 5137//5026 5139//5028 5370//5256
f 5370//5256 5369//5255 5137//5026
f 5139//5028 5141//5030 5371//5257
f 5371//5257 5370//5256 5139//5028
f 5141//5030 5143//5032 5372//5258
f 5372//5258 5371//5257 5141//5030
f 5373//5259 5370//5256 5371//5257
f 5371//5257 5374//5260 5373//5259
f 5375//5261 5369//5255 5370//5256
f 5370//5256 5373//5259 5375//5261
f 5147//5036 5150//5039 5376//5262
f 5376//5262 5377//5263 5147//5036
f 5151//5040 5147//5036 5377//5263
f 5377//5263 5378//5264 5151//5040
f 5153//1008 5156//5044 5379//5265
f 5379//5265 5380//5266 5153//1008
f 5381//5267 5333//5219 5334//5220
f 5334//5220 5382//5268 5381//5267
f 5333//5219 5381//5267 5383//5269
f 5383//5269 5332//5218 5333//5219
f 5332//5218 5383//5269 5384//5270
f 5384//5270 5361//5247 5332//5218
f 5341//5227 5382//5268 5334//5220
f 5334//5220 5339//5225 5341//5227
f 5382//5268 5341//5227 5385//5271
f 5385//5271 5386//5272 5382//5268
f 5385//5271 5341//5227 5340//5226
f 5340//5226 5387//5273 5385//5271
f 5374//5260 5385//5271 5387//5273
f 5387//5273 5373//5259 5374//5260
f 5388//5274 5386//5272 5385//5271
f 5385//5271 5374//5260 5388//5274
f 5386//5272 5389//5275 5381//5267
f 5381//5267 5382//5268 5386//5272
f 5381//5267 5389//5275 5390//5276
f 5390//5276 5383//5269 5381//5267
f 5340//5226 5278//5165 5281//5168
f 5281//5168 5387//5273 5340//5226
f 5383//5269 5390//5276 5391//5277
f 5391//5277 5384//5270 5383//5269
f 5384//5270 5391//5277 5392//5278
f 5392//5278 5393//5279 5384//5270
f 5389//5275 5394//5280 5395//5281
f 5395//5281 5390//5276 5389//5275
f 5396//5282 5392//5278 5391//5277
f 5391//5277 5397//5283 5396//5282
f 5361//5247 5384//5270 5393//5279
f 5393//5279 5362//5248 5361//5247
f 5398//5284 5399//5285 5400//5286
f 5400//5286 5401//5287 5398//5284
f 5281//5168 5267//5154 5268//5155
f 5268//5155 5375//5261 5281//5168
f 5373//5259 5387//5273 5281//5168
f 5281//5168 5375//5261 5373//5259
f 5375//5261 5268//5155 5269//5156
f 5269//5156 5369//5255 5375//5261
f 5380//5266 5394//5280 5388//5274
f 5388//5274 5372//5258 5380//5266
f 5395//5281 5394//5280 5380//5266
f 5380//5266 5379//5265 5395//5281
f 5397//5283 5378//5264 5377//5263
f 5377//5263 5396//5282 5397//5283
f 5396//5282 5377//5263 5376//5262
f 5376//5262 5402//5288 5396//5282
f 5372//5258 5388//5274 5374//5260
f 5374//5260 5371//5257 5372//5258
f 5386//5272 5388//5274 5394//5280
f 5394//5280 5389//5275 5386//5272
f 5403//5289 5398//5284 5401//5287
f 5401//5287 5404//5290 5403//5289
f 5364//5250 5403//5289 5404//5290
f 5404//5290 5365//5251 5364//5250
f 5365//5251 5404//5290 5405//5291
f 5405//5291 5406//5292 5365//5251
f 5407//5293 5405//5291 5404//5290
f 5404//5290 5401//5287 5407//5293
f 5401//5287 5400//5286 5408//5294
f 5408//5294 5407//5293 5401//5287
f 5409//5295 5410//5296 5408//5294
f 5408//5294 5400//5286 5409//5295
f 5295//5182 5313//5200 5087//4978
f 5087//4978 5059//4951 5295//5182
f 5411//5297 5412//5298 5356//5242
f 5356//5242 5354//5240 5411//5297
f 5189//5077 5412//5298 5411//5297
f 5411//5297 5190//5078 5189//5077
f 5413//5299 5353//5239 5352//5238
f 5352//5238 5414//5300 5413//5299
f 5193//5081 5413//5299 5414//5300
f 5414//5300 5194//5082 5193//5081
f 5413//5299 5193//5081 5190//5078
f 5190//5078 5411//5297 5413//5299
f 5415//5301 5352//5238 5351//5237
f 5351//5237 5416//5302 5415//5301
f 5417//5303 5418//5304 5350//5236
f 5350//5236 5367//5253 5417//5303
f 5418//5304 5416//5302 5351//5237
f 5351//5237 5350//5236 5418//5304
f 5419//5305 5200//5088 5194//5082
f 5194//5082 5414//5300 5419//5305
f 5380//5266 5372//5258 5143//5032
f 5143//5032 5153//1008 5380//5266
f 5420//5306 5376//5262 5150//5039
f 5150//5039 5202//5090 5420//5306
f 5409//5295 5420//5306 5421//5307
f 5421//5307 5410//5296 5409//5295
f 5356//5242 5316//5203 5317//5204
f 5317//5204 5355//5241 5356//5242
f 5412//5298 5315//5202 5316//5203
f 5316//5203 5356//5242 5412//5298
f 5412//5298 5189//5077 5086//4977
f 5086//4977 5315//5202 5412//5298
f 5331//5217 5330//5216 5360//5246
f 5360//5246 5359//5245 5331//5217
f 5346//5232 5320//5207 5342//5228
f 5342//5228 5343//5229 5346//5232
f 5378//5264 5379//5265 5156//5044
f 5156//5044 5151//5040 5378//5264
f 5390//5276 5395//5281 5397//5283
f 5397//5283 5391//5277 5390//5276
f 5378//5264 5397//5283 5395//5281
f 5395//5281 5379//5265 5378//5264
f 5368//5254 5347//5233 5345//5231
f 5345//5231 5344//5230 5368//5254
f 5346//5232 5345//5231 5349//5235
f 5349//5235 5355//5241 5346//5232
f 5403//5289 5364//5250 5357//5243
f 5357//5243 5362//5248 5403//5289
f 5364//5250 5363//5249 5358//5244
f 5358//5244 5357//5243 5364//5250
f 5393//5279 5392//5278 5399//5285
f 5399//5285 5398//5284 5393//5279
f 5362//5248 5393//5279 5398//5284
f 5398//5284 5403//5289 5362//5248
f 5392//5278 5396//5282 5402//5288
f 5402//5288 5399//5285 5392//5278
f 5411//5297 5354//5240 5353//5239
f 5353//5239 5413//5299 5411//5297
f 5366//5252 5365//5251 5406//5292
f 5406//5292 5422//5308 5366//5252
f 5402//5288 5409//5295 5400//5286
f 5400//5286 5399//5285 5402//5288
f 5414//5300 5352//5238 5415//5301
f 5415//5301 5419//5305 5414//5300
f 5421//5307 5420//5306 5202//5090
f 5202//5090 5205//5093 5421//5307
f 5376//5262 5420//5306 5409//5295
f 5409//5295 5402//5288 5376//5262
f 5224//5111 5216//5103 5219//5106
f 5219//5106 5272//5159 5224//5111
f 5272//5159 5219//5106 5221//5108
f 5221//5108 5273//5160 5272//5159
f 5217//5104 5216//5103 5226//5113
f 5226//5113 5227//5114 5217//5104
f 5239//5126 5248//5135 5247//5134
f 5247//5134 5240//5127 5239//5126
f 5253//5140 5252//5139 5254//5141
f 5254//5141 5282//5169 5253//5140
f 5266//5153 5423//5309 5258//5145
f 5258//5145 5262//5149 5266//5153
f 5263//5150 5260//5147 5207//5095
f 5207//5095 5028//4920 5263//5150
f 5262//5149 5258//5145 5260//5147
f 5260//5147 5263//5150 5262//5149
f 5273//5160 5221//5108 5423//5309
f 5423//5309 5266//5153 5273//5160
f 5222//5109 5218//5105 5217//5104
f 5217//5104 5213//5101 5222//5109
f 5251//5138 5241//5128 5240//5127
f 5240//5127 5247//5134 5251//5138
f 5004//4896 5000//4892 5245//5132
f 5245//5132 5252//5139 5004//4896
f 5257//5144 5231//5118 5256//5143
f 5256//5143 5259//5146 5257//5144
f 5260//5147 5259//5146 5016//4908
f 5016//4908 5207//5095 5260//5147
f 5221//5108 5220//5107 5233//5120
f 5233//5120 5423//5309 5221//5108
f 5254//5141 5242//5129 5241//5128
f 5241//5128 5251//5138 5254//5141
f 5423//5309 5233//5120 5257//5144
f 5257//5144 5258//5145 5423//5309
f 5424//5310 5425//5311 5426//5312
f 5426//5312 5427//5313 5424//5310
f 5428//5314 5426//5312 5425//5311
f 5425//5311 5429//5315 5428//5314
f 5430//5316 5428//5314 5429//5315
f 5429//5315 5431//5317 5430//5316
f 5432//5318 5430//5316 5431//5317
f 5431//5317 5433//5319 5432//5318
f 5433//5319 5434//5320 5435//5321
f 5435//5321 5432//5318 5433//5319
f 5436//5322 5437//5323 5435//5321
f 5435//5321 5434//5320 5436//5322
f 5438//5324 5439//5325 5440//5326
f 5440//5326 5441//5327 5438//5324
f 5442//5328 5443//5329 5439//5325
f 5439//5325 5438//5324 5442//5328
f 5443//5329 5442//5328 5444//5330
f 5444//5330 5445//5331 5443//5329
f 5445//5331 5444//5330 5446//5332
f 5446//5332 5447//5333 5445//5331
f 5447//5333 5446//5332 5448//5334
f 5448//5334 5449//5335 5447//5333
f 5424//5310 5427//5313 5449//5335
f 5449//5335 5448//5334 5424//5310
f 5450//5336 5451//5337 5452//5338
f 5452//5338 5453//5339 5450//5336
f 5454//5340 5455//5341 5452//5338
f 5452//5338 5451//5337 5454//5340
f 5454//5340 5456//5342 5457//5343
f 5457//5343 5455//5341 5454//5340
f 5456//5342 5458//5344 5459//5345
f 5459//5345 5457//5343 5456//5342
f 5458//5344 5460//5346 5461//5347
f 5461//5347 5459//5345 5458//5344
f 5462//5348 5461//5347 5460//5346
f 5460//5346 5463//5349 5462//5348
f 5464//5350 5465//5351 5466//5352
f 5467//5353 5468//5354 5466//5352
f 5466//5352 5465//5351 5467//5353
f 5469//5355 5470//5356 5468//5354
f 5468//5354 5467//5353 5469//5355
f 5471//5357 5472//5358 5470//5356
f 5470//5356 5469//5355 5471//5357
f 5471//5357 5473//5359 5474//5360
f 5474//5360 5472//5358 5471//5357
f 5473//5359 5450//5336 5453//5339
f 5453//5339 5474//5360 5473//5359
f 5452//5338 5475//5361 5476//5362
f 5476//5362 5453//5339 5452//5338
f 5455//5341 5477//5363 5475//5361
f 5475//5361 5452//5338 5455//5341
f 5455//5341 5457//5343 5478//5364
f 5478//5364 5477//5363 5455//5341
f 5457//5343 5459//5345 5479//5365
f 5479//5365 5478//5364 5457//5343
f 5461//5347 5480//5366 5479//5365
f 5479//5365 5459//5345 5461//5347
f 5462//5348 5481//5367 5480//5366
f 5480//5366 5461//5347 5462//5348
f 5466//5352 5482//5368 5481//5367
f 5481//5367 5462//5348 5466//5352
f 5468//5354 5483//5369 5482//5368
f 5482//5368 5466//5352 5468//5354
f 5470//5356 5484//5370 5483//5369
f 5483//5369 5468//5354 5470//5356
f 5472//5358 5485//5371 5484//5370
f 5484//5370 5470//5356 5472//5358
f 5474//5360 5486//5372 5485//5371
f 5485//5371 5472//5358 5474//5360
f 5474//5360 5453//5339 5476//5362
f 5476//5362 5486//5372 5474//5360
f 5475//5361 5487//5373 5488//5374
f 5488//5374 5476//5362 5475//5361
f 5477//5363 5489//5375 5487//5373
f 5487//5373 5475//5361 5477//5363
f 5477//5363 5478//5364 5490//5376
f 5490//5376 5489//5375 5477//5363
f 5478//5364 5479//5365 5491//5377
f 5491//5377 5490//5376 5478//5364
f 5479//5365 5480//5366 5492//5378
f 5492//5378 5491//5377 5479//5365
f 5480//5366 5481//5367 5493//5379
f 5493//5379 5492//5378 5480//5366
f 5482//5368 5494//5380 5493//5379
f 5493//5379 5481//5367 5482//5368
f 5483//5369 5495//5381 5494//5380
f 5494//5380 5482//5368 5483//5369
f 5483//5369 5484//5370 5496//5382
f 5496//5382 5495//5381 5483//5369
f 5484//5370 5485//5371 5497//5383
f 5497//5383 5496//5382 5484//5370
f 5486//5372 5498//5384 5497//5383
f 5497//5383 5485//5371 5486//5372
f 5486//5372 5476//5362 5488//5374
f 5488//5374 5498//5384 5486//5372
f 5494//5380 5499//5385 5500//5386
f 5500//5386 5493//5379 5494//5380
f 5494//5380 5495//5381 5501//5387
f 5501//5387 5499//5385 5494//5380
f 5502//5388 5500//5386 5499//5385
f 5499//5385 5503//5389 5502//5388
f 5503//5389 5499//5385 5501//5387
f 5501//5387 5504//5390 5503//5389
f 5505//5391 5489//5375 5506//5392
f 5507//5393 5490//5376 5508//5394
f 5509//5395 5491//5377 5510//5396
f 5511//5397 5512//5398 5513//5399
f 5513//5399 5514//5400 5511//5397
f 5507//5393 5506//5392 5490//5376
f 5490//5376 5506//5392 5489//5375
f 5509//5395 5508//5394 5491//5377
f 5491//5377 5508//5394 5490//5376
f 5515//5401 5510//5396 5492//5378
f 5516//5402 5515//5401 5492//5378
f 5492//5378 5510//5396 5491//5377
f 5506//5392 5517//5403 5518//5404
f 5518//5404 5505//5391 5506//5392
f 5508//5394 5519//5405 5520//5406
f 5520//5406 5507//5393 5508//5394
f 5509//5395 5510//5396 5521//5407
f 5521//5407 5522//5408 5509//5395
f 5516//5402 5512//5398 5523//5409
f 5511//5397 5524//5410 5525//5411
f 5525//5411 5512//5398 5511//5397
f 5506//5392 5507//5393 5520//5406
f 5520//5406 5517//5403 5506//5392
f 5508//5394 5509//5395 5522//5408
f 5522//5408 5519//5405 5508//5394
f 5515//5401 5526//5412 5521//5407
f 5521//5407 5510//5396 5515//5401
f 5515//5401 5516//5402 5523//5409
f 5526//5412 5515//5401 5523//5409
f 5523//5409 5527//5413 5526//5412
f 5527//5413 5523//5409 5512//5398
f 5512//5398 5525//5411 5527//5413
f 5528//5414 5518//5404 5517//5403
f 5517//5403 5529//5415 5528//5414
f 5519//5405 5530//5416 5529//5415
f 5529//5415 5520//5406 5519//5405
f 5530//5416 5531//5417 5532//5418
f 5532//5418 5533//5419 5530//5416
f 5525//5411 5534//5420 5535//5421
f 5535//5421 5527//5413 5525//5411
f 5524//5410 5536//5422 5534//5420
f 5534//5420 5525//5411 5524//5410
f 5517//5403 5520//5406 5529//5415
f 5519//5405 5522//5408 5530//5416
f 5531//5417 5526//5412 5537//5423
f 5527//5413 5535//5421 5537//5423
f 5537//5423 5526//5412 5527//5413
f 5528//5414 5529//5415 5538//5424
f 5538//5424 5539//5425 5528//5414
f 5538//5424 5529//5415 5530//5416
f 5530//5416 5533//5419 5538//5424
f 5521//5407 5526//5412 5531//5417
f 5522//5408 5521//5407 5531//5417
f 5531//5417 5530//5416 5522//5408
f 5532//5418 5531//5417 5537//5423
f 5539//5425 5538//5424 5540//5426
f 5540//5426 5541//5427 5539//5425
f 5538//5424 5533//5419 5542//5428
f 5542//5428 5540//5426 5538//5424
f 5533//5419 5532//5418 5543//5429
f 5543//5429 5542//5428 5533//5419
f 5534//5420 5544//5430 5545//5431
f 5545//5431 5535//5421 5534//5420
f 5546//5432 5536//5422 5547//5433
f 5532//5418 5537//5423 5548//5434
f 5548//5434 5543//5429 5532//5418
f 5535//5421 5545//5431 5548//5434
f 5548//5434 5537//5423 5535//5421
f 5549//5435 5487//5373 5489//5375
f 5489//5375 5550//5436 5549//5435
f 5489//5375 5505//5391 5550//5436
f 5551//5437 5552//5438 5549//5435
f 5549//5435 5550//5436 5551//5437
f 5518//5404 5551//5437 5550//5436
f 5550//5436 5505//5391 5518//5404
f 5553//5439 5552//5438 5551//5437
f 5551//5437 5528//5414 5553//5439
f 5551//5437 5518//5404 5528//5414
f 5554//5440 5553//5439 5528//5414
f 5528//5414 5539//5425 5554//5440
f 5555//5441 5554//5440 5539//5425
f 5539//5425 5541//5427 5555//5441
f 5556//5442 5557//5443 5488//5374
f 5488//5374 5487//5373 5556//5442
f 5558//5444 5498//5384 5488//5374
f 5488//5374 5557//5443 5558//5444
f 5559//5445 5556//5442 5487//5373
f 5487//5373 5549//5435 5559//5445
f 5559//5445 5549//5435 5552//5438
f 5552//5438 5560//5446 5559//5445
f 5560//5446 5552//5438 5553//5439
f 5553//5439 5561//5447 5560//5446
f 5561//5447 5553//5439 5554//5440
f 5554//5440 5562//5448 5561//5447
f 5563//5449 5562//5448 5554//5440
f 5554//5440 5555//5441 5563//5449
f 5564//5450 5559//5445 5560//5446
f 5560//5446 5565//5451 5564//5450
f 5565//5451 5566//5452 5567//5453
f 5567//5453 5568//5454 5565//5451
f 5569//5455 5570//5456 5571//5457
f 5571//5457 5566//5452 5569//5455
f 5565//5451 5568//5454 5564//5450
f 5557//5443 5556//5442 5571//5457
f 5571//5457 5570//5456 5557//5443
f 5568//5454 5556//5442 5564//5450
f 5571//5457 5556//5442 5567//5453
f 5566//5452 5571//5457 5567//5453
f 5572//5458 5573//5459 5574//5460
f 5574//5460 5575//5461 5572//5458
f 5576//5462 5577//5463 5574//5460
f 5574//5460 5573//5459 5576//5462
f 5578//5464 5579//5465 5577//5463
f 5577//5463 5576//5462 5578//5464
f 5575//5461 5580//5466 5581//5467
f 5581//5467 5572//5458 5575//5461
f 5580//5466 5582//5468 5583//5469
f 5583//5469 5581//5467 5580//5466
f 5582//5468 5584//5470 5585//5471
f 5585//5471 5583//5469 5582//5468
f 5586//5472 5587//5473 5584//5470
f 5588//5474 5589//5475 5590//5476
f 5590//5476 5591//5477 5588//5474
f 5589//5475 5592//5478 5593//5479
f 5593//5479 5590//5476 5589//5475
f 5592//5478 5594//5480 5595//5481
f 5595//5481 5593//5479 5592//5478
f 5588//5474 5591//5477 5596//5482
f 5596//5482 5597//5483 5588//5474
f 5597//5483 5596//5482 5598//5484
f 5598//5484 5599//5485 5597//5483
f 5599//5485 5598//5484 5600//5486
f 5600//5486 5601//5487 5599//5485
f 5601//5487 5600//5486 5602//5488
f 5602//5488 5603//5489 5601//5487
f 5590//5476 5604//5490 5605//5491
f 5605//5491 5591//5477 5590//5476
f 5589//5475 5588//5474 5606//5492
f 5606//5492 5607//5493 5589//5475
f 5593//5479 5608//5494 5604//5490
f 5604//5490 5590//5476 5593//5479
f 5592//5478 5589//5475 5607//5493
f 5607//5493 5609//5495 5592//5478
f 5595//5481 5610//5496 5608//5494
f 5608//5494 5593//5479 5595//5481
f 5592//5478 5609//5495 5611//5497
f 5611//5497 5594//5480 5592//5478
f 5591//5477 5605//5491 5612//5498
f 5612//5498 5596//5482 5591//5477
f 5588//5474 5597//5483 5613//5499
f 5613//5499 5606//5492 5588//5474
f 5596//5482 5612//5498 5614//5500
f 5614//5500 5598//5484 5596//5482
f 5597//5483 5599//5485 5615//5501
f 5615//5501 5613//5499 5597//5483
f 5616//5502 5598//5484 5614//5500
f 5614//5500 5617//5503 5616//5502
f 5618//5504 5599//5485 5601//5487
f 5616//5502 5617//5503 5619//5505
f 5619//5505 5620//5506 5616//5502
f 5603//5489 5621//5507 5618//5504
f 5618//5504 5601//5487 5603//5489
f 5618//5504 5622//5508 5615//5501
f 5615//5501 5599//5485 5618//5504
f 5618//5504 5621//5507 5623//5509
f 5623//5509 5622//5508 5618//5504
f 5600//5486 5598//5484 5616//5502
f 5620//5506 5602//5488 5600//5486
f 5600//5486 5616//5502 5620//5506
f 5607//5493 5606//5492 5624//5510
f 5624//5510 5625//5511 5607//5493
f 5625//5511 5624//5510 5575//5461
f 5575//5461 5574//5460 5625//5511
f 5514//5400 5502//5388 5573//5459
f 5573//5459 5572//5458 5514//5400
f 5607//5493 5625//5511 5626//5512
f 5626//5512 5609//5495 5607//5493
f 5626//5512 5625//5511 5574//5460
f 5574//5460 5577//5463 5626//5512
f 5573//5459 5502//5388 5503//5389
f 5503//5389 5576//5462 5573//5459
f 5611//5497 5609//5495 5626//5512
f 5626//5512 5627//5513 5611//5497
f 5579//5465 5627//5513 5626//5512
f 5626//5512 5577//5463 5579//5465
f 5576//5462 5503//5389 5504//5390
f 5504//5390 5578//5464 5576//5462
f 5606//5492 5613//5499 5628//5514
f 5628//5514 5624//5510 5606//5492
f 5624//5510 5628//5514 5580//5466
f 5580//5466 5575//5461 5624//5510
f 5511//5397 5514//5400 5572//5458
f 5572//5458 5581//5467 5511//5397
f 5613//5499 5615//5501 5629//5515
f 5629//5515 5628//5514 5613//5499
f 5628//5514 5629//5515 5582//5468
f 5582//5468 5580//5466 5628//5514
f 5524//5410 5511//5397 5581//5467
f 5581//5467 5583//5469 5524//5410
f 5615//5501 5622//5508 5630//5516
f 5630//5516 5629//5515 5615//5501
f 5629//5515 5630//5516 5584//5470
f 5584//5470 5582//5468 5629//5515
f 5536//5422 5524//5410 5583//5469
f 5583//5469 5585//5471 5536//5422
f 5631//5517 5630//5516 5622//5508
f 5622//5508 5623//5509 5631//5517
f 5631//5517 5632//5518 5630//5516
f 5633//5519 5585//5471 5634//5520
f 5635//5521 5636//5522 5637//5523
f 5637//5523 5638//5524 5635//5521
f 5639//5525 5635//5521 5638//5524
f 5638//5524 5640//5526 5639//5525
f 5594//5480 5641//5527 5642//5528
f 5642//5528 5595//5481 5594//5480
f 5611//5497 5627//5513 5641//5527
f 5641//5527 5594//5480 5611//5497
f 5627//5513 5579//5465 5637//5523
f 5637//5523 5641//5527 5627//5513
f 5643//5529 5644//5530 5636//5522
f 5636//5522 5635//5521 5643//5529
f 5579//5465 5578//5464 5638//5524
f 5638//5524 5637//5523 5579//5465
f 5645//5531 5643//5529 5635//5521
f 5635//5521 5639//5525 5645//5531
f 5504//5390 5640//5526 5638//5524
f 5638//5524 5578//5464 5504//5390
f 5586//5472 5584//5470 5632//5518
f 5630//5516 5632//5518 5584//5470
f 5634//5520 5585//5471 5587//5473
f 5584//5470 5587//5473 5585//5471
f 5547//5433 5536//5422 5633//5519
f 5585//5471 5633//5519 5536//5422
f 5544//5430 5534//5420 5546//5432
f 5536//5422 5546//5432 5534//5420
f 5646//5532 5647//5533 5648//5534
f 5648//5534 5649//5535 5646//5532
f 5650//5536 5646//5532 5651//5537
f 5652//5538 5653//5539 5651//5537
f 5651//5537 5654//5540 5652//5538
f 5655//5541 5656//5542 5649//5535
f 5657//5543 5639//5525 5640//5526
f 5640//5526 5656//5542 5657//5543
f 5658//5544 5652//5538 5654//5540
f 5654//5540 5659//5545 5658//5544
f 5647//5533 5660//5546 5661//5547
f 5661//5547 5648//5534 5647//5533
f 5649//5535 5495//5381 5496//5382
f 5496//5382 5646//5532 5649//5535
f 5647//5533 5662//5548 5660//5546
f 5496//5382 5497//5383 5651//5537
f 5651//5537 5646//5532 5496//5382
f 5663//5549 5664//5550 5653//5539
f 5653//5539 5652//5538 5663//5549
f 5497//5383 5498//5384 5654//5540
f 5654//5540 5651//5537 5497//5383
f 5648//5534 5661//5547 5665//5551
f 5665//5551 5655//5541 5648//5534
f 5656//5542 5501//5387 5495//5381
f 5495//5381 5649//5535 5656//5542
f 5666//5552 5645//5531 5639//5525
f 5639//5525 5657//5543 5666//5552
f 5504//5390 5501//5387 5656//5542
f 5656//5542 5640//5526 5504//5390
f 5667//5553 5663//5549 5652//5538
f 5652//5538 5658//5544 5667//5553
f 5498//5384 5558//5444 5659//5545
f 5659//5545 5654//5540 5498//5384
f 5657//5543 5656//5542 5655//5541
f 5665//5551 5666//5552 5657//5543
f 5657//5543 5655//5541 5665//5551
f 5648//5534 5655//5541 5649//5535
f 5646//5532 5650//5536 5647//5533
f 5653//5539 5650//5536 5651//5537
f 5660//5546 5662//5548 5668//5554
f 5662//5548 5669//5555 5668//5554
f 5669//5555 5664//5550 5668//5554
f 5669//5555 5662//5548 5650//5536
f 5653//5539 5669//5555 5650//5536
f 5512//5398 5516//5402 5513//5399
f 5500//5386 5502//5388 5514//5400
f 5514//5400 5513//5399 5500//5386
f 5492//5378 5493//5379 5516//5402
f 5493//5379 5513//5399 5516//5402
f 5500//5386 5513//5399 5493//5379
f 5650//5536 5662//5548 5647//5533
f 5664//5550 5669//5555 5653//5539
f 5557//5443 5570//5456 5670//5556
f 5670//5556 5558//5444 5557//5443
f 5658//5544 5671//5557 5672//5558
f 5672//5558 5667//5553 5658//5544
f 5659//5545 5673//5559 5671//5557
f 5671//5557 5658//5544 5659//5545
f 5558//5444 5670//5556 5673//5559
f 5673//5559 5659//5545 5558//5444
f 5565//5451 5560//5446 5561//5447
f 5561//5447 5674//5560 5565//5451
f 5674//5560 5561//5447 5562//5448
f 5562//5448 5675//5561 5674//5560
f 5675//5561 5562//5448 5563//5449
f 5563//5449 5676//5562 5675//5561
f 5565//5451 5674//5560 5677//5563
f 5677//5563 5678//5564 5565//5451
f 5677//5563 5674//5560 5675//5561
f 5675//5561 5679//5565 5677//5563
f 5679//5565 5675//5561 5676//5562
f 5676//5562 5680//5566 5679//5565
f 5681//5567 5677//5563 5679//5565
f 5681//5567 5679//5565 5682//5568
f 5682//5568 5679//5565 5680//5566
f 5680//5566 5683//5569 5682//5568
f 5559//5445 5564//5450 5556//5442
f 5567//5453 5556//5442 5568//5454
f 5684//5570 5685//5571 5686//5572
f 5686//5572 5687//5573 5684//5570
f 5685//5571 5684//5570 5688//5574
f 5688//5574 5689//5575 5685//5571
f 5687//5573 5686//5572 5690//5576
f 5690//5576 5691//5577 5687//5573
f 5692//5578 5693//5579 5689//5575
f 5689//5575 5688//5574 5692//5578
f 5692//5578 5694//5580 5695//5581
f 5695//5581 5693//5579 5692//5578
f 5696//5582 5697//5583 5698//5584
f 5698//5584 5699//5585 5696//5582
f 5696//5582 5684//5570 5687//5573
f 5687//5573 5700//5586 5696//5582
f 5701//5587 5694//5580 5692//5578
f 5692//5578 5702//5588 5701//5587
f 5688//5574 5699//5585 5702//5588
f 5702//5588 5692//5578 5688//5574
f 5703//5589 5704//5590 5691//5577
f 5691//5577 5690//5576 5703//5589
f 5425//5311 5424//5310 5705//5591
f 5705//5591 5706//5592 5425//5311
f 5425//5311 5706//5592 5707//5593
f 5707//5593 5429//5315 5425//5311
f 5429//5315 5707//5593 5708//5594
f 5708//5594 5431//5317 5429//5315
f 5431//5317 5708//5594 5709//5595
f 5709//5595 5433//5319 5431//5317
f 5434//5320 5433//5319 5709//5595
f 5709//5595 5710//5596 5434//5320
f 5710//5596 5711//5597 5436//5322
f 5436//5322 5434//5320 5710//5596
f 5712//5598 5438//5324 5441//5327
f 5441//5327 5713//5599 5712//5598
f 5712//5598 5714//5600 5442//5328
f 5442//5328 5438//5324 5712//5598
f 5442//5328 5714//5600 5715//5601
f 5715//5601 5444//5330 5442//5328
f 5444//5330 5715//5601 5716//5602
f 5716//5602 5446//5332 5444//5330
f 5446//5332 5716//5602 5717//5603
f 5717//5603 5448//5334 5446//5332
f 5448//5334 5717//5603 5705//5591
f 5705//5591 5424//5310 5448//5334
f 5566//5452 5565//5451 5678//5564
f 5678//5564 5718//5604 5566//5452
f 5719//5605 5695//5581 5694//5580
f 5694//5580 5720//5606 5719//5605
f 5720//5606 5694//5580 5701//5587
f 5701//5587 5721//5607 5720//5606
f 5722//5608 5723//5609 5724//5610
f 5724//5610 5725//5611 5722//5608
f 5726//5612 5724//5610 5723//5609
f 5723//5609 5727//5613 5726//5612
f 5728//5614 5729//5615 5730//5616
f 5730//5616 5731//5617 5728//5614
f 5732//5618 5733//5619 5734//5620
f 5733//5619 5729//5615 5728//5614
f 5735//5621 5736//5622 5726//5612
f 5726//5612 5727//5613 5735//5621
f 5731//5617 5730//5616 5737//5623
f 5737//5623 5738//5624 5731//5617
f 5738//5624 5737//5623 5736//5622
f 5736//5622 5735//5621 5738//5624
f 5739//5625 5740//5626 5741//5627
f 5742//5628 5743//5629 5744//5630
f 5744//5630 5741//5627 5742//5628
f 5745//5631 5746//5632 5744//5630
f 5744//5630 5743//5629 5745//5631
f 5747//5633 5748//5634 5746//5632
f 5746//5632 5745//5631 5747//5633
f 5749//5635 5750//5636 5751//5637
f 5751//5637 5752//5638 5749//5635
f 5753//5639 5754//5640 5750//5636
f 5750//5636 5749//5635 5753//5639
f 5755//5641 5754//5640 5753//5639
f 5753//5639 5756//5642 5755//5641
f 5757//5643 5755//5641 5756//5642
f 5756//5642 5758//5644 5757//5643
f 5752//5638 5751//5637 5748//5634
f 5748//5634 5747//5633 5752//5638
f 5741//5627 5759//5645 5760//5646
f 5760//5646 5739//5625 5741//5627
f 5725//5611 5724//5610 5742//5628
f 5742//5628 5761//5647 5725//5611
f 5744//5630 5762//5648 5759//5645
f 5759//5645 5741//5627 5744//5630
f 5742//5628 5724//5610 5726//5612
f 5726//5612 5743//5629 5742//5628
f 5746//5632 5763//5649 5762//5648
f 5762//5648 5744//5630 5746//5632
f 5743//5629 5726//5612 5736//5622
f 5736//5622 5745//5631 5743//5629
f 5748//5634 5764//5650 5763//5649
f 5763//5649 5746//5632 5748//5634
f 5745//5631 5736//5622 5737//5623
f 5737//5623 5747//5633 5745//5631
f 5750//5636 5765//5651 5766//5652
f 5766//5652 5751//5637 5750//5636
f 5752//5638 5730//5616 5729//5615
f 5729//5615 5749//5635 5752//5638
f 5754//5640 5767//5653 5765//5651
f 5765//5651 5750//5636 5754//5640
f 5749//5635 5729//5615 5733//5619
f 5733//5619 5753//5639 5749//5635
f 5768//5654 5767//5653 5754//5640
f 5754//5640 5755//5641 5768//5654
f 5733//5619 5756//5642 5753//5639
f 5769//5655 5768//5654 5755//5641
f 5755//5641 5757//5643 5769//5655
f 5751//5637 5766//5652 5764//5650
f 5764//5650 5748//5634 5751//5637
f 5747//5633 5737//5623 5730//5616
f 5730//5616 5752//5638 5747//5633
f 5741//5627 5740//5626 5770//5656
f 5770//5656 5742//5628 5741//5627
f 5761//5647 5742//5628 5770//5656
f 5771//5657 5772//5658 5681//5567
f 5681//5567 5773//5659 5771//5657
f 5773//5659 5681//5567 5682//5568
f 5682//5568 5774//5660 5773//5659
f 5774//5660 5682//5568 5683//5569
f 5683//5569 5775//5661 5774//5660
f 5700//5586 5776//5662 5697//5583
f 5697//5583 5696//5582 5700//5586
f 5777//5663 5778//5664 5779//5665
f 5779//5665 5780//5666 5777//5663
f 5780//5666 5779//5665 5772//5658
f 5772//5658 5771//5657 5780//5666
f 5781//5667 5782//5668 5778//5664
f 5778//5664 5777//5663 5781//5667
f 5783//5669 5784//5670 5782//5668
f 5782//5668 5781//5667 5783//5669
f 5785//5671 5786//5672 5721//5607
f 5721//5607 5701//5587 5785//5671
f 5787//5673 5788//5674 5789//5675
f 5790//5676 5791//5677 5787//5673
f 5792//5678 5721//5607 5786//5672
f 5786//5672 5793//5679 5792//5678
f 5792//5678 5793//5679 5791//5677
f 5791//5677 5790//5676 5792//5678
f 5700//5586 5687//5573 5691//5577
f 5691//5577 5784//5670 5700//5586
f 5776//5662 5700//5586 5784//5670
f 5784//5670 5783//5669 5776//5662
f 5789//5675 5734//5620 5728//5614
f 5735//5621 5792//5678 5790//5676
f 5790//5676 5738//5624 5735//5621
f 5727//5613 5721//5607 5792//5678
f 5792//5678 5735//5621 5727//5613
f 5720//5606 5721//5607 5727//5613
f 5727//5613 5723//5609 5720//5606
f 5719//5605 5720//5606 5723//5609
f 5723//5609 5722//5608 5719//5605
f 5794//5680 5795//5681 5796//5682
f 5796//5682 5797//5683 5794//5680
f 5798//5684 5799//5685 5795//5681
f 5795//5681 5794//5680 5798//5684
f 5800//5686 5801//5687 5802//5688
f 5802//5688 5803//5689 5800//5686
f 5756//5642 5732//5618 5758//5644
f 5804//5690 5805//5691 5803//5689
f 5803//5689 5802//5688 5804//5690
f 5806//5692 5807//5693 5798//5684
f 5798//5684 5805//5691 5806//5692
f 5732//5618 5756//5642 5733//5619
f 5734//5620 5733//5619 5728//5614
f 5787//5673 5728//5614 5731//5617
f 5808//5694 5809//5695 5810//5696
f 5810//5696 5811//5697 5808//5694
f 5812//5698 5813//5699 5809//5695
f 5809//5695 5808//5694 5812//5698
f 5814//5700 5815//5701 5813//5699
f 5813//5699 5812//5698 5814//5700
f 5816//5702 5817//5703 5818//5704
f 5818//5704 5819//5705 5816//5702
f 5817//5703 5820//5706 5821//5707
f 5821//5707 5818//5704 5817//5703
f 5822//5708 5823//5709 5824//5710
f 5824//5710 5825//5711 5822//5708
f 5826//5712 5827//5713 5828//5714
f 5828//5714 5829//5715 5826//5712
f 5811//5697 5810//5696 5826//5712
f 5826//5712 5829//5715 5811//5697
f 5820//5706 5830//5716 5831//5717
f 5831//5717 5821//5707 5820//5706
f 5825//5711 5832//5718 5833//5719
f 5833//5719 5822//5708 5825//5711
f 5795//5681 5834//5720 5835//5721
f 5835//5721 5796//5682 5795//5681
f 5836//5722 5837//5723 5838//5724
f 5838//5724 5799//5685 5836//5722
f 5839//5725 5837//5723 5836//5722
f 5836//5722 5840//5726 5839//5725
f 5841//5727 5839//5725 5840//5726
f 5840//5726 5842//5728 5841//5727
f 5843//5729 5841//5727 5842//5728
f 5842//5728 5844//5730 5843//5729
f 5799//5685 5838//5724 5834//5720
f 5834//5720 5795//5681 5799//5685
f 5832//5718 5843//5729 5844//5730
f 5844//5730 5833//5719 5832//5718
f 5830//5716 5845//5731 5846//5732
f 5846//5732 5831//5717 5830//5716
f 5847//5733 5848//5734 5810//5696
f 5810//5696 5809//5695 5847//5733
f 5811//5697 5849//5735 5850//5736
f 5850//5736 5808//5694 5811//5697
f 5813//5699 5851//5737 5847//5733
f 5847//5733 5809//5695 5813//5699
f 5808//5694 5850//5736 5852//5738
f 5852//5738 5812//5698 5808//5694
f 5815//5701 5853//5739 5851//5737
f 5851//5737 5813//5699 5815//5701
f 5812//5698 5852//5738 5854//5740
f 5854//5740 5814//5700 5812//5698
f 5819//5705 5818//5704 5855//5741
f 5855//5741 5856//5742 5819//5705
f 5817//5703 5816//5702 5857//5743
f 5857//5743 5858//5744 5817//5703
f 5818//5704 5821//5707 5859//5745
f 5859//5745 5855//5741 5818//5704
f 5820//5706 5817//5703 5858//5744
f 5858//5744 5860//5746 5820//5706
f 5825//5711 5824//5710 5861//5747
f 5861//5747 5862//5748 5825//5711
f 5863//5749 5864//5750 5823//5709
f 5823//5709 5822//5708 5863//5749
f 5816//5702 5823//5709 5864//5750
f 5864//5750 5857//5743 5816//5702
f 5827//5713 5826//5712 5865//5751
f 5865//5751 5866//5752 5827//5713
f 5828//5714 5867//5753 5868//5754
f 5868//5754 5829//5715 5828//5714
f 5826//5712 5810//5696 5848//5734
f 5848//5734 5865//5751 5826//5712
f 5829//5715 5868//5754 5849//5735
f 5849//5735 5811//5697 5829//5715
f 5845//5731 5869//5755 5867//5753
f 5867//5753 5828//5714 5845//5731
f 5821//5707 5831//5717 5870//5756
f 5870//5756 5859//5745 5821//5707
f 5830//5716 5820//5706 5860//5746
f 5860//5746 5871//5757 5830//5716
f 5862//5748 5872//5758 5832//5718
f 5832//5718 5825//5711 5862//5748
f 5873//5759 5863//5749 5822//5708
f 5822//5708 5833//5719 5873//5759
f 5834//5720 5874//5760 5875//5761
f 5875//5761 5835//5721 5834//5720
f 5837//5723 5876//5762 5877//5763
f 5877//5763 5838//5724 5837//5723
f 5799//5685 5798//5684 5807//5693
f 5807//5693 5836//5722 5799//5685
f 5878//5764 5876//5762 5837//5723
f 5837//5723 5839//5725 5878//5764
f 5836//5722 5807//5693 5879//5765
f 5879//5765 5840//5726 5836//5722
f 5880//5766 5878//5764 5839//5725
f 5839//5725 5841//5727 5880//5766
f 5879//5765 5881//5767 5842//5728
f 5842//5728 5840//5726 5879//5765
f 5882//5768 5880//5766 5841//5727
f 5841//5727 5843//5729 5882//5768
f 5881//5767 5883//5769 5844//5730
f 5844//5730 5842//5728 5881//5767
f 5838//5724 5877//5763 5874//5760
f 5874//5760 5834//5720 5838//5724
f 5872//5758 5882//5768 5843//5729
f 5843//5729 5832//5718 5872//5758
f 5883//5769 5873//5759 5833//5719
f 5833//5719 5844//5730 5883//5769
f 5831//5717 5846//5732 5884//5770
f 5884//5770 5870//5756 5831//5717
f 5830//5716 5871//5757 5869//5755
f 5869//5755 5845//5731 5830//5716
f 5885//5771 5879//5765 5807//5693
f 5807//5693 5806//5692 5885//5771
f 5881//5767 5879//5765 5885//5771
f 5885//5771 5886//5772 5881//5767
f 5883//5769 5881//5767 5886//5772
f 5886//5772 5887//5773 5883//5769
f 5873//5759 5883//5769 5887//5773
f 5887//5773 5888//5774 5873//5759
f 5793//5679 5786//5672 5888//5774
f 5888//5774 5887//5773 5793//5679
f 5886//5772 5791//5677 5793//5679
f 5793//5679 5887//5773 5886//5772
f 5886//5772 5788//5674 5791//5677
f 5788//5674 5885//5771 5889//5775
f 5785//5671 5890//5776 5888//5774
f 5888//5774 5786//5672 5785//5671
f 5890//5776 5785//5671 5891//5777
f 5889//5775 5806//5692 5805//5691
f 5805//5691 5804//5690 5889//5775
f 5698//5584 5857//5743 5864//5750
f 5864//5750 5891//5777 5698//5584
f 5803//5689 5794//5680 5797//5683
f 5797//5683 5800//5686 5803//5689
f 5805//5691 5798//5684 5794//5680
f 5794//5680 5803//5689 5805//5691
f 5789//5675 5889//5775 5804//5690
f 5734//5620 5804//5690 5802//5688
f 5732//5618 5802//5688 5801//5687
f 5758//5644 5732//5618 5801//5687
f 5732//5618 5734//5620 5802//5688
f 5734//5620 5789//5675 5804//5690
f 5863//5749 5873//5759 5888//5774
f 5888//5774 5890//5776 5863//5749
f 5863//5749 5890//5776 5864//5750
f 5702//5588 5891//5777 5785//5671
f 5785//5671 5701//5587 5702//5588
f 5891//5777 5702//5588 5699//5585
f 5699//5585 5698//5584 5891//5777
f 5864//5750 5890//5776 5891//5777
f 5699//5585 5688//5574 5684//5570
f 5684//5570 5696//5582 5699//5585
f 5697//5583 5858//5744 5857//5743
f 5857//5743 5698//5584 5697//5583
f 5776//5662 5860//5746 5858//5744
f 5858//5744 5697//5583 5776//5662
f 5871//5757 5860//5746 5776//5662
f 5776//5662 5783//5669 5871//5757
f 5781//5667 5869//5755 5871//5757
f 5871//5757 5783//5669 5781//5667
f 5777//5663 5867//5753 5869//5755
f 5869//5755 5781//5667 5777//5663
f 5780//5666 5868//5754 5867//5753
f 5867//5753 5777//5663 5780//5666
f 5771//5657 5849//5735 5868//5754
f 5868//5754 5780//5666 5771//5657
f 5773//5659 5850//5736 5849//5735
f 5849//5735 5771//5657 5773//5659
f 5774//5660 5852//5738 5850//5736
f 5850//5736 5773//5659 5774//5660
f 5775//5661 5854//5740 5852//5738
f 5852//5738 5774//5660 5775//5661
f 5892//5778 5893//5779 5894//5780
f 5894//5780 5895//5781 5892//5778
f 5896//5782 5897//5783 5893//5779
f 5893//5779 5892//5778 5896//5782
f 5898//5784 5899//5785 5897//5783
f 5897//5783 5896//5782 5898//5784
f 5900//5786 5901//5787 5899//5785
f 5899//5785 5898//5784 5900//5786
f 5902//5788 5903//5789 5904//5790
f 5904//5790 5905//5791 5902//5788
f 5906//5792 5907//5793 5903//5789
f 5903//5789 5902//5788 5906//5792
f 5908//5794 5909//5795 5907//5793
f 5907//5793 5906//5792 5908//5794
f 5910//5796 5909//5795 5908//5794
f 5908//5794 5911//5797 5910//5796
f 5905//5791 5904//5790 5901//5787
f 5901//5787 5900//5786 5905//5791
f 5895//5781 5760//5646 5759//5645
f 5759//5645 5892//5778 5895//5781
f 5892//5778 5759//5645 5762//5648
f 5762//5648 5896//5782 5892//5778
f 5896//5782 5762//5648 5763//5649
f 5763//5649 5898//5784 5896//5782
f 5898//5784 5763//5649 5764//5650
f 5764//5650 5900//5786 5898//5784
f 5905//5791 5766//5652 5765//5651
f 5765//5651 5902//5788 5905//5791
f 5902//5788 5765//5651 5767//5653
f 5767//5653 5906//5792 5902//5788
f 5906//5792 5767//5653 5768//5654
f 5768//5654 5908//5794 5906//5792
f 5911//5797 5908//5794 5768//5654
f 5768//5654 5769//5655 5911//5797
f 5900//5786 5764//5650 5766//5652
f 5766//5652 5905//5791 5900//5786
f 5912//5798 5913//5799 5914//5800
f 5914//5800 5915//5801 5912//5798
f 5916//5802 5912//5798 5915//5801
f 5915//5801 5917//5803 5916//5802
f 5918//5804 5916//5802 5917//5803
f 5917//5803 5919//5805 5918//5804
f 5920//5806 5918//5804 5919//5805
f 5919//5805 5921//5807 5920//5806
f 5922//5808 5923//5809 5924//5810
f 5924//5810 5925//5811 5922//5808
f 5926//5812 5927//5813 5923//5809
f 5923//5809 5922//5808 5926//5812
f 5928//5814 5929//5815 5927//5813
f 5927//5813 5926//5812 5928//5814
f 5930//5816 5929//5815 5928//5814
f 5928//5814 5931//5817 5930//5816
f 5921//5807 5925//5811 5924//5810
f 5924//5810 5920//5806 5921//5807
f 5932//5818 5933//5819 5915//5801
f 5915//5801 5914//5800 5932//5818
f 5917//5803 5915//5801 5933//5819
f 5933//5819 5934//5820 5917//5803
f 5935//5821 5919//5805 5917//5803
f 5917//5803 5934//5820 5935//5821
f 5936//5822 5921//5807 5919//5805
f 5919//5805 5935//5821 5936//5822
f 5937//5823 5922//5808 5925//5811
f 5925//5811 5938//5824 5937//5823
f 5939//5825 5926//5812 5922//5808
f 5922//5808 5937//5823 5939//5825
f 5940//5826 5928//5814 5926//5812
f 5926//5812 5939//5825 5940//5826
f 5940//5826 5941//5827 5931//5817
f 5931//5817 5928//5814 5940//5826
f 5938//5824 5925//5811 5921//5807
f 5921//5807 5936//5822 5938//5824
f 5893//5779 5933//5819 5932//5818
f 5932//5818 5894//5780 5893//5779
f 5897//5783 5934//5820 5933//5819
f 5933//5819 5893//5779 5897//5783
f 5899//5785 5935//5821 5934//5820
f 5934//5820 5897//5783 5899//5785
f 5901//5787 5936//5822 5935//5821
f 5935//5821 5899//5785 5901//5787
f 5903//5789 5937//5823 5938//5824
f 5938//5824 5904//5790 5903//5789
f 5907//5793 5939//5825 5937//5823
f 5937//5823 5903//5789 5907//5793
f 5909//5795 5940//5826 5939//5825
f 5939//5825 5907//5793 5909//5795
f 5941//5827 5940//5826 5909//5795
f 5909//5795 5910//5796 5941//5827
f 5904//5790 5938//5824 5936//5822
f 5936//5822 5901//5787 5904//5790
f 5942//5828 5943//5829 5944//5830
f 5944//5830 5945//5831 5942//5828
f 5946//5832 5942//5828 5945//5831
f 5945//5831 5947//5833 5946//5832
f 5948//5834 5949//5835 5950//5836
f 5950//5836 5951//5837 5948//5834
f 5942//5828 5951//5837 5950//5836
f 5950//5836 5943//5829 5942//5828
f 5913//5799 5912//5798 5945//5831
f 5945//5831 5944//5830 5913//5799
f 5952//5838 5948//5834 5951//5837
f 5951//5837 5953//5839 5952//5838
f 5953//5839 5951//5837 5942//5828
f 5942//5828 5946//5832 5953//5839
f 5912//5798 5916//5802 5947//5833
f 5947//5833 5945//5831 5912//5798
f 5954//5840 5955//5841 5956//5842
f 5956//5842 5957//5843 5954//5840
f 5958//5844 5959//5845 5955//5841
f 5955//5841 5954//5840 5958//5844
f 5960//5846 5953//5839 5946//5832
f 5946//5832 5961//5847 5960//5846
f 5955//5841 5962//5848 5963//5849
f 5963//5849 5956//5842 5955//5841
f 5957//5843 5927//5813 5929//5815
f 5929//5815 5954//5840 5957//5843
f 5964//5850 5952//5838 5953//5839
f 5953//5839 5960//5846 5964//5850
f 5959//5845 5965//5851 5962//5848
f 5962//5848 5955//5841 5959//5845
f 5958//5844 5954//5840 5929//5815
f 5929//5815 5930//5816 5958//5844
f 5957//5843 5956//5842 5966//5852
f 5966//5852 5967//5853 5957//5843
f 5967//5853 5923//5809 5927//5813
f 5927//5813 5957//5843 5967//5853
f 5947//5833 5968//5854 5961//5847
f 5961//5847 5946//5832 5947//5833
f 5956//5842 5963//5849 5969//5855
f 5969//5855 5966//5852 5956//5842
f 5918//5804 5920//5806 5969//5855
f 5969//5855 5968//5854 5918//5804
f 5916//5802 5918//5804 5968//5854
f 5968//5854 5947//5833 5916//5802
f 5924//5810 5923//5809 5967//5853
f 5967//5853 5966//5852 5924//5810
f 5966//5852 5969//5855 5920//5806
f 5920//5806 5924//5810 5966//5852
f 5963//5849 5961//5847 5968//5854
f 5968//5854 5969//5855 5963//5849
f 5962//5848 5960//5846 5961//5847
f 5961//5847 5963//5849 5962//5848
f 5965//5851 5964//5850 5960//5846
f 5960//5846 5962//5848 5965//5851
f 5604//5490 5970//5856 5971//5857
f 5971//5857 5605//5491 5604//5490
f 5608//5494 5972//5858 5970//5856
f 5970//5856 5604//5490 5608//5494
f 5973//5859 5972//5858 5608//5494
f 5608//5494 5610//5496 5973//5859
f 5605//5491 5971//5857 5974//5860
f 5974//5860 5612//5498 5605//5491
f 5612//5498 5974//5860 5975//5861
f 5975//5861 5614//5500 5612//5498
f 5614//5500 5975//5861 5976//5862
f 5976//5862 5617//5503 5614//5500
f 5617//5503 5976//5862 5977//5863
f 5977//5863 5619//5505 5617//5503
f 5978//5864 5973//5859 5610//5496
f 5610//5496 5979//5865 5978//5864
f 5644//5530 5980//5866 5978//5864
f 5978//5864 5979//5865 5644//5530
f 5643//5529 5981//5867 5980//5866
f 5980//5866 5644//5530 5643//5529
f 5645//5531 5982//5868 5981//5867
f 5981//5867 5643//5529 5645//5531
f 5660//5546 5983//5869 5984//5870
f 5984//5870 5661//5547 5660//5546
f 5985//5871 5986//5872 5664//5550
f 5664//5550 5663//5549 5985//5871
f 5987//5873 5988//5874 5666//5552
f 5666//5552 5665//5551 5987//5873
f 5666//5552 5988//5874 5982//5868
f 5982//5868 5645//5531 5666//5552
f 5989//5875 5985//5871 5663//5549
f 5663//5549 5667//5553 5989//5875
f 5661//5547 5984//5870 5987//5873
f 5987//5873 5665//5551 5661//5547
f 5990//5876 5983//5869 5660//5546
f 5660//5546 5668//5554 5990//5876
f 5664//5550 5986//5872 5990//5876
f 5990//5876 5668//5554 5664//5550
f 5667//5553 5672//5558 5991//5877
f 5991//5877 5989//5875 5667//5553
f 5992//5878 5993//5879 5994//5880
f 5994//5880 5703//5589 5992//5878
f 5995//5881 5992//5878 5703//5589
f 5703//5589 5690//5576 5995//5881
f 5689//5575 5996//5882 5997//5883
f 5997//5883 5685//5571 5689//5575
f 5693//5579 5998//5884 5996//5882
f 5996//5882 5689//5575 5693//5579
f 5695//5581 5999//5885 5998//5884
f 5998//5884 5693//5579 5695//5581
f 6000//5886 5686//5572 5685//5571
f 5685//5571 5997//5883 6000//5886
f 5719//5605 6001//5887 5999//5885
f 5999//5885 5695//5581 5719//5605
f 5722//5608 6002//5888 6001//5887
f 6001//5887 5719//5605 5722//5608
f 5761//5647 6003//5889 6004//5890
f 6004//5890 5725//5611 5761//5647
f 5770//5656 6005//5891 6003//5889
f 6003//5889 5761//5647 5770//5656
f 6006//5892 6007//5893 5739//5625
f 5739//5625 5760//5646 6006//5892
f 5739//5625 6007//5893 6008//5894
f 6008//5894 5740//5626 5739//5625
f 5740//5626 6008//5894 6005//5891
f 6005//5891 5770//5656 5740//5626
f 5725//5611 6004//5890 6002//5888
f 6002//5888 5722//5608 5725//5611
f 6009//5895 6006//5892 5760//5646
f 5760//5646 5895//5781 6009//5895
f 6010//5896 6009//5895 5895//5781
f 5895//5781 5894//5780 6010//5896
f 6011//5897 6012//5898 5914//5800
f 5914//5800 5913//5799 6011//5897
f 6012//5898 6013//5899 5932//5818
f 5932//5818 5914//5800 6012//5898
f 6013//5899 6010//5896 5894//5780
f 5894//5780 5932//5818 6013//5899
f 6014//5900 6011//5897 5913//5799
f 5913//5799 5944//5830 6014//5900
f 6015//5901 6014//5900 5944//5830
f 5944//5830 5943//5829 6015//5901
f 6016//5902 6015//5901 5943//5829
f 5943//5829 5950//5836 6016//5902
f 5949//5835 6017//5903 6016//5902
f 6016//5902 5950//5836 5949//5835
f 5690//5576 5686//5572 6000//5886
f 6000//5886 5995//5881 5690//5576
f 6018//5904 6019//5905 5971//5857
f 5971//5857 5970//5856 6018//5904
f 6020//5906 6018//5904 5970//5856
f 5970//5856 5972//5858 6020//5906
f 6021//5907 6020//5906 5972//5858
f 5972//5858 5973//5859 6021//5907
f 6019//5905 6022//5908 5974//5860
f 5974//5860 5971//5857 6019//5905
f 5974//5860 6022//5908 6023//5909
f 6023//5909 5975//5861 5974//5860
f 5975//5861 6023//5909 6024//5910
f 6024//5910 5976//5862 5975//5861
f 5976//5862 6024//5910 6025//5911
f 6025//5911 5977//5863 5976//5862
f 5978//5864 6026//5912 6021//5907
f 6021//5907 5973//5859 5978//5864
f 6027//5913 6026//5912 5978//5864
f 5978//5864 5980//5866 6027//5913
f 5981//5867 6028//5914 6027//5913
f 6027//5913 5980//5866 5981//5867
f 5982//5868 6029//5915 6028//5914
f 6028//5914 5981//5867 5982//5868
f 6030//5916 6031//5917 5984//5870
f 5984//5870 5983//5869 6030//5916
f 5985//5871 6032//5918 6033//5919
f 6033//5919 5986//5872 5985//5871
f 5987//5873 6034//5920 6035//5921
f 6035//5921 5988//5874 5987//5873
f 5988//5874 6035//5921 6029//5915
f 6029//5915 5982//5868 5988//5874
f 5989//5875 6036//5922 6032//5918
f 6032//5918 5985//5871 5989//5875
f 6031//5917 6034//5920 5987//5873
f 5987//5873 5984//5870 6031//5917
f 6037//5923 6030//5916 5983//5869
f 5983//5869 5990//5876 6037//5923
f 5986//5872 6033//5919 6037//5923
f 6037//5923 5990//5876 5986//5872
f 6038//5924 6039//5925 5991//5877
f 5991//5877 5993//5879 6038//5924
f 6040//5926 6038//5924 5993//5879
f 5993//5879 5992//5878 6040//5926
f 5995//5881 6041//5927 6040//5926
f 6040//5926 5992//5878 5995//5881
f 6042//5928 6043//5929 5997//5883
f 5997//5883 5996//5882 6042//5928
f 6044//5930 6042//5928 5996//5882
f 5996//5882 5998//5884 6044//5930
f 6045//5931 6044//5930 5998//5884
f 5998//5884 5999//5885 6045//5931
f 5997//5883 6043//5929 6046//5932
f 6046//5932 6000//5886 5997//5883
f 6047//5933 6045//5931 5999//5885
f 5999//5885 6001//5887 6047//5933
f 6048//5934 6047//5933 6001//5887
f 6001//5887 6002//5888 6048//5934
f 6049//5935 6050//5936 6004//5890
f 6004//5890 6003//5889 6049//5935
f 6051//5937 6049//5935 6003//5889
f 6003//5889 6005//5891 6051//5937
f 6006//5892 6052//5938 6053//5939
f 6053//5939 6007//5893 6006//5892
f 6007//5893 6053//5939 6054//5940
f 6054//5940 6008//5894 6007//5893
f 6054//5940 6051//5937 6005//5891
f 6005//5891 6008//5894 6054//5940
f 6004//5890 6050//5936 6048//5934
f 6048//5934 6002//5888 6004//5890
f 6052//5938 6006//5892 6009//5895
f 6009//5895 6055//5941 6052//5938
f 6056//5942 6055//5941 6009//5895
f 6009//5895 6010//5896 6056//5942
f 6057//5943 6058//5944 6012//5898
f 6012//5898 6011//5897 6057//5943
f 6058//5944 6059//5945 6013//5899
f 6013//5899 6012//5898 6058//5944
f 6013//5899 6059//5945 6056//5942
f 6056//5942 6010//5896 6013//5899
f 6060//5946 6057//5943 6011//5897
f 6011//5897 6014//5900 6060//5946
f 6061//5947 6060//5946 6014//5900
f 6014//5900 6015//5901 6061//5947
f 6062//5948 6061//5947 6015//5901
f 6015//5901 6016//5902 6062//5948
f 6017//5903 6063//5949 6062//5948
f 6062//5948 6016//5902 6017//5903
f 6000//5886 6046//5932 6041//5927
f 6041//5927 5995//5881 6000//5886
f 5595//5481 5642//5528 5979//5865
f 5979//5865 5610//5496 5595//5481
f 5636//5522 5642//5528 5641//5527
f 5641//5527 5637//5523 5636//5522
f 5644//5530 5979//5865 5642//5528
f 5642//5528 5636//5522 5644//5530
f 6055//5941 6064//5950 6065//5951
f 6065//5951 6052//5938 6055//5941
f 6056//5942 6066//5952 6064//5950
f 6064//5950 6055//5941 6056//5942
f 6057//5943 6067//5953 6068//998
f 6068//998 6058//5944 6057//5943
f 6058//5944 6068//998 6069//5954
f 6069//5954 6059//5945 6058//5944
f 6059//5945 6069//5954 6066//5952
f 6066//5952 6056//5942 6059//5945
f 6060//5946 6070//1003 6067//5953
f 6067//5953 6057//5943 6060//5946
f 6060//5946 6061//5947 6071//5955
f 6071//5955 6070//1003 6060//5946
f 6072//5956 6071//5955 6061//5947
f 6061//5947 6062//5948 6072//5956
f 6063//5949 6073//5957 6072//5956
f 6072//5956 6062//5948 6063//5949
f 6074//5958 6044//5930 6045//5931
f 6043//5929 6075//5959 6041//5927
f 6041//5927 6046//5932 6043//5929
f 6076//5960 6074//5958 6045//5931
f 6045//5931 6047//5933 6076//5960
f 6048//5934 6077//5961 6076//5960
f 6076//5960 6047//5933 6048//5934
f 6078//5962 6079//5963 6050//5936
f 6050//5936 6049//5935 6078//5962
f 6051//5937 6080//5964 6078//5962
f 6078//5962 6049//5935 6051//5937
f 6081//5965 6082//5966 6054//5940
f 6054//5940 6053//5939 6081//5965
f 6054//5940 6082//5966 6080//5964
f 6080//5964 6051//5937 6054//5940
f 6079//5963 6077//5961 6048//5934
f 6048//5934 6050//5936 6079//5963
f 6083//5967 6084//5968 6085//5969
f 6085//5969 6086//5970 6083//5967
f 6087//5971 6088//5972 6089//5973
f 6089//5973 6090//5974 6087//5971
f 6091//5975 6092//5976 6086//5970
f 6086//5970 6085//5969 6091//5975
f 6084//5968 6083//5967 6077//5961
f 6077//5961 6079//5963 6084//5968
f 6093//5977 6094//5978 6088//5972
f 6088//5972 6087//5971 6093//5977
f 6095//5979 6096//5980 6086//5970
f 6086//5970 6092//5976 6095//5979
f 6086//5970 6096//5980 6097//5981
f 6097//5981 6083//5967 6086//5970
f 6083//5967 6097//5981 6076//5960
f 6076//5960 6077//5961 6083//5967
f 6094//5978 6030//5916 6037//5923
f 6037//5923 6095//5979 6094//5978
f 6033//5919 6096//5980 6095//5979
f 6095//5979 6037//5923 6033//5919
f 6098//5982 6099//5983 6097//5981
f 6097//5981 6096//5980 6098//5982
f 6042//5928 6100//5984 6075//5959
f 6075//5959 6043//5929 6042//5928
f 6101//5985 6100//5984 6042//5928
f 6042//5928 6044//5930 6101//5985
f 6098//5982 6096//5980 6033//5919
f 6033//5919 6032//5918 6098//5982
f 6036//5922 6098//5982 6032//5918
f 6101//5985 6099//5983 6098//5982
f 6098//5982 6036//5922 6101//5985
f 6099//5983 6101//5985 6044//5930
f 6044//5930 6074//5958 6099//5983
f 6097//5981 6099//5983 6074//5958
f 6074//5958 6076//5960 6097//5981
f 6039//5925 6038//5924 6075//5959
f 6075//5959 6100//5984 6039//5925
f 6040//5926 6041//5927 6075//5959
f 6075//5959 6038//5924 6040//5926
f 6036//5922 6039//5925 6100//5984
f 6100//5984 6101//5985 6036//5922
f 5989//5875 5991//5877 6039//5925
f 6039//5925 6036//5922 5989//5875
f 6034//5920 6087//5971 6090//5974
f 6090//5974 6102//5986 6034//5920
f 6031//5917 6093//5977 6087//5971
f 6087//5971 6034//5920 6031//5917
f 6103//5987 6085//5969 6084//5968
f 6084//5968 6104//5988 6103//5987
f 6103//5987 6104//5988 6105//5989
f 6105//5989 6106//5990 6103//5987
f 6107//5991 6108//5992 6109//5993
f 6109//5993 6110//5994 6107//5991
f 6110//5994 6106//5990 6105//5989
f 6105//5989 6107//5991 6110//5994
f 6089//5973 6111//5995 6090//5974
f 6112//5996 6091//5975 6085//5969
f 6085//5969 6103//5987 6112//5996
f 6079//5963 6078//5962 6104//5988
f 6104//5988 6084//5968 6079//5963
f 6111//5995 6113//5997 6114//5998
f 6114//5998 6090//5974 6111//5995
f 6112//5996 6103//5987 6106//5990
f 6106//5990 6115//5999 6112//5996
f 6080//5964 6105//5989 6104//5988
f 6104//5988 6078//5962 6080//5964
f 6116//6000 6117//6001 6118//6002
f 6108//5992 6107//5991 6082//5966
f 6082//5966 6081//5965 6108//5992
f 6113//5997 6116//6000 6118//6002
f 6118//6002 6114//5998 6113//5997
f 6119//6003 6115//5999 6106//5990
f 6106//5990 6110//5994 6119//6003
f 6080//5964 6082//5966 6107//5991
f 6107//5991 6105//5989 6080//5964
f 6030//5916 6094//5978 6093//5977
f 6093//5977 6031//5917 6030//5916
f 6092//5976 6088//5972 6094//5978
f 6094//5978 6095//5979 6092//5976
f 6091//5975 6089//5973 6088//5972
f 6088//5972 6092//5976 6091//5975
f 6089//5973 6091//5975 6112//5996
f 6112//5996 6111//5995 6089//5973
f 6115//5999 6113//5997 6111//5995
f 6111//5995 6112//5996 6115//5999
f 6119//6003 6116//6000 6113//5997
f 6113//5997 6115//5999 6119//6003
f 6119//6003 6120//6004 6117//6001
f 6117//6001 6116//6000 6119//6003
f 6110//5994 6109//5993 6120//6004
f 6120//6004 6119//6003 6110//5994
f 6121//6005 6122//6006 6081//5965
f 6081//5965 6053//5939 6121//6005
f 6122//6006 6123//6007 6108//5992
f 6108//5992 6081//5965 6122//6006
f 6108//5992 6123//6007 6124//6008
f 6124//6008 6109//5993 6108//5992
f 6109//5993 6124//6008 6125//6009
f 6125//6009 6120//6004 6109//5993
f 6117//6001 6126//6010 6127//6011
f 6127//6011 6118//6002 6117//6001
f 6120//6004 6125//6009 6126//6010
f 6126//6010 6117//6001 6120//6004
f 6052//5938 6065//5951 6121//6005
f 6121//6005 6053//5939 6052//5938
f 6021//5907 6026//5912 6128//6012
f 6128//6012 6129//6013 6021//5907
f 6026//5912 6027//5913 6130//6014
f 6130//6014 6128//6012 6026//5912
f 6027//5913 6028//5914 6131//6015
f 6131//6015 6130//6014 6027//5913
f 6131//6015 6028//5914 6029//5915
f 6029//5915 6132//6016 6131//6015
f 6133//1085 6132//6016 6134//6017
f 6134//6017 6135//6018 6133//1085
f 6136//6019 6135//6018 6134//6017
f 6134//6017 6102//5986 6136//6019
f 6127//6011 6136//6019 6102//5986
f 6102//5986 6118//6002 6127//6011
f 6102//5986 6090//5974 6114//5998
f 6102//5986 6114//5998 6118//6002
f 6029//5915 6035//5921 6134//6017
f 6134//6017 6132//6016 6029//5915
f 6035//5921 6034//5920 6102//5986
f 6102//5986 6134//6017 6035//5921
f 6132//6016 6133//1085 6137//1082
f 6137//1082 6131//6015 6132//6016
f 6137//1082 6138//1079 6130//6014
f 6130//6014 6131//6015 6137//1082
f 6138//1079 6139//1076 6128//6012
f 6128//6012 6130//6014 6138//1079
f 6128//6012 6139//1076 6140//6020
f 6140//6020 6129//6013 6128//6012
f 6141//1102 6142//6021 6143//6022
f 6143//6022 6144//6023 6141//1102
f 6020//5906 6143//6022 6142//6021
f 6145//6024 6146//6025 6147//6026
f 6147//6026 6148//1106 6145//6024
f 6146//6025 6023//5909 6022//5908
f 6022//5908 6147//6026 6146//6025
f 6149//6027 6150//6028 6151//6029
f 6151//6029 6152//1112 6149//6027
f 6152//1112 6151//6029 6146//6025
f 6146//6025 6145//6024 6152//1112
f 6148//1106 6147//6026 6153//6030
f 6153//6030 6154//1116 6148//1106
f 6150//6028 6025//5911 6024//5910
f 6024//5910 6151//6029 6150//6028
f 6151//6029 6024//5910 6023//5909
f 6023//5909 6146//6025 6151//6029
f 6147//6026 6022//5908 6019//5905
f 6019//5905 6153//6030 6147//6026
f 6154//1116 6153//6030 6155//6031
f 6155//6031 6156//6032 6154//1116
f 6143//6022 6129//6013 6140//6020
f 6140//6020 6144//6023 6143//6022
f 6153//6030 6019//5905 6018//5904
f 6018//5904 6155//6031 6153//6030
f 6143//6022 6020//5906 6021//5907
f 6021//5907 6129//6013 6143//6022
f 6156//6032 6155//6031 6142//6021
f 6142//6021 6141//1102 6156//6032
f 6020//5906 6142//6021 6018//5904
f 6018//5904 6142//6021 6155//6031
f 5993//5879 5991//5877 5672//5558
f 5672//5558 5994//5880 5993//5879
f 5994//5880 5672//5558 5671//5557
f 5671//5557 6157//6033 5994//5880
f 6157//6033 5671//5557 5673//5559
f 5673//5559 6158//6034 6157//6033
f 6158//6034 5673//5559 5670//5556
f 5670//5556 6159//6035 6158//6034
f 5570//5456 5569//5455 6159//6035
f 6159//6035 5670//5556 5570//5456
f 5994//5880 6157//6033 5704//5590
f 5704//5590 5703//5589 5994//5880
f 5704//5590 6157//6033 6158//6034
f 6158//6034 6160//6036 5704//5590
f 6160//6036 6158//6034 6159//6035
f 6159//6035 6161//6037 6160//6036
f 5569//5455 6162//6038 6161//6037
f 6161//6037 6159//6035 5569//5455
f 6162//6038 5569//5455 5566//5452
f 5566//5452 5718//5604 6162//6038
f 6160//6036 5784//5670 5691//5577
f 5691//5577 5704//5590 6160//6036
f 6160//6036 6161//6037 5782//5668
f 5782//5668 5784//5670 6160//6036
f 6161//6037 6162//6038 5778//5664
f 5778//5664 5782//5668 6161//6037
f 5779//5665 5778//5664 6162//6038
f 6162//6038 5718//5604 5779//5665
f 5779//5665 5718//5604 5678//5564
f 5678//5564 5772//5658 5779//5665
f 5772//5658 5678//5564 5677//5563
f 5677//5563 5681//5567 5772//5658
f 6163//6039 6164//6040 6165//6041
f 6166//6042 6165//6041 6164//6040
f 6164//6040 6167//6043 6166//6042
f 6168//6044 6169//6045 6170//6046
f 6170//6046 6171//6047 6168//6044
f 6172//6048 6173//6049 6174//6050
f 6174//6050 6175//6051 6172//6048
f 6173//6049 6176//6052 6177//6053
f 6177//6053 6174//6050 6173//6049
f 6178//6054 6179//6055 6180//6056
f 6180//6056 6181//6057 6178//6054
f 6176//6052 6182//6058 6183//6059
f 6183//6059 6177//6053 6176//6052
f 6184//6060 6183//6059 6182//6058
f 6182//6058 6185//6061 6184//6060
f 6186//6062 6187//6063 6188//6064
f 6188//6064 6189//6065 6186//6062
f 6190//6066 6188//6064 6187//6063
f 6187//6063 6184//6060 6190//6066
f 6179//6055 6191//6067 6192//6068
f 6192//6068 6180//6056 6179//6055
f 6193//6069 6194//6070 6195//6071
f 6195//6071 6196//6072 6193//6069
f 6190//6066 6184//6060 6185//6061
f 6189//6065 6193//6069 6196//6072
f 6196//6072 6186//6062 6189//6065
f 6197//6073 6198//6074 6199//6075
f 6199//6075 6200//6076 6197//6073
f 6180//6056 6192//6068 6201//6077
f 6201//6077 6202//6078 6180//6056
f 6181//6057 6180//6056 6202//6078
f 6202//6078 6203//6079 6181//6057
f 6173//6049 6172//6048 5876//5762
f 5876//5762 5878//5764 6173//6049
f 6176//6052 6173//6049 5878//5764
f 5878//5764 5880//5766 6176//6052
f 6182//6058 6176//6052 5880//5766
f 5880//5766 5882//5768 6182//6058
f 6175//6051 6178//6054 6181//6057
f 6181//6057 6172//6048 6175//6051
f 6203//6079 6172//6048 6181//6057
f 6185//6061 6182//6058 5882//5768
f 5882//5768 5872//5758 6185//6061
f 6190//6066 6185//6061 5872//5758
f 5872//5758 5862//5748 6190//6066
f 6169//6045 6168//6044 5851//5737
f 5851//5737 5853//5739 6169//6045
f 5856//5742 5861//5747 5824//5710
f 5824//5710 5819//5705 5856//5742
f 5819//5705 5824//5710 5823//5709
f 5823//5709 5816//5702 5819//5705
f 5861//5747 5856//5742 6189//6065
f 6189//6065 6188//6064 5861//5747
f 5862//5748 5861//5747 6188//6064
f 6188//6064 6190//6066 5862//5748
f 6193//6069 6189//6065 5856//5742
f 5856//5742 5855//5741 6193//6069
f 6194//6070 6193//6069 5855//5741
f 5855//5741 5859//5745 6194//6070
f 6197//6073 6194//6070 5859//5745
f 5859//5745 5870//5756 6197//6073
f 6198//6074 6197//6073 5870//5756
f 5870//5756 5884//5770 6198//6074
f 5848//5734 5847//5733 6167//6043
f 6167//6043 6164//6040 5848//5734
f 5865//5751 5848//5734 6164//6040
f 6164//6040 6163//6039 5865//5751
f 5847//5733 5851//5737 6168//6044
f 6168//6044 6167//6043 5847//5733
f 6204//6080 6199//6075 6198//6074
f 6204//6080 6198//6074 5884//5770
f 5884//5770 5866//5752 6204//6080
f 5866//5752 5884//5770 5846//5732
f 5846//5732 5827//5713 5866//5752
f 5827//5713 5846//5732 5845//5731
f 5845//5731 5828//5714 5827//5713
f 6165//6041 6199//6075 6204//6080
f 6204//6080 6163//6039 6165//6041
f 6163//6039 6204//6080 5866//5752
f 5866//5752 5865//5751 6163//6039
f 6171//6047 6166//6042 6167//6043
f 6167//6043 6168//6044 6171//6047
f 5789//5675 5728//5614 5787//5673
f 5889//5775 5789//5675 5788//5674
f 5788//5674 5787//5673 5791//5677
f 5787//5673 5731//5617 5738//5624
f 5738//5624 5790//5676 5787//5673
f 5885//5771 5788//5674 5886//5772
f 5806//5692 5889//5775 5885//5771
f 5451//5337 5450//5336 5427//5313
f 5427//5313 5426//5312 5451//5337
f 5428//5314 5454//5340 5451//5337
f 5451//5337 5426//5312 5428//5314
f 5456//5342 5454//5340 5428//5314
f 5428//5314 5430//5316 5456//5342
f 5458//5344 5456//5342 5430//5316
f 5430//5316 5432//5318 5458//5344
f 5460//5346 5458//5344 5432//5318
f 5432//5318 5435//5321 5460//5346
f 5463//5349 5460//5346 5435//5321
f 5435//5321 5437//5323 5463//5349
f 5439//5325 5465//5351 5464//5350
f 5464//5350 5440//5326 5439//5325
f 5443//5329 5467//5353 5465//5351
f 5465//5351 5439//5325 5443//5329
f 5445//5331 5469//5355 5467//5353
f 5467//5353 5443//5329 5445//5331
f 5447//5333 5471//5357 5469//5355
f 5469//5355 5445//5331 5447//5333
f 5473//5359 5471//5357 5447//5333
f 5447//5333 5449//5335 5473//5359
f 5450//5336 5473//5359 5449//5335
f 5449//5335 5427//5313 5450//5336
f 6205//6081 6206//6082 5706//5592
f 5706//5592 5705//5591 6205//6081
f 6207//6083 5707//5593 5706//5592
f 5706//5592 6206//6082 6207//6083
f 6208//6084 5708//5594 5707//5593
f 5707//5593 6207//6083 6208//6084
f 6209//6085 5709//5595 5708//5594
f 5708//5594 6208//6084 6209//6085
f 6209//6085 6210//6086 5710//5596
f 5710//5596 5709//5595 6209//6085
f 6210//6086 6211//6087 5711//5597
f 5711//5597 5710//5596 6210//6086
f 6212//6088 5712//5598 5713//5599
f 5713//5599 6213//6089 6212//6088
f 6214//6090 5714//5600 5712//5598
f 5712//5598 6212//6088 6214//6090
f 6214//6090 6215//6091 5715//5601
f 5715//5601 5714//5600 6214//6090
f 6215//6091 6216//6092 5716//5602
f 5716//5602 5715//5601 6215//6091
f 6217//6093 5717//5603 5716//5602
f 5716//5602 6216//6092 6217//6093
f 6217//6093 6205//6081 5705//5591
f 5705//5591 5717//5603 6217//6093
f 5713//5599 5711//5597 6211//6087
f 6211//6087 6213//6089 5713//5599
f 5713//5599 5441//5327 5436//5322
f 5436//5322 5711//5597 5713//5599
f 5437//5323 5436//5322 5441//5327
f 5441//5327 5440//5326 5437//5323
f 5464//5350 5463//5349 5437//5323
f 5437//5323 5440//5326 5464//5350
f 5462//5348 5464//5350 5466//5352
f 5463//5349 5464//5350 5462//5348
f 6218//6094 6219//6095 6206//6082
f 6206//6082 6205//6081 6218//6094
f 6220//6096 6207//6083 6206//6082
f 6206//6082 6219//6095 6220//6096
f 6221//6097 6208//6084 6207//6083
f 6207//6083 6220//6096 6221//6097
f 6222//6098 6209//6085 6208//6084
f 6208//6084 6221//6097 6222//6098
f 6223//6099 6210//6086 6209//6085
f 6209//6085 6222//6098 6223//6099
f 6223//6099 6224//6100 6211//6087
f 6211//6087 6210//6086 6223//6099
f 6225//6101 6212//6088 6213//6089
f 6226//6102 6214//6090 6212//6088
f 6212//6088 6225//6101 6226//6102
f 6226//6102 6227//6103 6215//6091
f 6215//6091 6214//6090 6226//6102
f 6227//6103 6228//6104 6216//6092
f 6216//6092 6215//6091 6227//6103
f 6229//6105 6217//6093 6216//6092
f 6216//6092 6228//6104 6229//6105
f 6229//6105 6218//6094 6205//6081
f 6205//6081 6217//6093 6229//6105
f 6225//6101 6213//6089 6211//6087
f 6211//6087 6224//6100 6225//6101
f 6230//6106 6231//6107 6196//6072
f 6196//6072 6195//6071 6230//6106
f 6186//6062 6196//6072 6231//6107
f 6231//6107 6232//6108 6186//6062
f 6183//6059 6184//6060 6233//6109
f 6233//6109 6234//6110 6183//6059
f 6174//6050 6177//6053 6235//6111
f 6235//6111 6236//6112 6174//6050
f 6236//6112 6237//6113 6175//6051
f 6175//6051 6174//6050 6236//6112
f 6179//6055 6178//6054 6238//6114
f 6238//6114 6239//6115 6179//6055
f 6179//6055 6239//6115 6240//6116
f 6240//6116 6191//6067 6179//6055
f 6241//6117 6242//6118 6165//6041
f 6165//6041 6166//6042 6241//6117
f 6243//6119 6244//6120 6171//6047
f 6171//6047 6170//6046 6243//6119
f 6234//6110 6235//6111 6177//6053
f 6177//6053 6183//6059 6234//6110
f 6232//6108 6245//6121 6187//6063
f 6187//6063 6186//6062 6232//6108
f 6245//6121 6233//6109 6184//6060
f 6184//6060 6187//6063 6245//6121
f 6242//6118 6246//6122 6199//6075
f 6199//6075 6165//6041 6242//6118
f 6237//6113 6238//6114 6178//6054
f 6178//6054 6175//6051 6237//6113
f 6244//6120 6241//6117 6166//6042
f 6166//6042 6171//6047 6244//6120
f 5875//5761 5874//5760 6202//6078
f 6202//6078 6201//6077 5875//5761
f 5877//5763 6203//6079 6202//6078
f 6202//6078 5874//5760 5877//5763
f 5876//5762 6203//6079 5877//5763
f 6172//6048 6203//6079 5876//5762
f 6194//6070 6197//6073 6200//6076
f 6200//6076 6195//6071 6194//6070
f 6247//6123 6230//6106 6195//6071
f 6195//6071 6200//6076 6247//6123
f 6246//6122 6247//6123 6200//6076
f 6200//6076 6199//6075 6246//6122
f 6248//6124 6249//6125 6250//6126
f 6250//6126 6251//6127 6248//6124
f 6252//6128 6253//6129 6251//6127
f 6251//6127 6250//6126 6252//6128
f 6254//6130 6255//6131 6253//6129
f 6253//6129 6252//6128 6254//6130
f 6256//6132 6257//6133 6255//6131
f 6255//6131 6254//6130 6256//6132
f 6257//6133 6256//6132 6258//6134
f 6258//6134 6259//6135 6257//6133
f 6260//6136 6259//6135 6258//6134
f 6258//6134 6261//6137 6260//6136
f 6262//6138 6263//6139 6264//6140
f 6264//6140 6265//6141 6262//6138
f 6266//6142 6262//6138 6265//6141
f 6265//6141 6267//6143 6266//6142
f 6267//6143 6268//6144 6269//6145
f 6269//6145 6266//6142 6267//6143
f 6268//6144 6270//6146 6271//6147
f 6271//6147 6269//6145 6268//6144
f 6270//6146 6272//6148 6273//6149
f 6273//6149 6271//6147 6270//6146
f 6248//6124 6273//6149 6272//6148
f 6272//6148 6249//6125 6248//6124
f 6274//6150 6275//6151 6276//6152
f 6276//6152 6277//6153 6274//6150
f 6278//6154 6277//6153 6276//6152
f 6276//6152 6279//6155 6278//6154
f 6278//6154 6279//6155 6280//6156
f 6280//6156 6281//6157 6278//6154
f 6281//6157 6280//6156 6282//6158
f 6282//6158 6283//6159 6281//6157
f 6283//6159 6282//6158 6284//6160
f 6284//6160 6285//6161 6283//6159
f 6286//6162 6287//6163 6285//6161
f 6285//6161 6284//6160 6286//6162
f 6288//6164 6289//6165 6290//6166
f 6291//6167 6290//6166 6289//6165
f 6289//6165 6292//6168 6291//6167
f 6293//6169 6291//6167 6292//6168
f 6292//6168 6294//6170 6293//6169
f 6295//6171 6293//6169 6294//6170
f 6294//6170 6296//6172 6295//6171
f 6295//6171 6296//6172 6297//6173
f 6297//6173 6298//6174 6295//6171
f 6298//6174 6297//6173 6275//6151
f 6275//6151 6274//6150 6298//6174
f 6276//6152 6275//6151 6299//6175
f 6299//6175 6300//6176 6276//6152
f 6279//6155 6276//6152 6300//6176
f 6300//6176 6301//6177 6279//6155
f 6279//6155 6301//6177 6302//6178
f 6302//6178 6280//6156 6279//6155
f 6280//6156 6302//6178 6303//6179
f 6303//6179 6282//6158 6280//6156
f 6284//6160 6282//6158 6303//6179
f 6303//6179 6304//6180 6284//6160
f 6286//6162 6284//6160 6304//6180
f 6304//6180 6305//6181 6286//6162
f 6289//6165 6286//6162 6305//6181
f 6305//6181 6306//6182 6289//6165
f 6292//6168 6289//6165 6306//6182
f 6306//6182 6307//6183 6292//6168
f 6294//6170 6292//6168 6307//6183
f 6307//6183 6308//6184 6294//6170
f 6296//6172 6294//6170 6308//6184
f 6308//6184 6309//6185 6296//6172
f 6297//6173 6296//6172 6309//6185
f 6309//6185 6310//6186 6297//6173
f 6297//6173 6310//6186 6299//6175
f 6299//6175 6275//6151 6297//6173
f 6300//6176 6299//6175 6311//6187
f 6311//6187 6312//6188 6300//6176
f 6301//6177 6300//6176 6312//6188
f 6312//6188 6313//6189 6301//6177
f 6301//6177 6313//6189 6314//6190
f 6314//6190 6302//6178 6301//6177
f 6302//6178 6314//6190 6315//6191
f 6315//6191 6303//6179 6302//6178
f 6303//6179 6315//6191 6316//6192
f 6316//6192 6304//6180 6303//6179
f 6304//6180 6316//6192 6317//6193
f 6317//6193 6305//6181 6304//6180
f 6306//6182 6305//6181 6317//6193
f 6317//6193 6318//6194 6306//6182
f 6307//6183 6306//6182 6318//6194
f 6318//6194 6319//6195 6307//6183
f 6307//6183 6319//6195 6320//6196
f 6320//6196 6308//6184 6307//6183
f 6308//6184 6320//6196 6321//6197
f 6321//6197 6309//6185 6308//6184
f 6310//6186 6309//6185 6321//6197
f 6321//6197 6322//6198 6310//6186
f 6310//6186 6322//6198 6311//6187
f 6311//6187 6299//6175 6310//6186
f 6318//6194 6317//6193 6323//6199
f 6323//6199 6324//6200 6318//6194
f 6318//6194 6324//6200 6325//6201
f 6325//6201 6319//6195 6318//6194
f 6326//6202 6327//6203 6324//6200
f 6324//6200 6323//6199 6326//6202
f 6327//6203 6328//6204 6325//6201
f 6325//6201 6324//6200 6327//6203
f 6329//6205 6330//6206 6313//6189
f 6331//6207 6332//6208 6314//6190
f 6333//6209 6334//6210 6315//6191
f 6335//6211 6336//6212 6337//6213
f 6337//6213 6338//6214 6335//6211
f 6331//6207 6314//6190 6330//6206
f 6314//6190 6313//6189 6330//6206
f 6333//6209 6315//6191 6332//6208
f 6315//6191 6314//6190 6332//6208
f 6339//6215 6316//6192 6334//6210
f 6340//6216 6316//6192 6339//6215
f 6316//6192 6315//6191 6334//6210
f 6330//6206 6329//6205 6341//6217
f 6341//6217 6342//6218 6330//6206
f 6332//6208 6331//6207 6343//6219
f 6343//6219 6344//6220 6332//6208
f 6333//6209 6345//6221 6346//6222
f 6346//6222 6334//6210 6333//6209
f 6340//6216 6347//6223 6338//6214
f 6335//6211 6338//6214 6348//6224
f 6348//6224 6349//6225 6335//6211
f 6330//6206 6342//6218 6343//6219
f 6343//6219 6331//6207 6330//6206
f 6332//6208 6344//6220 6345//6221
f 6345//6221 6333//6209 6332//6208
f 6339//6215 6334//6210 6346//6222
f 6346//6222 6350//6226 6339//6215
f 6339//6215 6347//6223 6340//6216
f 6350//6226 6351//6227 6347//6223
f 6347//6223 6339//6215 6350//6226
f 6351//6227 6348//6224 6338//6214
f 6338//6214 6347//6223 6351//6227
f 6352//6228 6353//6229 6342//6218
f 6342//6218 6341//6217 6352//6228
f 6344//6220 6343//6219 6353//6229
f 6353//6229 6354//6230 6344//6220
f 6354//6230 6355//6231 6356//6232
f 6356//6232 6357//6233 6354//6230
f 6348//6224 6351//6227 6358//6234
f 6358//6234 6359//6235 6348//6224
f 6349//6225 6348//6224 6359//6235
f 6359//6235 6360//6236 6349//6225
f 6342//6218 6353//6229 6343//6219
f 6344//6220 6354//6230 6345//6221
f 6357//6233 6361//6237 6350//6226
f 6351//6227 6350//6226 6361//6237
f 6361//6237 6358//6234 6351//6227
f 6352//6228 6362//6238 6363//6239
f 6363//6239 6353//6229 6352//6228
f 6363//6239 6355//6231 6354//6230
f 6354//6230 6353//6229 6363//6239
f 6346//6222 6357//6233 6350//6226
f 6345//6221 6354//6230 6357//6233
f 6357//6233 6346//6222 6345//6221
f 6356//6232 6361//6237 6357//6233
f 6362//6238 5541//5427 5540//5426
f 5540//5426 6363//6239 6362//6238
f 6363//6239 5540//5426 5542//5428
f 5542//5428 6355//6231 6363//6239
f 6355//6231 5542//5428 5543//5429
f 5543//5429 6356//6232 6355//6231
f 6359//6235 6358//6234 5545//5431
f 5545//5431 5544//5430 6359//6235
f 5546//5432 5547//5433 6360//6236
f 6356//6232 5543//5429 5548//5434
f 5548//5434 6361//6237 6356//6232
f 6358//6234 6361//6237 5548//5434
f 5548//5434 5545//5431 6358//6234
f 6364//6240 6365//6241 6313//6189
f 6313//6189 6312//6188 6364//6240
f 6313//6189 6365//6241 6329//6205
f 6366//6242 6365//6241 6364//6240
f 6364//6240 6367//6243 6366//6242
f 6341//6217 6329//6205 6365//6241
f 6365//6241 6366//6242 6341//6217
f 6368//6244 6352//6228 6366//6242
f 6366//6242 6367//6243 6368//6244
f 6366//6242 6352//6228 6341//6217
f 6369//6245 6362//6238 6352//6228
f 6352//6228 6368//6244 6369//6245
f 5555//5441 5541//5427 6362//6238
f 6362//6238 6369//6245 5555//5441
f 6370//6246 6312//6188 6311//6187
f 6311//6187 6371//6247 6370//6246
f 6372//6248 6371//6247 6311//6187
f 6311//6187 6322//6198 6372//6248
f 6373//6249 6364//6240 6312//6188
f 6312//6188 6370//6246 6373//6249
f 6373//6249 6374//6250 6367//6243
f 6367//6243 6364//6240 6373//6249
f 6374//6250 6375//6251 6368//6244
f 6368//6244 6367//6243 6374//6250
f 6375//6251 6376//6252 6369//6245
f 6369//6245 6368//6244 6375//6251
f 5563//5449 5555//5441 6369//6245
f 6369//6245 6376//6252 5563//5449
f 6377//6253 6378//6254 6374//6250
f 6374//6250 6373//6249 6377//6253
f 6378//6254 6379//6255 6380//6256
f 6380//6256 6381//6257 6378//6254
f 6382//6258 6381//6257 6383//6259
f 6383//6259 6384//6260 6382//6258
f 6378//6254 6377//6253 6379//6255
f 6371//6247 6384//6260 6383//6259
f 6383//6259 6370//6246 6371//6247
f 6379//6255 6377//6253 6370//6246
f 6383//6259 6380//6256 6370//6246
f 6381//6257 6380//6256 6383//6259
f 6385//6261 6386//6262 6387//6263
f 6387//6263 6388//6264 6385//6261
f 6389//6265 6388//6264 6387//6263
f 6387//6263 6390//6266 6389//6265
f 6391//6267 6389//6265 6390//6266
f 6390//6266 6392//6268 6391//6267
f 6386//6262 6385//6261 6393//6269
f 6393//6269 6394//6270 6386//6262
f 6394//6270 6393//6269 6395//6271
f 6395//6271 6396//6272 6394//6270
f 6396//6272 6395//6271 6397//6273
f 6397//6273 6398//6274 6396//6272
f 5586//5472 6398//6274 5587//5473
f 6399//6275 6400//6276 6401//6277
f 6401//6277 6402//6278 6399//6275
f 6402//6278 6401//6277 6403//6279
f 6403//6279 6404//6280 6402//6278
f 6404//6280 6403//6279 6405//6281
f 6405//6281 6406//6282 6404//6280
f 6399//6275 6407//6283 6408//6284
f 6408//6284 6400//6276 6399//6275
f 6407//6283 6409//6285 6410//6286
f 6410//6286 6408//6284 6407//6283
f 6409//6285 6411//6287 6412//6288
f 6412//6288 6410//6286 6409//6285
f 6411//6287 5603//5489 5602//5488
f 5602//5488 6412//6288 6411//6287
f 6401//6277 6400//6276 6413//6289
f 6413//6289 6414//6290 6401//6277
f 6402//6278 6415//6291 6416//6292
f 6416//6292 6399//6275 6402//6278
f 6403//6279 6401//6277 6414//6290
f 6414//6290 6417//6293 6403//6279
f 6404//6280 6418//6294 6415//6291
f 6415//6291 6402//6278 6404//6280
f 6405//6281 6403//6279 6417//6293
f 6417//6293 6419//6295 6405//6281
f 6404//6280 6406//6282 6420//6296
f 6420//6296 6418//6294 6404//6280
f 6400//6276 6408//6284 6421//6297
f 6421//6297 6413//6289 6400//6276
f 6399//6275 6416//6292 6422//6298
f 6422//6298 6407//6283 6399//6275
f 6408//6284 6410//6286 6423//6299
f 6423//6299 6421//6297 6408//6284
f 6407//6283 6422//6298 6424//6300
f 6424//6300 6409//6285 6407//6283
f 6425//6301 6426//6302 6423//6299
f 6423//6299 6410//6286 6425//6301
f 6427//6303 6411//6287 6409//6285
f 6425//6301 5620//5506 5619//5505
f 5619//5505 6426//6302 6425//6301
f 5603//5489 6411//6287 6427//6303
f 6427//6303 5621//5507 5603//5489
f 6427//6303 6409//6285 6424//6300
f 6424//6300 6428//6304 6427//6303
f 6427//6303 6428//6304 5623//5509
f 5623//5509 5621//5507 6427//6303
f 6412//6288 6425//6301 6410//6286
f 5620//5506 6425//6301 6412//6288
f 6412//6288 5602//5488 5620//5506
f 6415//6291 6429//6305 6430//6306
f 6430//6306 6416//6292 6415//6291
f 6429//6305 6387//6263 6386//6262
f 6386//6262 6430//6306 6429//6305
f 6336//6212 6385//6261 6388//6264
f 6388//6264 6326//6202 6336//6212
f 6415//6291 6418//6294 6431//6307
f 6431//6307 6429//6305 6415//6291
f 6431//6307 6390//6266 6387//6263
f 6387//6263 6429//6305 6431//6307
f 6388//6264 6389//6265 6327//6203
f 6327//6203 6326//6202 6388//6264
f 6420//6296 6432//6308 6431//6307
f 6431//6307 6418//6294 6420//6296
f 6392//6268 6390//6266 6431//6307
f 6431//6307 6432//6308 6392//6268
f 6389//6265 6391//6267 6328//6204
f 6328//6204 6327//6203 6389//6265
f 6416//6292 6430//6306 6433//6309
f 6433//6309 6422//6298 6416//6292
f 6430//6306 6386//6262 6394//6270
f 6394//6270 6433//6309 6430//6306
f 6335//6211 6393//6269 6385//6261
f 6385//6261 6336//6212 6335//6211
f 6422//6298 6433//6309 6434//6310
f 6434//6310 6424//6300 6422//6298
f 6433//6309 6394//6270 6396//6272
f 6396//6272 6434//6310 6433//6309
f 6349//6225 6395//6271 6393//6269
f 6393//6269 6335//6211 6349//6225
f 6424//6300 6434//6310 6435//6311
f 6435//6311 6428//6304 6424//6300
f 6434//6310 6396//6272 6398//6274
f 6398//6274 6435//6311 6434//6310
f 6360//6236 6397//6273 6395//6271
f 6395//6271 6349//6225 6360//6236
f 5631//5517 5623//5509 6428//6304
f 6428//6304 6435//6311 5631//5517
f 5631//5517 6435//6311 5632//5518
f 5633//5519 5634//5520 6397//6273
f 6436//6312 6437//6313 6438//6314
f 6438//6314 6439//6315 6436//6312
f 6440//6316 6441//6317 6437//6313
f 6437//6313 6436//6312 6440//6316
f 6406//6282 6405//6281 6442//6318
f 6442//6318 6443//6319 6406//6282
f 6420//6296 6406//6282 6443//6319
f 6443//6319 6432//6308 6420//6296
f 6432//6308 6443//6319 6438//6314
f 6438//6314 6392//6268 6432//6308
f 6444//6320 6436//6312 6439//6315
f 6439//6315 6445//6321 6444//6320
f 6392//6268 6438//6314 6437//6313
f 6437//6313 6391//6267 6392//6268
f 6446//6322 6440//6316 6436//6312
f 6436//6312 6444//6320 6446//6322
f 6328//6204 6391//6267 6437//6313
f 6437//6313 6441//6317 6328//6204
f 5586//5472 5632//5518 6398//6274
f 6435//6311 6398//6274 5632//5518
f 5634//5520 5587//5473 6397//6273
f 6398//6274 6397//6273 5587//5473
f 5547//5433 5633//5519 6360//6236
f 6397//6273 6360//6236 5633//5519
f 5544//5430 5546//5432 6359//6235
f 6360//6236 6359//6235 5546//5432
f 6447//6323 6448//6324 6449//6325
f 6449//6325 6450//6326 6447//6323
f 6451//6327 6452//6328 6447//6323
f 6453//6329 6454//6330 6452//6328
f 6452//6328 6455//6331 6453//6329
f 6456//6332 6448//6324 6457//6333
f 6458//6334 6457//6333 6441//6317
f 6441//6317 6440//6316 6458//6334
f 6459//6335 6460//6336 6454//6330
f 6454//6330 6453//6329 6459//6335
f 6450//6326 6449//6325 6461//6337
f 6461//6337 6462//6338 6450//6326
f 6448//6324 6447//6323 6320//6196
f 6320//6196 6319//6195 6448//6324
f 6450//6326 6462//6338 6463//6339
f 6320//6196 6447//6323 6452//6328
f 6452//6328 6321//6197 6320//6196
f 6464//6340 6453//6329 6455//6331
f 6455//6331 6465//6341 6464//6340
f 6321//6197 6452//6328 6454//6330
f 6454//6330 6322//6198 6321//6197
f 6449//6325 6456//6332 6466//6342
f 6466//6342 6461//6337 6449//6325
f 6457//6333 6448//6324 6319//6195
f 6319//6195 6325//6201 6457//6333
f 6467//6343 6458//6334 6440//6316
f 6440//6316 6446//6322 6467//6343
f 6328//6204 6441//6317 6457//6333
f 6457//6333 6325//6201 6328//6204
f 6468//6344 6459//6335 6453//6329
f 6453//6329 6464//6340 6468//6344
f 6322//6198 6454//6330 6460//6336
f 6460//6336 6372//6248 6322//6198
f 6458//6334 6456//6332 6457//6333
f 6466//6342 6456//6332 6458//6334
f 6458//6334 6467//6343 6466//6342
f 6449//6325 6448//6324 6456//6332
f 6447//6323 6450//6326 6451//6327
f 6455//6331 6452//6328 6451//6327
f 6462//6338 6469//6345 6463//6339
f 6463//6339 6469//6345 6470//6346
f 6470//6346 6469//6345 6465//6341
f 6470//6346 6451//6327 6463//6339
f 6455//6331 6451//6327 6470//6346
f 6338//6214 6337//6213 6340//6216
f 6323//6199 6337//6213 6336//6212
f 6336//6212 6326//6202 6323//6199
f 6316//6192 6340//6216 6317//6193
f 6317//6193 6340//6216 6337//6213
f 6323//6199 6317//6193 6337//6213
f 6451//6327 6450//6326 6463//6339
f 6465//6341 6455//6331 6470//6346
f 6371//6247 6372//6248 6471//6347
f 6471//6347 6384//6260 6371//6247
f 6459//6335 6468//6344 6472//6348
f 6472//6348 6473//6349 6459//6335
f 6460//6336 6459//6335 6473//6349
f 6473//6349 6474//6350 6460//6336
f 6372//6248 6460//6336 6474//6350
f 6474//6350 6471//6347 6372//6248
f 6378//6254 6475//6351 6375//6251
f 6375//6251 6374//6250 6378//6254
f 6475//6351 6476//6352 6376//6252
f 6376//6252 6375//6251 6475//6351
f 6476//6352 5676//5562 5563//5449
f 5563//5449 6376//6252 6476//6352
f 6378//6254 6477//6353 6478//6354
f 6478//6354 6475//6351 6378//6254
f 6478//6354 6479//6355 6476//6352
f 6476//6352 6475//6351 6478//6354
f 6479//6355 5680//5566 5676//5562
f 5676//5562 6476//6352 6479//6355
f 6480//6356 6479//6355 6478//6354
f 6480//6356 6481//6357 6479//6355
f 6481//6357 5683//5569 5680//5566
f 5680//5566 6479//6355 6481//6357
f 6373//6249 6370//6246 6377//6253
f 6380//6256 6379//6255 6370//6246
f 6482//6358 6483//6359 6484//6360
f 6484//6360 6485//6361 6482//6358
f 6485//6361 6486//6362 6487//6363
f 6487//6363 6482//6358 6485//6361
f 6483//6359 6488//6364 6489//6365
f 6489//6365 6484//6360 6483//6359
f 6490//6366 6487//6363 6486//6362
f 6486//6362 6491//6367 6490//6366
f 6490//6366 6491//6367 6492//6368
f 6492//6368 6493//6369 6490//6366
f 6494//6370 6495//6371 6496//6372
f 6496//6372 6497//6373 6494//6370
f 6494//6370 6498//6374 6483//6359
f 6483//6359 6482//6358 6494//6370
f 6499//6375 6500//6376 6490//6366
f 6490//6366 6493//6369 6499//6375
f 6487//6363 6490//6366 6500//6376
f 6500//6376 6495//6371 6487//6363
f 6501//6377 6489//6365 6488//6364
f 6488//6364 6502//6378 6501//6377
f 6251//6127 6503//6379 6504//6380
f 6504//6380 6248//6124 6251//6127
f 6251//6127 6253//6129 6505//6381
f 6505//6381 6503//6379 6251//6127
f 6253//6129 6255//6131 6506//6382
f 6506//6382 6505//6381 6253//6129
f 6255//6131 6257//6133 6507//6383
f 6507//6383 6506//6382 6255//6131
f 6259//6135 6508//6384 6507//6383
f 6507//6383 6257//6133 6259//6135
f 6508//6384 6259//6135 6260//6136
f 6260//6136 6509//6385 6508//6384
f 6510//6386 6511//6387 6263//6139
f 6263//6139 6262//6138 6510//6386
f 6510//6386 6262//6138 6266//6142
f 6266//6142 6512//6388 6510//6386
f 6266//6142 6269//6145 6513//6389
f 6514//6390 6515//6388 6516//6391
f 6269//6145 6271//6147 6517//6392
f 6517//6392 6513//6389 6269//6145
f 6271//6147 6273//6149 6518//6393
f 6518//6393 6517//6392 6271//6147
f 6273//6149 6248//6124 6504//6380
f 6504//6380 6518//6393 6273//6149
f 6381//6257 6519//6394 6477//6353
f 6477//6353 6378//6254 6381//6257
f 6520//6395 6521//6396 6493//6369
f 6493//6369 6492//6368 6520//6395
f 6521//6396 6522//6397 6499//6375
f 6499//6375 6493//6369 6521//6396
f 6523//6398 6524//6399 6525//6400
f 6525//6400 6526//6401 6523//6398
f 6527//6402 6528//6403 6526//6401
f 6526//6401 6525//6400 6527//6402
f 6529//6404 6530//6405 6531//6406
f 6531//6406 6532//6407 6529//6404
f 6533//6408 6534//6409 6535//6410
f 6535//6410 6529//6404 6532//6407
f 6536//6411 6528//6403 6527//6402
f 6527//6402 6537//6412 6536//6411
f 6530//6405 6538//6413 6539//6414
f 6539//6414 6531//6406 6530//6405
f 6538//6413 6536//6411 6537//6412
f 6537//6412 6539//6414 6538//6413
f 6540//6415 6541//6416 6542//6417
f 6543//6418 6541//6416 6544//6419
f 6544//6419 6545//6420 6543//6418
f 6546//6421 6545//6420 6544//6419
f 6544//6419 6547//6422 6546//6421
f 6548//6423 6546//6421 6547//6422
f 6547//6422 6549//6424 6548//6423
f 6550//6425 6551//6426 6552//6427
f 6552//6427 6553//6428 6550//6425
f 6554//6429 6550//6425 6553//6428
f 6553//6428 6555//6430 6554//6429
f 6556//6431 6557//6432 6554//6429
f 6554//6429 6555//6430 6556//6431
f 6558//6433 6559//5644 6557//6432
f 6557//6432 6556//6431 6558//6433
f 6551//6426 6548//6423 6549//6424
f 6549//6424 6552//6427 6551//6426
f 6541//6416 6540//6415 6560//6434
f 6560//6434 6561//6435 6541//6416
f 6524//6399 6562//6436 6543//6418
f 6543//6418 6525//6400 6524//6399
f 6544//6419 6541//6416 6561//6435
f 6561//6435 6563//6437 6544//6419
f 6543//6418 6545//6420 6527//6402
f 6527//6402 6525//6400 6543//6418
f 6547//6422 6544//6419 6563//6437
f 6563//6437 6564//6438 6547//6422
f 6545//6420 6546//6421 6537//6412
f 6537//6412 6527//6402 6545//6420
f 6549//6424 6547//6422 6564//6438
f 6564//6438 6565//6439 6549//6424
f 6546//6421 6548//6423 6539//6414
f 6539//6414 6537//6412 6546//6421
f 6553//6428 6552//6427 6566//6440
f 6566//6440 6567//6441 6553//6428
f 6551//6426 6550//6425 6532//6407
f 6532//6407 6531//6406 6551//6426
f 6555//6430 6553//6428 6567//6441
f 6567//6441 6568//6442 6555//6430
f 6550//6425 6554//6429 6535//6410
f 6535//6410 6532//6407 6550//6425
f 6569//6443 6556//6431 6555//6430
f 6555//6430 6568//6442 6569//6443
f 6535//6410 6554//6429 6557//6432
f 6570//6444 6558//6433 6556//6431
f 6556//6431 6569//6443 6570//6444
f 6552//6427 6549//6424 6565//6439
f 6565//6439 6566//6440 6552//6427
f 6548//6423 6551//6426 6531//6406
f 6531//6406 6539//6414 6548//6423
f 6541//6416 6543//6418 6571//6445
f 6571//6445 6542//6417 6541//6416
f 6562//6436 6571//6445 6543//6418
f 6572//6446 6573//6447 6480//6356
f 6480//6356 6574//6448 6572//6446
f 6573//6447 6575//6449 6481//6357
f 6481//6357 6480//6356 6573//6447
f 6575//6449 5775//5661 5683//5569
f 5683//5569 6481//6357 6575//6449
f 6498//6374 6494//6370 6497//6373
f 6497//6373 6576//6450 6498//6374
f 6577//6451 6578//6452 6579//6453
f 6579//6453 6580//6454 6577//6451
f 6578//6452 6572//6446 6574//6448
f 6574//6448 6579//6453 6578//6452
f 6581//6455 6577//6451 6580//6454
f 6580//6454 6582//6456 6581//6455
f 6583//6457 6581//6455 6582//6456
f 6582//6456 6584//6458 6583//6457
f 6585//6459 6499//6375 6522//6397
f 6522//6397 6586//6460 6585//6459
f 6587//6461 6588//6462 6589//6463
f 6590//6464 6587//6461 6591//6465
f 6592//6466 6593//6467 6586//6460
f 6586//6460 6522//6397 6592//6466
f 6592//6466 6590//6464 6591//6465
f 6591//6465 6593//6467 6592//6466
f 6498//6374 6584//6458 6488//6364
f 6488//6364 6483//6359 6498//6374
f 6576//6450 6583//6457 6584//6458
f 6584//6458 6498//6374 6576//6450
f 6588//6462 6529//6404 6534//6409
f 6536//6411 6538//6413 6590//6464
f 6590//6464 6592//6466 6536//6411
f 6528//6403 6536//6411 6592//6466
f 6592//6466 6522//6397 6528//6403
f 6521//6396 6526//6401 6528//6403
f 6528//6403 6522//6397 6521//6396
f 6520//6395 6523//6398 6526//6401
f 6526//6401 6521//6396 6520//6395
f 6594//6468 6595//6469 6596//6470
f 6596//6470 6597//6471 6594//6468
f 6598//6472 6594//6468 6597//6471
f 6597//6471 6599//6473 6598//6472
f 6600//6474 6601//6475 6602//6476
f 6602//6476 6603//6477 6600//6474
f 6557//6432 6559//5644 6533//6408
f 6604//6478 6602//6476 6601//6475
f 6601//6475 6605//6479 6604//6478
f 6606//6480 6605//6479 6598//6472
f 6598//6472 6607//6481 6606//6480
f 6533//6408 6535//6410 6557//6432
f 6534//6409 6529//6404 6535//6410
f 6587//6461 6530//6405 6529//6404
f 6608//6482 6609//6483 6610//6484
f 6610//6484 6611//6485 6608//6482
f 6612//6486 6608//6482 6611//6485
f 6611//6485 6613//6487 6612//6486
f 5814//5700 6612//6486 6613//6487
f 6613//6487 5815//5701 5814//5700
f 6614//6488 6615//6489 6616//6490
f 6616//6490 6617//6491 6614//6488
f 6617//6491 6616//6490 6618//6492
f 6618//6492 6619//6493 6617//6491
f 6620//6494 6621//6495 6622//6496
f 6622//6496 6623//6497 6620//6494
f 6624//6498 6625//6499 6626//6500
f 6626//6500 6627//6501 6624//6498
f 6609//6483 6625//6499 6624//6498
f 6624//6498 6610//6484 6609//6483
f 6619//6493 6618//6492 6628//6502
f 6628//6502 6629//6503 6619//6493
f 6621//6495 6620//6494 6630//6504
f 6630//6504 6631//6505 6621//6495
f 6597//6471 6596//6470 6632//6506
f 6632//6506 6633//6507 6597//6471
f 6634//6508 6599//6473 6635//6509
f 6635//6509 6636//6510 6634//6508
f 6637//6511 6638//6512 6634//6508
f 6634//6508 6636//6510 6637//6511
f 6639//6513 6640//6514 6638//6512
f 6638//6512 6637//6511 6639//6513
f 6641//6515 6642//6516 6640//6514
f 6640//6514 6639//6513 6641//6515
f 6599//6473 6597//6471 6633//6507
f 6633//6507 6635//6509 6599//6473
f 6631//6505 6630//6504 6642//6516
f 6642//6516 6641//6515 6631//6505
f 6629//6503 6628//6502 6643//6517
f 6643//6517 6644//6518 6629//6503
f 6645//6519 6611//6485 6610//6484
f 6610//6484 6646//6520 6645//6519
f 6609//6483 6608//6482 6647//6521
f 6647//6521 6648//6522 6609//6483
f 6613//6487 6611//6485 6645//6519
f 6645//6519 6649//6523 6613//6487
f 6608//6482 6612//6486 6650//6524
f 6650//6524 6647//6521 6608//6482
f 5815//5701 6613//6487 6649//6523
f 6649//6523 5853//5739 5815//5701
f 6612//6486 5814//5700 5854//5740
f 5854//5740 6650//6524 6612//6486
f 6615//6489 6651//6525 6652//6526
f 6652//6526 6616//6490 6615//6489
f 6617//6491 6653//6527 6654//6528
f 6654//6528 6614//6488 6617//6491
f 6616//6490 6652//6526 6655//6529
f 6655//6529 6618//6492 6616//6490
f 6619//6493 6656//6530 6653//6527
f 6653//6527 6617//6491 6619//6493
f 6621//6495 6657//6531 6658//6532
f 6658//6532 6622//6496 6621//6495
f 6659//6533 6620//6494 6623//6497
f 6623//6497 6660//6534 6659//6533
f 6614//6488 6654//6528 6660//6534
f 6660//6534 6623//6497 6614//6488
f 6627//6501 6661//6535 6662//6536
f 6662//6536 6624//6498 6627//6501
f 6626//6500 6625//6499 6663//6537
f 6663//6537 6664//6538 6626//6500
f 6624//6498 6662//6536 6646//6520
f 6646//6520 6610//6484 6624//6498
f 6625//6499 6609//6483 6648//6522
f 6648//6522 6663//6537 6625//6499
f 6644//6518 6626//6500 6664//6538
f 6664//6538 6665//6539 6644//6518
f 6618//6492 6655//6529 6666//6540
f 6666//6540 6628//6502 6618//6492
f 6629//6503 6667//6541 6656//6530
f 6656//6530 6619//6493 6629//6503
f 6657//6531 6621//6495 6631//6505
f 6631//6505 6668//6542 6657//6531
f 6669//6543 6630//6504 6620//6494
f 6620//6494 6659//6533 6669//6543
f 6633//6507 6632//6506 6670//6544
f 6670//6544 6671//6545 6633//6507
f 6636//6510 6635//6509 6672//6546
f 6672//6546 6673//6547 6636//6510
f 6599//6473 6634//6508 6607//6481
f 6607//6481 6598//6472 6599//6473
f 6674//6548 6637//6511 6636//6510
f 6636//6510 6673//6547 6674//6548
f 6634//6508 6638//6512 6675//6549
f 6675//6549 6607//6481 6634//6508
f 6676//6550 6639//6513 6637//6511
f 6637//6511 6674//6548 6676//6550
f 6675//6549 6638//6512 6640//6514
f 6640//6514 6677//6551 6675//6549
f 6678//6552 6641//6515 6639//6513
f 6639//6513 6676//6550 6678//6552
f 6677//6551 6640//6514 6642//6516
f 6642//6516 6679//6553 6677//6551
f 6635//6509 6633//6507 6671//6545
f 6671//6545 6672//6546 6635//6509
f 6668//6542 6631//6505 6641//6515
f 6641//6515 6678//6552 6668//6542
f 6679//6553 6642//6516 6630//6504
f 6630//6504 6669//6543 6679//6553
f 6628//6502 6666//6540 6680//6554
f 6680//6554 6643//6517 6628//6502
f 6629//6503 6644//6518 6665//6539
f 6665//6539 6667//6541 6629//6503
f 6681//6555 6606//6480 6607//6481
f 6607//6481 6675//6549 6681//6555
f 6677//6551 6682//6556 6681//6555
f 6681//6555 6675//6549 6677//6551
f 6679//6553 6683//6557 6682//6556
f 6682//6556 6677//6551 6679//6553
f 6669//6543 6684//6558 6683//6557
f 6683//6557 6679//6553 6669//6543
f 6593//6467 6683//6557 6684//6558
f 6684//6558 6586//6460 6593//6467
f 6682//6556 6683//6557 6593//6467
f 6593//6467 6591//6465 6682//6556
f 6682//6556 6591//6465 6589//6463
f 6589//6463 6685//6559 6681//6555
f 6585//6459 6586//6460 6684//6558
f 6684//6558 6686//6560 6585//6459
f 6686//6560 6687//6561 6585//6459
f 6685//6559 6604//6478 6605//6479
f 6605//6479 6606//6480 6685//6559
f 6496//6372 6687//6561 6660//6534
f 6660//6534 6654//6528 6496//6372
f 6601//6475 6600//6474 6595//6469
f 6595//6469 6594//6468 6601//6475
f 6605//6479 6601//6475 6594//6468
f 6594//6468 6598//6472 6605//6479
f 6588//6462 6604//6478 6685//6559
f 6534//6409 6602//6476 6604//6478
f 6533//6408 6603//6477 6602//6476
f 6559//5644 6603//6477 6533//6408
f 6533//6408 6602//6476 6534//6409
f 6534//6409 6604//6478 6588//6462
f 6659//6533 6686//6560 6684//6558
f 6684//6558 6669//6543 6659//6533
f 6659//6533 6660//6534 6686//6560
f 6500//6376 6499//6375 6585//6459
f 6585//6459 6687//6561 6500//6376
f 6687//6561 6496//6372 6495//6371
f 6495//6371 6500//6376 6687//6561
f 6660//6534 6687//6561 6686//6560
f 6495//6371 6494//6370 6482//6358
f 6482//6358 6487//6363 6495//6371
f 6497//6373 6496//6372 6654//6528
f 6654//6528 6653//6527 6497//6373
f 6576//6450 6497//6373 6653//6527
f 6653//6527 6656//6530 6576//6450
f 6667//6541 6583//6457 6576//6450
f 6576//6450 6656//6530 6667//6541
f 6581//6455 6583//6457 6667//6541
f 6667//6541 6665//6539 6581//6455
f 6577//6451 6581//6455 6665//6539
f 6665//6539 6664//6538 6577//6451
f 6578//6452 6577//6451 6664//6538
f 6664//6538 6663//6537 6578//6452
f 6572//6446 6578//6452 6663//6537
f 6663//6537 6648//6522 6572//6446
f 6573//6447 6572//6446 6648//6522
f 6648//6522 6647//6521 6573//6447
f 6575//6449 6573//6447 6647//6521
f 6647//6521 6650//6524 6575//6449
f 5775//5661 6575//6449 6650//6524
f 6650//6524 5854//5740 5775//5661
f 6688//6562 6689//6563 6690//6564
f 6690//6564 6691//6565 6688//6562
f 6692//6566 6688//6562 6691//6565
f 6691//6565 6693//6567 6692//6566
f 6694//6568 6692//6566 6693//6567
f 6693//6567 6695//6569 6694//6568
f 6696//6570 6694//6568 6695//6569
f 6695//6569 6697//6571 6696//6570
f 6698//6572 6699//6573 6700//6574
f 6700//6574 6701//6575 6698//6572
f 6702//6576 6698//6572 6701//6575
f 6701//6575 6703//6577 6702//6576
f 6704//6578 6702//6576 6703//6577
f 6703//6577 6705//6579 6704//6578
f 6706//6580 6707//6581 6704//6578
f 6704//6578 6705//6579 6706//6580
f 6699//6573 6696//6570 6697//6571
f 6697//6571 6700//6574 6699//6573
f 6689//6563 6688//6562 6561//6435
f 6561//6435 6560//6434 6689//6563
f 6688//6562 6692//6566 6563//6437
f 6563//6437 6561//6435 6688//6562
f 6692//6566 6694//6568 6564//6438
f 6564//6438 6563//6437 6692//6566
f 6694//6568 6696//6570 6565//6439
f 6565//6439 6564//6438 6694//6568
f 6699//6573 6698//6572 6567//6441
f 6567//6441 6566//6440 6699//6573
f 6698//6572 6702//6576 6568//6442
f 6568//6442 6567//6441 6698//6572
f 6702//6576 6704//6578 6569//6443
f 6569//6443 6568//6442 6702//6576
f 6707//6581 6570//6444 6569//6443
f 6569//6443 6704//6578 6707//6581
f 6696//6570 6699//6573 6566//6440
f 6566//6440 6565//6439 6696//6570
f 6708//6582 6709//6583 6710//6584
f 6710//6584 6711//6585 6708//6582
f 6712//6586 6713//6587 6709//6583
f 6709//6583 6708//6582 6712//6586
f 6714//6588 6715//6589 6713//6587
f 6713//6587 6712//6586 6714//6588
f 6716//6590 6717//6591 6715//6589
f 6715//6589 6714//6588 6716//6590
f 6718//6592 6719//6593 6720//6594
f 6720//6594 6721//6595 6718//6592
f 6722//6596 6718//6592 6721//6595
f 6721//6595 6723//6597 6722//6596
f 6724//6598 6722//6596 6723//6597
f 6723//6597 6725//6599 6724//6598
f 6726//6600 6727//6601 6724//6598
f 6724//6598 6725//6599 6726//6600
f 6717//6591 6716//6590 6720//6594
f 6720//6594 6719//6593 6717//6591
f 6728//6602 6710//6584 6709//6583
f 6709//6583 6729//6603 6728//6602
f 6713//6587 6730//6604 6729//6603
f 6729//6603 6709//6583 6713//6587
f 6731//6605 6730//6604 6713//6587
f 6713//6587 6715//6589 6731//6605
f 6732//6606 6731//6605 6715//6589
f 6715//6589 6717//6591 6732//6606
f 6733//6607 6734//6608 6719//6593
f 6719//6593 6718//6592 6733//6607
f 6735//6609 6733//6607 6718//6592
f 6718//6592 6722//6596 6735//6609
f 6736//6610 6735//6609 6722//6596
f 6722//6596 6724//6598 6736//6610
f 6736//6610 6724//6598 6727//6601
f 6727//6601 6737//5827 6736//6610
f 6734//6608 6732//6606 6717//6591
f 6717//6591 6719//6593 6734//6608
f 6691//6565 6690//6564 6728//6602
f 6728//6602 6729//6603 6691//6565
f 6693//6567 6691//6565 6729//6603
f 6729//6603 6730//6604 6693//6567
f 6695//6569 6693//6567 6730//6604
f 6730//6604 6731//6605 6695//6569
f 6697//6571 6695//6569 6731//6605
f 6731//6605 6732//6606 6697//6571
f 6701//6575 6700//6574 6734//6608
f 6734//6608 6733//6607 6701//6575
f 6703//6577 6701//6575 6733//6607
f 6733//6607 6735//6609 6703//6577
f 6705//6579 6703//6577 6735//6609
f 6735//6609 6736//6610 6705//6579
f 6737//5827 6706//6580 6705//6579
f 6705//6579 6736//6610 6737//5827
f 6700//6574 6697//6571 6732//6606
f 6732//6606 6734//6608 6700//6574
f 6738//6611 6739//6612 6740//6613
f 6740//6613 6741//6614 6738//6611
f 6742//6615 6743//6616 6739//6612
f 6739//6612 6738//6611 6742//6615
f 6744//6617 6745//6618 6746//6619
f 6746//6619 6747//5835 6744//6617
f 6738//6611 6741//6614 6746//6619
f 6746//6619 6745//6618 6738//6611
f 6711//6585 6740//6613 6739//6612
f 6739//6612 6708//6582 6711//6585
f 6748//6620 6749//6621 6745//6618
f 6745//6618 6744//6617 6748//6620
f 6749//6621 6742//6615 6738//6611
f 6738//6611 6745//6618 6749//6621
f 6708//6582 6739//6612 6743//6616
f 6743//6616 6712//6586 6708//6582
f 6750//6622 6751//6623 6752//6624
f 6752//6624 6753//6625 6750//6622
f 6754//5844 6750//6622 6753//6625
f 6753//6625 6755//6626 6754//5844
f 6756//6627 6757//6628 6742//6615
f 6742//6615 6749//6621 6756//6627
f 6753//6625 6752//6624 6758//6629
f 6758//6629 6759//6630 6753//6625
f 6751//6623 6750//6622 6725//6599
f 6725//6599 6723//6597 6751//6623
f 6760//6631 6756//6627 6749//6621
f 6749//6621 6748//6620 6760//6631
f 6755//6626 6753//6625 6759//6630
f 6759//6630 6761//5851 6755//6626
f 6754//5844 6726//6600 6725//6599
f 6725//6599 6750//6622 6754//5844
f 6751//6623 6762//6632 6763//6633
f 6763//6633 6752//6624 6751//6623
f 6762//6632 6751//6623 6723//6597
f 6723//6597 6721//6595 6762//6632
f 6743//6616 6742//6615 6757//6628
f 6757//6628 6764//6634 6743//6616
f 6752//6624 6763//6633 6765//6635
f 6765//6635 6758//6629 6752//6624
f 6714//6588 6764//6634 6765//6635
f 6765//6635 6716//6590 6714//6588
f 6712//6586 6743//6616 6764//6634
f 6764//6634 6714//6588 6712//6586
f 6720//6594 6763//6633 6762//6632
f 6762//6632 6721//6595 6720//6594
f 6763//6633 6720//6594 6716//6590
f 6716//6590 6765//6635 6763//6633
f 6758//6629 6765//6635 6764//6634
f 6764//6634 6757//6628 6758//6629
f 6759//6630 6758//6629 6757//6628
f 6757//6628 6756//6627 6759//6630
f 6761//5851 6759//6630 6756//6627
f 6756//6627 6760//6631 6761//5851
f 6414//6290 6413//6289 6766//6636
f 6766//6636 6767//6637 6414//6290
f 6417//6293 6414//6290 6767//6637
f 6767//6637 6768//6638 6417//6293
f 6769//6639 6419//6295 6417//6293
f 6417//6293 6768//6638 6769//6639
f 6413//6289 6421//6297 6770//6640
f 6770//6640 6766//6636 6413//6289
f 6421//6297 6423//6299 6771//6641
f 6771//6641 6770//6640 6421//6297
f 6423//6299 6426//6302 6772//6642
f 6772//6642 6771//6641 6423//6299
f 6426//6302 5619//5505 5977//5863
f 5977//5863 6772//6642 6426//6302
f 6773//6643 6774//6644 6419//6295
f 6419//6295 6769//6639 6773//6643
f 6445//6321 6774//6644 6773//6643
f 6773//6643 6775//6645 6445//6321
f 6444//6320 6445//6321 6775//6645
f 6775//6645 6776//6646 6444//6320
f 6446//6322 6444//6320 6776//6646
f 6776//6646 6777//6647 6446//6322
f 6462//6338 6461//6337 6778//6648
f 6778//6648 6779//6649 6462//6338
f 6780//6650 6464//6340 6465//6341
f 6465//6341 6781//6651 6780//6650
f 6782//6652 6466//6342 6467//6343
f 6467//6343 6783//6653 6782//6652
f 6467//6343 6446//6322 6777//6647
f 6777//6647 6783//6653 6467//6343
f 6784//6654 6468//6344 6464//6340
f 6464//6340 6780//6650 6784//6654
f 6461//6337 6466//6342 6782//6652
f 6782//6652 6778//6648 6461//6337
f 6785//6655 6469//6345 6462//6338
f 6462//6338 6779//6649 6785//6655
f 6465//6341 6469//6345 6785//6655
f 6785//6655 6781//6651 6465//6341
f 6468//6344 6784//6654 6786//6656
f 6786//6656 6472//6348 6468//6344
f 6787//6657 6501//6377 6788//6658
f 6788//6658 6789//6659 6787//6657
f 6790//6660 6489//6365 6501//6377
f 6501//6377 6787//6657 6790//6660
f 6486//6362 6485//6361 6791//6661
f 6791//6661 6792//6662 6486//6362
f 6491//6367 6486//6362 6792//6662
f 6792//6662 6793//6663 6491//6367
f 6492//6368 6491//6367 6793//6663
f 6793//6663 6794//6664 6492//6368
f 6795//6665 6791//6661 6485//6361
f 6485//6361 6484//6360 6795//6665
f 6520//6395 6492//6368 6794//6664
f 6794//6664 6796//6666 6520//6395
f 6523//6398 6520//6395 6796//6666
f 6796//6666 6797//6667 6523//6398
f 6562//6436 6524//6399 6798//6668
f 6798//6668 6799//6669 6562//6436
f 6571//6445 6562//6436 6799//6669
f 6799//6669 6800//6670 6571//6445
f 6801//6671 6560//6434 6540//6415
f 6540//6415 6802//6672 6801//6671
f 6540//6415 6542//6417 6803//6673
f 6803//6673 6802//6672 6540//6415
f 6542//6417 6571//6445 6800//6670
f 6800//6670 6803//6673 6542//6417
f 6524//6399 6523//6398 6797//6667
f 6797//6667 6798//6668 6524//6399
f 6804//6674 6689//6563 6560//6434
f 6560//6434 6801//6671 6804//6674
f 6805//6675 6690//6564 6689//6563
f 6689//6563 6804//6674 6805//6675
f 6806//6676 6711//6585 6710//6584
f 6710//6584 6807//6677 6806//6676
f 6807//6677 6710//6584 6728//6602
f 6728//6602 6808//6678 6807//6677
f 6808//6678 6728//6602 6690//6564
f 6690//6564 6805//6675 6808//6678
f 6809//6679 6740//6613 6711//6585
f 6711//6585 6806//6676 6809//6679
f 6810//6680 6741//6614 6740//6613
f 6740//6613 6809//6679 6810//6680
f 6811//6681 6746//6619 6741//6614
f 6741//6614 6810//6680 6811//6681
f 6747//5835 6746//6619 6811//6681
f 6811//6681 6812//6682 6747//5835
f 6489//6365 6790//6660 6795//6665
f 6795//6665 6484//6360 6489//6365
f 6813//6683 6767//6637 6766//6636
f 6766//6636 6814//6684 6813//6683
f 6815//6685 6768//6638 6767//6637
f 6767//6637 6813//6683 6815//6685
f 6816//6686 6769//6639 6768//6638
f 6768//6638 6815//6685 6816//6686
f 6814//6684 6766//6636 6770//6640
f 6770//6640 6817//6687 6814//6684
f 6770//6640 6771//6641 6818//6688
f 6818//6688 6817//6687 6770//6640
f 6771//6641 6772//6642 6819//6689
f 6819//6689 6818//6688 6771//6641
f 6772//6642 5977//5863 6025//5911
f 6025//5911 6819//6689 6772//6642
f 6773//6643 6769//6639 6816//6686
f 6816//6686 6820//6690 6773//6643
f 6821//6691 6775//6645 6773//6643
f 6773//6643 6820//6690 6821//6691
f 6776//6646 6775//6645 6821//6691
f 6821//6691 6822//6692 6776//6646
f 6777//6647 6776//6646 6822//6692
f 6822//6692 6823//6693 6777//6647
f 6824//6694 6779//6649 6778//6648
f 6778//6648 6825//6695 6824//6694
f 6780//6650 6781//6651 6826//6696
f 6826//6696 6827//6697 6780//6650
f 6782//6652 6783//6653 6828//6698
f 6828//6698 6829//6699 6782//6652
f 6783//6653 6777//6647 6823//6693
f 6823//6693 6828//6698 6783//6653
f 6784//6654 6780//6650 6827//6697
f 6827//6697 6830//6700 6784//6654
f 6825//6695 6778//6648 6782//6652
f 6782//6652 6829//6699 6825//6695
f 6831//6701 6785//6655 6779//6649
f 6779//6649 6824//6694 6831//6701
f 6781//6651 6785//6655 6831//6701
f 6831//6701 6826//6696 6781//6651
f 6832//6702 6789//6659 6786//6656
f 6786//6656 6833//6703 6832//6702
f 6834//6704 6787//6657 6789//6659
f 6789//6659 6832//6702 6834//6704
f 6790//6660 6787//6657 6834//6704
f 6834//6704 6835//6705 6790//6660
f 6836//6706 6792//6662 6791//6661
f 6791//6661 6837//6707 6836//6706
f 6838//6708 6793//6663 6792//6662
f 6792//6662 6836//6706 6838//6708
f 6839//6709 6794//6664 6793//6663
f 6793//6663 6838//6708 6839//6709
f 6791//6661 6795//6665 6840//6710
f 6840//6710 6837//6707 6791//6661
f 6841//6711 6796//6666 6794//6664
f 6794//6664 6839//6709 6841//6711
f 6842//6712 6797//6667 6796//6666
f 6796//6666 6841//6711 6842//6712
f 6843//6713 6799//6669 6798//6668
f 6798//6668 6844//6714 6843//6713
f 6845//6715 6800//6670 6799//6669
f 6799//6669 6843//6713 6845//6715
f 6801//6671 6802//6672 6846//6716
f 6846//6716 6847//6717 6801//6671
f 6802//6672 6803//6673 6848//6718
f 6848//6718 6846//6716 6802//6672
f 6848//6718 6803//6673 6800//6670
f 6800//6670 6845//6715 6848//6718
f 6798//6668 6797//6667 6842//6712
f 6842//6712 6844//6714 6798//6668
f 6847//6717 6849//6719 6804//6674
f 6804//6674 6801//6671 6847//6717
f 6850//6720 6805//6675 6804//6674
f 6804//6674 6849//6719 6850//6720
f 6851//6721 6806//6676 6807//6677
f 6807//6677 6852//6722 6851//6721
f 6852//6722 6807//6677 6808//6678
f 6808//6678 6853//6723 6852//6722
f 6808//6678 6805//6675 6850//6720
f 6850//6720 6853//6723 6808//6678
f 6854//6724 6809//6679 6806//6676
f 6806//6676 6851//6721 6854//6724
f 6855//6725 6810//6680 6809//6679
f 6809//6679 6854//6724 6855//6725
f 6856//6726 6811//6681 6810//6680
f 6810//6680 6855//6725 6856//6726
f 6812//6682 6811//6681 6856//6726
f 6856//6726 6857//5949 6812//6682
f 6795//6665 6790//6660 6835//6705
f 6835//6705 6840//6710 6795//6665
f 6405//6281 6419//6295 6774//6644
f 6774//6644 6442//6318 6405//6281
f 6439//6315 6438//6314 6443//6319
f 6443//6319 6442//6318 6439//6315
f 6445//6321 6439//6315 6442//6318
f 6442//6318 6774//6644 6445//6321
f 6849//6719 6847//6717 6858//6727
f 6858//6727 6859//6728 6849//6719
f 6850//6720 6849//6719 6859//6728
f 6859//6728 6860//6729 6850//6720
f 6851//6721 6852//6722 6861//3202
f 6861//3202 6862//6730 6851//6721
f 6852//6722 6853//6723 6863//6731
f 6863//6731 6861//3202 6852//6722
f 6853//6723 6850//6720 6860//6729
f 6860//6729 6863//6731 6853//6723
f 6854//6724 6851//6721 6862//6730
f 6862//6730 6864//6732 6854//6724
f 6854//6724 6864//6732 6865//6733
f 6865//6733 6855//6725 6854//6724
f 6866//3221 6856//6726 6855//6725
f 6855//6725 6865//6733 6866//3221
f 6857//5949 6856//6726 6866//3221
f 6866//3221 6867//5957 6857//5949
f 6868//6734 6839//6709 6838//6708
f 6837//6707 6840//6710 6835//6705
f 6835//6705 6869//6735 6837//6707
f 6870//6736 6841//6711 6839//6709
f 6839//6709 6868//6734 6870//6736
f 6842//6712 6841//6711 6870//6736
f 6870//6736 6871//6737 6842//6712
f 6872//6738 6843//6713 6844//6714
f 6844//6714 6873//6739 6872//6738
f 6845//6715 6843//6713 6872//6738
f 6872//6738 6874//6740 6845//6715
f 6875//6741 6846//6716 6848//6718
f 6848//6718 6876//6742 6875//6741
f 6848//6718 6845//6715 6874//6740
f 6874//6740 6876//6742 6848//6718
f 6873//6739 6844//6714 6842//6712
f 6842//6712 6871//6737 6873//6739
f 6877//6743 6878//6744 6879//6745
f 6879//6745 6880//6746 6877//6743
f 6881//6747 6882//6748 6883//6749
f 6883//6749 6884//6750 6881//6747
f 6885//6751 6879//6745 6878//6744
f 6878//6744 6886//6752 6885//6751
f 6880//6746 6873//6739 6871//6737
f 6871//6737 6877//6743 6880//6746
f 6887//6753 6881//6747 6884//6750
f 6884//6750 6888//6754 6887//6753
f 6889//6755 6886//6752 6878//6744
f 6878//6744 6890//6756 6889//6755
f 6878//6744 6877//6743 6891//6757
f 6891//6757 6890//6756 6878//6744
f 6877//6743 6871//6737 6870//6736
f 6870//6736 6891//6757 6877//6743
f 6888//6754 6889//6755 6831//6701
f 6831//6701 6824//6694 6888//6754
f 6826//6696 6831//6701 6889//6755
f 6889//6755 6890//6756 6826//6696
f 6892//6758 6890//6756 6891//6757
f 6891//6757 6893//6759 6892//6758
f 6836//6706 6837//6707 6869//6735
f 6869//6735 6894//6760 6836//6706
f 6895//6761 6838//6708 6836//6706
f 6836//6706 6894//6760 6895//6761
f 6892//6758 6827//6697 6826//6696
f 6826//6696 6890//6756 6892//6758
f 6830//6700 6827//6697 6892//6758
f 6895//6761 6830//6700 6892//6758
f 6892//6758 6893//6759 6895//6761
f 6893//6759 6868//6734 6838//6708
f 6838//6708 6895//6761 6893//6759
f 6891//6757 6870//6736 6868//6734
f 6868//6734 6893//6759 6891//6757
f 6833//6703 6894//6760 6869//6735
f 6869//6735 6832//6702 6833//6703
f 6834//6704 6832//6702 6869//6735
f 6869//6735 6835//6705 6834//6704
f 6830//6700 6895//6761 6894//6760
f 6894//6760 6833//6703 6830//6700
f 6784//6654 6830//6700 6833//6703
f 6833//6703 6786//6656 6784//6654
f 6829//6699 6896//6762 6882//6748
f 6882//6748 6881//6747 6829//6699
f 6825//6695 6829//6699 6881//6747
f 6881//6747 6887//6753 6825//6695
f 6897//6763 6898//6764 6880//6746
f 6880//6746 6879//6745 6897//6763
f 6897//6763 6899//6765 6900//6766
f 6900//6766 6898//6764 6897//6763
f 6901//6767 6902//6768 6903//6769
f 6903//6769 6904//6770 6901//6767
f 6902//6768 6901//6767 6900//6766
f 6900//6766 6899//6765 6902//6768
f 6883//6749 6882//6748 6905//6771
f 6906//6772 6897//6763 6879//6745
f 6879//6745 6885//6751 6906//6772
f 6873//6739 6880//6746 6898//6764
f 6898//6764 6872//6738 6873//6739
f 6905//6771 6882//6748 6907//6773
f 6907//6773 6908//6774 6905//6771
f 6906//6772 6909//6775 6899//6765
f 6899//6765 6897//6763 6906//6772
f 6874//6740 6872//6738 6898//6764
f 6898//6764 6900//6766 6874//6740
f 6910//6776 6911//6777 6912//6778
f 6904//6770 6875//6741 6876//6742
f 6876//6742 6901//6767 6904//6770
f 6908//6774 6907//6773 6911//6777
f 6911//6777 6910//6776 6908//6774
f 6913//6779 6902//6768 6899//6765
f 6899//6765 6909//6775 6913//6779
f 6874//6740 6900//6766 6901//6767
f 6901//6767 6876//6742 6874//6740
f 6824//6694 6825//6695 6887//6753
f 6887//6753 6888//6754 6824//6694
f 6886//6752 6889//6755 6888//6754
f 6888//6754 6884//6750 6886//6752
f 6885//6751 6886//6752 6884//6750
f 6884//6750 6883//6749 6885//6751
f 6883//6749 6905//6771 6906//6772
f 6906//6772 6885//6751 6883//6749
f 6909//6775 6906//6772 6905//6771
f 6905//6771 6908//6774 6909//6775
f 6913//6779 6909//6775 6908//6774
f 6908//6774 6910//6776 6913//6779
f 6913//6779 6910//6776 6912//6778
f 6912//6778 6914//6780 6913//6779
f 6902//6768 6913//6779 6914//6780
f 6914//6780 6903//6769 6902//6768
f 6915//6781 6846//6716 6875//6741
f 6875//6741 6916//6782 6915//6781
f 6916//6782 6875//6741 6904//6770
f 6904//6770 6917//6783 6916//6782
f 6904//6770 6903//6769 6918//6784
f 6918//6784 6917//6783 6904//6770
f 6903//6769 6914//6780 6919//6785
f 6919//6785 6918//6784 6903//6769
f 6912//6778 6911//6777 6920//6786
f 6920//6786 6921//6787 6912//6778
f 6914//6780 6912//6778 6921//6787
f 6921//6787 6919//6785 6914//6780
f 6847//6717 6846//6716 6915//6781
f 6915//6781 6858//6727 6847//6717
f 6816//6686 6922//6788 6923//6789
f 6923//6789 6820//6690 6816//6686
f 6820//6690 6923//6789 6924//6790
f 6924//6790 6821//6691 6820//6690
f 6821//6691 6924//6790 6925//6791
f 6925//6791 6822//6692 6821//6691
f 6925//6791 6926//6792 6823//6693
f 6823//6693 6822//6692 6925//6791
f 6927//6793 6928//6794 6929//6795
f 6929//6795 6926//6792 6927//6793
f 6930//6796 6896//6762 6929//6795
f 6929//6795 6928//6794 6930//6796
f 6920//6786 6911//6777 6896//6762
f 6896//6762 6930//6796 6920//6786
f 6896//6762 6907//6773 6882//6748
f 6896//6762 6911//6777 6907//6773
f 6823//6693 6926//6792 6929//6795
f 6929//6795 6828//6698 6823//6693
f 6828//6698 6929//6795 6896//6762
f 6896//6762 6829//6699 6828//6698
f 6926//6792 6925//6791 6931//6797
f 6931//6797 6927//6793 6926//6792
f 6931//6797 6925//6791 6924//6790
f 6924//6790 6932//6798 6931//6797
f 6932//6798 6924//6790 6923//6789
f 6923//6789 6933//3276 6932//6798
f 6923//6789 6922//6788 6934//6799
f 6934//6799 6933//3276 6923//6789
f 6935//6800 6936//6801 6937//6802
f 6937//6802 6938//6803 6935//6800
f 6815//6685 6938//6803 6937//6802
f 6939//6804 6940//6805 6941//6806
f 6941//6806 6942//6807 6939//6804
f 6942//6807 6941//6806 6817//6687
f 6817//6687 6818//6688 6942//6807
f 6149//6027 6943//6808 6944//6809
f 6944//6809 6150//6028 6149//6027
f 6943//6808 6939//6804 6942//6807
f 6942//6807 6944//6809 6943//6808
f 6940//6805 6945//3312 6946//6810
f 6946//6810 6941//6806 6940//6805
f 6150//6028 6944//6809 6819//6689
f 6819//6689 6025//5911 6150//6028
f 6944//6809 6942//6807 6818//6688
f 6818//6688 6819//6689 6944//6809
f 6941//6806 6946//6810 6814//6684
f 6814//6684 6817//6687 6941//6806
f 6945//3312 6947//6811 6948//6812
f 6948//6812 6946//6810 6945//3312
f 6937//6802 6936//6801 6934//6799
f 6934//6799 6922//6788 6937//6802
f 6946//6810 6948//6812 6813//6683
f 6813//6683 6814//6684 6946//6810
f 6937//6802 6922//6788 6816//6686
f 6816//6686 6815//6685 6937//6802
f 6947//6811 6935//6800 6938//6803
f 6938//6803 6948//6812 6947//6811
f 6815//6685 6813//6683 6938//6803
f 6813//6683 6948//6812 6938//6803
f 6789//6659 6788//6658 6472//6348
f 6472//6348 6786//6656 6789//6659
f 6788//6658 6949//6813 6473//6349
f 6473//6349 6472//6348 6788//6658
f 6949//6813 6950//6814 6474//6350
f 6474//6350 6473//6349 6949//6813
f 6950//6814 6951//6815 6471//6347
f 6471//6347 6474//6350 6950//6814
f 6384//6260 6471//6347 6951//6815
f 6951//6815 6382//6258 6384//6260
f 6788//6658 6501//6377 6502//6378
f 6502//6378 6949//6813 6788//6658
f 6502//6378 6952//6816 6950//6814
f 6950//6814 6949//6813 6502//6378
f 6952//6816 6953//6817 6951//6815
f 6951//6815 6950//6814 6952//6816
f 6382//6258 6951//6815 6953//6817
f 6953//6817 6954//6818 6382//6258
f 6954//6818 6519//6394 6381//6257
f 6381//6257 6382//6258 6954//6818
f 6952//6816 6502//6378 6488//6364
f 6488//6364 6584//6458 6952//6816
f 6952//6816 6584//6458 6582//6456
f 6582//6456 6953//6817 6952//6816
f 6953//6817 6582//6456 6580//6454
f 6580//6454 6954//6818 6953//6817
f 6579//6453 6519//6394 6954//6818
f 6954//6818 6580//6454 6579//6453
f 6579//6453 6574//6448 6477//6353
f 6477//6353 6519//6394 6579//6453
f 6574//6448 6480//6356 6478//6354
f 6478//6354 6477//6353 6574//6448
f 6955//6819 6956//6820 6957//6821
f 6958//6822 6959//6823 6957//6821
f 6957//6821 6956//6820 6958//6822
f 6960//6824 6961//6825 6170//6046
f 6170//6046 6169//6045 6960//6824
f 6962//6826 6963//6827 6964//6828
f 6964//6828 6965//6829 6962//6826
f 6965//6829 6964//6828 6966//6830
f 6966//6830 6967//6831 6965//6829
f 6968//6832 6969//6833 6970//6834
f 6970//6834 6971//6835 6968//6832
f 6967//6831 6966//6830 6972//6836
f 6972//6836 6973//6837 6967//6831
f 6974//6838 6975//6839 6973//6837
f 6973//6837 6972//6836 6974//6838
f 6976//6840 6977//6841 6978//6842
f 6978//6842 6979//6843 6976//6840
f 6980//6844 6974//6838 6979//6843
f 6979//6843 6978//6842 6980//6844
f 6971//6835 6970//6834 6981//6845
f 6981//6845 6982//6846 6971//6835
f 6983//6847 6984//6848 6985//6849
f 6985//6849 6986//6850 6983//6847
f 6980//6844 6975//6839 6974//6838
f 6977//6841 6976//6840 6984//6848
f 6984//6848 6983//6847 6977//6841
f 6987//6851 6988//6852 6989//6853
f 6989//6853 6990//6854 6987//6851
f 6970//6834 6991//6855 6992//6856
f 6992//6856 6981//6845 6970//6834
f 6969//6833 6993//6857 6991//6855
f 6991//6855 6970//6834 6969//6833
f 6965//6829 6674//6548 6673//6547
f 6673//6547 6962//6826 6965//6829
f 6967//6831 6676//6550 6674//6548
f 6674//6548 6965//6829 6967//6831
f 6973//6837 6678//6552 6676//6550
f 6676//6550 6967//6831 6973//6837
f 6963//6827 6962//6826 6969//6833
f 6969//6833 6968//6832 6963//6827
f 6993//6857 6969//6833 6962//6826
f 6975//6839 6668//6542 6678//6552
f 6678//6552 6973//6837 6975//6839
f 6980//6844 6657//6531 6668//6542
f 6668//6542 6975//6839 6980//6844
f 6169//6045 5853//5739 6649//6523
f 6649//6523 6960//6824 6169//6045
f 6651//6525 6615//6489 6622//6496
f 6622//6496 6658//6532 6651//6525
f 6615//6489 6614//6488 6623//6497
f 6623//6497 6622//6496 6615//6489
f 6658//6532 6978//6842 6977//6841
f 6977//6841 6651//6525 6658//6532
f 6657//6531 6980//6844 6978//6842
f 6978//6842 6658//6532 6657//6531
f 6983//6847 6652//6526 6651//6525
f 6651//6525 6977//6841 6983//6847
f 6986//6850 6655//6529 6652//6526
f 6652//6526 6983//6847 6986//6850
f 6987//6851 6666//6540 6655//6529
f 6655//6529 6986//6850 6987//6851
f 6990//6854 6680//6554 6666//6540
f 6666//6540 6987//6851 6990//6854
f 6646//6520 6957//6821 6959//6823
f 6959//6823 6645//6519 6646//6520
f 6662//6536 6955//6819 6957//6821
f 6957//6821 6646//6520 6662//6536
f 6645//6519 6959//6823 6960//6824
f 6960//6824 6649//6523 6645//6519
f 6994//6858 6990//6854 6989//6853
f 6994//6858 6661//6535 6680//6554
f 6680//6554 6990//6854 6994//6858
f 6661//6535 6627//6501 6643//6517
f 6643//6517 6680//6554 6661//6535
f 6627//6501 6626//6500 6644//6518
f 6644//6518 6643//6517 6627//6501
f 6956//6820 6955//6819 6994//6858
f 6994//6858 6989//6853 6956//6820
f 6955//6819 6662//6536 6661//6535
f 6661//6535 6994//6858 6955//6819
f 6961//6825 6960//6824 6959//6823
f 6959//6823 6958//6822 6961//6825
f 6588//6462 6587//6461 6529//6404
f 6685//6559 6589//6463 6588//6462
f 6589//6463 6591//6465 6587//6461
f 6587//6461 6590//6464 6538//6413
f 6538//6413 6530//6405 6587//6461
f 6681//6555 6682//6556 6589//6463
f 6606//6480 6681//6555 6685//6559
f 6277//6153 6250//6126 6249//6125
f 6249//6125 6274//6150 6277//6153
f 6252//6128 6250//6126 6277//6153
f 6277//6153 6278//6154 6252//6128
f 6281//6157 6254//6130 6252//6128
f 6252//6128 6278//6154 6281//6157
f 6283//6159 6256//6132 6254//6130
f 6254//6130 6281//6157 6283//6159
f 6285//6161 6258//6134 6256//6132
f 6256//6132 6283//6159 6285//6161
f 6287//6163 6261//6137 6258//6134
f 6258//6134 6285//6161 6287//6163
f 6265//6141 6264//6140 6288//6164
f 6288//6164 6290//6166 6265//6141
f 6267//6143 6265//6141 6290//6166
f 6290//6166 6291//6167 6267//6143
f 6268//6144 6267//6143 6291//6167
f 6291//6167 6293//6169 6268//6144
f 6270//6146 6268//6144 6293//6169
f 6293//6169 6295//6171 6270//6146
f 6298//6174 6272//6148 6270//6146
f 6270//6146 6295//6171 6298//6174
f 6274//6150 6249//6125 6272//6148
f 6272//6148 6298//6174 6274//6150
f 6995//6859 6504//6380 6503//6379
f 6503//6379 6996//6860 6995//6859
f 6997//6861 6996//6860 6503//6379
f 6503//6379 6505//6381 6997//6861
f 6998//6862 6997//6861 6505//6381
f 6505//6381 6506//6382 6998//6862
f 6999//6863 6998//6862 6506//6382
f 6506//6382 6507//6383 6999//6863
f 6999//6863 6507//6383 6508//6384
f 6508//6384 7000//6864 6999//6863
f 7000//6864 6508//6384 6509//6385
f 6509//6385 7001//6865 7000//6864
f 7002//6866 7003//6867 6511//6387
f 6511//6387 6510//6386 7002//6866
f 7004//6868 7002//6866 6510//6386
f 6510//6386 6512//6388 7004//6868
f 7004//6868 6512//6388 6513//6389
f 6513//6389 7005//6869 7004//6868
f 7005//6869 6513//6389 6517//6392
f 6517//6392 7006//6870 7005//6869
f 7007//6871 7006//6870 6517//6392
f 6517//6392 6518//6393 7007//6871
f 7007//6871 6518//6393 6504//6380
f 6504//6380 6995//6859 7007//6871
f 6511//6387 7003//6867 7001//6865
f 7001//6865 6509//6385 6511//6387
f 6511//6387 6509//6385 6260//6136
f 6260//6136 6263//6139 6511//6387
f 6261//6137 6264//6140 6263//6139
f 6263//6139 6260//6136 6261//6137
f 6288//6164 6264//6140 6261//6137
f 6261//6137 6287//6163 6288//6164
f 6286//6162 6289//6165 6288//6164
f 6287//6163 6286//6162 6288//6164
f 7008//6872 6995//6859 6996//6860
f 6996//6860 7009//6873 7008//6872
f 7010//6874 7009//6873 6996//6860
f 6996//6860 6997//6861 7010//6874
f 7011//6875 7010//6874 6997//6861
f 6997//6861 6998//6862 7011//6875
f 7012//6876 7011//6875 6998//6862
f 6998//6862 6999//6863 7012//6876
f 7013//6877 7012//6876 6999//6863
f 6999//6863 7000//6864 7013//6877
f 7013//6877 7000//6864 7001//6865
f 7001//6865 7014//6878 7013//6877
f 7003//6867 7002//6866 7015//6879
f 7016//6880 7015//6879 7002//6866
f 7002//6866 7004//6868 7016//6880
f 7016//6880 7004//6868 7005//6869
f 7005//6869 7017//6881 7016//6880
f 7017//6881 7005//6869 7006//6870
f 7006//6870 7018//6882 7017//6881
f 7019//6883 7018//6882 7006//6870
f 7006//6870 7007//6871 7019//6883
f 7019//6883 7007//6871 6995//6859
f 6995//6859 7008//6872 7019//6883
f 7015//6879 7014//6878 7001//6865
f 7001//6865 7003//6867 7015//6879
f 7020//6884 6985//6849 6984//6848
f 6984//6848 7021//6885 7020//6884
f 6976//6840 7022//6886 7021//6885
f 7021//6885 6984//6848 6976//6840
f 6972//6836 7023//6887 7024//6888
f 7024//6888 6974//6838 6972//6836
f 6964//6828 7025//6889 7026//6890
f 7026//6890 6966//6830 6964//6828
f 7025//6889 6964//6828 6963//6827
f 6963//6827 7027//6891 7025//6889
f 6971//6835 7028//6892 7029//6893
f 7029//6893 6968//6832 6971//6835
f 6971//6835 6982//6846 7030//6894
f 7030//6894 7028//6892 6971//6835
f 7031//6895 6958//6822 6956//6820
f 6956//6820 7032//6896 7031//6895
f 6243//6119 6170//6046 6961//6825
f 6961//6825 7033//6897 6243//6119
f 7023//6887 6972//6836 6966//6830
f 6966//6830 7026//6890 7023//6887
f 7022//6886 6976//6840 6979//6843
f 6979//6843 7034//6898 7022//6886
f 7034//6898 6979//6843 6974//6838
f 6974//6838 7024//6888 7034//6898
f 7032//6896 6956//6820 6989//6853
f 6989//6853 7035//6899 7032//6896
f 7027//6891 6963//6827 6968//6832
f 6968//6832 7029//6893 7027//6891
f 7033//6897 6961//6825 6958//6822
f 6958//6822 7031//6895 7033//6897
f 6670//6544 6992//6856 6991//6855
f 6991//6855 6671//6545 6670//6544
f 6672//6546 6671//6545 6991//6855
f 6991//6855 6993//6857 6672//6546
f 6673//6547 6672//6546 6993//6857
f 6962//6826 6673//6547 6993//6857
f 6986//6850 6985//6849 6988//6852
f 6988//6852 6987//6851 6986//6850
f 7036//6900 6988//6852 6985//6849
f 6985//6849 7020//6884 7036//6900
f 7035//6899 6989//6853 6988//6852
f 6988//6852 7036//6900 7035//6899
